latitude,longitude,brightness,scan,track,acq_date,acq_time,satellite,instrument,confidence,version,bright_t31,frp,daynight,type
28.2257,84.8393,307.8,2.1,1.4,2018-03-01,0441,Terra,MODIS,36,6.03,291.8,13.3,D,0
26.3758,83.2203,315.2,1.1,1,2018-03-01,0752,Aqua,MODIS,0,6.03,301.6,5.4,D,0
28.102,80.5151,315.6,1,1,2018-03-01,0753,Aqua,MODIS,68,6.03,292.5,8.3,D,0
28.176,81.2057,322.4,1,1,2018-03-01,0753,Aqua,MODIS,67,6.03,302.5,13,D,0
28.0915,84.8711,312.6,1.3,1.1,2018-03-01,0753,Aqua,MODIS,37,6.03,291.8,8.4,D,0
27.3683,83.7876,318.3,1.1,1.1,2018-03-01,0753,Aqua,MODIS,72,6.03,298.8,10.4,D,0
26.9088,81.055,322.9,1,1,2018-03-01,0753,Aqua,MODIS,75,6.03,301.3,11.4,D,0
26.9432,84.211,323.5,1.2,1.1,2018-03-01,0753,Aqua,MODIS,67,6.03,306,13.2,D,0
28.3665,80.7371,332.7,1,1,2018-03-01,0753,Aqua,MODIS,86,6.03,300.8,25.2,D,0
28.5871,80.6097,323.7,1,1,2018-03-01,0753,Aqua,MODIS,78,6.03,300.5,16.4,D,0
28.4318,80.683,346.8,1,1,2018-03-01,0753,Aqua,MODIS,94,6.03,304.4,47.8,D,0
28.411,80.7286,323.5,1,1,2018-03-01,0753,Aqua,MODIS,76,6.03,298.1,15.5,D,0
28.4125,80.7387,324.2,1,1,2018-03-01,0753,Aqua,MODIS,79,6.03,296.7,16.6,D,0
28.365,80.727,356.1,1,1,2018-03-01,0753,Aqua,MODIS,98,6.03,305.3,69,D,0
29.3778,80.8467,312.7,1,1,2018-03-01,0753,Aqua,MODIS,51,6.03,282.9,8.6,D,0
29.9006,80.3,307.8,1,1,2018-03-02,0523,Terra,MODIS,18,6.03,294.5,4.6,D,0
29.8773,80.1338,309.7,1,1,2018-03-02,0523,Terra,MODIS,60,6.03,297.2,6.7,D,0
27.8367,80.6909,313.4,1,1,2018-03-02,0524,Terra,MODIS,63,6.03,299.2,6.7,D,0
27.4673,84.3682,310.5,1.3,1.1,2018-03-02,0524,Terra,MODIS,38,6.03,296.9,8.1,D,0
28.1103,80.5218,324.1,1,1,2018-03-02,0524,Terra,MODIS,78,6.03,301.9,15.8,D,0
28.2526,80.6221,314.6,1,1,2018-03-02,0524,Terra,MODIS,65,6.03,300.8,6.6,D,0
28.3465,80.9865,311.7,1,1,2018-03-02,0524,Terra,MODIS,59,6.03,298.8,5.6,D,0
28.7514,80.2249,316.3,1,1,2018-03-02,0524,Terra,MODIS,70,6.03,302.6,7.6,D,0
29.2826,80.8896,311.9,1,1,2018-03-02,0524,Terra,MODIS,58,6.03,300.1,4.6,D,0
27.8654,81.43,312,1,1,2018-03-02,0524,Terra,MODIS,58,6.03,298.7,6.2,D,0
28.8524,80.1052,314.8,3.4,1.7,2018-03-02,0836,Aqua,MODIS,27,6.03,301.9,36.8,D,0
28.8494,80.1352,312.5,3.4,1.7,2018-03-02,0836,Aqua,MODIS,50,6.03,300.9,31.1,D,0
28.3864,80.7559,314.9,3.7,1.8,2018-03-02,0836,Aqua,MODIS,41,6.03,299.4,45.1,D,0
28.3702,80.7573,331.7,3.7,1.8,2018-03-02,0836,Aqua,MODIS,85,6.03,299.8,160,D,0
28.3516,80.7214,315.8,3.7,1.8,2018-03-02,0836,Aqua,MODIS,55,6.03,301,41.6,D,0
27.9793,83.6201,308.5,1.4,1.2,2018-03-02,1622,Terra,MODIS,75,6.03,285.6,15.9,N,0
28.8368,80.1697,352.3,3.3,1.7,2018-03-03,0606,Terra,MODIS,97,6.03,298.3,346.7,D,0
28.8332,80.1966,322.5,3.3,1.7,2018-03-03,0606,Terra,MODIS,80,6.03,295.7,84.4,D,0
28.8404,80.1642,349.1,3.3,1.7,2018-03-03,0606,Terra,MODIS,95,6.03,298.4,308.3,D,0
28.8295,80.2021,313.3,3.3,1.7,2018-03-03,0606,Terra,MODIS,70,6.03,295.6,38.1,D,0
26.4667,84.5921,325.3,1,1,2018-03-03,0740,Aqua,MODIS,0,6.03,304.1,13.4,D,0
27.1359,81.6793,314.1,1.2,1.1,2018-03-03,0740,Aqua,MODIS,51,6.03,302.2,6,D,2
27.3373,83.6737,314.7,1,1,2018-03-03,0740,Aqua,MODIS,62,6.03,302,6.9,D,0
26.7416,82.2785,334.6,1.1,1.1,2018-03-03,0740,Aqua,MODIS,65,6.03,309.6,29.7,D,0
27.0053,87.4319,321.6,1.2,1.1,2018-03-03,0740,Aqua,MODIS,72,6.03,302.9,12.6,D,0
28.0529,81.3052,316.6,1.2,1.1,2018-03-03,0741,Aqua,MODIS,52,6.03,304.4,8.4,D,0
28.2463,83.3391,310.8,1,1,2018-03-03,0741,Aqua,MODIS,47,6.03,296,7.6,D,0
28.0474,84.9478,316.5,1,1,2018-03-03,0741,Aqua,MODIS,65,6.03,304.2,8,D,0
28.0626,81.3031,320.5,1.2,1.1,2018-03-03,0741,Aqua,MODIS,72,6.03,304.1,13.4,D,0
29.5139,80.3282,320.6,1.3,1.1,2018-03-03,0741,Aqua,MODIS,79,6.03,302.2,19.4,D,0
29.1018,80.6291,311.3,1.3,1.1,2018-03-03,0741,Aqua,MODIS,63,6.03,299.3,8.6,D,0
28.8446,80.1606,333.2,1.4,1.2,2018-03-03,0741,Aqua,MODIS,87,6.03,299.2,41.8,D,0
28.832,80.1494,314.2,1.4,1.2,2018-03-03,0741,Aqua,MODIS,39,6.03,295.5,9.3,D,0
28.8344,80.163,346.2,1.4,1.2,2018-03-03,0741,Aqua,MODIS,94,6.03,295.3,75.6,D,0
28.8368,80.1765,336.3,1.4,1.2,2018-03-03,0741,Aqua,MODIS,89,6.03,294.5,49.1,D,0
28.5564,80.5138,316.3,1.3,1.1,2018-03-03,0741,Aqua,MODIS,70,6.03,302.8,10.3,D,0
28.5422,80.6117,315.1,1.3,1.1,2018-03-03,0741,Aqua,MODIS,63,6.03,300.8,11.5,D,0
28.2504,80.5319,318.8,1.3,1.1,2018-03-03,0741,Aqua,MODIS,71,6.03,301.8,14.8,D,0
28.545,83.3572,316.5,1,1,2018-03-03,0741,Aqua,MODIS,71,6.03,300.5,10.6,D,0
28.5466,83.3677,315.9,1,1,2018-03-03,0741,Aqua,MODIS,60,6.03,303.3,11,D,0
28.0986,81.3274,314.4,1.2,1.1,2018-03-03,0741,Aqua,MODIS,59,6.03,302.2,6.9,D,0
28.0956,81.321,313.8,1.2,1.1,2018-03-03,0741,Aqua,MODIS,57,6.03,301.8,6.1,D,0
28.4977,83.2188,303,1,1,2018-03-04,0511,Terra,MODIS,28,6.03,288.7,4.7,D,0
28.4963,83.2288,302.5,1,1,2018-03-04,0511,Terra,MODIS,19,6.03,288.5,4.6,D,0
28.1697,83.835,309.7,1,1,2018-03-04,0511,Terra,MODIS,67,6.03,288.6,7.3,D,0
26.9362,84.6762,312.6,1,1,2018-03-04,0512,Terra,MODIS,56,6.03,301.3,5.1,D,0
26.8606,83.0754,318.2,1,1,2018-03-04,0512,Terra,MODIS,70,6.03,300.7,10.4,D,0
26.8621,83.0654,321.8,1,1,2018-03-04,0512,Terra,MODIS,75,6.03,302.7,13.9,D,0
26.9346,84.6863,317.2,1,1,2018-03-04,0512,Terra,MODIS,68,6.03,301.5,9.4,D,0
27.0215,84.5426,315.3,1,1,2018-03-04,0512,Terra,MODIS,64,6.03,301.9,6,D,0
27.4966,85.1709,306.3,1,1,2018-03-04,0512,Terra,MODIS,43,6.03,292,6.9,D,0
28.1219,80.5099,315.7,2.1,1.4,2018-03-04,0824,Aqua,MODIS,64,6.03,302.8,18.3,D,0
28.3759,80.7342,319.7,2.2,1.4,2018-03-04,0824,Aqua,MODIS,66,6.03,302.1,29,D,0
28.3753,80.7269,317.6,2.2,1.4,2018-03-04,0824,Aqua,MODIS,43,6.03,302.3,21.4,D,0
28.2507,80.3951,307.5,2.2,1.4,2018-03-05,0554,Terra,MODIS,26,6.03,296.4,10.6,D,0
28.779,80.2109,339,2,1.4,2018-03-05,0554,Terra,MODIS,90,6.03,300.6,99.3,D,0
28.7831,80.1907,313.5,2,1.4,2018-03-05,0554,Terra,MODIS,52,6.03,302.2,15,D,0
28.7913,80.2141,341.8,2,1.4,2018-03-05,0554,Terra,MODIS,92,6.03,299.8,113.6,D,0
28.7953,80.1938,311.4,2,1.4,2018-03-05,0554,Terra,MODIS,30,6.03,299.7,10.8,D,0
27.5924,85.6466,317.1,1.1,1,2018-03-05,0728,Aqua,MODIS,64,6.03,303,8,D,0
27.7927,85.0074,326.1,1.1,1.1,2018-03-05,0728,Aqua,MODIS,80,6.03,306.5,18.8,D,0
27.8054,84.5293,320.2,1.2,1.1,2018-03-05,0728,Aqua,MODIS,73,6.03,299.1,17.2,D,0
27.7342,84.2287,320.1,1.2,1.1,2018-03-05,0728,Aqua,MODIS,69,6.03,301,16.4,D,0
27.7345,84.2339,323.2,1.2,1.1,2018-03-05,0728,Aqua,MODIS,76,6.03,300.7,20.7,D,0
27.534,84.5654,323.6,1.2,1.1,2018-03-05,0728,Aqua,MODIS,76,6.03,302.3,18.3,D,0
27.5364,84.6392,313.3,1.2,1.1,2018-03-05,0728,Aqua,MODIS,57,6.03,301,7.9,D,0
27.5722,84.9122,314.9,1.2,1.1,2018-03-05,0728,Aqua,MODIS,54,6.03,300.3,8.2,D,0
27.5908,85.6362,315.2,1.1,1,2018-03-05,0728,Aqua,MODIS,60,6.03,301.5,6.7,D,0
27.383,85.2169,317.7,1.1,1.1,2018-03-05,0728,Aqua,MODIS,69,6.03,303.5,10.1,D,0
26.991,85.7126,317.4,1.1,1,2018-03-05,0728,Aqua,MODIS,38,6.03,303.1,6.6,D,0
26.9471,87.5506,324.1,1,1,2018-03-05,0728,Aqua,MODIS,75,6.03,309,11.7,D,0
28.0238,81.3556,313.9,1.9,1.3,2018-03-05,0728,Aqua,MODIS,65,6.03,302.6,11.7,D,0
28.2567,80.4231,312.2,2.1,1.4,2018-03-05,0729,Aqua,MODIS,63,6.03,297.9,18.2,D,0
28.2518,80.4094,312.5,2.1,1.4,2018-03-05,0729,Aqua,MODIS,53,6.03,297.9,18.3,D,0
28.7891,80.227,321.8,2.1,1.4,2018-03-05,0729,Aqua,MODIS,78,6.03,299,40.2,D,0
28.8475,80.2513,334.1,2.1,1.4,2018-03-05,0729,Aqua,MODIS,68,6.03,300,84,D,0
28.7849,80.2058,341.9,2.1,1.4,2018-03-05,0729,Aqua,MODIS,92,6.03,301,121.9,D,0
27.8296,84.7913,300.4,1.5,1.2,2018-03-05,1653,Terra,MODIS,12,6.03,288.4,7.9,N,0
27.8265,84.783,303.1,1.5,1.2,2018-03-05,1653,Terra,MODIS,53,6.03,289,11,N,0
27.9267,83.8111,306.1,1.3,1.1,2018-03-05,1653,Terra,MODIS,67,6.03,289.7,11.4,N,0
27.9282,83.8243,300.6,1.3,1.1,2018-03-05,1653,Terra,MODIS,29,6.03,289.4,6.4,N,0
27.9165,83.8134,300.4,1.3,1.1,2018-03-05,1653,Terra,MODIS,9,6.03,290.3,5.6,N,0
28.037,86.2899,301.7,1,1,2018-03-06,0459,Terra,MODIS,19,6.03,288.9,7,D,0
27.7059,84.7984,315.7,1.1,1.1,2018-03-06,0459,Terra,MODIS,67,6.03,300,11.3,D,0
27.8184,84.7861,316.5,1.1,1.1,2018-03-06,0459,Terra,MODIS,64,6.03,303.1,9.2,D,0
27.4026,87.0423,317.9,1,1,2018-03-06,0459,Terra,MODIS,67,6.03,300.3,11.6,D,0
27.7763,84.9617,315.3,1.1,1,2018-03-06,0459,Terra,MODIS,68,6.03,299.2,8.1,D,0
26.4171,87.5787,327.9,1,1,2018-03-06,0500,Terra,MODIS,80,6.03,303.1,19.3,D,0
26.9108,87.6173,317.1,4,1.9,2018-03-06,0811,Aqua,MODIS,67,6.03,299.2,76.7,D,0
26.9378,87.313,335.4,3.8,1.8,2018-03-06,0811,Aqua,MODIS,87,6.03,303.9,183.7,D,0
26.9079,87.5771,324.5,3.9,1.8,2018-03-06,0811,Aqua,MODIS,78,6.03,301,127,D,0
28.3922,80.8819,313.3,1.4,1.2,2018-03-06,0811,Aqua,MODIS,37,6.03,302.6,8.6,D,0
28.3273,80.4142,312.5,1.3,1.1,2018-03-06,0811,Aqua,MODIS,53,6.03,300.6,7.9,D,0
28.1919,81.2038,319.9,1.5,1.2,2018-03-06,0811,Aqua,MODIS,63,6.03,304.8,19.3,D,0
28.1935,81.2187,312.2,1.5,1.2,2018-03-06,0811,Aqua,MODIS,47,6.03,301.3,8.7,D,0
28.0794,81.3172,318.2,1.5,1.2,2018-03-06,0811,Aqua,MODIS,58,6.03,302.2,14.2,D,0
28.0755,81.3082,318.2,1.5,1.2,2018-03-06,0811,Aqua,MODIS,69,6.03,302.2,15.4,D,0
28.0772,81.3232,318.6,1.5,1.2,2018-03-06,0811,Aqua,MODIS,70,6.03,302.2,16.1,D,0
28.0738,82.8219,321,1.9,1.3,2018-03-06,0811,Aqua,MODIS,74,6.03,301.3,29,D,0
28.0754,82.8381,320.9,1.9,1.3,2018-03-06,0811,Aqua,MODIS,74,6.03,298.3,29.7,D,0
27.7026,84.7854,312,2.5,1.5,2018-03-06,0811,Aqua,MODIS,45,6.03,299.2,18.8,D,0
27.6211,84.1941,318.9,2.3,1.5,2018-03-06,0811,Aqua,MODIS,67,6.03,301.1,29.7,D,0
27.6233,84.2174,315.9,2.3,1.5,2018-03-06,0811,Aqua,MODIS,53,6.03,303.2,18.8,D,0
27.5551,84.4718,315.4,2.4,1.5,2018-03-06,0811,Aqua,MODIS,17,6.03,301.2,20.1,D,0
27.5351,84.4006,310.9,2.4,1.5,2018-03-06,0811,Aqua,MODIS,5,6.03,299.4,14.8,D,0
26.9457,87.2982,323.7,3.8,1.8,2018-03-06,0811,Aqua,MODIS,76,6.03,302.1,93.2,D,0
26.9301,87.3089,320,3.8,1.8,2018-03-06,0811,Aqua,MODIS,48,6.03,303,65.3,D,0
26.9149,87.5694,318.8,3.9,1.8,2018-03-06,0811,Aqua,MODIS,70,6.03,301,80.8,D,0
26.9175,87.6082,322.8,4,1.9,2018-03-06,0811,Aqua,MODIS,76,6.03,299.9,113.7,D,0
27.7919,85.0277,300.8,1,1,2018-03-06,2018,Aqua,MODIS,29,6.03,286.3,6,N,0
27.7828,85.0266,301.9,1,1,2018-03-06,2018,Aqua,MODIS,45,6.03,286.2,6.8,N,0
26.9143,81.051,314.5,1.6,1.2,2018-03-07,0542,Terra,MODIS,56,6.03,303.1,8.9,D,0
26.9148,81.0575,323.9,1.6,1.2,2018-03-07,0542,Terra,MODIS,78,6.03,303.5,26,D,0
26.8076,84.2835,313.7,2.6,1.6,2018-03-07,0542,Terra,MODIS,49,6.03,301.1,23.9,D,0
28.0403,80.3348,312.7,1.4,1.2,2018-03-07,0542,Terra,MODIS,61,6.03,299.4,10.5,D,0
28.2234,80.5306,312.8,1.4,1.2,2018-03-07,0542,Terra,MODIS,48,6.03,300.2,10.2,D,0
28.5281,80.1974,312.7,1.3,1.1,2018-03-07,0542,Terra,MODIS,63,6.03,297.9,12,D,0
28.0717,82.8343,309.6,2,1.4,2018-03-07,0542,Terra,MODIS,60,6.03,298,15.1,D,0
28.8131,80.1583,314.7,1.3,1.1,2018-03-07,0542,Terra,MODIS,52,6.03,301.3,9.9,D,0
27.4267,87.7316,300.1,4.4,1.9,2018-03-07,0542,Terra,MODIS,24,6.03,288.5,37.2,D,0
26.965,87.1443,317,1.3,1.1,2018-03-07,0716,Aqua,MODIS,70,6.03,299.4,12.2,D,0
26.9669,87.1555,320.1,1.3,1.1,2018-03-07,0716,Aqua,MODIS,75,6.03,301,16.2,D,0
26.9916,87.3007,312,1.3,1.1,2018-03-07,0716,Aqua,MODIS,49,6.03,297.8,8.6,D,0
26.9678,87.53,324.3,1.2,1.1,2018-03-07,0716,Aqua,MODIS,63,6.03,305.8,17.7,D,0
26.9599,87.5437,325.3,1.2,1.1,2018-03-07,0716,Aqua,MODIS,56,6.03,305,18.4,D,0
27.1217,87.586,325.9,1.2,1.1,2018-03-07,0716,Aqua,MODIS,77,6.03,307.8,20,D,0
28.2228,80.5174,309.8,3.4,1.7,2018-03-07,0716,Aqua,MODIS,56,6.03,299.2,23.9,D,0
28.5798,83.2589,305.7,2.2,1.4,2018-03-07,0716,Aqua,MODIS,40,6.03,293.9,20,D,0
28.1922,84.8687,310,1.7,1.3,2018-03-07,0716,Aqua,MODIS,43,6.03,296.6,13.9,D,0
27.555,84.1308,314.3,2,1.4,2018-03-07,0716,Aqua,MODIS,22,6.03,303.5,16.7,D,2
27.6991,85.0225,315.2,1.7,1.3,2018-03-07,0716,Aqua,MODIS,59,6.03,300.7,18.2,D,0
27.557,84.5294,317.9,1.9,1.3,2018-03-07,0716,Aqua,MODIS,23,6.03,302.1,14.2,D,0
27.5478,84.5192,319.3,1.9,1.3,2018-03-07,0716,Aqua,MODIS,66,6.03,304.3,22.8,D,0
27.7874,86.2613,321.4,1.4,1.2,2018-03-07,0716,Aqua,MODIS,71,6.03,296.6,27,D,0
27.7824,86.2647,320.4,1.4,1.2,2018-03-07,0716,Aqua,MODIS,70,6.03,299.3,24.6,D,0
27.2765,84.9418,310.7,1.8,1.3,2018-03-07,0716,Aqua,MODIS,52,6.03,299,12.3,D,0
27.1548,84.9208,312.9,1.8,1.3,2018-03-07,0716,Aqua,MODIS,53,6.03,301.3,11.6,D,0
27.4321,87.7178,311.9,1.2,1.1,2018-03-07,0716,Aqua,MODIS,52,6.03,297.6,10.3,D,0
27.1521,86.7429,324,1.4,1.2,2018-03-07,0716,Aqua,MODIS,79,6.03,304,22.2,D,0
27.0879,87.2035,318.2,1.3,1.1,2018-03-07,0716,Aqua,MODIS,58,6.03,302.7,12.6,D,0
27.0903,87.2176,320.3,1.3,1.1,2018-03-07,0716,Aqua,MODIS,60,6.03,301.3,15.7,D,0
27.1121,87.5887,319.4,1.2,1.1,2018-03-07,0716,Aqua,MODIS,32,6.03,303.1,9.5,D,0
27.0801,87.5197,321.7,1.2,1.1,2018-03-07,0716,Aqua,MODIS,62,6.03,304.4,14.4,D,0
27.082,87.5311,328.3,1.2,1.1,2018-03-07,0716,Aqua,MODIS,83,6.03,308.8,24.1,D,0
27.2912,86.0314,316.3,1.2,1.1,2018-03-07,1640,Terra,MODIS,93,6.03,289.3,20.3,N,0
27.1636,86.7478,302.4,1.3,1.1,2018-03-07,1640,Terra,MODIS,45,6.03,287.8,8.2,N,0
26.8914,84.8001,312.4,1.6,1.2,2018-03-08,0447,Terra,MODIS,57,6.03,299.4,11.2,D,0
27.1712,86.751,319.3,1.2,1.1,2018-03-08,0447,Terra,MODIS,74,6.03,298.3,14.7,D,0
27.2883,86.0356,331.8,1.4,1.2,2018-03-08,0447,Terra,MODIS,85,6.03,296.9,40,D,0
28.5595,80.4542,311.7,3.4,1.7,2018-03-08,0447,Terra,MODIS,64,6.03,298.3,29.9,D,0
28.5546,80.4598,311.5,3.4,1.7,2018-03-08,0447,Terra,MODIS,64,6.03,298.3,29.9,D,0
28.2102,84.8263,310.5,1.7,1.3,2018-03-08,0447,Terra,MODIS,47,6.03,297,11.3,D,0
27.211,87.7131,312.6,1.1,1.1,2018-03-08,0447,Terra,MODIS,67,6.03,297.7,7,D,0
27.2124,87.7024,315.7,1.1,1.1,2018-03-08,0447,Terra,MODIS,72,6.03,298.4,10.3,D,0
29.434,80.8803,316.8,1,1,2018-03-08,0759,Aqua,MODIS,54,6.03,301.8,7.6,D,0
29.4354,80.8908,315.5,1,1,2018-03-08,0759,Aqua,MODIS,33,6.03,302,6,D,0
29.425,80.8824,325.8,1,1,2018-03-08,0759,Aqua,MODIS,81,6.03,304.6,17.8,D,0
29.4264,80.8932,321.2,1,1,2018-03-08,0759,Aqua,MODIS,70,6.03,303.3,12.2,D,0
28.6952,80.4468,322.4,1,1,2018-03-08,0759,Aqua,MODIS,75,6.03,306.5,11.1,D,0
28.6739,80.4927,315.8,1,1,2018-03-08,0759,Aqua,MODIS,52,6.03,303.2,5.8,D,0
28.5411,80.6658,312.5,1,1,2018-03-08,0759,Aqua,MODIS,46,6.03,301,5.4,D,0
28.5426,80.6761,315.4,1,1,2018-03-08,0759,Aqua,MODIS,62,6.03,299.9,7.9,D,0
28.4254,80.0283,315.1,1,1,2018-03-08,0759,Aqua,MODIS,60,6.03,303.4,8.1,D,0
28.2879,80.4291,319.7,1,1,2018-03-08,0759,Aqua,MODIS,55,6.03,302.8,9.1,D,0
28.2658,80.4085,316.9,1,1,2018-03-08,0759,Aqua,MODIS,58,6.03,302.6,8.3,D,0
28.2672,80.4187,318.2,1,1,2018-03-08,0759,Aqua,MODIS,37,6.03,305.2,8.8,D,0
28.3498,81.0911,316.9,1,1,2018-03-08,0759,Aqua,MODIS,46,6.03,300.6,8.7,D,0
28.2474,80.4744,314.1,1,1,2018-03-08,0759,Aqua,MODIS,55,6.03,303.4,5.8,D,0
28.4348,83.3775,320.1,1.3,1.1,2018-03-08,0759,Aqua,MODIS,76,6.03,296.7,18.6,D,0
28.1263,81.003,318.4,1,1,2018-03-08,0759,Aqua,MODIS,67,6.03,304.7,6.9,D,0
28.0127,81.1136,318.7,1,1,2018-03-08,0759,Aqua,MODIS,66,6.03,304.8,6.7,D,0
27.7888,80.2186,316.2,1,1,2018-03-08,0759,Aqua,MODIS,49,6.03,304.1,4.5,D,0
27.8771,84.5698,325.4,1.5,1.2,2018-03-08,0759,Aqua,MODIS,81,6.03,298.9,31.2,D,0
27.5359,84.1973,323,1.4,1.2,2018-03-08,0759,Aqua,MODIS,76,6.03,298.1,23.9,D,0
26.8361,81.7313,318.4,1.1,1,2018-03-08,0759,Aqua,MODIS,65,6.03,304.6,8.1,D,0
27.2796,86.034,324.2,1.9,1.3,2018-03-08,0759,Aqua,MODIS,79,6.03,298.6,37.5,D,0
27.0516,85.8214,318.6,1.8,1.3,2018-03-08,0759,Aqua,MODIS,70,6.03,300.2,19.4,D,0
27.1438,86.7403,314.2,2.1,1.4,2018-03-08,0759,Aqua,MODIS,52,6.03,298.4,12.5,D,0
26.5359,84.8439,316.2,1.5,1.2,2018-03-08,0759,Aqua,MODIS,50,6.03,300,13,D,0
29.9882,80.3629,304.2,1,1,2018-03-09,0529,Terra,MODIS,44,6.03,288.3,6.8,D,0
27.2454,85.0083,311.3,1.8,1.3,2018-03-09,0530,Terra,MODIS,43,6.03,298.3,10.9,D,0
28.1231,84.2922,314.6,1.5,1.2,2018-03-09,0530,Terra,MODIS,75,6.03,296.5,17.7,D,0
28.9681,80.5715,318.6,1,1,2018-03-09,0530,Terra,MODIS,74,6.03,295.4,14.2,D,0
28.9697,80.5611,308.6,1,1,2018-03-09,0530,Terra,MODIS,53,6.03,297.3,6,D,0
29.6547,81.2026,308.3,1,1,2018-03-09,0530,Terra,MODIS,63,6.03,294.1,7.7,D,0
29.6565,81.1916,309.1,1,1,2018-03-09,0530,Terra,MODIS,58,6.03,292.8,8.6,D,0
29.7423,81.2914,312.7,1,1,2018-03-09,0530,Terra,MODIS,44,6.03,294,10.6,D,0
26.6884,84.3917,318.3,1.7,1.3,2018-03-09,0530,Terra,MODIS,44,6.03,301.6,15.4,D,0
26.6901,84.381,322.1,1.6,1.3,2018-03-09,0530,Terra,MODIS,72,6.03,301.2,25.5,D,0
27.5502,81.6829,312.7,1.1,1.1,2018-03-09,0530,Terra,MODIS,48,6.03,301.6,5.6,D,0
27.9024,81.2288,319,1.1,1,2018-03-09,0530,Terra,MODIS,56,6.03,303.8,8.6,D,0
28.0943,80.5466,315.6,1,1,2018-03-09,0530,Terra,MODIS,65,6.03,303.6,6.6,D,0
27.8755,84.5629,309.8,1.6,1.2,2018-03-09,0530,Terra,MODIS,64,6.03,296.6,11,D,0
27.9577,84.2423,311.5,1.5,1.2,2018-03-09,0530,Terra,MODIS,62,6.03,297.2,12.4,D,0
26.7811,87.2971,313.5,2,1.4,2018-03-09,0703,Aqua,MODIS,54,6.03,300.5,17.4,D,0
27.8142,85.0074,302.6,1,1,2018-03-09,1628,Terra,MODIS,50,6.03,289.8,6.3,N,0
27.0692,87.1275,300.7,1,1,2018-03-09,1628,Terra,MODIS,28,6.03,288.8,4.9,N,0
27.0706,87.1377,304.4,1,1,2018-03-09,1628,Terra,MODIS,60,6.03,289.6,7.1,N,0
29.1862,81.6523,306.3,1.4,1.2,2018-03-09,1629,Terra,MODIS,67,6.03,282,16.5,N,0
29.1835,81.6363,303.6,1.4,1.2,2018-03-09,1629,Terra,MODIS,56,6.03,283.6,13,N,0
26.9267,87.3108,314.4,1.8,1.3,2018-03-10,0435,Terra,MODIS,32,6.03,298.8,13.9,D,0
26.934,87.3198,314.3,1.8,1.3,2018-03-10,0435,Terra,MODIS,52,6.03,299.8,14.3,D,0
26.9356,87.3039,315.9,1.8,1.3,2018-03-10,0435,Terra,MODIS,65,6.03,299.9,17.5,D,0
27.0062,85.9485,316.3,1.2,1.1,2018-03-10,0746,Aqua,MODIS,51,6.03,302.4,7.2,D,0
26.9903,86.0598,316.7,1.2,1.1,2018-03-10,0746,Aqua,MODIS,62,6.03,304.3,8,D,0
26.9917,86.0716,323.3,1.2,1.1,2018-03-10,0746,Aqua,MODIS,74,6.03,304,15.9,D,0
26.9662,85.9432,318.5,1.2,1.1,2018-03-10,0746,Aqua,MODIS,37,6.03,305.8,7.1,D,0
27.1121,85.1136,324.2,1.1,1,2018-03-10,0746,Aqua,MODIS,75,6.03,301.8,15.7,D,0
26.9312,87.2946,324.6,1.4,1.2,2018-03-10,0746,Aqua,MODIS,77,6.03,303.2,22,D,0
26.9327,87.3084,329.7,1.4,1.2,2018-03-10,0746,Aqua,MODIS,82,6.03,303.9,32.6,D,0
26.7868,87.2585,330.1,1.4,1.2,2018-03-10,0746,Aqua,MODIS,82,6.03,300.5,34.3,D,0
26.6799,86.6951,316.3,1.3,1.1,2018-03-10,0746,Aqua,MODIS,61,6.03,302.2,10.6,D,0
26.9258,86.1254,322.3,1.2,1.1,2018-03-10,0746,Aqua,MODIS,64,6.03,305.1,12.3,D,0
27.0802,85.3092,320,1.1,1.1,2018-03-10,0746,Aqua,MODIS,68,6.03,303.3,11.5,D,0
27.0715,85.743,321.2,1.2,1.1,2018-03-10,0746,Aqua,MODIS,55,6.03,305.6,9.4,D,0
27.8135,85.0038,320.4,1.1,1,2018-03-10,0747,Aqua,MODIS,50,6.03,306.8,10,D,0
27.8192,85.0479,319,1.1,1,2018-03-10,0747,Aqua,MODIS,48,6.03,305.7,8.5,D,0
27.73,84.6518,314.4,1.1,1,2018-03-10,0747,Aqua,MODIS,38,6.03,302.2,7.1,D,0
27.53,84.249,314,1,1,2018-03-10,0747,Aqua,MODIS,44,6.03,301.4,5.7,D,0
27.5488,84.4588,330.7,1,1,2018-03-10,0747,Aqua,MODIS,83,6.03,305,22.6,D,0
27.5502,84.4693,350.3,1,1,2018-03-10,0747,Aqua,MODIS,95,6.03,306.1,57.6,D,0
27.553,84.4903,318.2,1.1,1,2018-03-10,0747,Aqua,MODIS,57,6.03,303.9,7.2,D,0
26.9846,82.2318,324.8,1,1,2018-03-10,0747,Aqua,MODIS,75,6.03,305.9,14,D,0
26.9861,82.2419,316.1,1,1,2018-03-10,0747,Aqua,MODIS,53,6.03,305.7,5.4,D,0
27.2225,83.9543,320.2,1,1,2018-03-10,0747,Aqua,MODIS,40,6.03,307.1,8,D,0
27.3039,84.7671,316.5,1.1,1,2018-03-10,0747,Aqua,MODIS,60,6.03,303.4,8.7,D,0
30.0405,80.712,304.7,1.1,1,2018-03-10,0747,Aqua,MODIS,29,6.03,280.7,6.6,D,0
27.2725,85.008,322,1.1,1,2018-03-10,0747,Aqua,MODIS,72,6.03,307,11.5,D,0
28.8859,80.2478,319.4,1.1,1.1,2018-03-10,0747,Aqua,MODIS,65,6.03,305.7,11.4,D,0
28.8937,82.8663,307.2,1,1,2018-03-10,0747,Aqua,MODIS,33,6.03,289.1,7.5,D,0
28.1388,80.3252,319.5,1.1,1.1,2018-03-10,0747,Aqua,MODIS,70,6.03,305,10.3,D,0
28.1078,80.5237,320.7,1.1,1.1,2018-03-10,0747,Aqua,MODIS,69,6.03,309.2,9.6,D,0
28.1582,82.0532,316.6,1,1,2018-03-10,0747,Aqua,MODIS,48,6.03,301.9,6.8,D,0
27.8396,81.716,320.1,1,1,2018-03-10,0747,Aqua,MODIS,68,6.03,305.2,10.5,D,0
27.8412,81.7263,321.6,1,1,2018-03-10,0747,Aqua,MODIS,70,6.03,303.5,12.4,D,0
27.8314,81.7241,318.1,1,1,2018-03-10,0747,Aqua,MODIS,28,6.03,304.7,7.5,D,0
28.1877,84.2202,311.7,1,1,2018-03-10,0747,Aqua,MODIS,47,6.03,299,5.9,D,0
27.73,82.2112,325.3,1,1,2018-03-10,0747,Aqua,MODIS,76,6.03,307.2,13.4,D,0
27.7315,82.2213,327.2,1,1,2018-03-10,0747,Aqua,MODIS,79,6.03,305.7,16,D,0
28.0535,84.9556,326.7,1.1,1,2018-03-10,0747,Aqua,MODIS,80,6.03,306.1,19.1,D,0
27.7909,83.7995,317,1,1,2018-03-10,0747,Aqua,MODIS,60,6.03,298.9,9.8,D,0
27.7909,84.4204,317.4,1,1,2018-03-10,0747,Aqua,MODIS,65,6.03,301.3,9.6,D,0
29.4144,81.4202,314.5,1,1,2018-03-11,0517,Terra,MODIS,53,6.03,298.1,8.7,D,0
29.648,80.4873,321.8,1.1,1.1,2018-03-11,0517,Terra,MODIS,78,6.03,302.8,14.4,D,0
29.555,82.3224,305.3,1,1,2018-03-11,0517,Terra,MODIS,48,6.03,286.2,8.6,D,0
29.0777,81.5312,311.9,1,1,2018-03-11,0517,Terra,MODIS,55,6.03,296.7,8.2,D,0
27.8364,80.1559,313.8,1.1,1.1,2018-03-11,0518,Terra,MODIS,58,6.03,301.6,5.6,D,0
27.08,85.3096,313.5,1.2,1.1,2018-03-11,0518,Terra,MODIS,60,6.03,300.1,8.7,D,0
27.2359,84.9947,317.6,1.2,1.1,2018-03-11,0518,Terra,MODIS,71,6.03,298.1,12.3,D,0
27.95,80.2828,311.7,1.1,1,2018-03-11,0518,Terra,MODIS,47,6.03,301.1,5,D,0
27.3531,84.7891,310.3,1.1,1.1,2018-03-11,0518,Terra,MODIS,56,6.03,297.9,6.7,D,0
27.3549,84.7778,309.2,1.1,1.1,2018-03-11,0518,Terra,MODIS,51,6.03,296.8,5.7,D,0
28.0912,80.5322,316.2,1.1,1,2018-03-11,0518,Terra,MODIS,64,6.03,302.7,6,D,0
28.0927,80.5213,315.4,1.1,1,2018-03-11,0518,Terra,MODIS,61,6.03,302.7,5.3,D,0
28.1425,80.3607,317.5,1.1,1,2018-03-11,0518,Terra,MODIS,67,6.03,302.6,9.1,D,0
28.175,80.332,313.1,1.1,1,2018-03-11,0518,Terra,MODIS,47,6.03,301.5,6,D,0
28.1765,80.3209,312.2,1.1,1,2018-03-11,0518,Terra,MODIS,43,6.03,300.6,5.5,D,0
28.4351,80.7808,353.2,1.1,1,2018-03-11,0518,Terra,MODIS,97,6.03,302.5,71.7,D,0
28.4365,80.77,317.5,1.1,1,2018-03-11,0518,Terra,MODIS,69,6.03,299.7,11.8,D,0
28.492,80.5672,319.5,1.1,1,2018-03-11,0518,Terra,MODIS,70,6.03,303.2,10.8,D,0
28.4935,80.5562,323.4,1.1,1,2018-03-11,0518,Terra,MODIS,77,6.03,303.8,14.9,D,0
27.4467,83.8188,315,1,1,2018-03-11,0518,Terra,MODIS,65,6.03,300.6,6.1,D,0
27.1697,81.2884,316.8,1,1,2018-03-11,0518,Terra,MODIS,65,6.03,303.4,6.7,D,0
27.157,82.2082,321.2,1,1,2018-03-11,0518,Terra,MODIS,73,6.03,302.6,10.8,D,0
27.4245,80.3059,316.1,1.1,1,2018-03-11,0518,Terra,MODIS,64,6.03,299,9.9,D,0
29.5283,80.1244,323,2.7,1.6,2018-03-11,0830,Aqua,MODIS,75,6.03,304.7,55.7,D,0
28.4624,80.7209,313.5,2.9,1.6,2018-03-11,0830,Aqua,MODIS,58,6.03,302.5,26.2,D,0
29.5247,80.1294,325.5,2.7,1.6,2018-03-11,0830,Aqua,MODIS,78,6.03,304.3,66.4,D,0
28.3044,80.1797,309.3,2.7,1.6,2018-03-12,0600,Terra,MODIS,42,6.03,298.2,21,D,0
26.943,86.3412,315,1,1,2018-03-12,0734,Aqua,MODIS,21,6.03,297.5,5.3,D,0
27.7823,84.4158,315.6,1.1,1,2018-03-12,0734,Aqua,MODIS,53,6.03,296,8.7,D,0
27.5271,84.2,324.8,1.1,1,2018-03-12,0734,Aqua,MODIS,78,6.03,298.2,18.2,D,0
27.5288,84.2105,326.6,1.1,1,2018-03-12,0734,Aqua,MODIS,80,6.03,297.8,19.9,D,0
27.5179,84.2019,317.8,1.1,1,2018-03-12,0734,Aqua,MODIS,39,6.03,297.3,10.8,D,0
27.5196,84.2126,341.1,1.1,1,2018-03-12,0734,Aqua,MODIS,91,6.03,298,43.3,D,0
27.033,85.751,336.3,1,1,2018-03-12,0734,Aqua,MODIS,87,6.03,303.1,28.6,D,0
27.0344,85.761,321.9,1,1,2018-03-12,0734,Aqua,MODIS,61,6.03,301.2,9.8,D,0
26.9811,85.6477,323,1,1,2018-03-12,0734,Aqua,MODIS,73,6.03,303.4,11.8,D,0
28.8905,80.1835,313,1.7,1.3,2018-03-12,0735,Aqua,MODIS,62,6.03,300,12.9,D,0
28.8673,80.9297,309.3,1.5,1.2,2018-03-12,0735,Aqua,MODIS,50,6.03,297.3,11.2,D,0
28.3455,80.439,315.3,1.7,1.3,2018-03-12,0735,Aqua,MODIS,63,6.03,301.8,14.8,D,0
28.3917,80.8122,317.7,1.6,1.2,2018-03-12,0735,Aqua,MODIS,69,6.03,299.5,19.5,D,0
28.0674,80.3136,318.1,1.7,1.3,2018-03-12,0735,Aqua,MODIS,58,6.03,303.5,17.2,D,0
28.053,80.2993,321.2,1.7,1.3,2018-03-12,0735,Aqua,MODIS,72,6.03,303.1,25.2,D,0
27.7067,82.5827,317.2,1.3,1.1,2018-03-12,0735,Aqua,MODIS,67,6.03,302.6,12.7,D,0
28.8874,80.1667,336.7,1.7,1.3,2018-03-12,0735,Aqua,MODIS,88,6.03,301.2,68.5,D,0
28.4743,83.2639,310.7,1.1,1.1,2018-03-13,0505,Terra,MODIS,54,6.03,289.4,10.4,D,0
27.2308,84.1891,314.4,1,1,2018-03-13,0506,Terra,MODIS,53,6.03,300,5,D,0
26.6975,84.3798,318.6,1,1,2018-03-13,0506,Terra,MODIS,72,6.03,301.2,9.1,D,0
27.2294,84.1994,315.2,1,1,2018-03-13,0506,Terra,MODIS,51,6.03,300.4,5.7,D,0
27.0297,85.7657,312.2,1,1,2018-03-13,0506,Terra,MODIS,48,6.03,297.5,4.1,D,0
27.3964,84.384,308.1,1,1,2018-03-13,0506,Terra,MODIS,34,6.03,295.3,5,D,0
26.4604,84.1279,316.3,2.8,1.6,2018-03-13,0817,Aqua,MODIS,61,6.03,300.5,34.8,D,0
26.4636,84.1197,314,2.8,1.6,2018-03-13,0817,Aqua,MODIS,54,6.03,300.5,28.1,D,0
29.2785,80.9202,322.8,1.8,1.3,2018-03-13,0818,Aqua,MODIS,73,6.03,308.2,21.3,D,0
28.9375,80.7199,310.4,1.8,1.3,2018-03-13,0818,Aqua,MODIS,36,6.03,297.9,11.7,D,0
28.9422,80.7234,310.6,1.8,1.3,2018-03-13,0818,Aqua,MODIS,26,6.03,297.7,11.7,D,0
28.8698,80.1513,318.3,1.6,1.2,2018-03-13,0818,Aqua,MODIS,48,6.03,303.3,13.6,D,0
28.9973,81.9101,355.4,2.1,1.4,2018-03-13,0818,Aqua,MODIS,98,6.03,291.8,221.7,D,0
28.3946,80.7464,315.7,1.7,1.3,2018-03-13,0818,Aqua,MODIS,41,6.03,302,13.7,D,0
29.1355,81.0668,317.9,1.9,1.3,2018-03-13,0818,Aqua,MODIS,64,6.03,305.3,18.5,D,0
28.9326,80.7391,318.2,1.7,1.3,2018-03-14,0548,Terra,MODIS,74,6.03,297.8,28.6,D,0
27.3971,84.518,312.8,1.5,1.2,2018-03-14,0722,Aqua,MODIS,60,6.03,298.1,12.1,D,0
27.3998,84.5327,312.1,1.5,1.2,2018-03-14,0722,Aqua,MODIS,58,6.03,297.6,11.4,D,0
27.317,84.5855,331.7,1.5,1.2,2018-03-14,0722,Aqua,MODIS,85,6.03,304,40.6,D,0
28.233,84.8621,317.7,1.4,1.2,2018-03-14,0722,Aqua,MODIS,72,6.03,298,17.7,D,0
27.3197,84.6003,321.1,1.5,1.2,2018-03-14,0722,Aqua,MODIS,74,6.03,302.7,18.1,D,0
27.1045,85.1137,315.7,1.4,1.2,2018-03-14,0722,Aqua,MODIS,62,6.03,301.4,10.2,D,0
27.0406,85.7677,323.7,1.3,1.1,2018-03-14,0722,Aqua,MODIS,66,6.03,302.2,16,D,0
29.0821,82.7038,320.3,1.8,1.3,2018-03-14,0723,Aqua,MODIS,54,6.03,295.8,33.1,D,0
28.4869,83.4991,306.5,1.7,1.3,2018-03-14,0723,Aqua,MODIS,30,6.03,292.9,12.6,D,0
27.9517,82.3521,304.8,1,1,2018-03-14,1647,Terra,MODIS,57,6.03,292.6,5.7,N,0
26.435,87.2087,313,1,1,2018-03-15,0453,Terra,MODIS,62,6.03,296.8,5.4,D,0
28.5462,81.9055,309.3,2.1,1.4,2018-03-15,0453,Terra,MODIS,39,6.03,293.9,18.8,D,0
28.5432,81.9064,334.1,1.3,1.1,2018-03-15,0805,Aqua,MODIS,85,6.03,301.4,41.2,D,0
28.043,80.2469,323.9,1.1,1,2018-03-15,0805,Aqua,MODIS,73,6.03,303.7,15.5,D,0
28.0444,80.2579,321.1,1.1,1,2018-03-15,0805,Aqua,MODIS,67,6.03,303.4,12.4,D,0
26.4939,80.1913,324.4,1.1,1,2018-03-15,0805,Aqua,MODIS,72,6.03,306.5,11.9,D,0
26.4953,80.2018,328.8,1.1,1,2018-03-15,0805,Aqua,MODIS,78,6.03,307.7,16.9,D,0
28.5162,80.3531,319.6,1.1,1.1,2018-03-15,0805,Aqua,MODIS,64,6.03,302.5,9,D,0
28.5417,81.8938,328.4,1.3,1.1,2018-03-15,0805,Aqua,MODIS,79,6.03,301.2,31,D,0
27.9373,82.3936,300.2,1.2,1.1,2018-03-15,2012,Aqua,MODIS,22,6.03,289.1,6.1,N,0
28.4232,80.4473,318.4,1.1,1.1,2018-03-16,0536,Terra,MODIS,45,6.03,305.8,9.2,D,0
27.2516,84.9528,313.5,2.2,1.5,2018-03-16,0536,Terra,MODIS,53,6.03,299.3,19.7,D,0
27.2495,84.9589,313.1,2.2,1.5,2018-03-16,0536,Terra,MODIS,56,6.03,299.4,18.7,D,0
28.1477,80.5192,316.7,1.2,1.1,2018-03-16,0536,Terra,MODIS,63,6.03,300.4,9.2,D,0
28.0482,81.3343,314.5,1.3,1.1,2018-03-16,0536,Terra,MODIS,56,6.03,303.2,7.1,D,0
28.2856,80.4242,317.7,1.1,1.1,2018-03-16,0536,Terra,MODIS,66,6.03,302.7,11.1,D,0
28.3195,80.5142,322,1.1,1.1,2018-03-16,0536,Terra,MODIS,73,6.03,303.7,13.1,D,0
28.3214,80.5027,322.9,1.1,1.1,2018-03-16,0536,Terra,MODIS,74,6.03,303.7,14.9,D,0
26.5787,87.6337,315.7,1.5,1.2,2018-03-16,0710,Aqua,MODIS,59,6.03,302.1,10.9,D,0
26.5814,87.6488,321.6,1.5,1.2,2018-03-16,0710,Aqua,MODIS,72,6.03,301.9,21,D,0
27.2444,84.9445,316.7,2.3,1.5,2018-03-16,0710,Aqua,MODIS,68,6.03,299.9,26.4,D,0
27.2489,84.9669,314.5,2.3,1.5,2018-03-16,0710,Aqua,MODIS,43,6.03,301,17.7,D,0
26.9586,86.0566,316.2,1.9,1.4,2018-03-16,0710,Aqua,MODIS,64,6.03,302.9,14,D,0
26.6014,84.4515,316.2,2.5,1.5,2018-03-16,0710,Aqua,MODIS,51,6.03,302.7,20.1,D,0
26.9164,86.1887,317.6,1.9,1.3,2018-03-16,0710,Aqua,MODIS,63,6.03,302.4,15.5,D,0
27.1077,87.6059,323.1,1.5,1.2,2018-03-16,0710,Aqua,MODIS,75,6.03,305.5,21.5,D,0
27.1104,87.6209,320.2,1.5,1.2,2018-03-16,0710,Aqua,MODIS,47,6.03,304.2,16.9,D,0
26.5836,87.6416,324.8,1.5,1.2,2018-03-16,0710,Aqua,MODIS,76,6.03,302.1,26.1,D,0
26.7693,86.6681,302.7,1.1,1,2018-03-16,1634,Terra,MODIS,51,6.03,291.8,5,N,0
26.6782,86.8212,305.2,1.1,1,2018-03-16,1634,Terra,MODIS,63,6.03,293.6,6.8,N,0
27.1598,86.7771,302.1,1.1,1,2018-03-16,1634,Terra,MODIS,46,6.03,289.5,6.4,N,0
27.0152,85.886,302.1,1,1,2018-03-16,1634,Terra,MODIS,47,6.03,290.9,5.6,N,0
27.0075,85.8936,319.8,1,1,2018-03-16,1634,Terra,MODIS,99,6.03,293.1,18.4,N,0
26.9956,86.0112,304.1,1,1,2018-03-16,1634,Terra,MODIS,26,6.03,292.9,4.7,N,0
27.0703,86.7208,303.2,1.1,1,2018-03-16,1634,Terra,MODIS,54,6.03,291.3,6.1,N,0
27.0715,86.7305,304.2,1.1,1,2018-03-16,1634,Terra,MODIS,59,6.03,290,6.9,N,0
27.9325,82.3964,303.2,1.1,1,2018-03-16,1635,Terra,MODIS,54,6.03,291.7,5.6,N,0
26.9941,86.0275,317.4,1.7,1.3,2018-03-17,0441,Terra,MODIS,65,6.03,305.4,13.5,D,0
27.134,85.8982,324.8,1.7,1.3,2018-03-17,0441,Terra,MODIS,77,6.03,305.6,32.5,D,0
26.7638,86.6662,316.7,1.5,1.2,2018-03-17,0441,Terra,MODIS,44,6.03,304.7,9,D,0
27.5221,85.0683,314.5,2,1.4,2018-03-17,0441,Terra,MODIS,65,6.03,302.6,18.4,D,0
27.5179,85.08,313.4,2,1.4,2018-03-17,0441,Terra,MODIS,53,6.03,302.9,17,D,0
28.4171,80.3623,359.1,1,1,2018-03-17,0753,Aqua,MODIS,99,6.03,305,78,D,0
28.414,80.3419,349.9,1,1,2018-03-17,0753,Aqua,MODIS,95,6.03,305.6,55.9,D,0
28.4155,80.3521,397.9,1,1,2018-03-17,0753,Aqua,MODIS,100,6.03,315.1,239.2,D,0
28.3963,80.4084,316.6,1,1,2018-03-17,0753,Aqua,MODIS,63,6.03,303.9,7,D,0
28.387,80.4054,317.7,1,1,2018-03-17,0753,Aqua,MODIS,64,6.03,304.5,7.8,D,0
28.3885,80.4156,321.3,1,1,2018-03-17,0753,Aqua,MODIS,71,6.03,304.8,10.8,D,0
28.3752,80.4496,317.2,1,1,2018-03-17,0753,Aqua,MODIS,53,6.03,304.6,6.3,D,0
28.2948,80.4716,315.7,1,1,2018-03-17,0753,Aqua,MODIS,45,6.03,304.6,5.4,D,0
28.2813,80.4428,315,1,1,2018-03-17,0753,Aqua,MODIS,48,6.03,304.5,4.8,D,0
28.3583,81.0929,319,1,1,2018-03-17,0753,Aqua,MODIS,59,6.03,305.2,9.4,D,0
28.2225,80.2967,318,1,1,2018-03-17,0753,Aqua,MODIS,62,6.03,305.6,7.6,D,0
28.2302,80.3478,318.4,1,1,2018-03-17,0753,Aqua,MODIS,64,6.03,304.9,9,D,0
28.3538,81.7712,318.9,1,1,2018-03-17,0753,Aqua,MODIS,59,6.03,303,9.5,D,0
28.0857,81.3061,318.7,1,1,2018-03-17,0753,Aqua,MODIS,64,6.03,307.3,7,D,0
28.0871,81.3161,337.2,1,1,2018-03-17,0753,Aqua,MODIS,87,6.03,307.3,29.7,D,0
28.0524,81.3394,323.7,1,1,2018-03-17,0753,Aqua,MODIS,72,6.03,305.8,11.6,D,0
27.9404,81.9809,318.2,1,1,2018-03-17,0753,Aqua,MODIS,54,6.03,307.6,7.2,D,0
27.9217,82.3758,319.9,1,1,2018-03-17,0753,Aqua,MODIS,16,6.03,307.7,6.8,D,0
27.9244,82.3961,319.4,1,1,2018-03-17,0753,Aqua,MODIS,52,6.03,305.9,7.5,D,0
27.9258,82.4063,319.6,1,1,2018-03-17,0753,Aqua,MODIS,66,6.03,306.1,8.3,D,0
27.7155,81.9506,336,1,1,2018-03-17,0753,Aqua,MODIS,86,6.03,309.6,26.8,D,0
27.7169,81.9606,347.7,1,1,2018-03-17,0753,Aqua,MODIS,93,6.03,307.7,47.8,D,0
27.691,81.9708,326,1,1,2018-03-17,0753,Aqua,MODIS,73,6.03,308.9,14.1,D,0
27.6751,82.3894,320.7,1,1,2018-03-17,0753,Aqua,MODIS,67,6.03,306.2,8.2,D,0
27.8758,84.5434,318,1.2,1.1,2018-03-17,0753,Aqua,MODIS,58,6.03,303.3,10,D,0
27.7058,84.57,318.1,1.2,1.1,2018-03-17,0753,Aqua,MODIS,42,6.03,305.5,7.8,D,0
27.6937,84.8087,324,1.3,1.1,2018-03-17,0753,Aqua,MODIS,75,6.03,300.2,22.6,D,0
27.695,84.8195,317.2,1.3,1.1,2018-03-17,0753,Aqua,MODIS,59,6.03,298,12.8,D,0
27.6947,84.8134,333.9,1.3,1.1,2018-03-17,0753,Aqua,MODIS,85,6.03,299.9,39,D,0
27.5759,84.4102,318.9,1.2,1.1,2018-03-17,0753,Aqua,MODIS,62,6.03,304.6,10.3,D,0
27.5417,84.2098,341.9,1.2,1.1,2018-03-17,0753,Aqua,MODIS,90,6.03,308.9,46.4,D,0
27.5432,84.2215,348.5,1.2,1.1,2018-03-17,0753,Aqua,MODIS,94,6.03,308.2,61.4,D,0
27.535,84.2348,322.9,1.2,1.1,2018-03-17,0753,Aqua,MODIS,61,6.03,307.3,14.1,D,0
27.5304,84.2302,321.5,1.2,1.1,2018-03-17,0753,Aqua,MODIS,20,6.03,308.4,11.5,D,0
27.5319,84.242,327.9,1.2,1.1,2018-03-17,0753,Aqua,MODIS,70,6.03,308.9,20.8,D,0
27.5408,84.3128,315.6,1.2,1.1,2018-03-17,0753,Aqua,MODIS,57,6.03,304.1,7.7,D,0
27.7706,86.2516,317.2,1.5,1.2,2018-03-17,0753,Aqua,MODIS,42,6.03,298,19.9,D,0
27.5392,84.4594,315.8,1.2,1.1,2018-03-17,0753,Aqua,MODIS,51,6.03,304.3,6.2,D,0
27.5294,84.4608,334.3,1.2,1.1,2018-03-17,0753,Aqua,MODIS,85,6.03,307.8,33.7,D,0
27.5309,84.4729,338.5,1.2,1.1,2018-03-17,0753,Aqua,MODIS,88,6.03,306.8,41.3,D,0
27.5324,84.4851,329.5,1.2,1.1,2018-03-17,0753,Aqua,MODIS,81,6.03,306.6,24.1,D,0
27.5226,84.4864,318.1,1.2,1.1,2018-03-17,0753,Aqua,MODIS,36,6.03,305.6,9.9,D,0
27.5241,84.4985,322.5,1.2,1.1,2018-03-17,0753,Aqua,MODIS,72,6.03,305.3,15.6,D,0
27.3796,83.5712,321.8,1.1,1,2018-03-17,0753,Aqua,MODIS,62,6.03,306.4,11.5,D,0
27.381,83.5822,323.8,1.1,1,2018-03-17,0753,Aqua,MODIS,67,6.03,307.2,12.9,D,0
27.5212,85.062,313.9,1.3,1.1,2018-03-17,0753,Aqua,MODIS,32,6.03,301.3,7.1,D,0
27.4379,84.4557,314.4,1.2,1.1,2018-03-17,0753,Aqua,MODIS,44,6.03,304.1,6.8,D,0
27.4811,84.8114,318,1.3,1.1,2018-03-17,0753,Aqua,MODIS,47,6.03,304,10.7,D,0
27.4826,84.8242,323,1.3,1.1,2018-03-17,0753,Aqua,MODIS,63,6.03,305.6,16.5,D,0
27.3055,83.5555,320.6,1.1,1,2018-03-17,0753,Aqua,MODIS,57,6.03,304.6,11.3,D,0
27.2962,83.557,319.6,1.1,1,2018-03-17,0753,Aqua,MODIS,48,6.03,306.7,10.4,D,0
27.2976,83.5679,317.4,1.1,1,2018-03-17,0753,Aqua,MODIS,33,6.03,303.6,8.1,D,0
27.3209,83.9048,314.1,1.1,1.1,2018-03-17,0753,Aqua,MODIS,20,6.03,302.2,5.6,D,0
27.1965,83.2821,320.8,1.1,1,2018-03-17,0753,Aqua,MODIS,67,6.03,307.9,10.1,D,0
27.3369,84.7141,315.5,1.2,1.1,2018-03-17,0753,Aqua,MODIS,49,6.03,305.5,7.1,D,0
27.3384,84.7265,317.5,1.2,1.1,2018-03-17,0753,Aqua,MODIS,62,6.03,306.1,9.5,D,0
27.2368,83.9711,323.4,1.1,1.1,2018-03-17,0753,Aqua,MODIS,72,6.03,305.5,12.6,D,0
27.2382,83.9824,329.7,1.1,1.1,2018-03-17,0753,Aqua,MODIS,80,6.03,305.9,21.2,D,0
27.3114,84.6681,327,1.2,1.1,2018-03-17,0753,Aqua,MODIS,68,6.03,305.1,19.6,D,0
27.3099,84.6615,325.7,1.2,1.1,2018-03-17,0753,Aqua,MODIS,73,6.03,306.2,17.4,D,0
27.3136,84.7739,322.4,1.2,1.1,2018-03-17,0753,Aqua,MODIS,71,6.03,309.4,15.5,D,0
27.3325,85.0137,324.5,1.3,1.1,2018-03-17,0753,Aqua,MODIS,74,6.03,306.5,18.9,D,0
27.334,85.0263,321.8,1.3,1.1,2018-03-17,0753,Aqua,MODIS,70,6.03,305.4,14.6,D,0
27.2884,84.8157,320,1.2,1.1,2018-03-17,0753,Aqua,MODIS,67,6.03,307.3,13.1,D,0
27.2899,84.8281,330.4,1.3,1.1,2018-03-17,0753,Aqua,MODIS,81,6.03,307.6,29.2,D,0
27.24,84.7475,320.5,1.2,1.1,2018-03-17,0753,Aqua,MODIS,24,6.03,304.2,11.6,D,0
27.2415,84.7599,326.9,1.2,1.1,2018-03-17,0753,Aqua,MODIS,77,6.03,304,21.5,D,0
27.265,84.96,321.5,1.3,1.1,2018-03-17,0753,Aqua,MODIS,67,6.03,307,12.3,D,0
27.2609,85.0126,328,1.3,1.1,2018-03-17,0753,Aqua,MODIS,52,6.03,309.7,19.1,D,0
27.2076,84.9115,318.1,1.3,1.1,2018-03-17,0753,Aqua,MODIS,27,6.03,305.4,8.7,D,0
27.1967,84.9905,344.9,1.3,1.1,2018-03-17,0753,Aqua,MODIS,92,6.03,307.3,57.5,D,0
27.1711,85.0333,319.9,1.3,1.1,2018-03-17,0753,Aqua,MODIS,46,6.03,304.8,11,D,0
27.1713,85.026,324.1,1.3,1.1,2018-03-17,0753,Aqua,MODIS,70,6.03,305.4,16.4,D,0
27.169,85.0915,321.2,1.3,1.1,2018-03-17,0753,Aqua,MODIS,68,6.03,303.4,15.1,D,0
27.1822,85.2885,317.9,1.3,1.1,2018-03-17,0753,Aqua,MODIS,40,6.03,305.3,9.6,D,0
27.3225,86.518,316.3,1.6,1.2,2018-03-17,0753,Aqua,MODIS,53,6.03,301.5,11.4,D,0
27.2248,85.8381,320.5,1.4,1.2,2018-03-17,0753,Aqua,MODIS,68,6.03,304.6,15.8,D,0
27.1594,85.3595,325,1.3,1.1,2018-03-17,0753,Aqua,MODIS,75,6.03,307.7,19.1,D,0
27.1187,85.0992,319.7,1.3,1.1,2018-03-17,0753,Aqua,MODIS,59,6.03,305.6,9.4,D,0
26.8515,83.0346,326.1,1,1,2018-03-17,0753,Aqua,MODIS,75,6.03,306.9,15.9,D,0
26.8529,83.0451,319.1,1,1,2018-03-17,0753,Aqua,MODIS,61,6.03,306.8,7.8,D,0
27.1072,85.0878,319.8,1.3,1.1,2018-03-17,0753,Aqua,MODIS,54,6.03,305.9,9.6,D,0
27.0924,85.3088,323.9,1.3,1.1,2018-03-17,0753,Aqua,MODIS,73,6.03,306.7,18.3,D,0
27.094,85.322,321.3,1.3,1.1,2018-03-17,0753,Aqua,MODIS,68,6.03,307.5,14.2,D,0
27.0919,85.6662,325.1,1.4,1.2,2018-03-17,0753,Aqua,MODIS,73,6.03,311.4,17.3,D,0
27.0934,85.68,328.6,1.4,1.2,2018-03-17,0753,Aqua,MODIS,79,6.03,311.4,24.4,D,0
26.9095,84.2106,322,1.2,1.1,2018-03-17,0753,Aqua,MODIS,52,6.03,309.8,10.1,D,0
27.071,85.6692,332.6,1.4,1.2,2018-03-17,0753,Aqua,MODIS,81,6.03,308.4,28.9,D,0
27.0644,85.6618,320,1.4,1.2,2018-03-17,0753,Aqua,MODIS,57,6.03,308.5,8.6,D,0
27.066,85.6756,328.2,1.4,1.2,2018-03-17,0753,Aqua,MODIS,79,6.03,307.6,23.1,D,0
27.0726,85.9165,320.3,1.4,1.2,2018-03-17,0753,Aqua,MODIS,55,6.03,305.2,12.5,D,0
27.0395,85.7217,325.8,1.4,1.2,2018-03-17,0753,Aqua,MODIS,76,6.03,307.4,19.3,D,0
27.0523,85.8335,322.6,1.4,1.2,2018-03-17,0753,Aqua,MODIS,38,6.03,308.5,13.2,D,0
27.0685,85.9755,317,1.4,1.2,2018-03-17,0753,Aqua,MODIS,44,6.03,303.7,9.1,D,0
27.016,85.7961,325.4,1.4,1.2,2018-03-17,0753,Aqua,MODIS,64,6.03,308.2,16.5,D,0
27.035,85.966,324.3,1.4,1.2,2018-03-17,0753,Aqua,MODIS,47,6.03,306.4,17.9,D,0
26.9993,85.7418,328.3,1.4,1.2,2018-03-17,0753,Aqua,MODIS,79,6.03,308.3,22.8,D,0
27.0008,85.7557,323.4,1.4,1.2,2018-03-17,0753,Aqua,MODIS,72,6.03,308.2,13.6,D,0
27.0709,86.7254,326.9,1.6,1.3,2018-03-17,0753,Aqua,MODIS,78,6.03,311.3,26.8,D,0
26.7065,84.3902,318.8,1.2,1.1,2018-03-17,0753,Aqua,MODIS,53,6.03,306.2,6.7,D,0
26.7079,84.4018,323.9,1.2,1.1,2018-03-17,0753,Aqua,MODIS,62,6.03,307.2,13.2,D,0
26.8621,86.3867,321.8,1.5,1.2,2018-03-17,0753,Aqua,MODIS,66,6.03,307.6,14.3,D,0
26.9614,87.5196,331.8,1.8,1.3,2018-03-17,0753,Aqua,MODIS,83,6.03,307.6,52.2,D,0
26.9632,87.537,332.9,1.8,1.3,2018-03-17,0753,Aqua,MODIS,84,6.03,307.9,55.9,D,0
26.9265,87.412,349.9,1.8,1.3,2018-03-17,0753,Aqua,MODIS,95,6.03,304.3,130.1,D,0
26.928,87.4268,321.5,1.8,1.3,2018-03-17,0753,Aqua,MODIS,71,6.03,299.7,27.3,D,0
26.8691,87.0825,314.9,1.7,1.3,2018-03-17,0753,Aqua,MODIS,48,6.03,300.4,12.7,D,0
26.7929,86.5695,322.3,1.6,1.2,2018-03-17,0753,Aqua,MODIS,43,6.03,308.8,15.6,D,0
26.8611,87.0904,316.4,1.7,1.3,2018-03-17,0753,Aqua,MODIS,52,6.03,302.5,13.5,D,0
26.7911,86.5595,324.4,1.6,1.2,2018-03-17,0753,Aqua,MODIS,74,6.03,309.3,18.9,D,0
26.7589,86.6754,330.4,1.6,1.2,2018-03-17,0753,Aqua,MODIS,81,6.03,309.3,32.7,D,0
26.7544,86.9564,322.7,1.7,1.3,2018-03-17,0753,Aqua,MODIS,51,6.03,307.6,20.2,D,0
26.7061,86.6021,322.9,1.6,1.2,2018-03-17,0753,Aqua,MODIS,52,6.03,307.8,15.1,D,0
26.7534,86.9469,323.7,1.7,1.3,2018-03-17,0753,Aqua,MODIS,56,6.03,308.5,20.2,D,0
26.7028,86.5936,325,1.6,1.2,2018-03-17,0753,Aqua,MODIS,75,6.03,308.3,20.7,D,0
26.7023,86.6896,318.4,1.6,1.2,2018-03-17,0753,Aqua,MODIS,44,6.03,305.4,12.1,D,0
26.6915,86.9047,320.9,1.6,1.3,2018-03-17,0753,Aqua,MODIS,47,6.03,308.3,14.6,D,0
28.5137,80.0194,314.6,1,1,2018-03-17,0753,Aqua,MODIS,55,6.03,303,6.8,D,0
28.4957,80.023,313.4,1,1,2018-03-17,0753,Aqua,MODIS,40,6.03,303,5.6,D,0
28.5903,80.844,319.1,1,1,2018-03-17,0753,Aqua,MODIS,69,6.03,307.3,10.2,D,0
28.4995,80.6705,315.8,1,1,2018-03-17,0753,Aqua,MODIS,53,6.03,304.1,6.1,D,0
28.501,80.6806,317.3,1,1,2018-03-17,0753,Aqua,MODIS,53,6.03,304.3,6.6,D,0
28.401,80.1333,316.4,1,1,2018-03-17,0753,Aqua,MODIS,61,6.03,303.2,7.5,D,0
28.4026,80.1436,320.4,1,1,2018-03-17,0753,Aqua,MODIS,70,6.03,303.1,10.9,D,0
28.4817,80.6739,340.8,1,1,2018-03-17,0753,Aqua,MODIS,90,6.03,303.7,37.3,D,0
28.4229,80.3402,317.2,1,1,2018-03-17,0753,Aqua,MODIS,64,6.03,303.8,7.8,D,0
28.4245,80.3504,326.2,1,1,2018-03-17,0753,Aqua,MODIS,78,6.03,303.9,17.2,D,0
28.8327,80.1761,318,1,1,2018-03-17,0753,Aqua,MODIS,46,6.03,307.2,6.6,D,0
28.7926,80.1589,349.3,1,1,2018-03-17,0753,Aqua,MODIS,95,6.03,307.7,54,D,0
28.7221,80.1198,312.8,1,1,2018-03-17,0753,Aqua,MODIS,38,6.03,301.1,5.6,D,0
28.8343,81.0035,313.3,1,1,2018-03-17,0753,Aqua,MODIS,59,6.03,299.3,8.6,D,0
28.6123,80.2488,317.9,1,1,2018-03-17,0753,Aqua,MODIS,66,6.03,305.2,8.4,D,0
28.6138,80.259,317.8,1,1,2018-03-17,0753,Aqua,MODIS,58,6.03,306.4,7.6,D,0
30.3607,82.2662,305.9,1.1,1,2018-03-17,0754,Aqua,MODIS,39,6.03,285.8,3.3,D,0
27.7039,82.512,302.5,1.8,1.3,2018-03-17,1959,Aqua,MODIS,50,6.03,292.4,11.5,N,0
27.2228,85.855,300.3,1.1,1.1,2018-03-17,1959,Aqua,MODIS,24,6.03,289.9,5.8,N,0
27.6988,82.5037,304.7,1.8,1.3,2018-03-17,1959,Aqua,MODIS,61,6.03,293,15.6,N,0
29.0216,81.918,304.2,1,1,2018-03-18,0524,Terra,MODIS,41,6.03,293.1,7.3,D,0
27.255,85.0626,336.7,1.4,1.2,2018-03-18,0524,Terra,MODIS,88,6.03,301.6,50.6,D,0
27.2574,85.0485,324.1,1.4,1.2,2018-03-18,0524,Terra,MODIS,67,6.03,301.1,22.3,D,0
27.6926,82.503,317,1.1,1,2018-03-18,0524,Terra,MODIS,48,6.03,305.6,7.4,D,0
27.2596,85.07,321.4,1.4,1.2,2018-03-18,0524,Terra,MODIS,41,6.03,301.4,15.7,D,0
27.2622,85.0559,346.4,1.4,1.2,2018-03-18,0524,Terra,MODIS,94,6.03,302.8,74.7,D,0
27.2799,84.9581,317.9,1.4,1.2,2018-03-18,0524,Terra,MODIS,58,6.03,300.5,16,D,0
27.3341,84.7162,311.5,1.4,1.2,2018-03-18,0524,Terra,MODIS,53,6.03,300,8.4,D,0
27.1413,85.8947,312.1,1.6,1.2,2018-03-18,0524,Terra,MODIS,55,6.03,298.9,12.2,D,0
27.378,84.5877,320.1,1.3,1.1,2018-03-18,0524,Terra,MODIS,54,6.03,303.4,15.1,D,0
27.3245,85.0101,313.7,1.4,1.2,2018-03-18,0524,Terra,MODIS,54,6.03,300,10.8,D,0
27.2102,82.2151,318.7,1,1,2018-03-18,0524,Terra,MODIS,66,6.03,305.8,7.5,D,0
27.3304,83.5975,321.4,1.2,1.1,2018-03-18,0524,Terra,MODIS,70,6.03,301.1,17.4,D,0
27.3324,83.6044,323.9,1.2,1.1,2018-03-18,0524,Terra,MODIS,74,6.03,300.6,20.2,D,0
27.1017,85.0969,318.2,1.4,1.2,2018-03-18,0524,Terra,MODIS,66,6.03,302.8,15.2,D,0
27.3767,83.5774,315.8,1.2,1.1,2018-03-18,0524,Terra,MODIS,54,6.03,302.8,9.5,D,0
27.3786,83.5657,314.8,1.2,1.1,2018-03-18,0524,Terra,MODIS,49,6.03,301.2,8.7,D,0
27.1795,85.026,314.7,1.4,1.2,2018-03-18,0524,Terra,MODIS,31,6.03,300.7,10,D,0
27.2024,84.9932,318.5,1.4,1.2,2018-03-18,0524,Terra,MODIS,44,6.03,301.7,14.9,D,0
27.0818,85.7144,316.9,1.6,1.2,2018-03-18,0524,Terra,MODIS,53,6.03,305.6,12,D,0
27.0847,85.699,316,1.6,1.2,2018-03-18,0524,Terra,MODIS,47,6.03,304,10.5,D,0
27.2227,84.9399,314.7,1.4,1.2,2018-03-18,0524,Terra,MODIS,39,6.03,299.7,11.2,D,0
27.0463,85.9678,313,1.6,1.3,2018-03-18,0524,Terra,MODIS,47,6.03,300.5,11.2,D,0
27.1641,85.3261,313.5,1.5,1.2,2018-03-18,0524,Terra,MODIS,53,6.03,301.4,9.9,D,0
27.2232,84.9976,336.4,1.4,1.2,2018-03-18,0524,Terra,MODIS,87,6.03,302.4,50.5,D,0
27.2257,84.9837,333.3,1.4,1.2,2018-03-18,0524,Terra,MODIS,85,6.03,301,42.4,D,0
27.2928,84.6048,334,1.3,1.1,2018-03-18,0524,Terra,MODIS,86,6.03,307.3,39.5,D,0
27.2642,84.9485,339.7,1.4,1.2,2018-03-18,0524,Terra,MODIS,90,6.03,300.7,59.8,D,0
27.2667,84.9347,343.4,1.4,1.2,2018-03-18,0524,Terra,MODIS,92,6.03,300.5,70.6,D,0
27.2859,84.8253,313.2,1.4,1.2,2018-03-18,0524,Terra,MODIS,43,6.03,300.7,10.9,D,0
27.2883,84.8118,311.9,1.4,1.2,2018-03-18,0524,Terra,MODIS,34,6.03,299.8,8.8,D,0
27.5402,84.3088,312.3,1.3,1.1,2018-03-18,0524,Terra,MODIS,56,6.03,300.5,7.9,D,0
28.2029,80.4106,315.1,1,1,2018-03-18,0524,Terra,MODIS,33,6.03,302.1,6.4,D,0
27.5429,85.0441,308.2,1.4,1.2,2018-03-18,0524,Terra,MODIS,40,6.03,296.5,8.3,D,0
28.3419,81.5313,315.8,1,1,2018-03-18,0524,Terra,MODIS,33,6.03,304.7,6.7,D,0
28.7452,80.4829,313.7,1,1,2018-03-18,0524,Terra,MODIS,61,6.03,303.2,5.4,D,0
28.0419,86.2934,305.5,1.6,1.3,2018-03-18,0524,Terra,MODIS,53,6.03,294.5,18.3,D,0
27.327,84.9963,315.4,1.4,1.2,2018-03-18,0524,Terra,MODIS,62,6.03,300.7,13.4,D,0
26.777,87.2738,311.1,2.6,1.6,2018-03-18,0657,Aqua,MODIS,45,6.03,298.7,17.9,D,0
27.2816,87.9451,309.5,2.3,1.5,2018-03-18,0658,Aqua,MODIS,44,6.03,294.3,24.4,D,0
27.0484,87.1346,320.8,2.7,1.6,2018-03-18,0658,Aqua,MODIS,79,6.03,299.8,51.3,D,0
27.2791,87.9382,312.7,2.3,1.5,2018-03-18,0658,Aqua,MODIS,71,6.03,294.9,34.3,D,0
27.2639,85.0336,311.6,3.7,1.8,2018-03-18,0658,Aqua,MODIS,60,6.03,298.1,32.6,D,0
27.2719,85.0692,311.5,3.6,1.8,2018-03-18,0658,Aqua,MODIS,63,6.03,298.9,32.9,D,0
27.1374,85.3027,310.2,3.5,1.8,2018-03-18,0658,Aqua,MODIS,64,6.03,299.6,23.7,D,0
28.9773,80.987,312.7,3.9,1.8,2018-03-18,0836,Aqua,MODIS,51,6.03,301.4,41.5,D,0
28.4065,80.8576,314.3,3.8,1.8,2018-03-18,0836,Aqua,MODIS,57,6.03,300.8,44.7,D,0
27.1433,85.9072,301,1.1,1,2018-03-18,1622,Terra,MODIS,34,6.03,290.5,4.7,N,0
27.0349,87.1387,301.6,1,1,2018-03-18,1622,Terra,MODIS,39,6.03,288.6,5.8,N,0
27.692,82.4875,307.3,1.6,1.2,2018-03-18,1622,Terra,MODIS,71,6.03,294.9,12.6,N,0
27.6921,82.493,305.2,1.6,1.2,2018-03-18,1622,Terra,MODIS,63,6.03,294.9,10.8,N,0
27.7913,84.4385,302.7,1.2,1.1,2018-03-18,1622,Terra,MODIS,51,6.03,291.7,7.2,N,0
27.8871,85.8783,310.1,1.1,1,2018-03-18,1622,Terra,MODIS,79,6.03,282.3,14,N,0
27.418,84.6742,302.2,1.2,1.1,2018-03-18,1622,Terra,MODIS,47,6.03,291.8,5.9,N,0
27.42,84.6862,302.5,1.2,1.1,2018-03-18,1622,Terra,MODIS,49,6.03,291.9,6.1,N,0
27.2815,84.8313,307.1,1.2,1.1,2018-03-18,1622,Terra,MODIS,70,6.03,290.3,10.5,N,0
27.1315,85.8316,303.2,1.1,1,2018-03-18,1622,Terra,MODIS,51,6.03,291.2,5.9,N,0
26.9955,85.9983,320,1,1,2018-03-19,0740,Aqua,MODIS,61,6.03,304.9,6.9,D,0
26.9339,86.2285,318.2,1.1,1,2018-03-19,0740,Aqua,MODIS,58,6.03,303.5,7.4,D,0
27.0325,87.1319,320,1.1,1.1,2018-03-19,0740,Aqua,MODIS,56,6.03,304.2,10,D,0
26.858,86.2197,327.7,1.1,1,2018-03-19,0740,Aqua,MODIS,77,6.03,307.5,15.4,D,0
26.8594,86.23,319.1,1.1,1,2018-03-19,0740,Aqua,MODIS,42,6.03,305.8,6,D,0
26.5567,84.5044,326.4,1,1,2018-03-19,0740,Aqua,MODIS,75,6.03,308.8,12.1,D,0
26.5581,84.5143,327.1,1,1,2018-03-19,0740,Aqua,MODIS,76,6.03,310.6,12.9,D,0
26.7866,86.503,321.6,1.1,1,2018-03-19,0740,Aqua,MODIS,69,6.03,303.9,8.8,D,0
27.2927,84.8895,318.8,1,1,2018-03-19,0740,Aqua,MODIS,63,6.03,304.3,8.9,D,0
27.2941,84.8995,319.9,1,1,2018-03-19,0740,Aqua,MODIS,66,6.03,302.6,10,D,0
27.2796,84.8612,319.9,1,1,2018-03-19,0740,Aqua,MODIS,66,6.03,302.6,9.8,D,0
27.2523,84.7332,321.8,1,1,2018-03-19,0740,Aqua,MODIS,69,6.03,302.5,11.9,D,0
27.2537,84.7431,325.7,1,1,2018-03-19,0740,Aqua,MODIS,75,6.03,301.3,16.6,D,0
27.2547,84.8145,329,1,1,2018-03-19,0740,Aqua,MODIS,30,6.03,304,16.1,D,0
27.2458,84.8161,345.7,1,1,2018-03-19,0740,Aqua,MODIS,92,6.03,306.2,44.1,D,0
27.2472,84.8261,323.8,1,1,2018-03-19,0740,Aqua,MODIS,70,6.03,302.1,11.9,D,0
27.2082,84.6798,317.9,1,1,2018-03-19,0740,Aqua,MODIS,42,6.03,304.2,5,D,0
27.2233,84.8509,318.4,1,1,2018-03-19,0740,Aqua,MODIS,36,6.03,302.5,6.8,D,0
27.2247,84.8609,319.2,1,1,2018-03-19,0740,Aqua,MODIS,49,6.03,302,8.1,D,0
27.236,84.9407,323.1,1,1,2018-03-19,0740,Aqua,MODIS,71,6.03,302.4,10.9,D,0
27.2402,84.9707,348.3,1,1,2018-03-19,0740,Aqua,MODIS,94,6.03,304.1,48.7,D,0
27.2271,84.9423,322,1,1,2018-03-19,0740,Aqua,MODIS,41,6.03,302.2,9.1,D,0
27.2313,84.9723,322.8,1,1,2018-03-19,0740,Aqua,MODIS,72,6.03,302.7,10.5,D,0
27.2327,84.9823,319.3,1,1,2018-03-19,0740,Aqua,MODIS,59,6.03,304.2,6.8,D,0
27.2004,84.8197,323.2,1,1,2018-03-19,0740,Aqua,MODIS,71,6.03,305.6,10.5,D,0
27.2314,85.0393,330.7,1,1,2018-03-19,0740,Aqua,MODIS,81,6.03,306.2,20.6,D,0
27.2673,85.3623,316.4,1,1,2018-03-19,0740,Aqua,MODIS,46,6.03,301,6.3,D,0
26.9645,83.4624,316,1,1,2018-03-19,0740,Aqua,MODIS,51,6.03,301.7,6.3,D,0
26.966,83.4726,314.4,1,1,2018-03-19,0740,Aqua,MODIS,35,6.03,300.4,5,D,0
26.9555,83.4641,336.7,1,1,2018-03-19,0740,Aqua,MODIS,86,6.03,303.6,30.9,D,0
26.957,83.4743,336,1,1,2018-03-19,0740,Aqua,MODIS,86,6.03,302.8,30,D,0
27.1665,85.1638,322.8,1,1,2018-03-19,0740,Aqua,MODIS,62,6.03,307.8,9.5,D,0
27.1518,85.132,318.9,1,1,2018-03-19,0740,Aqua,MODIS,54,6.03,304.7,7.6,D,0
27.1445,85.2772,317.1,1,1,2018-03-19,0740,Aqua,MODIS,54,6.03,304.2,6.8,D,0
27.2195,85.8257,315.4,1,1,2018-03-19,0740,Aqua,MODIS,43,6.03,302.9,5.3,D,0
27.3522,86.837,314.2,1.1,1.1,2018-03-19,0740,Aqua,MODIS,45,6.03,302.2,7.9,D,0
27.0893,85.406,317,1,1,2018-03-19,0740,Aqua,MODIS,43,6.03,304.8,6.1,D,0
27.147,85.8962,319.6,1,1,2018-03-19,0740,Aqua,MODIS,65,6.03,302.8,10.2,D,0
27.1484,85.9066,317.8,1,1,2018-03-19,0740,Aqua,MODIS,58,6.03,303.5,8.6,D,0
27.1206,85.8377,319.5,1,1,2018-03-19,0740,Aqua,MODIS,42,6.03,305.1,8.2,D,0
27.0597,85.6601,321.3,1,1,2018-03-19,0740,Aqua,MODIS,44,6.03,308.7,5.4,D,0
27.0624,85.6805,321.5,1,1,2018-03-19,0740,Aqua,MODIS,50,6.03,308.8,6,D,0
27.0885,85.8747,320.5,1,1,2018-03-19,0740,Aqua,MODIS,42,6.03,302.9,9.4,D,0
27.0825,85.967,315.6,1,1,2018-03-19,0740,Aqua,MODIS,23,6.03,303.2,4.8,D,0
27.2506,87.7326,317.9,1.2,1.1,2018-03-19,0740,Aqua,MODIS,57,6.03,302.6,8.5,D,0
27.0163,85.9573,320.4,1,1,2018-03-19,0740,Aqua,MODIS,65,6.03,306.8,7.5,D,0
27.0177,85.9676,318.9,1,1,2018-03-19,0740,Aqua,MODIS,61,6.03,305.6,6.1,D,0
26.9941,85.9879,319.6,1,1,2018-03-19,0740,Aqua,MODIS,62,6.03,305.6,6.6,D,0
26.9997,86.0293,322.8,1,1,2018-03-19,0740,Aqua,MODIS,69,6.03,305.1,10.6,D,0
26.9808,86.0964,320.5,1,1,2018-03-19,0740,Aqua,MODIS,59,6.03,306.6,7.4,D,0
26.9485,86.134,323.7,1,1,2018-03-19,0740,Aqua,MODIS,71,6.03,305,10.7,D,0
26.6767,84.3852,335.2,1,1,2018-03-19,0740,Aqua,MODIS,80,6.03,306.8,23.8,D,0
26.6781,84.3951,345.3,1,1,2018-03-19,0740,Aqua,MODIS,87,6.03,307,40.1,D,0
26.8092,86.6746,327,1.1,1,2018-03-19,0740,Aqua,MODIS,77,6.03,304.3,16.2,D,0
26.7567,86.5624,329.3,1.1,1,2018-03-19,0740,Aqua,MODIS,80,6.03,304.3,18.2,D,0
26.7581,86.5731,319.7,1.1,1,2018-03-19,0740,Aqua,MODIS,46,6.03,302.4,6.8,D,0
26.4541,84.4993,327.5,1,1,2018-03-19,0740,Aqua,MODIS,0,6.03,309.5,13.6,D,0
26.7813,87.2388,319.7,1.1,1.1,2018-03-19,0740,Aqua,MODIS,64,6.03,301,11.4,D,0
26.7828,87.2501,315,1.1,1.1,2018-03-19,0740,Aqua,MODIS,40,6.03,301.2,6.5,D,0
26.706,86.8747,315.6,1.1,1,2018-03-19,0740,Aqua,MODIS,34,6.03,301.5,5.9,D,0
26.4635,87.9487,317.4,1.2,1.1,2018-03-19,0740,Aqua,MODIS,43,6.03,303.4,8,D,0
28.9157,80.1729,324.4,1.3,1.1,2018-03-19,0741,Aqua,MODIS,78,6.03,303.2,22.2,D,0
28.5694,81.2246,322,1.2,1.1,2018-03-19,0741,Aqua,MODIS,75,6.03,305.9,13.6,D,0
28.3763,80.8641,322.3,1.3,1.1,2018-03-19,0741,Aqua,MODIS,73,6.03,304,17.7,D,0
28.2535,80.5101,313.3,1.3,1.1,2018-03-19,0741,Aqua,MODIS,32,6.03,297,7,D,0
28.2079,80.3681,317.4,1.3,1.2,2018-03-19,0741,Aqua,MODIS,63,6.03,302.4,13.7,D,0
28.1634,80.5219,321.8,1.3,1.1,2018-03-19,0741,Aqua,MODIS,71,6.03,305,15.9,D,0
28.1656,80.5351,321.9,1.3,1.1,2018-03-19,0741,Aqua,MODIS,71,6.03,306,15.6,D,0
28.0957,80.3144,326.1,1.4,1.2,2018-03-19,0741,Aqua,MODIS,76,6.03,310.2,21.8,D,0
28.1116,81.8202,322.2,1.1,1.1,2018-03-19,0741,Aqua,MODIS,72,6.03,303.7,15.3,D,0
27.9362,81.9402,316.8,1.1,1.1,2018-03-19,0741,Aqua,MODIS,37,6.03,305,6,D,0
28.2653,84.3406,312.5,1,1,2018-03-19,0741,Aqua,MODIS,36,6.03,299.8,6.2,D,0
28.2186,85.1252,311.3,1,1,2018-03-19,0741,Aqua,MODIS,53,6.03,296.6,8.9,D,0
28.0687,84.2554,318.5,1,1,2018-03-19,0741,Aqua,MODIS,55,6.03,304,7.9,D,0
27.7681,82.3443,317.4,1.1,1,2018-03-19,0741,Aqua,MODIS,37,6.03,306,7.3,D,0
27.9873,84.3893,318.3,1,1,2018-03-19,0741,Aqua,MODIS,59,6.03,303.9,6.9,D,0
27.7206,82.6826,320.7,1.1,1,2018-03-19,0741,Aqua,MODIS,63,6.03,308.3,9.4,D,0
27.9042,84.3291,316.5,1,1,2018-03-19,0741,Aqua,MODIS,57,6.03,302.6,6.6,D,0
27.8938,84.3207,316.4,1,1,2018-03-19,0741,Aqua,MODIS,52,6.03,302.4,6.2,D,0
27.8953,84.3307,344.6,1,1,2018-03-19,0741,Aqua,MODIS,92,6.03,305.6,43.1,D,0
27.8804,84.354,316.9,1,1,2018-03-19,0741,Aqua,MODIS,62,6.03,302.7,6.9,D,0
27.8633,84.3013,313.8,1,1,2018-03-19,0741,Aqua,MODIS,46,6.03,302.6,4.6,D,0
27.6138,83.1814,319.8,1,1,2018-03-19,0741,Aqua,MODIS,62,6.03,307.2,7.3,D,0
27.7811,84.3743,315.5,1,1,2018-03-19,0741,Aqua,MODIS,43,6.03,304.3,6.6,D,0
27.8012,84.5144,320.7,1,1,2018-03-19,0741,Aqua,MODIS,70,6.03,302.5,11.4,D,0
27.7656,84.7776,324.8,1,1,2018-03-19,0741,Aqua,MODIS,77,6.03,303.7,14.7,D,0
27.6708,84.6261,315.5,1,1,2018-03-19,0741,Aqua,MODIS,53,6.03,302.4,5.7,D,0
27.5326,84.3093,394.2,1,1,2018-03-19,0741,Aqua,MODIS,100,6.03,311.2,212.3,D,0
27.534,84.3193,338.6,1,1,2018-03-19,0741,Aqua,MODIS,88,6.03,302.9,32.7,D,0
27.5237,84.3109,355.2,1,1,2018-03-19,0741,Aqua,MODIS,97,6.03,306.1,66.4,D,0
27.5252,84.3209,315.6,1,1,2018-03-19,0741,Aqua,MODIS,32,6.03,303.2,5.9,D,0
27.5347,84.514,319.7,1,1,2018-03-19,0741,Aqua,MODIS,45,6.03,305.4,8.9,D,0
27.5103,84.4728,316.6,1,1,2018-03-19,0741,Aqua,MODIS,35,6.03,302.4,7.1,D,0
27.5888,85.2906,318.1,1,1,2018-03-19,0741,Aqua,MODIS,59,6.03,305.2,7.5,D,0
27.4362,84.4659,315.8,1,1,2018-03-19,0741,Aqua,MODIS,58,6.03,301,7.5,D,0
27.4377,84.4759,312.7,1,1,2018-03-19,0741,Aqua,MODIS,22,6.03,300.6,5.1,D,0
27.4184,84.6703,317.4,1,1,2018-03-19,0741,Aqua,MODIS,55,6.03,302.9,8.6,D,0
27.4198,84.6803,318.4,1,1,2018-03-19,0741,Aqua,MODIS,40,6.03,303.1,9.1,D,0
27.4095,84.6719,328.1,1,1,2018-03-19,0741,Aqua,MODIS,80,6.03,304.8,18.6,D,0
27.4109,84.6819,328.7,1,1,2018-03-19,0741,Aqua,MODIS,76,6.03,304.9,18.7,D,0
27.3642,84.6756,313.5,1,1,2018-03-19,0741,Aqua,MODIS,18,6.03,301.1,4.6,D,0
27.4138,84.7019,320,1,1,2018-03-19,0741,Aqua,MODIS,47,6.03,302.8,10.1,D,0
27.4077,84.7234,316,1,1,2018-03-19,0741,Aqua,MODIS,36,6.03,301.8,6.7,D,0
27.4123,84.6919,333,1,1,2018-03-19,0741,Aqua,MODIS,84,6.03,303.7,24.7,D,0
27.2886,84.8822,303.9,2.5,1.5,2018-03-19,1705,Terra,MODIS,58,6.03,288.3,25.2,N,0
27.9129,82.4627,302.3,1.7,1.3,2018-03-19,1705,Terra,MODIS,48,6.03,292,11.6,N,0
27.2492,87.7357,309,1.3,1.1,2018-03-19,1947,Aqua,MODIS,76,6.03,286.8,16.1,N,0
29.1626,82.3002,310.6,1.1,1,2018-03-20,0511,Terra,MODIS,44,6.03,294.9,10,D,0
29.11,82.0003,309.4,1.1,1.1,2018-03-20,0511,Terra,MODIS,41,6.03,290.2,8,D,0
26.7761,87.2899,315.4,1.3,1.1,2018-03-20,0512,Terra,MODIS,48,6.03,298.2,10.2,D,0
26.7782,87.2772,313.9,1.3,1.1,2018-03-20,0512,Terra,MODIS,25,6.03,298.1,8.4,D,0
27.1787,85.0607,328.9,1,1,2018-03-20,0512,Terra,MODIS,81,6.03,302.9,21,D,0
27.2256,84.8798,313.8,1,1,2018-03-20,0512,Terra,MODIS,32,6.03,302.3,5.1,D,0
27.2567,84.7391,320.2,1,1,2018-03-20,0512,Terra,MODIS,69,6.03,302,12.5,D,0
27.2515,84.8322,317.5,1,1,2018-03-20,0512,Terra,MODIS,30,6.03,303.1,7,D,0
27.2547,84.8119,320.8,1,1,2018-03-20,0512,Terra,MODIS,68,6.03,302.7,10.6,D,0
27.2797,84.8899,316,1,1,2018-03-20,0512,Terra,MODIS,40,6.03,303,7.3,D,0
27.2812,84.8797,317.8,1,1,2018-03-20,0512,Terra,MODIS,61,6.03,303.6,9.1,D,0
27.2985,84.7679,317.4,1,1,2018-03-20,0512,Terra,MODIS,48,6.03,303.5,8.5,D,0
27.7443,81.6543,315.8,1.1,1.1,2018-03-20,0512,Terra,MODIS,45,6.03,304.7,6.7,D,0
27.3168,84.7087,313.6,1,1,2018-03-20,0512,Terra,MODIS,47,6.03,301.5,5.7,D,0
27.1488,85.8209,315.8,1.1,1,2018-03-20,0512,Terra,MODIS,55,6.03,301.6,8.3,D,0
27.3324,84.9061,312.1,1,1,2018-03-20,0512,Terra,MODIS,41,6.03,300.8,4.4,D,0
27.3777,84.6122,318.5,1,1,2018-03-20,0512,Terra,MODIS,47,6.03,304,8,D,0
27.2246,85.825,314.2,1.1,1,2018-03-20,0512,Terra,MODIS,56,6.03,300.9,7.1,D,0
27.3946,84.8029,312.7,1,1,2018-03-20,0512,Terra,MODIS,40,6.03,300.6,5.5,D,0
27.3962,84.7927,312.2,1,1,2018-03-20,0512,Terra,MODIS,47,6.03,300.6,5.3,D,0
27.2393,85.8338,314,1.1,1,2018-03-20,0512,Terra,MODIS,33,6.03,300.2,6.2,D,0
27.7465,82.7839,315.2,1,1,2018-03-20,0512,Terra,MODIS,49,6.03,303,6.1,D,0
28.1751,80.3503,318.1,1.3,1.1,2018-03-20,0512,Terra,MODIS,62,6.03,304.4,11.5,D,0
27.9524,82.1571,315.5,1.1,1,2018-03-20,0512,Terra,MODIS,52,6.03,304.7,7.4,D,0
27.9723,83.0106,314.8,1,1,2018-03-20,0512,Terra,MODIS,54,6.03,303,5.3,D,0
28.3198,80.4111,314.1,1.3,1.1,2018-03-20,0512,Terra,MODIS,41,6.03,303.3,7.5,D,0
28.3214,80.3979,317,1.3,1.1,2018-03-20,0512,Terra,MODIS,61,6.03,303.6,12,D,0
28.3229,80.3848,318.3,1.3,1.1,2018-03-20,0512,Terra,MODIS,65,6.03,303.1,13.9,D,0
27.2441,87.7357,312.5,1.3,1.1,2018-03-20,0512,Terra,MODIS,68,6.03,299,9.1,D,0
27.2464,87.7226,312.9,1.3,1.1,2018-03-20,0512,Terra,MODIS,70,6.03,299.2,9.5,D,0
27.8136,84.8404,312.5,1,1,2018-03-20,0512,Terra,MODIS,58,6.03,299.2,5.3,D,0
27.8441,84.7624,315,1,1,2018-03-20,0512,Terra,MODIS,64,6.03,297.7,7.1,D,0
27.4347,87.3506,306.9,1.3,1.1,2018-03-20,0512,Terra,MODIS,59,6.03,294.9,7.7,D,0
27.946,84.5177,311.4,1,1,2018-03-20,0512,Terra,MODIS,55,6.03,299.7,4.7,D,0
27.6656,86.583,309.4,1.2,1.1,2018-03-20,0512,Terra,MODIS,35,6.03,296.1,8.3,D,0
27.669,86.5901,311.3,1.2,1.1,2018-03-20,0512,Terra,MODIS,61,6.03,294.9,9.2,D,0
28.0281,84.3427,312.3,1,1,2018-03-20,0512,Terra,MODIS,41,6.03,299.1,5.6,D,0
27.5839,87.2624,308.6,1.3,1.1,2018-03-20,0512,Terra,MODIS,61,6.03,297.1,8.4,D,0
28.109,85.2573,332.4,1,1,2018-03-20,0512,Terra,MODIS,88,6.03,301.2,29.5,D,0
28.1858,85.0612,314.1,1,1,2018-03-20,0512,Terra,MODIS,41,6.03,301.5,10.1,D,0
28.037,84.3443,311.9,1,1,2018-03-20,0512,Terra,MODIS,30,6.03,300.1,5.5,D,0
27.2536,83.9694,316.6,1,1,2018-03-20,0512,Terra,MODIS,36,6.03,305.1,5.8,D,0
26.6326,84.4748,320.1,1,1,2018-03-20,0512,Terra,MODIS,33,6.03,307.5,6.3,D,0
26.7455,86.6305,314.5,1.2,1.1,2018-03-20,0512,Terra,MODIS,56,6.03,301,7.5,D,0
27.1929,84.1875,319.7,1,1,2018-03-20,0512,Terra,MODIS,66,6.03,306,5.8,D,0
26.8183,86.6882,315.7,1.2,1.1,2018-03-20,0512,Terra,MODIS,42,6.03,300.4,8.8,D,0
26.4035,81.702,322.2,2.5,1.5,2018-03-20,0823,Aqua,MODIS,67,6.03,308,33.6,D,0
28.9213,80.6562,314.8,2.2,1.4,2018-03-20,0824,Aqua,MODIS,58,6.03,303.1,21.9,D,0
28.8745,80.1474,324.1,2.1,1.4,2018-03-20,0824,Aqua,MODIS,52,6.03,307.4,28.4,D,0
28.9241,80.6626,316.7,2.2,1.4,2018-03-20,0824,Aqua,MODIS,63,6.03,303.7,25.8,D,0
28.3716,80.8828,318.3,2.3,1.5,2018-03-20,0824,Aqua,MODIS,46,6.03,307.3,18.4,D,0
28.3751,80.8872,318.7,2.3,1.5,2018-03-20,0824,Aqua,MODIS,51,6.03,307.3,19.4,D,0
28.2609,80.4942,323.2,2.1,1.4,2018-03-20,0824,Aqua,MODIS,73,6.03,305.9,33.2,D,0
28.2579,80.4803,317.1,2.1,1.4,2018-03-20,0824,Aqua,MODIS,61,6.03,306,16.7,D,0
28.26,80.5018,320.5,2.1,1.4,2018-03-20,0824,Aqua,MODIS,69,6.03,305.6,25.4,D,0
28.8752,80.1421,325.5,2.1,1.4,2018-03-20,0824,Aqua,MODIS,75,6.03,307.7,35.2,D,0
27.6062,85.7006,339.6,1.6,1.2,2018-03-20,1610,Terra,MODIS,100,6.03,289.7,85.9,N,0
27.2668,84.8788,301.6,1.8,1.3,2018-03-20,1610,Terra,MODIS,42,6.03,291.5,10.8,N,0
27.6035,85.6859,304.8,1.6,1.2,2018-03-20,1610,Terra,MODIS,61,6.03,287.6,14,N,0
27.7082,82.4512,307.2,1.1,1,2018-03-20,2030,Aqua,MODIS,69,6.03,295.2,6.9,N,0
27.5452,84.4669,312.6,4.3,1.9,2018-03-21,0554,Terra,MODIS,53,6.03,297.5,55.3,D,0
27.5316,84.4676,311,4.3,1.9,2018-03-21,0554,Terra,MODIS,45,6.03,297.4,44.5,D,0
28.8865,80.1376,316.6,2,1.4,2018-03-21,0554,Terra,MODIS,45,6.03,302.5,14.9,D,0
28.919,80.1669,318.7,2,1.4,2018-03-21,0554,Terra,MODIS,74,6.03,300.9,26.1,D,0
26.6822,86.7089,316.6,1,1,2018-03-21,0728,Aqua,MODIS,34,6.03,303.1,5.5,D,0
27.1301,84.3923,320.6,1.2,1.1,2018-03-21,0728,Aqua,MODIS,65,6.03,307,8,D,0
27.2107,84.8843,318.4,1.2,1.1,2018-03-21,0728,Aqua,MODIS,42,6.03,305.5,6.6,D,0
27.2126,84.896,325.2,1.2,1.1,2018-03-21,0728,Aqua,MODIS,74,6.03,304.9,16.2,D,0
27.1831,85.2568,318.6,1.1,1.1,2018-03-21,0728,Aqua,MODIS,57,6.03,305.9,8.3,D,0
27.1581,85.2569,330.1,1.1,1.1,2018-03-21,0728,Aqua,MODIS,80,6.03,306,23.2,D,0
27.1231,85.1001,319.3,1.2,1.1,2018-03-21,0728,Aqua,MODIS,58,6.03,306.2,8.2,D,0
27.2376,85.8188,316.5,1.1,1,2018-03-21,0728,Aqua,MODIS,38,6.03,301.9,6,D,0
27.2393,85.8296,317.7,1.1,1,2018-03-21,0728,Aqua,MODIS,50,6.03,302.5,7.6,D,0
27.7005,81.9491,319.6,1.7,1.3,2018-03-21,0728,Aqua,MODIS,67,6.03,305.9,18.3,D,0
27.9607,84.2461,316.2,1.2,1.1,2018-03-21,0728,Aqua,MODIS,65,6.03,301.3,9.9,D,0
27.6607,82.8783,324.3,1.5,1.2,2018-03-21,0728,Aqua,MODIS,75,6.03,304.1,22.9,D,0
27.9095,84.9921,321.8,1.1,1.1,2018-03-21,0728,Aqua,MODIS,68,6.03,300.7,14.4,D,0
27.7713,84.3554,316.7,1.2,1.1,2018-03-21,0728,Aqua,MODIS,42,6.03,301.5,9.5,D,0
27.7621,85.0439,319.7,1.1,1.1,2018-03-21,0728,Aqua,MODIS,63,6.03,306.6,9.5,D,0
27.6726,84.6178,317,1.2,1.1,2018-03-21,0728,Aqua,MODIS,49,6.03,303.8,8.9,D,0
27.5418,84.4525,333.3,1.2,1.1,2018-03-21,0728,Aqua,MODIS,84,6.03,302.3,32,D,0
27.5321,84.4547,372.7,1.2,1.1,2018-03-21,0728,Aqua,MODIS,100,6.03,306,156.9,D,0
27.5342,84.4668,320.9,1.2,1.1,2018-03-21,0728,Aqua,MODIS,66,6.03,302.7,13.1,D,0
27.5362,84.4789,320.1,1.2,1.1,2018-03-21,0728,Aqua,MODIS,69,6.03,303.7,12.6,D,0
27.5387,84.5531,320.3,1.2,1.1,2018-03-21,0728,Aqua,MODIS,62,6.03,304.8,12.3,D,0
27.5407,84.5651,325.3,1.2,1.1,2018-03-21,0728,Aqua,MODIS,77,6.03,304.4,19.3,D,0
27.6074,85.6994,318.3,1.1,1,2018-03-21,0728,Aqua,MODIS,69,6.03,304.7,8.8,D,0
27.6091,85.7099,316.3,1.1,1,2018-03-21,0728,Aqua,MODIS,58,6.03,302.6,6.4,D,0
27.41,84.5316,313.6,1.2,1.1,2018-03-21,0728,Aqua,MODIS,48,6.03,302.8,6.9,D,0
27.3963,84.5093,314.9,1.2,1.1,2018-03-21,0728,Aqua,MODIS,48,6.03,302.5,7.1,D,0
27.3877,84.7579,319,1.2,1.1,2018-03-21,0728,Aqua,MODIS,37,6.03,303,10,D,0
27.3681,84.7005,315.1,1.2,1.1,2018-03-21,0728,Aqua,MODIS,58,6.03,303.4,7.5,D,0
27.2523,84.199,321.8,1.3,1.1,2018-03-21,0728,Aqua,MODIS,70,6.03,307,9.4,D,0
27.3893,85.0277,323.6,1.2,1.1,2018-03-21,0728,Aqua,MODIS,74,6.03,307.2,11.7,D,0
27.3534,84.8677,316.7,1.2,1.1,2018-03-21,0728,Aqua,MODIS,60,6.03,304.3,8.4,D,0
27.3165,84.7043,330.9,1.2,1.1,2018-03-21,0728,Aqua,MODIS,82,6.03,306.2,27.9,D,0
27.342,84.9784,315.3,1.2,1.1,2018-03-21,0728,Aqua,MODIS,34,6.03,303.3,6.8,D,0
27.2918,84.795,324.2,1.2,1.1,2018-03-21,0728,Aqua,MODIS,67,6.03,304.9,14.9,D,0
27.2855,84.7786,369.5,1.2,1.1,2018-03-21,0728,Aqua,MODIS,100,6.03,307.4,132.1,D,0
27.2874,84.7904,357.6,1.2,1.1,2018-03-21,0728,Aqua,MODIS,98,6.03,306.5,86.7,D,0
27.2758,84.7806,335.5,1.2,1.1,2018-03-21,0728,Aqua,MODIS,79,6.03,307.3,31.8,D,0
27.2643,84.7708,327.1,1.2,1.1,2018-03-21,0728,Aqua,MODIS,56,6.03,306.6,19.5,D,0
27.2258,84.7787,323.9,1.2,1.1,2018-03-21,0728,Aqua,MODIS,66,6.03,307.8,14.3,D,0
27.2278,84.7905,322,1.2,1.1,2018-03-21,0728,Aqua,MODIS,62,6.03,305.2,11.5,D,0
27.2472,85.0272,321.8,1.2,1.1,2018-03-21,0728,Aqua,MODIS,58,6.03,308.9,10.2,D,0
27.1318,84.3993,321.8,1.2,1.1,2018-03-21,0728,Aqua,MODIS,69,6.03,307.2,9.9,D,0
26.9713,87.1604,324.8,1,1,2018-03-21,0728,Aqua,MODIS,76,6.03,301.3,13.7,D,0
26.9445,87.1654,316.9,1,1,2018-03-21,0728,Aqua,MODIS,62,6.03,301.2,6.3,D,0
26.8085,86.4471,321.2,1,1,2018-03-21,0728,Aqua,MODIS,64,6.03,307.2,6.9,D,0
26.8371,86.8822,319.1,1,1,2018-03-21,0728,Aqua,MODIS,51,6.03,302.8,7.8,D,0
26.7496,86.6646,321.7,1,1,2018-03-21,0728,Aqua,MODIS,66,6.03,305.1,8.6,D,0
26.7228,86.7325,318.7,1,1,2018-03-21,0728,Aqua,MODIS,62,6.03,303.6,8.2,D,0
26.8197,87.4468,313.3,1,1,2018-03-21,0728,Aqua,MODIS,29,6.03,296.9,6.6,D,0
27.1155,85.1134,325.7,1.2,1.1,2018-03-21,0728,Aqua,MODIS,75,6.03,305.5,15.1,D,0
27.139,85.3187,321.4,1.1,1.1,2018-03-21,0728,Aqua,MODIS,68,6.03,306.3,11,D,0
27.1408,85.3299,320.1,1.1,1.1,2018-03-21,0728,Aqua,MODIS,65,6.03,306.6,8.9,D,0
27.5077,87.7479,332.5,1,1,2018-03-21,0728,Aqua,MODIS,86,6.03,290.9,29.2,D,0
27.1883,85.8066,317.6,1.1,1,2018-03-21,0728,Aqua,MODIS,60,6.03,305,8,D,0
27.1351,85.8116,318.5,1.1,1,2018-03-21,0728,Aqua,MODIS,55,6.03,305.5,7.6,D,0
27.0237,85.6951,326.5,1.1,1,2018-03-21,0728,Aqua,MODIS,76,6.03,305.3,14.5,D,0
27.0254,85.7059,319.8,1.1,1,2018-03-21,0728,Aqua,MODIS,56,6.03,305.2,6.6,D,0
26.9843,86.0288,325.2,1.1,1,2018-03-21,0728,Aqua,MODIS,74,6.03,306.3,12.9,D,0
26.9752,86.0306,322.3,1.1,1,2018-03-21,0728,Aqua,MODIS,70,6.03,305.9,9.4,D,0
26.8644,86.205,321.5,1.1,1,2018-03-21,0728,Aqua,MODIS,66,6.03,308.5,6.8,D,0
26.552,84.5003,325.7,1.3,1.1,2018-03-21,0728,Aqua,MODIS,69,6.03,306.4,16.9,D,0
29.1052,82.0746,348.5,1.6,1.2,2018-03-21,0729,Aqua,MODIS,95,6.03,295,111.4,D,0
29.1077,82.0881,327.4,1.6,1.2,2018-03-21,0729,Aqua,MODIS,73,6.03,286.9,45.8,D,0
28.3923,80.3471,320.1,2.1,1.4,2018-03-21,0729,Aqua,MODIS,71,6.03,299.9,30.3,D,0
28.3964,80.368,328,2.1,1.4,2018-03-21,0729,Aqua,MODIS,81,6.03,300.6,56.9,D,0
28.4276,80.8483,315.1,2,1.4,2018-03-21,0729,Aqua,MODIS,63,6.03,301,16.4,D,0
28.2049,80.3405,316.6,2.1,1.4,2018-03-21,0729,Aqua,MODIS,60,6.03,300,20.3,D,0
28.1924,80.3438,318.9,2.1,1.4,2018-03-21,0729,Aqua,MODIS,67,6.03,300.5,27.5,D,0
28.9309,81.1394,316.8,1.8,1.3,2018-03-21,0729,Aqua,MODIS,70,6.03,301.6,21.1,D,0
29.2469,81.0382,318.8,1.8,1.3,2018-03-21,0729,Aqua,MODIS,63,6.03,302.1,22.3,D,0
28.8243,80.1161,316.9,2.2,1.4,2018-03-21,0729,Aqua,MODIS,62,6.03,303.1,15.5,D,0
28.0101,82.2103,305.2,1.1,1.1,2018-03-21,1653,Terra,MODIS,52,6.03,293.7,6,N,0
27.7573,82.3854,305.2,1.1,1.1,2018-03-21,1653,Terra,MODIS,63,6.03,294.5,5.6,N,0
27.2693,84.7819,302.1,1.5,1.2,2018-03-21,1653,Terra,MODIS,47,6.03,291.4,7.7,N,0
27.1216,87.6893,312.5,1,1,2018-03-22,0500,Terra,MODIS,57,6.03,298.7,5.2,D,0
27.1402,85.8031,315.6,1,1,2018-03-22,0500,Terra,MODIS,59,6.03,302.1,6,D,0
27.3305,84.8716,313.9,1.1,1,2018-03-22,0500,Terra,MODIS,53,6.03,299.6,6.4,D,0
27.3566,85.0319,313.8,1.1,1,2018-03-22,0500,Terra,MODIS,39,6.03,299.5,4.8,D,0
27.413,85.014,316.4,1.1,1,2018-03-22,0500,Terra,MODIS,58,6.03,299.5,5.8,D,0
27.5249,84.4532,319.7,1.1,1.1,2018-03-22,0500,Terra,MODIS,49,6.03,300.5,12.2,D,0
27.5359,84.4431,322.1,1.1,1.1,2018-03-22,0500,Terra,MODIS,71,6.03,302,14.7,D,0
27.1201,87.6992,316.5,1,1,2018-03-22,0500,Terra,MODIS,70,6.03,297.5,8.7,D,0
26.6157,81.6683,320.1,1.6,1.2,2018-03-22,0500,Terra,MODIS,68,6.03,303,16.6,D,0
26.6176,81.6585,320,1.6,1.2,2018-03-22,0500,Terra,MODIS,69,6.03,303.2,17.6,D,0
27.5432,80.0812,317.2,2.1,1.4,2018-03-22,0500,Terra,MODIS,63,6.03,301.3,22.4,D,0
27.186,84.3855,321.2,1.1,1.1,2018-03-22,0500,Terra,MODIS,68,6.03,305,8.7,D,0
26.9728,86.0111,317.7,1,1,2018-03-22,0500,Terra,MODIS,55,6.03,301.5,5.8,D,0
27.2113,85.0777,319.4,1.1,1,2018-03-22,0500,Terra,MODIS,67,6.03,300.8,10.1,D,0
27.2127,85.067,315.2,1.1,1,2018-03-22,0500,Terra,MODIS,36,6.03,301,5.9,D,0
27.2521,84.8412,321.1,1.1,1,2018-03-22,0500,Terra,MODIS,70,6.03,302,12.4,D,0
27.2579,84.7974,318.8,1.1,1,2018-03-22,0500,Terra,MODIS,64,6.03,301.1,9.3,D,0
27.2369,85.0271,315,1.1,1,2018-03-22,0500,Terra,MODIS,38,6.03,301.4,4.8,D,0
27.2687,84.788,315.6,1.1,1,2018-03-22,0500,Terra,MODIS,24,6.03,301.7,6,D,0
27.2701,84.777,317.2,1.1,1,2018-03-22,0500,Terra,MODIS,45,6.03,302.9,8.3,D,0
27.5463,84.4618,318.4,2.4,1.5,2018-03-22,0811,Aqua,MODIS,59,6.03,301.6,23.4,D,0
27.5484,84.4861,336,2.4,1.5,2018-03-22,0811,Aqua,MODIS,85,6.03,301.8,99.1,D,0
27.5503,84.469,327.5,2.4,1.5,2018-03-22,0811,Aqua,MODIS,77,6.03,301.6,54.5,D,0
27.5526,84.4933,325.9,2.4,1.5,2018-03-22,0811,Aqua,MODIS,75,6.03,301.1,48.2,D,0
27.5391,84.4946,320.5,2.4,1.5,2018-03-22,0811,Aqua,MODIS,52,6.03,302.3,29.1,D,0
27.2662,84.7671,319.6,2.5,1.5,2018-03-22,0811,Aqua,MODIS,62,6.03,305.4,29.1,D,0
27.8461,81.9017,328,1.6,1.2,2018-03-22,0811,Aqua,MODIS,78,6.03,307.1,26.8,D,0
26.8068,82.2468,302.2,1,1,2018-03-22,2018,Aqua,MODIS,47,6.03,289.4,6.3,N,0
27.2782,86.4253,311,1.2,1.1,2018-03-22,2018,Aqua,MODIS,81,6.03,290.3,14.5,N,0
27.9561,82.448,301.8,1,1,2018-03-22,2018,Aqua,MODIS,44,6.03,291.5,5.7,N,0
29.0646,81.0925,311.5,1.5,1.2,2018-03-23,0542,Terra,MODIS,55,6.03,299.2,10.6,D,0
28.4079,80.4986,322.7,1.4,1.2,2018-03-23,0542,Terra,MODIS,70,6.03,304.8,19.6,D,0
28.5284,80.4041,314,1.4,1.2,2018-03-23,0542,Terra,MODIS,58,6.03,300.9,8.1,D,0
27.8334,84.5794,313.9,2.6,1.6,2018-03-23,0542,Terra,MODIS,67,6.03,297.8,32,D,0
27.8377,84.559,312.5,2.6,1.6,2018-03-23,0542,Terra,MODIS,61,6.03,298.4,26.8,D,0
27.312,84.7529,321.9,2.8,1.6,2018-03-23,0542,Terra,MODIS,71,6.03,301.2,53.6,D,0
27.3151,84.759,321.8,2.8,1.6,2018-03-23,0542,Terra,MODIS,73,6.03,301.4,54.9,D,0
27.4199,84.7047,310.7,2.8,1.6,2018-03-23,0542,Terra,MODIS,36,6.03,299.3,22.3,D,0
28.4054,80.5123,320.5,1.4,1.2,2018-03-23,0542,Terra,MODIS,67,6.03,304.1,15.8,D,0
26.9965,83.4851,314.3,2.3,1.5,2018-03-23,0543,Terra,MODIS,46,6.03,303,16,D,0
26.9935,83.4897,317.4,2.3,1.5,2018-03-23,0543,Terra,MODIS,61,6.03,303.1,24.8,D,0
27.5672,80.8913,318.2,1.5,1.2,2018-03-23,0543,Terra,MODIS,62,6.03,303.6,12.3,D,0
26.992,83.5077,315.1,2.3,1.5,2018-03-23,0543,Terra,MODIS,51,6.03,302.4,18.5,D,0
27.574,83.9432,327.1,2,1.4,2018-03-23,0716,Aqua,MODIS,79,6.03,308.4,43.7,D,0
27.5146,84.5367,316.4,1.9,1.3,2018-03-23,0716,Aqua,MODIS,49,6.03,303.3,16.6,D,0
27.7977,86.2666,324.9,1.4,1.2,2018-03-23,0716,Aqua,MODIS,76,6.03,295.2,31.3,D,0
27.7568,86.2202,324.6,1.4,1.2,2018-03-23,0716,Aqua,MODIS,80,6.03,300.9,28,D,0
27.7607,86.2098,317.6,1.4,1.2,2018-03-23,0716,Aqua,MODIS,72,6.03,300.3,17.1,D,0
27.7633,86.2252,316,1.4,1.2,2018-03-23,0716,Aqua,MODIS,59,6.03,299.8,14.7,D,0
27.3933,84.7057,324.7,1.8,1.3,2018-03-23,0716,Aqua,MODIS,78,6.03,302.3,36.3,D,0
27.3985,84.7113,324.1,1.8,1.3,2018-03-23,0716,Aqua,MODIS,76,6.03,302.5,32.7,D,0
27.3468,84.7603,322.4,1.8,1.3,2018-03-23,0716,Aqua,MODIS,71,6.03,304.6,26.4,D,0
27.2919,84.6013,326.2,1.9,1.3,2018-03-23,0716,Aqua,MODIS,78,6.03,311,31.5,D,0
27.3084,84.7504,320,1.8,1.3,2018-03-23,0716,Aqua,MODIS,49,6.03,306.2,18.5,D,0
27.3141,84.7539,321.3,1.8,1.3,2018-03-23,0716,Aqua,MODIS,55,6.03,306.7,21.3,D,0
27.2461,84.8446,325.2,1.8,1.3,2018-03-23,0716,Aqua,MODIS,77,6.03,306,29.7,D,0
27.2564,84.8983,317.3,1.8,1.3,2018-03-23,0716,Aqua,MODIS,64,6.03,303.5,14.4,D,0
27.1641,85.0769,334.8,1.7,1.3,2018-03-23,0716,Aqua,MODIS,85,6.03,306.4,59.1,D,0
27.1502,85.2575,318.5,1.7,1.3,2018-03-23,0716,Aqua,MODIS,66,6.03,305.3,16,D,0
27.1533,85.2742,321.1,1.7,1.3,2018-03-23,0716,Aqua,MODIS,71,6.03,303.5,21.1,D,0
27.1257,85.3153,320.6,1.7,1.3,2018-03-23,0716,Aqua,MODIS,61,6.03,305.4,17.5,D,0
27.1274,85.3217,323.9,1.7,1.3,2018-03-23,0716,Aqua,MODIS,75,6.03,305.7,24.9,D,0
26.8395,84.3174,332.6,2,1.4,2018-03-23,0716,Aqua,MODIS,72,6.03,308.4,53.1,D,0
27.132,85.7964,319.9,1.6,1.2,2018-03-23,0716,Aqua,MODIS,52,6.03,304,16.8,D,0
26.8493,84.3201,334.5,2,1.4,2018-03-23,0716,Aqua,MODIS,64,6.03,309.6,63.1,D,0
28.0735,84.7991,315.8,1.7,1.3,2018-03-23,0716,Aqua,MODIS,59,6.03,300.3,13.1,D,0
27.0338,87.1413,321.4,1.3,1.1,2018-03-23,0716,Aqua,MODIS,61,6.03,302.6,17.8,D,0
27.036,87.1541,318,1.3,1.1,2018-03-23,0716,Aqua,MODIS,56,6.03,302.3,11,D,0
26.9201,87.9976,312.1,1.2,1.1,2018-03-23,0716,Aqua,MODIS,29,6.03,295.7,6.1,D,0
26.922,88.0092,314.4,1.2,1.1,2018-03-23,0716,Aqua,MODIS,0,6.03,294.8,8.6,D,0
27.8264,84.8379,318.3,1.8,1.3,2018-03-23,0716,Aqua,MODIS,69,6.03,304.6,15.2,D,0
27.5862,83.9403,325.5,2,1.4,2018-03-23,0716,Aqua,MODIS,70,6.03,304.9,37.4,D,0
26.7686,86.9871,305.7,1.3,1.1,2018-03-23,1640,Terra,MODIS,59,6.03,294.8,8.2,N,0
27.1333,86.5467,304.2,1.3,1.1,2018-03-23,1641,Terra,MODIS,59,6.03,291.7,7.4,N,0
27.2715,86.4287,303,1.2,1.1,2018-03-23,1641,Terra,MODIS,30,6.03,290.9,7.3,N,0
29.0308,81.148,304.6,1.1,1,2018-03-23,1641,Terra,MODIS,61,6.03,291.8,6.3,N,0
27.9519,82.4437,308.2,1,1,2018-03-23,1641,Terra,MODIS,74,6.03,292.6,8.1,N,0
27.9759,84.3989,300.9,1,1,2018-03-23,1641,Terra,MODIS,34,6.03,290.1,4.8,N,0
27.9069,84.9905,301.8,1.1,1,2018-03-23,1641,Terra,MODIS,37,6.03,288,5.9,N,0
27.899,85.003,301.2,1.1,1,2018-03-23,1641,Terra,MODIS,39,6.03,288.5,5.4,N,0
27.783,85.1862,301.7,1.1,1,2018-03-23,1641,Terra,MODIS,43,6.03,288.2,7.4,N,0
27.5395,84.4296,304.9,1,1,2018-03-23,1641,Terra,MODIS,52,6.03,290.1,6.7,N,0
27.5741,84.9103,301.5,1.1,1,2018-03-23,1641,Terra,MODIS,41,6.03,291.1,5.2,N,0
27.5754,84.9203,306,1.1,1,2018-03-23,1641,Terra,MODIS,66,6.03,290.2,8.1,N,0
27.4881,85.03,303.3,1.1,1,2018-03-23,1641,Terra,MODIS,54,6.03,291.1,6.6,N,0
27.4826,85.037,303.8,1.1,1,2018-03-23,1641,Terra,MODIS,57,6.03,291.6,6,N,0
27.4186,84.6223,305.6,1.1,1,2018-03-23,1641,Terra,MODIS,65,6.03,294.4,5.9,N,0
27.3358,84.762,306,1.1,1,2018-03-23,1641,Terra,MODIS,66,6.03,291.4,7.5,N,0
27.3916,85.3394,304.8,1.1,1.1,2018-03-23,1641,Terra,MODIS,62,6.03,293,7.1,N,0
27.3194,84.8515,302.6,1.1,1,2018-03-23,1641,Terra,MODIS,47,6.03,291.6,4.9,N,0
27.3207,84.8621,304.4,1.1,1,2018-03-23,1641,Terra,MODIS,60,6.03,292,5.9,N,0
27.2468,84.783,303.2,1.1,1,2018-03-23,1641,Terra,MODIS,54,6.03,291.9,5.9,N,0
27.2488,84.8695,309,1.1,1,2018-03-23,1641,Terra,MODIS,73,6.03,293.6,8.4,N,0
27.2502,84.8801,308.3,1.1,1,2018-03-23,1641,Terra,MODIS,74,6.03,293.8,8.1,N,0
27.2702,85.3313,302.9,1.1,1,2018-03-23,1641,Terra,MODIS,46,6.03,292.8,4.7,N,0
27.2598,85.4015,302.8,1.1,1.1,2018-03-23,1641,Terra,MODIS,41,6.03,292.7,4.4,N,0
27.2763,86.3856,324.6,1.2,1.1,2018-03-23,1641,Terra,MODIS,100,6.03,287.9,33,N,0
27.278,86.3994,303.5,1.2,1.1,2018-03-23,1641,Terra,MODIS,41,6.03,288.8,8.7,N,0
27.2828,86.4388,302.4,1.2,1.1,2018-03-23,1641,Terra,MODIS,41,6.03,290.3,7.5,N,0
27.1646,85.7987,307.2,1.2,1.1,2018-03-23,1641,Terra,MODIS,65,6.03,293.3,7.8,N,0
27.1689,85.833,303.8,1.2,1.1,2018-03-23,1641,Terra,MODIS,24,6.03,292.5,5.5,N,0
27.1551,85.8004,304.1,1.2,1.1,2018-03-23,1641,Terra,MODIS,14,6.03,293,5.4,N,0
27.1187,85.931,304.3,1.2,1.1,2018-03-23,1641,Terra,MODIS,59,6.03,293.3,6.7,N,0
27.0981,85.9228,301.9,1.2,1.1,2018-03-23,1641,Terra,MODIS,35,6.03,291.2,4.5,N,0
26.7152,86.8229,318.8,1.2,1.1,2018-03-24,0447,Terra,MODIS,58,6.03,304.7,9.5,D,0
26.7302,86.8614,318.2,1.2,1.1,2018-03-24,0447,Terra,MODIS,54,6.03,305.3,8.1,D,0
27.134,85.3128,327.7,1.5,1.2,2018-03-24,0447,Terra,MODIS,77,6.03,303,30.5,D,0
26.9046,87.2677,320.6,1.2,1.1,2018-03-24,0447,Terra,MODIS,62,6.03,306.1,10.2,D,0
27.1369,85.3193,321.2,1.5,1.2,2018-03-24,0447,Terra,MODIS,68,6.03,303.4,19.2,D,0
27.1385,85.3044,318.9,1.5,1.2,2018-03-24,0447,Terra,MODIS,62,6.03,302.2,15.6,D,0
27.2204,85.0686,318,1.5,1.2,2018-03-24,0447,Terra,MODIS,26,6.03,302.5,12.7,D,0
27.2314,85.0702,324.8,1.5,1.2,2018-03-24,0447,Terra,MODIS,74,6.03,301.9,26,D,0
26.9959,87.1926,321.1,1.2,1.1,2018-03-24,0447,Terra,MODIS,39,6.03,306.7,9.4,D,0
27.2989,84.8789,327.8,1.6,1.2,2018-03-24,0447,Terra,MODIS,78,6.03,304.3,34.4,D,0
27.31,84.8805,348.6,1.6,1.2,2018-03-24,0447,Terra,MODIS,94,6.03,304.9,101.5,D,0
27.3118,84.8643,318.3,1.6,1.2,2018-03-24,0447,Terra,MODIS,61,6.03,303,15.6,D,0
27.3207,84.7828,323.1,1.6,1.3,2018-03-24,0447,Terra,MODIS,72,6.03,303.9,25.6,D,0
27.3225,84.7664,321.9,1.6,1.3,2018-03-24,0447,Terra,MODIS,70,6.03,303.5,23,D,0
27.3627,84.5023,313.8,1.7,1.3,2018-03-24,0447,Terra,MODIS,30,6.03,302.6,10.7,D,0
27.1021,87.6807,322.7,1.1,1.1,2018-03-24,0447,Terra,MODIS,75,6.03,304.8,13.4,D,0
27.2724,86.4352,320.7,1.3,1.1,2018-03-24,0447,Terra,MODIS,55,6.03,303.4,13.6,D,0
27.2725,86.4293,319.1,1.3,1.1,2018-03-24,0447,Terra,MODIS,46,6.03,303.8,10.5,D,0
27.5291,84.431,317.9,1.7,1.3,2018-03-24,0447,Terra,MODIS,58,6.03,299.9,20.4,D,0
27.7765,83.5097,322.4,2,1.4,2018-03-24,0447,Terra,MODIS,73,6.03,304.3,34.8,D,0
27.7667,83.5109,319.7,2,1.4,2018-03-24,0447,Terra,MODIS,70,6.03,302.6,26.6,D,0
27.8732,84.5103,316,1.7,1.3,2018-03-24,0447,Terra,MODIS,56,6.03,301.5,15.2,D,0
28.5806,83.3843,313.8,2.1,1.4,2018-03-24,0447,Terra,MODIS,29,6.03,297.9,22.4,D,0
27.5239,84.4116,323.3,1.5,1.2,2018-03-24,0759,Aqua,MODIS,49,6.03,303.8,19.7,D,0
26.6004,87.6558,319.1,2.4,1.5,2018-03-24,0759,Aqua,MODIS,65,6.03,302.1,22.6,D,0
29.0969,81.1098,323.3,1.1,1,2018-03-24,0759,Aqua,MODIS,59,6.03,307.6,10.4,D,0
28.9402,80.1554,315.8,1,1,2018-03-24,0759,Aqua,MODIS,37,6.03,303.8,3.7,D,0
29.0461,81.1505,320.6,1.1,1,2018-03-24,0759,Aqua,MODIS,61,6.03,306.4,8,D,0
29.031,81.1596,326.7,1.1,1,2018-03-24,0759,Aqua,MODIS,75,6.03,310.2,15,D,0
28.9823,81.0041,327.5,1,1,2018-03-24,0759,Aqua,MODIS,79,6.03,308.3,17.3,D,0
28.9837,81.0146,321.6,1,1,2018-03-24,0759,Aqua,MODIS,72,6.03,306.4,10.2,D,0
28.7389,80.4933,323.2,1,1,2018-03-24,0759,Aqua,MODIS,71,6.03,307.1,10.3,D,0
28.5404,80.6572,316,1,1,2018-03-24,0759,Aqua,MODIS,41,6.03,305.1,6.3,D,0
28.5065,81.2379,327.9,1.1,1,2018-03-24,0759,Aqua,MODIS,74,6.03,306.6,17.3,D,0
28.3411,80.4104,325.1,1,1,2018-03-24,0759,Aqua,MODIS,72,6.03,304.6,13.5,D,0
28.4,80.8423,319.5,1,1,2018-03-24,0759,Aqua,MODIS,60,6.03,304.5,9.1,D,0
28.3308,80.4018,317.8,1,1,2018-03-24,0759,Aqua,MODIS,42,6.03,305.6,5.5,D,0
28.3322,80.412,328.5,1,1,2018-03-24,0759,Aqua,MODIS,77,6.03,306.1,17.5,D,0
28.1946,80.6161,321.7,1,1,2018-03-24,0759,Aqua,MODIS,48,6.03,307.3,6.8,D,0
27.9446,82.4438,324.2,1.2,1.1,2018-03-24,0759,Aqua,MODIS,70,6.03,309.3,12.8,D,0
27.9053,82.4677,320.1,1.2,1.1,2018-03-24,0759,Aqua,MODIS,37,6.03,308.2,6.9,D,0
29.147,81.072,322,1.1,1,2018-03-24,0759,Aqua,MODIS,55,6.03,306.6,9.1,D,0
27.5255,84.4264,323.6,1.5,1.2,2018-03-24,0759,Aqua,MODIS,39,6.03,304.1,19.1,D,0
27.5754,85.0119,317.1,1.6,1.2,2018-03-24,0759,Aqua,MODIS,55,6.03,298.6,18.1,D,0
27.4537,84.4133,335,1.5,1.2,2018-03-24,0759,Aqua,MODIS,85,6.03,305.1,45.4,D,0
27.4553,84.4276,332.9,1.5,1.2,2018-03-24,0759,Aqua,MODIS,83,6.03,303,41.7,D,0
27.4431,84.4151,317.5,1.5,1.2,2018-03-24,0759,Aqua,MODIS,37,6.03,303.9,8.9,D,0
27.3965,84.5157,317.4,1.5,1.2,2018-03-24,0759,Aqua,MODIS,55,6.03,303,11.7,D,0
27.4106,84.9489,319.1,1.6,1.2,2018-03-24,0759,Aqua,MODIS,54,6.03,303.7,12.8,D,0
27.3995,84.9499,318.8,1.6,1.2,2018-03-24,0759,Aqua,MODIS,45,6.03,303,12.5,D,0
27.3319,84.7628,327.9,1.5,1.2,2018-03-24,0759,Aqua,MODIS,77,6.03,304.2,30.5,D,0
27.3336,84.7781,323.8,1.5,1.2,2018-03-24,0759,Aqua,MODIS,63,6.03,304.3,22.1,D,0
27.383,85.3409,317.6,1.7,1.3,2018-03-24,0759,Aqua,MODIS,46,6.03,304.3,13.9,D,0
27.1343,83.4873,320.1,1.3,1.1,2018-03-24,0759,Aqua,MODIS,56,6.03,307.5,10.3,D,0
27.2526,85.3985,317.5,1.7,1.3,2018-03-24,0759,Aqua,MODIS,51,6.03,303.3,10.8,D,0
27.2541,85.4054,318.6,1.7,1.3,2018-03-24,0759,Aqua,MODIS,42,6.03,303,12.3,D,0
27.1587,85.2673,321.7,1.6,1.3,2018-03-24,0759,Aqua,MODIS,67,6.03,304.2,20,D,0
27.1604,85.2838,324.5,1.6,1.3,2018-03-24,0759,Aqua,MODIS,72,6.03,303.6,25.7,D,0
27.1597,85.8087,317.7,1.8,1.3,2018-03-24,0759,Aqua,MODIS,52,6.03,302.3,13.7,D,0
27.1615,85.8262,315.4,1.8,1.3,2018-03-24,0759,Aqua,MODIS,21,6.03,301.8,9.3,D,0
27.1037,85.6997,322.6,1.8,1.3,2018-03-24,0759,Aqua,MODIS,41,6.03,307.5,14.3,D,0
27.138,86.634,323.3,2,1.4,2018-03-24,0759,Aqua,MODIS,56,6.03,307.5,23.3,D,0
27.1254,86.6343,324.5,2,1.4,2018-03-24,0759,Aqua,MODIS,69,6.03,306.1,29,D,0
27.1275,86.656,321.8,2.1,1.4,2018-03-24,0759,Aqua,MODIS,54,6.03,306.7,21,D,0
27.095,87.6816,319,2.4,1.5,2018-03-24,0759,Aqua,MODIS,64,6.03,304.2,28,D,0
26.7521,86.7918,324.8,2.1,1.4,2018-03-24,0759,Aqua,MODIS,73,6.03,306.4,29.1,D,0
26.7518,86.7969,326.1,2.1,1.4,2018-03-24,0759,Aqua,MODIS,75,6.03,306.6,32.4,D,0
26.6433,87.7422,320.7,2.4,1.5,2018-03-24,0759,Aqua,MODIS,42,6.03,304.1,25.6,D,0
26.6454,87.7663,325.5,2.4,1.5,2018-03-24,0759,Aqua,MODIS,76,6.03,304.2,44.6,D,0
26.6494,87.7467,324.7,2.4,1.5,2018-03-24,0759,Aqua,MODIS,75,6.03,303.6,43.9,D,0
26.6517,87.7708,320.9,2.4,1.5,2018-03-24,0759,Aqua,MODIS,69,6.03,303.5,30.5,D,0
27.6015,82.7156,321.3,1.2,1.1,2018-03-24,0759,Aqua,MODIS,46,6.03,308.4,7.1,D,0
27.7483,84.3975,324.1,1.5,1.2,2018-03-24,0759,Aqua,MODIS,72,6.03,305.3,22.3,D,0
27.728,84.6123,320.1,1.5,1.2,2018-03-24,0759,Aqua,MODIS,65,6.03,306,14.1,D,0
27.7137,84.6854,321.7,1.5,1.2,2018-03-24,0759,Aqua,MODIS,67,6.03,298.9,21.4,D,0
27.7152,84.7002,317.8,1.5,1.2,2018-03-24,0759,Aqua,MODIS,41,6.03,299.6,14.3,D,0
27.7096,84.679,316,1.5,1.2,2018-03-24,0759,Aqua,MODIS,39,6.03,300.7,11.5,D,0
27.711,84.6915,325.3,1.5,1.2,2018-03-24,0759,Aqua,MODIS,74,6.03,299,29.5,D,0
27.6177,84.0574,350.1,1.4,1.2,2018-03-24,0759,Aqua,MODIS,94,6.03,307.3,82.7,D,0
27.651,84.4486,330.2,1.5,1.2,2018-03-24,0759,Aqua,MODIS,78,6.03,308.6,26.6,D,0
27.6527,84.4634,324.8,1.5,1.2,2018-03-24,0759,Aqua,MODIS,58,6.03,306.1,16.7,D,0
27.6676,84.5982,319.8,1.5,1.2,2018-03-24,0759,Aqua,MODIS,49,6.03,304.5,14.5,D,0
27.6081,84.4547,320.5,1.5,1.2,2018-03-24,0759,Aqua,MODIS,42,6.03,304.4,12,D,0
27.7286,85.739,316.8,1.8,1.3,2018-03-24,0759,Aqua,MODIS,61,6.03,301,13.4,D,0
27.6056,84.4608,328.5,1.5,1.2,2018-03-24,0759,Aqua,MODIS,76,6.03,304.9,28.3,D,0
27.5363,84.4252,323.4,1.5,1.2,2018-03-24,0759,Aqua,MODIS,35,6.03,305.2,18.3,D,0
27.5428,84.4847,321,1.5,1.2,2018-03-24,0759,Aqua,MODIS,67,6.03,303.3,17.1,D,0
28.0886,84.7866,333.9,1.6,1.2,2018-03-24,0759,Aqua,MODIS,85,6.03,302.2,49.1,D,0
28.0854,84.7779,328.9,1.6,1.2,2018-03-24,0759,Aqua,MODIS,80,6.03,302.3,36.4,D,0
28.0872,84.794,332.5,1.6,1.2,2018-03-24,0759,Aqua,MODIS,84,6.03,302.4,45,D,0
27.9559,84.1994,325.8,1.4,1.2,2018-03-24,0759,Aqua,MODIS,76,6.03,305,25.6,D,0
27.9575,84.2138,318.3,1.4,1.2,2018-03-24,0759,Aqua,MODIS,63,6.03,304.5,11.8,D,0
27.9986,84.9124,319.5,1.6,1.2,2018-03-24,0759,Aqua,MODIS,68,6.03,303.1,16.5,D,0
27.7519,82.8674,325.5,1.2,1.1,2018-03-24,0759,Aqua,MODIS,69,6.03,306.5,15.7,D,0
27.7534,82.8795,321.2,1.2,1.1,2018-03-24,0759,Aqua,MODIS,44,6.03,306.9,9.6,D,0
27.7422,82.8692,335.2,1.2,1.1,2018-03-24,0759,Aqua,MODIS,84,6.03,309,31,D,0
27.7665,83.5031,321.3,1.3,1.1,2018-03-24,0759,Aqua,MODIS,53,6.03,306.3,13.9,D,0
27.7677,83.51,321.9,1.3,1.1,2018-03-24,0759,Aqua,MODIS,61,6.03,307.2,14.7,D,0
27.8722,84.5021,317.4,1.5,1.2,2018-03-24,0759,Aqua,MODIS,47,6.03,301.8,12.3,D,0
27.7834,83.819,317.6,1.4,1.2,2018-03-24,0759,Aqua,MODIS,41,6.03,304.1,8.6,D,0
27.9055,85.0079,318.7,1.6,1.3,2018-03-24,0759,Aqua,MODIS,21,6.03,301.6,14,D,0
29.4793,80.2619,333.4,1,1,2018-03-24,0800,Aqua,MODIS,85,6.03,306.3,23.1,D,0
29.4996,80.1421,322.7,1,1,2018-03-24,0800,Aqua,MODIS,47,6.03,310.6,10,D,0
29.1521,80.4939,316.7,1,1,2018-03-24,0800,Aqua,MODIS,41,6.03,301.3,6.8,D,0
29.1445,80.5061,318.6,1,1,2018-03-24,0800,Aqua,MODIS,63,6.03,301.8,9.1,D,0
27.8509,84.9931,302.3,1.1,1,2018-03-24,2005,Aqua,MODIS,48,6.03,289,6.7,N,0
27.7643,84.3953,304.5,1.1,1.1,2018-03-24,2005,Aqua,MODIS,60,6.03,292.5,7.2,N,0
27.7932,84.4715,305,1.1,1.1,2018-03-24,2005,Aqua,MODIS,62,6.03,291.3,8.1,N,0
27.9532,82.4734,301.1,1.5,1.2,2018-03-24,2006,Aqua,MODIS,35,6.03,290.8,8.7,N,0
27.7517,84.2646,306.1,1.2,1.1,2018-03-24,2006,Aqua,MODIS,67,6.03,291.3,9.4,N,0
26.7636,86.7861,301.2,1,1,2018-03-24,2006,Aqua,MODIS,39,6.03,289.2,4.9,N,0
26.7385,86.8938,302.7,1,1,2018-03-24,2006,Aqua,MODIS,21,6.03,291.6,4.6,N,0
27.1162,85.938,302.6,1,1,2018-03-24,2006,Aqua,MODIS,50,6.03,291.9,5.3,N,0
27.1557,85.7887,303.5,1,1,2018-03-24,2006,Aqua,MODIS,50,6.03,291.8,5.4,N,0
27.3126,85.4481,302.3,1,1,2018-03-24,2006,Aqua,MODIS,43,6.03,291.3,5.5,N,0
27.2946,85.8466,302.2,1,1,2018-03-24,2006,Aqua,MODIS,48,6.03,290.1,5.5,N,0
27.3351,86.3989,311.9,1,1,2018-03-24,2006,Aqua,MODIS,84,6.03,287.2,13.8,N,0
27.55,85.0479,302.1,1.1,1,2018-03-24,2006,Aqua,MODIS,47,6.03,288.9,6.8,N,0
27.5035,84.7018,315.6,1.7,1.3,2018-03-25,0530,Terra,MODIS,63,6.03,299.6,17.2,D,0
27.9506,82.0973,313.9,1.2,1.1,2018-03-25,0530,Terra,MODIS,34,6.03,301.6,5.6,D,0
28.1925,80.3862,318.4,1,1,2018-03-25,0530,Terra,MODIS,59,6.03,302.9,8.7,D,0
27.4244,84.5052,323.1,1.6,1.3,2018-03-25,0530,Terra,MODIS,58,6.03,300.1,28.9,D,0
27.4253,84.4997,319.8,1.6,1.3,2018-03-25,0530,Terra,MODIS,70,6.03,300.3,23.2,D,0
27.4112,84.5135,313.2,1.6,1.3,2018-03-25,0530,Terra,MODIS,19,6.03,301.1,11.9,D,0
27.4083,84.5294,315.1,1.6,1.3,2018-03-25,0530,Terra,MODIS,31,6.03,300.2,14.5,D,0
27.3633,84.7094,313.7,1.7,1.3,2018-03-25,0530,Terra,MODIS,50,6.03,301.7,12.3,D,0
27.2661,84.9717,314.5,1.8,1.3,2018-03-25,0530,Terra,MODIS,47,6.03,302.4,10.4,D,0
27.0246,86.0696,316.2,2.1,1.4,2018-03-25,0530,Terra,MODIS,39,6.03,301.2,16.8,D,0
27.0245,86.0629,318.8,2.1,1.4,2018-03-25,0530,Terra,MODIS,67,6.03,301.3,24.2,D,0
27.2404,84.8696,314.9,1.7,1.3,2018-03-25,0530,Terra,MODIS,45,6.03,301.5,12.2,D,0
27.118,85.3847,315.6,1.9,1.3,2018-03-25,0530,Terra,MODIS,49,6.03,303.7,15.9,D,0
29.1549,80.4935,311.8,1,1,2018-03-25,0530,Terra,MODIS,45,6.03,300.5,4.8,D,0
28.8747,80.152,320,1,1,2018-03-25,0530,Terra,MODIS,59,6.03,305.2,7.5,D,0
27.8424,84.9982,314.9,1.7,1.3,2018-03-25,0530,Terra,MODIS,70,6.03,298.3,14.5,D,0
27.8466,84.606,310.4,1.6,1.3,2018-03-25,0530,Terra,MODIS,52,6.03,295.8,10,D,0
27.8249,84.5368,313.8,1.6,1.3,2018-03-25,0530,Terra,MODIS,66,6.03,297.3,14.4,D,0
28.4428,80.38,325.2,1,1,2018-03-25,0530,Terra,MODIS,76,6.03,303.4,16.1,D,0
27.747,84.2611,314.4,1.6,1.2,2018-03-25,0530,Terra,MODIS,61,6.03,299.5,13.7,D,0
27.5423,85.0479,308.2,1.8,1.3,2018-03-25,0530,Terra,MODIS,33,6.03,296.4,11,D,0
27.948,82.4654,316.6,1.2,1.1,2018-03-25,0530,Terra,MODIS,54,6.03,303.9,8,D,0
27.5146,84.7048,315.3,1.7,1.3,2018-03-25,0530,Terra,MODIS,59,6.03,300.2,15.7,D,0
27.0884,85.1579,319,2.8,1.6,2018-03-25,0704,Aqua,MODIS,71,6.03,305.2,36,D,0
27.7929,83.7573,310.5,3.4,1.7,2018-03-25,0704,Aqua,MODIS,55,6.03,295.1,29.6,D,0
27.7818,83.7663,311.2,3.4,1.7,2018-03-25,0704,Aqua,MODIS,58,6.03,295.9,32.6,D,0
27.8478,84.993,313.1,2.8,1.6,2018-03-25,0704,Aqua,MODIS,58,6.03,299.2,20.9,D,0
27.6886,84.6928,316.2,3,1.6,2018-03-25,0704,Aqua,MODIS,69,6.03,296.6,45,D,0
27.6878,84.6967,317.1,3,1.6,2018-03-25,0704,Aqua,MODIS,71,6.03,296.8,50.6,D,0
27.5341,84.4119,323.9,3.1,1.7,2018-03-25,0704,Aqua,MODIS,79,6.03,300.8,76.7,D,0
27.5284,84.3887,312.9,3.1,1.7,2018-03-25,0704,Aqua,MODIS,65,6.03,299.8,30.5,D,0
27.5349,84.4189,320.7,3.1,1.7,2018-03-25,0704,Aqua,MODIS,76,6.03,300.8,65.1,D,0
27.3225,86.0828,313.6,2.4,1.5,2018-03-25,0704,Aqua,MODIS,46,6.03,299.8,17.6,D,0
27.0862,85.1632,319.3,2.8,1.6,2018-03-25,0704,Aqua,MODIS,70,6.03,305.2,34.9,D,0
27.1288,86.6412,318.5,2.2,1.4,2018-03-25,0704,Aqua,MODIS,62,6.03,305.6,24,D,0
26.769,87.2431,317.1,2.1,1.4,2018-03-25,0704,Aqua,MODIS,66,6.03,300.9,20.4,D,0
26.9614,87.5609,304.3,1,1,2018-03-25,1628,Terra,MODIS,59,6.03,289.6,7,N,0
26.9627,87.571,303,1,1,2018-03-25,1628,Terra,MODIS,52,6.03,289.1,6.5,N,0
26.7738,86.5981,305.4,1,1,2018-03-25,1628,Terra,MODIS,64,6.03,294.7,5.4,N,0
26.7454,86.787,305.1,1,1,2018-03-25,1628,Terra,MODIS,63,6.03,292.8,5.5,N,0
26.8126,87.684,304.7,1,1,2018-03-25,1628,Terra,MODIS,61,6.03,292.2,5.8,N,0
26.6874,86.8339,312.2,1,1,2018-03-25,1628,Terra,MODIS,84,6.03,295.5,10,N,0
26.6888,86.8439,305.4,1,1,2018-03-25,1628,Terra,MODIS,64,6.03,295.3,5.1,N,0
26.8618,86.5046,305.7,1,1,2018-03-25,1628,Terra,MODIS,65,6.03,294.2,5.9,N,0
26.8855,86.474,305.5,1,1,2018-03-25,1628,Terra,MODIS,65,6.03,294.3,5.6,N,0
27.0851,87.183,322,1,1,2018-03-25,1628,Terra,MODIS,100,6.03,292.7,20.5,N,0
27.1735,87.7045,301.2,1,1,2018-03-25,1628,Terra,MODIS,39,6.03,289.4,5.2,N,0
27.2394,87.7201,307.5,1.1,1,2018-03-25,1628,Terra,MODIS,71,6.03,289.6,9.4,N,0
27.1255,85.901,304.8,1,1,2018-03-25,1628,Terra,MODIS,33,6.03,291.8,4.7,N,0
27.2548,85.4625,312.1,1,1,2018-03-25,1628,Terra,MODIS,84,6.03,292.9,11.1,N,0
27.3468,84.8446,303.5,1,1,2018-03-25,1628,Terra,MODIS,56,6.03,293.4,5,N,0
27.3452,84.8342,303.1,1,1,2018-03-25,1628,Terra,MODIS,53,6.03,293,4.8,N,0
27.3667,84.7384,308.8,1,1,2018-03-25,1628,Terra,MODIS,76,6.03,293.2,8.4,N,0
27.3593,84.4476,305.2,1.1,1,2018-03-25,1628,Terra,MODIS,63,6.03,295.1,5.3,N,0
27.0094,86.9017,300.3,1,1,2018-03-25,1628,Terra,MODIS,25,6.03,288.3,5.2,N,0
27.6778,84.5942,307.2,1.1,1,2018-03-25,1629,Terra,MODIS,71,6.03,294.2,7.4,N,0
27.7962,84.9501,304.2,1,1,2018-03-25,1629,Terra,MODIS,59,6.03,290.7,6.2,N,0
27.7946,84.9397,301.8,1,1,2018-03-25,1629,Terra,MODIS,45,6.03,290.2,4.8,N,0
27.8617,85.0785,303.8,1,1,2018-03-25,1629,Terra,MODIS,57,6.03,290.7,6.1,N,0
27.8601,85.0683,302.9,1,1,2018-03-25,1629,Terra,MODIS,52,6.03,290.4,5.5,N,0
27.9207,84.6163,306.7,1,1,2018-03-25,1629,Terra,MODIS,69,6.03,287.7,8.8,N,0
27.9766,84.3801,313.8,1.1,1,2018-03-25,1629,Terra,MODIS,88,6.03,291.1,14,N,0
27.9858,84.3788,311,1.1,1,2018-03-25,1629,Terra,MODIS,81,6.03,289.2,11.8,N,0
27.9444,82.4772,306.8,1.3,1.1,2018-03-25,1629,Terra,MODIS,69,6.03,293.2,10.1,N,0
27.9545,82.4758,303.9,1.3,1.1,2018-03-25,1629,Terra,MODIS,43,6.03,291.7,7.7,N,0
29.1138,81.1684,303.8,1.5,1.2,2018-03-25,2048,Aqua,MODIS,57,6.03,287.4,12.8,N,0
29.2707,81.5083,318.4,4.8,2,2018-03-26,0435,Terra,MODIS,69,6.03,293,139.8,D,0
29.272,81.5036,314.2,4.8,2,2018-03-26,0435,Terra,MODIS,60,6.03,292.6,106.4,D,0
27.0902,87.569,317.6,1.7,1.3,2018-03-26,0435,Terra,MODIS,50,6.03,302.7,14.4,D,0
27.0789,87.5669,320,1.7,1.3,2018-03-26,0435,Terra,MODIS,67,6.03,304,19.5,D,0
27.3447,84.7539,319.5,2.7,1.6,2018-03-26,0435,Terra,MODIS,71,6.03,298.5,45.8,D,0
27.3469,84.7268,316.3,2.7,1.6,2018-03-26,0435,Terra,MODIS,66,6.03,298.7,33.7,D,0
26.883,87.1677,318.9,1.8,1.3,2018-03-26,0435,Terra,MODIS,68,6.03,299.8,21.9,D,0
27.0866,87.189,317,1.8,1.3,2018-03-26,0435,Terra,MODIS,51,6.03,302,16.1,D,0
27.0999,87.1765,317.4,1.8,1.3,2018-03-26,0435,Terra,MODIS,56,6.03,299.8,17.1,D,0
27.3403,84.7473,322.2,2.7,1.6,2018-03-26,0435,Terra,MODIS,75,6.03,298.6,56.1,D,0
27.0793,87.5771,318.4,1.7,1.3,2018-03-26,0435,Terra,MODIS,21,6.03,302.4,15.3,D,0
27.0809,87.5624,319.8,1.7,1.3,2018-03-26,0435,Terra,MODIS,47,6.03,303.8,17.3,D,0
26.6523,86.9892,324.8,1.3,1.1,2018-03-26,0746,Aqua,MODIS,66,6.03,307.8,14.2,D,0
26.7438,86.7309,326,1.3,1.1,2018-03-26,0746,Aqua,MODIS,74,6.03,305.3,17.1,D,0
26.7713,87.2401,317.2,1.4,1.2,2018-03-26,0746,Aqua,MODIS,41,6.03,302.9,8.9,D,0
26.7576,86.8476,328.7,1.3,1.1,2018-03-26,0746,Aqua,MODIS,78,6.03,304,21.9,D,0
26.7499,86.7826,342.8,1.3,1.1,2018-03-26,0746,Aqua,MODIS,90,6.03,304.2,52.7,D,0
27.0912,87.1713,326,1.4,1.2,2018-03-26,0746,Aqua,MODIS,77,6.03,303.2,21.8,D,0
27.093,87.1869,329.4,1.4,1.2,2018-03-26,0746,Aqua,MODIS,81,6.03,304.9,28.7,D,0
27.0679,87.0615,320.3,1.4,1.2,2018-03-26,0746,Aqua,MODIS,58,6.03,298.1,16.1,D,0
27.0697,87.0767,331.4,1.4,1.2,2018-03-26,0746,Aqua,MODIS,82,6.03,298.8,34.9,D,0
26.948,86.1377,321.2,1.2,1.1,2018-03-26,0746,Aqua,MODIS,55,6.03,307.1,7.3,D,0
26.916,86.2231,322.1,1.2,1.1,2018-03-26,0746,Aqua,MODIS,59,6.03,306,8.4,D,0
27.0772,87.5702,323.7,1.5,1.2,2018-03-26,0746,Aqua,MODIS,49,6.03,305.7,15.4,D,0
27.0256,87.7923,313.4,1.5,1.2,2018-03-26,0746,Aqua,MODIS,47,6.03,297.8,10.9,D,0
26.5981,84.4179,322.3,1,1,2018-03-26,0746,Aqua,MODIS,40,6.03,309,5.9,D,0
26.9253,87.0788,322.7,1.4,1.2,2018-03-26,0746,Aqua,MODIS,72,6.03,304,15.9,D,0
26.9195,87.0863,322.8,1.4,1.2,2018-03-26,0746,Aqua,MODIS,71,6.03,304,15.7,D,0
26.8433,86.8808,316.8,1.3,1.1,2018-03-26,0746,Aqua,MODIS,38,6.03,302.4,7.8,D,0
26.8,86.5985,321.1,1.3,1.1,2018-03-26,0746,Aqua,MODIS,56,6.03,305.5,7.5,D,0
26.7687,86.5976,323.5,1.3,1.1,2018-03-26,0746,Aqua,MODIS,61,6.03,307,10.8,D,0
27.3799,85.0411,319.6,1.1,1,2018-03-26,0747,Aqua,MODIS,57,6.03,303.2,7.1,D,0
27.3813,85.0521,322.2,1.1,1,2018-03-26,0747,Aqua,MODIS,68,6.03,302.2,9.6,D,0
27.3162,84.6255,317.4,1.1,1,2018-03-26,0747,Aqua,MODIS,47,6.03,303.3,5.2,D,0
27.3348,84.8393,316.6,1.1,1,2018-03-26,0747,Aqua,MODIS,40,6.03,302.3,6.3,D,0
27.2855,84.7497,317.7,1.1,1,2018-03-26,0747,Aqua,MODIS,36,6.03,302.8,5.1,D,0
27.2728,84.8566,333.3,1.1,1,2018-03-26,0747,Aqua,MODIS,82,6.03,305.3,25.1,D,0
27.348,85.439,317.4,1.1,1.1,2018-03-26,0747,Aqua,MODIS,51,6.03,301.1,9.9,D,0
27.2521,84.9148,317.8,1.1,1,2018-03-26,0747,Aqua,MODIS,28,6.03,303.6,5.3,D,0
27.2501,85.4605,326.2,1.1,1.1,2018-03-26,0747,Aqua,MODIS,74,6.03,304.4,15,D,0
26.9887,84.2431,324.2,1,1,2018-03-26,0747,Aqua,MODIS,67,6.03,309.4,8.2,D,0
27.1581,85.8553,320.7,1.2,1.1,2018-03-26,0747,Aqua,MODIS,50,6.03,300.9,11.3,D,0
27.1485,85.8571,321.4,1.2,1.1,2018-03-26,0747,Aqua,MODIS,51,6.03,302.6,11.5,D,0
27.0977,85.7062,327.4,1.2,1.1,2018-03-26,0747,Aqua,MODIS,74,6.03,307,16.4,D,0
27.1207,85.8911,331,1.2,1.1,2018-03-26,0747,Aqua,MODIS,81,6.03,303.7,26.3,D,0
27.2825,87.732,325,1.5,1.2,2018-03-26,0747,Aqua,MODIS,79,6.03,305.2,26.6,D,0
27.2775,87.724,321.1,1.5,1.2,2018-03-26,0747,Aqua,MODIS,61,6.03,305.1,16.3,D,0
27.1192,85.8791,316.7,1.2,1.1,2018-03-26,0747,Aqua,MODIS,45,6.03,301.3,6.7,D,0
27.6793,84.5933,321.4,1.1,1,2018-03-26,0747,Aqua,MODIS,55,6.03,302,10,D,0
27.5841,83.9503,332.5,1,1,2018-03-26,0747,Aqua,MODIS,79,6.03,311.2,20.1,D,0
27.6625,84.6075,320.3,1.1,1,2018-03-26,0747,Aqua,MODIS,30,6.03,304.4,8.3,D,0
27.6101,84.4222,328.7,1,1,2018-03-26,0747,Aqua,MODIS,68,6.03,305,16.4,D,0
27.5815,84.4123,321.2,1,1,2018-03-26,0747,Aqua,MODIS,29,6.03,305.9,7.9,D,0
27.5241,84.4005,317.4,1,1,2018-03-26,0747,Aqua,MODIS,26,6.03,301.9,6.4,D,0
27.3729,83.5535,324.9,1,1,2018-03-26,0747,Aqua,MODIS,71,6.03,305.4,12.4,D,0
27.364,83.5551,321.1,1,1,2018-03-26,0747,Aqua,MODIS,38,6.03,304.8,8.7,D,0
27.4733,84.4248,325.7,1,1,2018-03-26,0747,Aqua,MODIS,69,6.03,301.7,16.4,D,0
27.5018,84.7117,326.9,1.1,1,2018-03-26,0747,Aqua,MODIS,68,6.03,301.9,17.9,D,0
27.2769,83.4643,327.1,1,1,2018-03-26,0747,Aqua,MODIS,74,6.03,307.2,12.6,D,0
27.268,83.4659,328.8,1,1,2018-03-26,0747,Aqua,MODIS,76,6.03,307,14.3,D,0
27.2562,83.4475,331.9,1,1,2018-03-26,0747,Aqua,MODIS,80,6.03,307.2,18.5,D,0
27.2641,83.5693,320,1,1,2018-03-26,0747,Aqua,MODIS,21,6.03,308.1,7.4,D,0
27.355,84.4411,316,1,1,2018-03-26,0747,Aqua,MODIS,23,6.03,302.4,6.1,D,0
27.3938,84.7364,317.8,1.1,1,2018-03-26,0747,Aqua,MODIS,56,6.03,303.6,7.5,D,0
27.3952,84.7471,316.6,1.1,1,2018-03-26,0747,Aqua,MODIS,44,6.03,303,6.7,D,0
27.3777,84.6849,318.8,1.1,1,2018-03-26,0747,Aqua,MODIS,59,6.03,302,8.7,D,0
27.3604,84.7478,321.3,1.1,1,2018-03-26,0747,Aqua,MODIS,31,6.03,303.1,8.9,D,0
27.3849,85.0069,320.6,1.1,1,2018-03-26,0747,Aqua,MODIS,62,6.03,303.9,8.7,D,0
28.4045,80.8747,318.2,1.1,1,2018-03-26,0747,Aqua,MODIS,52,6.03,305.9,7.3,D,0
29.47,80.2975,319.5,1.1,1,2018-03-26,0747,Aqua,MODIS,46,6.03,305.9,7.2,D,0
29.3976,80.2657,330,1.1,1,2018-03-26,0747,Aqua,MODIS,82,6.03,313.5,20.8,D,0
29.0653,81.1342,321.7,1,1,2018-03-26,0747,Aqua,MODIS,43,6.03,309.4,8.2,D,0
29.0471,81.1378,333.7,1,1,2018-03-26,0747,Aqua,MODIS,85,6.03,311.2,23.5,D,0
28.9468,80.7959,313.4,1.1,1,2018-03-26,0747,Aqua,MODIS,38,6.03,302.3,5.6,D,0
28.9728,81.441,322.6,1,1,2018-03-26,0747,Aqua,MODIS,67,6.03,307.3,9.7,D,0
29.0147,81.9018,316.2,1,1,2018-03-26,0747,Aqua,MODIS,67,6.03,288.1,14.5,D,0
29.0161,81.9118,316.7,1,1,2018-03-26,0747,Aqua,MODIS,68,6.03,293.1,14.4,D,0
28.4852,80.6839,316.4,1.1,1,2018-03-26,0747,Aqua,MODIS,44,6.03,304.8,6.5,D,0
28.4259,80.3748,318,1.1,1.1,2018-03-26,0747,Aqua,MODIS,57,6.03,305.9,7.6,D,0
28.478,81.2233,341.1,1,1,2018-03-26,0747,Aqua,MODIS,89,6.03,313.3,35.1,D,0
28.4797,81.2339,340.5,1,1,2018-03-26,0747,Aqua,MODIS,89,6.03,307.6,34.5,D,0
28.4103,80.8511,336.3,1.1,1,2018-03-26,0747,Aqua,MODIS,85,6.03,308.1,31.3,D,0
29.4825,80.2218,331.1,1.1,1,2018-03-26,0747,Aqua,MODIS,76,6.03,309.9,23.3,D,0
28.2482,80.6938,323.7,1.1,1,2018-03-26,0747,Aqua,MODIS,60,6.03,308,8.5,D,0
28.2184,82.0663,325.5,1,1,2018-03-26,0747,Aqua,MODIS,65,6.03,304.2,14.6,D,0
28.2095,82.0678,338,1,1,2018-03-26,0747,Aqua,MODIS,87,6.03,308.5,31.3,D,0
28.138,82.088,333.3,1,1,2018-03-26,0747,Aqua,MODIS,82,6.03,307.5,22.2,D,0
28.1395,82.0981,342.8,1,1,2018-03-26,0747,Aqua,MODIS,90,6.03,307.7,36.7,D,0
27.9963,81.8165,320.8,1,1,2018-03-26,0747,Aqua,MODIS,49,6.03,309.1,6.9,D,0
27.9618,82.0818,320.2,1,1,2018-03-26,0747,Aqua,MODIS,55,6.03,308.9,6.5,D,0
27.9585,82.4312,327.4,1,1,2018-03-26,0747,Aqua,MODIS,76,6.03,307.7,14.3,D,0
28.0564,83.7101,323.2,1,1,2018-03-26,0747,Aqua,MODIS,71,6.03,305.7,12.2,D,0
28.0313,83.862,316.9,1,1,2018-03-26,0747,Aqua,MODIS,43,6.03,304.6,5.3,D,0
27.7258,82.5386,321.6,1,1,2018-03-26,0747,Aqua,MODIS,64,6.03,304.7,9.1,D,0
27.7391,82.8922,321,1,1,2018-03-26,0747,Aqua,MODIS,61,6.03,307.2,7.7,D,0
27.7385,84.2122,327.7,1,1,2018-03-26,0747,Aqua,MODIS,68,6.03,306.4,18,D,0
27.7969,84.9425,342.7,1.1,1,2018-03-26,0747,Aqua,MODIS,91,6.03,305.2,42.5,D,0
27.7293,84.4931,317.3,1.1,1,2018-03-26,0747,Aqua,MODIS,52,6.03,303.4,6.7,D,0
27.7377,84.8236,315.2,1.1,1,2018-03-26,0747,Aqua,MODIS,28,6.03,301.8,5.7,D,0
29.0346,81.1051,311.5,1.9,1.3,2018-03-26,1712,Terra,MODIS,83,6.03,290.4,26.1,N,0
29.0033,81.0347,307.3,1.8,1.3,2018-03-26,1712,Terra,MODIS,71,6.03,291.3,20.2,N,0
29.0091,81.0264,306.7,1.8,1.3,2018-03-26,1712,Terra,MODIS,69,6.03,290.2,19,N,0
27.1821,85.8147,305.7,1.4,1.2,2018-03-26,1953,Aqua,MODIS,64,6.03,290.6,9.7,N,0
29.0391,81.1223,303.2,3,1.7,2018-03-26,1953,Aqua,MODIS,54,6.03,290,30.9,N,0
27.3441,84.8352,303.2,1.6,1.2,2018-03-26,1953,Aqua,MODIS,54,6.03,291.1,10.8,N,0
27.333,84.8336,303.1,1.6,1.2,2018-03-26,1953,Aqua,MODIS,53,6.03,290.8,10.7,N,0
27.3205,84.6331,308.6,1.6,1.3,2018-03-26,1953,Aqua,MODIS,75,6.03,290.2,19.3,N,0
27.1785,85.8202,304,1.4,1.2,2018-03-26,1953,Aqua,MODIS,30,6.03,290.7,8,N,0
27.3209,84.6273,306.5,1.6,1.3,2018-03-26,1953,Aqua,MODIS,68,6.03,290.3,16,N,0
27.5684,84.8602,328,1.1,1.1,2018-03-27,0518,Terra,MODIS,81,6.03,304.2,21.7,D,0
27.517,84.6993,316.9,1.1,1.1,2018-03-27,0518,Terra,MODIS,58,6.03,304.9,8.2,D,0
27.5189,84.6881,325.8,1.1,1.1,2018-03-27,0518,Terra,MODIS,79,6.03,304,19.3,D,0
27.5246,84.7707,316.4,1.1,1.1,2018-03-27,0518,Terra,MODIS,45,6.03,304.4,6.1,D,0
27.5664,84.8722,324,1.1,1.1,2018-03-27,0518,Terra,MODIS,75,6.03,303.3,16.7,D,0
27.2725,84.8528,325.9,1.2,1.1,2018-03-27,0518,Terra,MODIS,76,6.03,304.6,16.8,D,0
27.2743,84.8414,333.2,1.2,1.1,2018-03-27,0518,Terra,MODIS,84,6.03,305.4,28,D,0
27.282,84.8547,343,1.2,1.1,2018-03-27,0518,Terra,MODIS,91,6.03,305.4,48.6,D,0
27.2838,84.8433,345.1,1.2,1.1,2018-03-27,0518,Terra,MODIS,92,6.03,305.1,52.9,D,0
27.3479,84.451,316.4,1.1,1,2018-03-27,0518,Terra,MODIS,48,6.03,303.2,8.2,D,0
27.3586,84.3847,326.6,1.1,1,2018-03-27,0518,Terra,MODIS,76,6.03,303.2,19.7,D,0
27.2915,84.8566,323.8,1.2,1.1,2018-03-27,0518,Terra,MODIS,71,6.03,303.4,16.4,D,0
27.3555,84.4636,316.4,1.1,1,2018-03-27,0518,Terra,MODIS,32,6.03,302.5,8,D,0
27.3746,84.3827,313.7,1.1,1,2018-03-27,0518,Terra,MODIS,23,6.03,300.7,7.1,D,0
27.3097,84.8313,315.2,1.1,1.1,2018-03-27,0518,Terra,MODIS,54,6.03,302.7,6.4,D,0
27.3249,84.7408,318.5,1.1,1.1,2018-03-27,0518,Terra,MODIS,60,6.03,302.9,8.6,D,0
27.3324,84.754,319.7,1.1,1.1,2018-03-27,0518,Terra,MODIS,65,6.03,303.2,9.4,D,0
27.3287,84.8351,325,1.1,1.1,2018-03-27,0518,Terra,MODIS,24,6.03,303.5,15.5,D,0
27.3306,84.8237,340.4,1.1,1.1,2018-03-27,0518,Terra,MODIS,90,6.03,304.2,41.9,D,0
27.3605,84.6434,316.8,1.1,1.1,2018-03-27,0518,Terra,MODIS,61,6.03,303.5,8,D,0
27.34,84.8256,323.2,1.1,1.1,2018-03-27,0518,Terra,MODIS,74,6.03,303.8,15.6,D,0
27.3419,84.8143,320.7,1.1,1.1,2018-03-27,0518,Terra,MODIS,48,6.03,303,12.1,D,0
27.4312,84.2708,314.7,1.1,1,2018-03-27,0518,Terra,MODIS,32,6.03,301.2,6.4,D,0
27.6926,82.5927,321.9,1,1,2018-03-27,0518,Terra,MODIS,53,6.03,305.2,9.9,D,0
27.1849,85.7995,313.1,1.3,1.1,2018-03-27,0518,Terra,MODIS,53,6.03,301.7,7.2,D,0
27.3514,84.8162,321.5,1.1,1.1,2018-03-27,0518,Terra,MODIS,45,6.03,302.7,13.2,D,0
27.3701,84.7033,314.9,1.1,1.1,2018-03-27,0518,Terra,MODIS,55,6.03,302.5,7.3,D,0
27.3719,84.692,318.2,1.1,1.1,2018-03-27,0518,Terra,MODIS,65,6.03,303,10.8,D,0
27.7015,82.5943,321.5,1,1,2018-03-27,0518,Terra,MODIS,54,6.03,307.6,9.5,D,0
27.4004,84.7557,313.5,1.1,1.1,2018-03-27,0518,Terra,MODIS,48,6.03,302.3,6.3,D,0
27.4668,84.3857,315.3,1.1,1,2018-03-27,0518,Terra,MODIS,52,6.03,302.7,6.6,D,0
26.9147,87.5634,309.8,1.7,1.3,2018-03-27,0518,Terra,MODIS,39,6.03,296.3,9.8,D,0
27.3185,85.3847,319.2,1.2,1.1,2018-03-27,0518,Terra,MODIS,62,6.03,301,11.5,D,0
27.4748,84.4538,312,1.1,1,2018-03-27,0518,Terra,MODIS,33,6.03,300.3,5.6,D,0
27.5352,84.377,317.1,1.1,1,2018-03-27,0518,Terra,MODIS,55,6.03,301.5,9.3,D,0
27.7722,82.8607,318.7,1,1,2018-03-27,0518,Terra,MODIS,62,6.03,303.9,8.8,D,0
27.2882,85.9187,311.7,1.3,1.1,2018-03-27,0518,Terra,MODIS,54,6.03,300.5,9.1,D,0
27.5037,84.69,316.2,1.1,1.1,2018-03-27,0518,Terra,MODIS,63,6.03,303.8,9.5,D,0
27.5076,84.6973,328.9,1.1,1.1,2018-03-27,0518,Terra,MODIS,82,6.03,304.6,22.8,D,0
27.5095,84.6861,334.2,1.1,1.1,2018-03-27,0518,Terra,MODIS,86,6.03,304.6,31.7,D,0
27.9723,81.6861,321.4,1,1,2018-03-27,0518,Terra,MODIS,66,6.03,304.9,10.1,D,0
27.2535,84.9081,317.2,1.2,1.1,2018-03-27,0518,Terra,MODIS,18,6.03,303.4,7.2,D,0
26.7369,86.7617,321.4,1.5,1.2,2018-03-27,0518,Terra,MODIS,68,6.03,302,18.2,D,0
26.9671,86.1067,318.5,1.4,1.2,2018-03-27,0518,Terra,MODIS,63,6.03,304.8,10,D,0
26.7691,87.2832,318.5,1.6,1.2,2018-03-27,0518,Terra,MODIS,65,6.03,300.2,18.5,D,0
27.0586,85.6961,323.9,1.3,1.1,2018-03-27,0518,Terra,MODIS,65,6.03,305.4,14.3,D,0
26.769,87.289,315.7,1.6,1.2,2018-03-27,0518,Terra,MODIS,24,6.03,300.2,11.1,D,0
27.0577,85.7018,325,1.3,1.1,2018-03-27,0518,Terra,MODIS,73,6.03,305.6,15.6,D,0
27.1317,85.3341,316.8,1.2,1.1,2018-03-27,0518,Terra,MODIS,60,6.03,303.7,7.6,D,0
27.3415,84.1362,317.5,1.1,1,2018-03-27,0518,Terra,MODIS,56,6.03,302.4,9.2,D,0
26.9861,86.2849,318.7,1.4,1.2,2018-03-27,0518,Terra,MODIS,50,6.03,304.4,10.3,D,0
27.1676,85.2421,322.2,1.2,1.1,2018-03-27,0518,Terra,MODIS,72,6.03,304.6,15.9,D,0
27.2249,84.9025,321.6,1.2,1.1,2018-03-27,0518,Terra,MODIS,47,6.03,303.6,11.9,D,0
27.2131,85.0318,316.1,1.2,1.1,2018-03-27,0518,Terra,MODIS,21,6.03,303.7,6.4,D,0
27.2188,85.0571,330.2,1.2,1.1,2018-03-27,0518,Terra,MODIS,81,6.03,304.8,25.6,D,0
27.2207,85.0454,316.9,1.2,1.1,2018-03-27,0518,Terra,MODIS,27,6.03,304,7.1,D,0
26.5993,84.6492,317.2,1.1,1.1,2018-03-27,0518,Terra,MODIS,52,6.03,304.7,6.7,D,0
29.6245,80.4049,320.9,1.1,1.1,2018-03-27,0518,Terra,MODIS,51,6.03,308.1,9.7,D,0
28.5455,82.0557,348.8,1,1,2018-03-27,0518,Terra,MODIS,94,6.03,309.9,50,D,0
28.547,82.0457,336.1,1,1,2018-03-27,0518,Terra,MODIS,87,6.03,306.2,27.1,D,0
28.1415,85.0175,314.5,1.1,1.1,2018-03-27,0518,Terra,MODIS,61,6.03,300.5,10.2,D,0
28.8985,80.1561,317.4,1.1,1.1,2018-03-27,0518,Terra,MODIS,56,6.03,304.8,6.2,D,0
29.0084,81.0462,323.2,1.1,1,2018-03-27,0518,Terra,MODIS,70,6.03,301.6,15.1,D,0
28.9627,81.4494,317.4,1,1,2018-03-27,0518,Terra,MODIS,59,6.03,304,6.8,D,0
29.0548,81.1186,320.5,1.1,1,2018-03-27,0518,Terra,MODIS,69,6.03,304.8,10.9,D,0
29.0562,81.1084,319.4,1.1,1,2018-03-27,0518,Terra,MODIS,66,6.03,303,10,D,0
29.1208,81.1033,320.9,1.1,1,2018-03-27,0518,Terra,MODIS,71,6.03,303.5,9.6,D,0
29.1223,81.0924,325.5,1.1,1,2018-03-27,0518,Terra,MODIS,78,6.03,306.4,14.7,D,0
29.0174,81.9128,321.9,1,1,2018-03-27,0518,Terra,MODIS,75,6.03,295.8,18.4,D,0
27.9565,82.4333,318.5,1,1,2018-03-27,0518,Terra,MODIS,62,6.03,306.9,6.6,D,0
27.6571,84.4706,317.1,1.1,1,2018-03-27,0518,Terra,MODIS,54,6.03,304.8,6.4,D,0
27.7981,83.77,316.3,1,1,2018-03-27,0518,Terra,MODIS,52,6.03,302.6,7.6,D,0
27.7998,83.7591,318.4,1,1,2018-03-27,0518,Terra,MODIS,49,6.03,301.9,8.8,D,0
28.0466,82.1304,316.3,1,1,2018-03-27,0518,Terra,MODIS,41,6.03,305.1,5.9,D,0
27.8121,83.7402,319.9,1,1,2018-03-27,0518,Terra,MODIS,65,6.03,302,9.9,D,0
28.3401,80.4028,323.1,1.1,1,2018-03-27,0518,Terra,MODIS,71,6.03,303.6,15.4,D,0
27.7924,84.5021,317.7,1.1,1,2018-03-27,0518,Terra,MODIS,68,6.03,301.8,10.9,D,0
28.2108,82.0798,316.2,1,1,2018-03-27,0518,Terra,MODIS,19,6.03,305.3,5.4,D,0
28.4162,80.877,321.5,1.1,1,2018-03-27,0518,Terra,MODIS,69,6.03,302.4,13.6,D,0
28.4649,80.8479,323.2,1.1,1,2018-03-27,0518,Terra,MODIS,73,6.03,302.4,15.4,D,0
27.9049,85.0898,316.8,1.2,1.1,2018-03-27,0518,Terra,MODIS,46,6.03,303.2,8.1,D,0
27.9069,85.0781,318.4,1.2,1.1,2018-03-27,0518,Terra,MODIS,60,6.03,303.8,10.3,D,0
28.0635,84.813,324.5,1.1,1.1,2018-03-27,0518,Terra,MODIS,81,6.03,302.3,16.9,D,0
28.2007,84.087,315.5,1.1,1,2018-03-27,0518,Terra,MODIS,69,6.03,299.5,8.6,D,0
28.1137,84.684,321.9,1.1,1.1,2018-03-27,0518,Terra,MODIS,77,6.03,299.9,14.3,D,0
27.5337,87.7726,305.9,3,1.6,2018-03-27,0652,Aqua,MODIS,49,6.03,289.9,31.3,D,0
27.4693,87.6855,310.9,3,1.7,2018-03-27,0652,Aqua,MODIS,71,6.03,291,45.7,D,0
27.4759,87.7161,335.5,3,1.7,2018-03-27,0652,Aqua,MODIS,90,6.03,293.4,178.8,D,0
27.5348,87.7663,305,3,1.6,2018-03-27,0652,Aqua,MODIS,49,6.03,289.5,30.2,D,0
29.5336,80.129,321.2,2.7,1.6,2018-03-27,0830,Aqua,MODIS,39,6.03,308.7,32.3,D,0
29.1167,81.0899,318.7,3.1,1.7,2018-03-27,0830,Aqua,MODIS,43,6.03,305.1,34.1,D,0
29.1167,81.0969,318.4,3.1,1.7,2018-03-27,0830,Aqua,MODIS,62,6.03,304.8,35.9,D,0
28.9614,81.4409,317.7,3.3,1.7,2018-03-27,0830,Aqua,MODIS,56,6.03,305.7,33.8,D,0
28.81,82.505,315.1,3.9,1.8,2018-03-27,0830,Aqua,MODIS,35,6.03,299.9,59,D,0
28.821,82.5067,317.8,3.9,1.8,2018-03-27,0830,Aqua,MODIS,45,6.03,300.1,75,D,0
28.5432,82.0382,319.3,3.6,1.8,2018-03-27,0830,Aqua,MODIS,52,6.03,306.1,45.1,D,0
27.5026,80.4363,322.5,2.7,1.6,2018-03-27,0830,Aqua,MODIS,63,6.03,308,37.2,D,0
27.2291,80.7607,320.4,2.8,1.6,2018-03-27,0830,Aqua,MODIS,50,6.03,308.5,29.5,D,0
27.2271,80.766,321.4,2.8,1.6,2018-03-27,0830,Aqua,MODIS,56,6.03,308.7,33.6,D,0
29.5371,80.1232,321.7,2.7,1.6,2018-03-27,0830,Aqua,MODIS,57,6.03,308.2,37.8,D,0
27.2783,87.7377,300.6,1.1,1,2018-03-27,1616,Terra,MODIS,31,6.03,289.7,5.1,N,0
27.6914,84.6852,300.1,1.5,1.2,2018-03-27,1616,Terra,MODIS,16,6.03,289.7,6.2,N,0
27.5444,84.688,303.5,1.5,1.2,2018-03-27,1616,Terra,MODIS,38,6.03,292.4,8.3,N,0
27.5338,84.6905,306.7,1.5,1.2,2018-03-27,1616,Terra,MODIS,69,6.03,292.5,11.6,N,0
27.5406,84.6947,307.4,1.5,1.2,2018-03-27,1616,Terra,MODIS,71,6.03,292.6,12.5,N,0
27.3404,84.797,324.6,1.4,1.2,2018-03-27,1616,Terra,MODIS,100,6.03,294.3,35.5,N,0
27.3429,84.8116,333,1.4,1.2,2018-03-27,1616,Terra,MODIS,100,6.03,294.9,53,N,0
27.3324,84.8139,332.8,1.4,1.2,2018-03-27,1616,Terra,MODIS,100,6.03,295.6,52,N,0
27.3193,84.8017,308.9,1.4,1.2,2018-03-27,1616,Terra,MODIS,24,6.03,293.6,11.5,N,0
27.3219,84.8162,367.7,1.4,1.2,2018-03-27,1616,Terra,MODIS,100,6.03,299.3,183.8,N,0
27.3113,84.8184,317.1,1.4,1.2,2018-03-27,1616,Terra,MODIS,94,6.03,294,22.2,N,0
27.3358,87.634,301.3,1.1,1,2018-03-27,1616,Terra,MODIS,39,6.03,285.8,6.9,N,0
28.155,83.8404,302.2,1.6,1.2,2018-03-27,1617,Terra,MODIS,47,6.03,288.2,11.8,N,0
28.1979,84.0744,301.2,1.6,1.2,2018-03-27,1617,Terra,MODIS,38,6.03,289.4,9,N,0
29.0296,81.1026,310.1,3,1.6,2018-03-28,0601,Terra,MODIS,55,6.03,295.1,27.9,D,0
29.0296,81.1107,308.6,3,1.6,2018-03-28,0601,Terra,MODIS,28,6.03,295.4,20.2,D,0
26.8034,86.822,319,1,1,2018-03-28,0734,Aqua,MODIS,61,6.03,302.3,7.5,D,0
27.2112,85.0597,317.6,1,1,2018-03-28,0734,Aqua,MODIS,50,6.03,302.1,6.5,D,0
26.5881,81.6642,324.6,1.5,1.2,2018-03-28,0734,Aqua,MODIS,65,6.03,312.4,15.6,D,0
27.1683,85.8259,314.8,1,1,2018-03-28,0734,Aqua,MODIS,36,6.03,299.7,4.7,D,0
27.3737,87.5681,326.2,1,1,2018-03-28,0734,Aqua,MODIS,81,6.03,295.4,20.4,D,0
27.3751,87.5788,312.8,1,1,2018-03-28,0734,Aqua,MODIS,42,6.03,295.5,6.2,D,0
26.963,85.4957,321.9,1,1,2018-03-28,0734,Aqua,MODIS,65,6.03,304,7.4,D,0
27.2777,87.7371,318.7,1.1,1,2018-03-28,0734,Aqua,MODIS,72,6.03,302.3,9.2,D,0
27.2791,87.7476,319.7,1.1,1,2018-03-28,0734,Aqua,MODIS,74,6.03,300.9,10.6,D,0
26.9253,86.3792,319.4,1,1,2018-03-28,0734,Aqua,MODIS,33,6.03,301.9,5.3,D,0
27.0479,87.5319,333.2,1,1,2018-03-28,0734,Aqua,MODIS,85,6.03,304.3,22.3,D,0
27.0493,87.5424,322.6,1,1,2018-03-28,0734,Aqua,MODIS,44,6.03,303.4,8.4,D,0
27.0402,87.5439,325.1,1,1,2018-03-28,0734,Aqua,MODIS,77,6.03,305.3,11.4,D,0
27.0416,87.5539,322.8,1,1,2018-03-28,0734,Aqua,MODIS,57,6.03,304.9,8.8,D,0
27.9405,85.9419,313.2,1,1,2018-03-28,0734,Aqua,MODIS,57,6.03,290.3,8.5,D,0
27.7136,84.6612,318,1,1,2018-03-28,0734,Aqua,MODIS,59,6.03,299.1,9.9,D,0
27.5312,84.3732,319.4,1.1,1,2018-03-28,0734,Aqua,MODIS,67,6.03,300.5,10,D,0
27.3749,83.5679,316.3,1.1,1.1,2018-03-28,0734,Aqua,MODIS,40,6.03,302,7.2,D,0
27.5225,84.5596,314.2,1.1,1,2018-03-28,0734,Aqua,MODIS,47,6.03,298.2,5.7,D,0
27.5344,84.697,323.4,1,1,2018-03-28,0734,Aqua,MODIS,75,6.03,301.3,12.9,D,0
27.4881,84.4589,312.9,1.1,1,2018-03-28,0734,Aqua,MODIS,36,6.03,298.4,5.9,D,0
27.5211,84.7318,322.3,1,1,2018-03-28,0734,Aqua,MODIS,47,6.03,299.2,11.4,D,0
27.3183,83.5511,322.9,1.1,1.1,2018-03-28,0734,Aqua,MODIS,70,6.03,300.8,16,D,0
27.2408,83.4367,317.4,1.2,1.1,2018-03-28,0734,Aqua,MODIS,50,6.03,303.5,7,D,0
27.3422,84.4667,317.2,1.1,1,2018-03-28,0734,Aqua,MODIS,58,6.03,301.2,7.8,D,0
27.3337,84.5333,318.3,1.1,1,2018-03-28,0734,Aqua,MODIS,31,6.03,302.2,6.5,D,0
27.3452,84.7891,332.8,1,1,2018-03-28,0734,Aqua,MODIS,83,6.03,301.3,25.4,D,0
27.3177,84.79,320,1,1,2018-03-28,0734,Aqua,MODIS,61,6.03,300.6,7.5,D,0
27.3193,84.8004,322.8,1,1,2018-03-28,0734,Aqua,MODIS,71,6.03,300.8,10.7,D,0
27.3028,84.8143,325.5,1,1,2018-03-28,0734,Aqua,MODIS,75,6.03,300.8,13.2,D,0
27.3044,84.8247,328,1,1,2018-03-28,0734,Aqua,MODIS,78,6.03,301.3,16.6,D,0
27.2661,84.7573,317.2,1,1,2018-03-28,0734,Aqua,MODIS,36,6.03,300,5.6,D,0
27.2914,84.9227,316.6,1,1,2018-03-28,0734,Aqua,MODIS,54,6.03,300.3,6.7,D,0
27.2554,84.7487,323.3,1,1,2018-03-28,0734,Aqua,MODIS,71,6.03,300.7,12.4,D,0
27.257,84.759,331.2,1,1,2018-03-28,0734,Aqua,MODIS,81,6.03,300.9,22.1,D,0
27.2345,84.9076,318.6,1,1,2018-03-28,0734,Aqua,MODIS,57,6.03,301.1,6.9,D,0
27.2034,85.0086,317.8,1,1,2018-03-28,0734,Aqua,MODIS,54,6.03,301.9,6,D,0
29.4671,80.327,319.2,1.6,1.2,2018-03-28,0735,Aqua,MODIS,70,6.03,306.4,16.2,D,0
29.0254,81.0997,314.1,1.5,1.2,2018-03-28,0735,Aqua,MODIS,61,6.03,298.6,11.7,D,0
28.7753,80.4198,316,1.6,1.3,2018-03-28,0735,Aqua,MODIS,47,6.03,304.6,9.5,D,0
28.6435,80.7133,316.9,1.6,1.2,2018-03-28,0735,Aqua,MODIS,51,6.03,304,10.2,D,0
28.4526,84.9115,309,1,1,2018-03-28,0735,Aqua,MODIS,27,6.03,290.4,6,D,0
28.1023,83.7883,317.2,1.1,1,2018-03-28,0735,Aqua,MODIS,61,6.03,299.6,10.9,D,0
27.71,82.5481,317.6,1.3,1.1,2018-03-28,0735,Aqua,MODIS,25,6.03,301.8,9.4,D,0
27.7103,82.5546,319,1.3,1.1,2018-03-28,0735,Aqua,MODIS,40,6.03,301.5,9.7,D,0
27.818,83.209,314.1,1.2,1.1,2018-03-28,0735,Aqua,MODIS,38,6.03,299,8.2,D,0
27.5874,82.6752,318.7,1.3,1.1,2018-03-28,0735,Aqua,MODIS,47,6.03,303.6,7.3,D,0
27.5895,82.6877,319.7,1.3,1.1,2018-03-28,0735,Aqua,MODIS,56,6.03,302.3,8.7,D,0
27.8272,84.8037,316.7,1,1,2018-03-28,0735,Aqua,MODIS,56,6.03,301.4,5.3,D,0
29.4574,80.2756,317.7,1.6,1.2,2018-03-28,0735,Aqua,MODIS,59,6.03,305.8,13,D,0
29.1065,81.1191,303.6,1.2,1.1,2018-03-28,1700,Terra,MODIS,52,6.03,292.5,5.9,N,0
28.8981,80.7254,301.9,1.2,1.1,2018-03-28,1700,Terra,MODIS,44,6.03,289.5,5.7,N,0
28.8837,81.2885,301,1.2,1.1,2018-03-28,1700,Terra,MODIS,34,6.03,287.7,5.7,N,0
28.7245,81.7488,300.1,1.3,1.1,2018-03-28,1700,Terra,MODIS,18,6.03,288.1,6.9,N,0
29.1069,81.1181,317.6,1.5,1.2,2018-03-29,0505,Terra,MODIS,42,6.03,303.9,11,D,0
29.1086,81.1031,318.5,1.5,1.2,2018-03-29,0505,Terra,MODIS,61,6.03,303.8,11.4,D,0
27.3172,84.9132,318.8,1,1,2018-03-29,0506,Terra,MODIS,64,6.03,300.5,7.7,D,0
27.4188,84.4617,315.6,1,1,2018-03-29,0506,Terra,MODIS,37,6.03,300.8,5.7,D,0
27.4249,84.4836,316.2,1,1,2018-03-29,0506,Terra,MODIS,34,6.03,301.5,6.5,D,0
27.4461,84.5292,314.9,1,1,2018-03-29,0506,Terra,MODIS,53,6.03,298.5,7.1,D,0
27.4929,84.328,326.3,1,1,2018-03-29,0506,Terra,MODIS,77,6.03,300.5,15.7,D,0
27.5287,84.2671,317.2,1,1,2018-03-29,0506,Terra,MODIS,64,6.03,299.8,8.3,D,0
27.5301,84.2568,317.6,1,1,2018-03-29,0506,Terra,MODIS,63,6.03,299.7,8.4,D,0
27.3906,85.359,316.5,1,1,2018-03-29,0506,Terra,MODIS,38,6.03,299.8,7.7,D,0
27.3495,84.4956,319.3,1,1,2018-03-29,0506,Terra,MODIS,56,6.03,301,8.6,D,0
27.0442,87.6343,318.5,1.1,1.1,2018-03-29,0506,Terra,MODIS,72,6.03,299.5,12.4,D,0
27.0461,87.623,322.4,1.1,1.1,2018-03-29,0506,Terra,MODIS,77,6.03,301.3,16.5,D,0
27.6213,83.9323,313.2,1,1,2018-03-29,0506,Terra,MODIS,28,6.03,298.9,4.8,D,0
27.6323,83.9878,325.8,1,1,2018-03-29,0506,Terra,MODIS,77,6.03,299.3,17.2,D,0
27.6338,83.9774,321.6,1,1,2018-03-29,0506,Terra,MODIS,71,6.03,298.6,12.5,D,0
27.7114,84.3428,318.7,1,1,2018-03-29,0506,Terra,MODIS,52,6.03,299.4,9.3,D,0
27.7128,84.3327,316.3,1,1,2018-03-29,0506,Terra,MODIS,15,6.03,299.2,7.4,D,0
27.9487,82.5422,318.6,1.2,1.1,2018-03-29,0506,Terra,MODIS,64,6.03,303.7,9.1,D,0
28.2319,80.3918,323.1,1.6,1.2,2018-03-29,0506,Terra,MODIS,71,6.03,303.1,27,D,0
28.3573,81.0943,314.5,1.4,1.2,2018-03-29,0506,Terra,MODIS,22,6.03,300.4,10,D,0
28.7284,81.7346,316.2,1.3,1.1,2018-03-29,0506,Terra,MODIS,66,6.03,302.3,11.8,D,0
29.0341,81.1835,317.2,1.5,1.2,2018-03-29,0506,Terra,MODIS,66,6.03,304.7,11.8,D,0
27.4908,84.6677,321.1,1,1,2018-03-29,0506,Terra,MODIS,72,6.03,298.1,12.7,D,0
27.3157,84.9232,317.5,1,1,2018-03-29,0506,Terra,MODIS,55,6.03,300.6,6.9,D,0
26.9057,87.0729,314.7,1.1,1,2018-03-29,0506,Terra,MODIS,39,6.03,298.2,8,D,0
26.8156,86.8204,316.1,1.1,1,2018-03-29,0506,Terra,MODIS,42,6.03,298.7,7.1,D,0
27.0958,85.2969,320.3,1,1,2018-03-29,0506,Terra,MODIS,66,6.03,302.8,8.8,D,0
27.3337,83.6055,317.1,1.1,1,2018-03-29,0506,Terra,MODIS,51,6.03,299.5,9.6,D,0
27.1887,85.0375,317.6,1,1,2018-03-29,0506,Terra,MODIS,27,6.03,301.4,5.8,D,0
27.2495,84.6166,322.2,1,1,2018-03-29,0506,Terra,MODIS,69,6.03,303.8,8.6,D,0
27.3673,83.7736,317.6,1.1,1,2018-03-29,0506,Terra,MODIS,54,6.03,301.8,5.5,D,0
27.2051,85.0507,318.2,1,1,2018-03-29,0506,Terra,MODIS,55,6.03,300.5,6.7,D,0
27.2066,85.0407,317.9,1,1,2018-03-29,0506,Terra,MODIS,39,6.03,301.8,6.3,D,0
27.2792,84.7315,316.3,1,1,2018-03-29,0506,Terra,MODIS,44,6.03,300.8,5.4,D,0
27.3444,84.401,315.4,1,1,2018-03-29,0506,Terra,MODIS,46,6.03,300.4,5.3,D,0
27.3487,84.3705,316,1,1,2018-03-29,0506,Terra,MODIS,37,6.03,300.6,5.8,D,0
27.3577,84.3721,317.4,1,1,2018-03-29,0506,Terra,MODIS,38,6.03,300.7,7.5,D,0
27.3481,84.5057,320.7,1,1,2018-03-29,0506,Terra,MODIS,58,6.03,301.9,9.5,D,0
28.0819,82.6448,319.8,2.3,1.5,2018-03-29,0818,Aqua,MODIS,64,6.03,298.6,37.8,D,0
27.9397,82.3741,320.3,2.2,1.4,2018-03-29,0818,Aqua,MODIS,64,6.03,300.3,25.6,D,0
27.9423,82.3782,323.1,2.2,1.4,2018-03-29,0818,Aqua,MODIS,70,6.03,298.7,31,D,0
29.1975,81.1268,323.3,1.9,1.3,2018-03-29,0818,Aqua,MODIS,76,6.03,302.6,29.7,D,0
28.8684,81.3538,323.4,1.9,1.4,2018-03-29,0818,Aqua,MODIS,75,6.03,302.5,32.9,D,0
28.5545,82.0095,324.7,2.1,1.4,2018-03-29,0818,Aqua,MODIS,67,6.03,308,33,D,0
29.1477,81.1556,305.1,1,1,2018-03-29,2024,Aqua,MODIS,33,6.03,287.5,7,N,0
27.7073,84.3389,305.5,1.1,1,2018-03-29,2024,Aqua,MODIS,52,6.03,292.7,6.3,N,0
28.415,80.3412,313.8,1.7,1.3,2018-03-30,0549,Terra,MODIS,46,6.03,299.8,9.7,D,0
26.9535,85.9368,316,4.4,1.9,2018-03-30,0549,Terra,MODIS,53,6.03,300.3,50.6,D,0
28.3356,80.4577,317.5,1.7,1.3,2018-03-30,0549,Terra,MODIS,59,6.03,301.8,15.9,D,0
27.8391,81.7079,320.6,2.3,1.5,2018-03-30,0722,Aqua,MODIS,63,6.03,300.9,26.5,D,0
27.0232,85.6782,326,1.3,1.1,2018-03-30,0722,Aqua,MODIS,76,6.03,307.1,15.3,D,0
26.966,85.944,326.1,1.3,1.1,2018-03-30,0722,Aqua,MODIS,48,6.03,309.1,13.3,D,0
27.1016,87.1002,319.8,1.1,1,2018-03-30,0722,Aqua,MODIS,64,6.03,303.5,11.5,D,0
27.1035,87.1124,314.6,1.1,1,2018-03-30,0722,Aqua,MODIS,26,6.03,300.8,5.8,D,0
26.6,84.4516,322.7,1.6,1.2,2018-03-30,0722,Aqua,MODIS,58,6.03,305.7,15.5,D,0
26.8301,86.6814,323.5,1.2,1.1,2018-03-30,0722,Aqua,MODIS,74,6.03,299.5,17.6,D,0
26.9561,85.946,328.3,1.3,1.1,2018-03-30,0722,Aqua,MODIS,40,6.03,309.4,15.8,D,0
27.8373,81.7012,317,2.3,1.5,2018-03-30,0722,Aqua,MODIS,40,6.03,300.9,17.5,D,0
27.8418,81.7234,317.5,2.2,1.5,2018-03-30,0722,Aqua,MODIS,46,6.03,301.2,18.5,D,0
28.3759,80.4039,328.2,2.7,1.6,2018-03-30,0723,Aqua,MODIS,74,6.03,299.6,77.1,D,0
28.3719,80.4097,325.9,2.7,1.6,2018-03-30,0723,Aqua,MODIS,75,6.03,299.8,67.6,D,0
28.3664,80.383,317.2,2.7,1.6,2018-03-30,0723,Aqua,MODIS,55,6.03,300.3,32.6,D,0
26.9359,84.2091,321.6,1.8,1.3,2018-03-31,0805,Aqua,MODIS,62,6.03,302.1,20,D,0
29.1601,81.1705,326.1,1.2,1.1,2018-03-31,0806,Aqua,MODIS,62,6.03,299.7,23.2,D,0
28.9787,80.0201,317.2,1.1,1,2018-03-31,0806,Aqua,MODIS,25,6.03,303.9,5.6,D,0
28.8327,80.2391,321.4,1.1,1,2018-03-31,0806,Aqua,MODIS,21,6.03,305.9,9.8,D,0
28.7891,80.3219,325,1.1,1.1,2018-03-31,0806,Aqua,MODIS,66,6.03,303.9,13.7,D,0
28.8341,80.2504,322.9,1.1,1,2018-03-31,0806,Aqua,MODIS,45,6.03,305.2,11.8,D,0
28.7782,80.3122,320.2,1.1,1.1,2018-03-31,0806,Aqua,MODIS,55,6.03,303.3,8.4,D,0
28.7797,80.3235,324.6,1.1,1.1,2018-03-31,0806,Aqua,MODIS,71,6.03,303.8,13.5,D,0
28.7955,80.4485,323.9,1.1,1.1,2018-03-31,0806,Aqua,MODIS,69,6.03,303.8,13.1,D,0
28.7723,80.4173,320.9,1.1,1.1,2018-03-31,0806,Aqua,MODIS,38,6.03,305.5,8.5,D,0
28.8074,80.7785,316.4,1.2,1.1,2018-03-31,0806,Aqua,MODIS,52,6.03,303.1,5.7,D,0
29.4579,80.1113,319.2,1.1,1.1,2018-03-31,0806,Aqua,MODIS,60,6.03,306.1,9.5,D,0
29.4523,80.2198,325.7,1.1,1.1,2018-03-31,0806,Aqua,MODIS,74,6.03,309.7,13.6,D,0
29.1587,81.1584,331.9,1.2,1.1,2018-03-31,0806,Aqua,MODIS,78,6.03,302.8,32.9,D,0
28.1465,81.9588,304.6,1.3,1.1,2018-03-31,2012,Aqua,MODIS,61,6.03,288.5,9,N,0
28.145,81.9712,308.4,1.3,1.1,2018-03-31,2012,Aqua,MODIS,74,6.03,288.2,12.4,N,0
27.6511,82.48,315.3,1.5,1.2,2018-04-01,0536,Terra,MODIS,43,6.03,300.5,10,D,0
27.6531,82.4869,315.1,1.5,1.2,2018-04-01,0536,Terra,MODIS,46,6.03,300.5,9.4,D,0
27.8361,81.7153,316,1.4,1.2,2018-04-01,0536,Terra,MODIS,52,6.03,301.4,8.8,D,0
27.6463,83.0812,313.4,1.7,1.3,2018-04-01,0536,Terra,MODIS,47,6.03,298.8,10.2,D,0
28.4305,80.9011,321.3,1.2,1.1,2018-04-01,0536,Terra,MODIS,72,6.03,299.7,16.6,D,0
28.4325,80.8891,313.3,1.2,1.1,2018-04-01,0536,Terra,MODIS,49,6.03,299.7,7.8,D,0
28.5399,80.685,314.3,1.2,1.1,2018-04-01,0536,Terra,MODIS,49,6.03,299.7,7.5,D,0
28.468,81.9944,315.6,1.4,1.2,2018-04-01,0536,Terra,MODIS,60,6.03,300,10.8,D,0
28.7528,81.5403,309.7,1.3,1.1,2018-04-01,0536,Terra,MODIS,41,6.03,297.3,6.2,D,0
29.0612,81.065,311.2,1.2,1.1,2018-04-01,0536,Terra,MODIS,60,6.03,298.4,7.1,D,0
29.0884,81.2131,309.2,1.2,1.1,2018-04-01,0536,Terra,MODIS,31,6.03,296.2,6.9,D,0
27.5257,84.6499,315.8,2.3,1.5,2018-04-01,0710,Aqua,MODIS,56,6.03,297.3,21.9,D,0
27.1109,85.2999,320.2,2.2,1.4,2018-04-01,0710,Aqua,MODIS,70,6.03,299.2,29.4,D,0
28.5376,80.5914,310.1,4.2,1.9,2018-04-01,0711,Aqua,MODIS,30,6.03,295.7,29.2,D,0
29.1899,81.1383,313.2,3.7,1.8,2018-04-01,0711,Aqua,MODIS,69,6.03,294.3,40.8,D,0
29.0798,81.2141,308.5,3.7,1.8,2018-04-01,0711,Aqua,MODIS,40,6.03,293.5,29.5,D,0
28.5408,80.5866,311.3,4.2,1.9,2018-04-01,0711,Aqua,MODIS,51,6.03,295.6,36.9,D,0
27.5471,84.638,312.6,1,1,2018-04-01,1635,Terra,MODIS,72,6.03,292.9,10.1,N,0
27.5368,84.6297,307,1,1,2018-04-01,1635,Terra,MODIS,70,6.03,292.5,6.7,N,0
27.5382,84.6397,303.6,1,1,2018-04-01,1635,Terra,MODIS,56,6.03,292.6,4.7,N,0
27.5396,84.6497,305.7,1,1,2018-04-01,1635,Terra,MODIS,65,6.03,292.1,5.7,N,0
27.5131,84.6603,308.3,1,1,2018-04-01,1635,Terra,MODIS,62,6.03,292.1,6.9,N,0
27.3604,85.4106,305.7,1,1,2018-04-01,1635,Terra,MODIS,65,6.03,292,5.9,N,0
27.3063,85.2196,302.1,1,1,2018-04-01,1635,Terra,MODIS,46,6.03,291.6,4.4,N,0
27.2764,85.8768,303.6,1,1,2018-04-01,1635,Terra,MODIS,56,6.03,289.2,5.8,N,0
29.4018,80.2545,301.9,1.3,1.1,2018-04-01,1635,Terra,MODIS,45,6.03,291.7,7,N,0
29.3219,80.7495,302.3,1.2,1.1,2018-04-01,1635,Terra,MODIS,48,6.03,290.3,6.5,N,0
29.3196,80.7427,301.2,1.2,1.1,2018-04-01,1635,Terra,MODIS,39,6.03,290.4,5.7,N,0
29.1106,81.082,307.7,1.2,1.1,2018-04-01,1635,Terra,MODIS,72,6.03,291.8,9.6,N,0
29.1009,81.0837,310,1.2,1.1,2018-04-01,1635,Terra,MODIS,53,6.03,292.3,11,N,0
29.0974,81.078,301.9,1.2,1.1,2018-04-01,1635,Terra,MODIS,4,6.03,291.8,4.9,N,0
29.0994,81.0901,302.8,1.2,1.1,2018-04-01,1635,Terra,MODIS,18,6.03,292.1,5.3,N,0
28.8854,81.3374,302.1,1.2,1.1,2018-04-01,1635,Terra,MODIS,46,6.03,290,6.4,N,0
28.4023,81.414,310.7,1.2,1.1,2018-04-01,1635,Terra,MODIS,81,6.03,295.2,11.6,N,0
27.6223,84.7167,304.5,1,1,2018-04-01,1635,Terra,MODIS,61,6.03,291.7,5.6,N,0
27.5457,84.628,314.4,1,1,2018-04-01,1635,Terra,MODIS,89,6.03,292.7,11.6,N,0
27.5192,84.658,316.7,2.1,1.4,2018-04-02,0441,Terra,MODIS,60,6.03,297.5,23,D,0
27.5193,84.6648,316.6,2.1,1.4,2018-04-02,0441,Terra,MODIS,63,6.03,297.3,22.5,D,0
27.9619,81.2075,317.1,3.8,1.8,2018-04-02,0441,Terra,MODIS,62,6.03,297.6,44.4,D,0
29.1037,81.1045,313.1,3.9,1.8,2018-04-02,0441,Terra,MODIS,29,6.03,296.4,40.2,D,0
27.0037,86.7795,326,1.5,1.2,2018-04-02,0441,Terra,MODIS,77,6.03,302,24.4,D,0
26.5583,84.5195,328.2,1.2,1.1,2018-04-02,0753,Aqua,MODIS,72,6.03,306.6,15.8,D,0
26.9982,86.7758,322.3,1.6,1.3,2018-04-02,0753,Aqua,MODIS,62,6.03,305.3,16.5,D,0
26.6669,84.4122,322.2,1.2,1.1,2018-04-02,0753,Aqua,MODIS,47,6.03,306.2,8,D,0
29.1155,81.0724,324,1,1,2018-04-02,0753,Aqua,MODIS,39,6.03,302,10.4,D,0
29.1066,81.0741,326,1,1,2018-04-02,0753,Aqua,MODIS,30,6.03,303,11.9,D,0
29.108,81.0842,324.8,1,1,2018-04-02,0753,Aqua,MODIS,32,6.03,303.6,10.4,D,0
29.0988,81.0926,326.5,1,1,2018-04-02,0753,Aqua,MODIS,37,6.03,303.6,10.9,D,0
29.0855,81.0638,329.3,1,1,2018-04-02,0753,Aqua,MODIS,81,6.03,300.5,18.5,D,0
28.8603,80.2128,321.2,1,1,2018-04-02,0753,Aqua,MODIS,35,6.03,304.9,7.2,D,0
29.1682,83.9761,324.5,1.2,1.1,2018-04-02,0753,Aqua,MODIS,75,6.03,310,9.8,D,0
28.3776,80.7517,327.8,1,1,2018-04-02,0753,Aqua,MODIS,73,6.03,302.4,15.4,D,0
28.3687,80.7534,320.4,1,1,2018-04-02,0753,Aqua,MODIS,47,6.03,301.9,7.8,D,0
28.3225,80.8207,326.5,1,1,2018-04-02,0753,Aqua,MODIS,71,6.03,310.7,9.4,D,0
28.2451,81.8927,319,1,1,2018-04-02,0753,Aqua,MODIS,46,6.03,298.9,8.9,D,0
28.1451,82.2363,329.2,1,1,2018-04-02,0753,Aqua,MODIS,77,6.03,306.3,13.6,D,0
27.9999,81.3294,326.8,1,1,2018-04-02,0753,Aqua,MODIS,70,6.03,306.4,11.3,D,0
28.0014,81.3394,321.3,1,1,2018-04-02,0753,Aqua,MODIS,40,6.03,306,5.5,D,0
27.8963,82.4983,321.7,1,1,2018-04-02,0753,Aqua,MODIS,61,6.03,307.4,8.5,D,0
27.8605,82.852,321,1,1,2018-04-02,0753,Aqua,MODIS,59,6.03,306.5,8.5,D,0
28.0452,84.3717,316.2,1.2,1.1,2018-04-02,0753,Aqua,MODIS,53,6.03,302.6,6.6,D,0
27.6527,83.8883,319.4,1.1,1.1,2018-04-02,0753,Aqua,MODIS,29,6.03,304.4,6.2,D,0
27.5825,83.9883,333.3,1.1,1.1,2018-04-02,0753,Aqua,MODIS,81,6.03,306.2,23.7,D,0
27.5172,84.2778,323.5,1.2,1.1,2018-04-02,0753,Aqua,MODIS,67,6.03,304.9,13.7,D,0
27.5384,84.6381,318.1,1.2,1.1,2018-04-02,0753,Aqua,MODIS,47,6.03,303.9,8.3,D,0
27.5399,84.6504,319.6,1.2,1.1,2018-04-02,0753,Aqua,MODIS,53,6.03,303.1,10,D,0
27.5195,84.5658,318.4,1.2,1.1,2018-04-02,0753,Aqua,MODIS,45,6.03,303.6,7.9,D,0
27.521,84.5781,317.9,1.2,1.1,2018-04-02,0753,Aqua,MODIS,45,6.03,303.7,7.4,D,0
27.5201,84.6532,327.4,1.2,1.1,2018-04-02,0753,Aqua,MODIS,75,6.03,304.1,18.7,D,0
27.5216,84.6656,325.1,1.2,1.1,2018-04-02,0753,Aqua,MODIS,71,6.03,302.5,14.6,D,0
27.5117,84.667,319.2,1.2,1.1,2018-04-02,0753,Aqua,MODIS,53,6.03,302.4,8.3,D,0
27.332,83.6443,335,1.1,1,2018-04-02,0753,Aqua,MODIS,82,6.03,304.6,27.8,D,0
27.2177,82.919,327.2,1,1,2018-04-02,0753,Aqua,MODIS,70,6.03,307.2,11.8,D,0
27.2191,82.9294,322.9,1,1,2018-04-02,0753,Aqua,MODIS,57,6.03,307.4,6.7,D,0
27.3241,84.5468,320.6,1.2,1.1,2018-04-02,0753,Aqua,MODIS,44,6.03,304,6.2,D,0
27.2316,84.8678,328.3,1.3,1.1,2018-04-02,0753,Aqua,MODIS,74,6.03,305.5,17.4,D,0
27.0649,86.0068,321.7,1.5,1.2,2018-04-02,0753,Aqua,MODIS,63,6.03,303.6,13.3,D,0
27.0665,86.0218,321,1.5,1.2,2018-04-02,0753,Aqua,MODIS,56,6.03,304.6,12.5,D,0
27.0619,86.0129,329.6,1.5,1.2,2018-04-02,0753,Aqua,MODIS,77,6.03,304.7,29.2,D,0
27.0025,85.7756,340.1,1.4,1.2,2018-04-02,0753,Aqua,MODIS,87,6.03,306.9,48.1,D,0
27.0129,86.8064,321.4,1.6,1.3,2018-04-02,0753,Aqua,MODIS,54,6.03,303.2,15.3,D,0
27.0146,86.8227,322.4,1.6,1.3,2018-04-02,0753,Aqua,MODIS,68,6.03,303.8,18.8,D,0
29.1186,81.0578,300.6,2.4,1.5,2018-04-02,1718,Terra,MODIS,7,6.03,289.9,13.4,N,0
27.4882,83.9199,305.4,1.5,1.2,2018-04-02,1959,Aqua,MODIS,64,6.03,293.1,9.6,N,0
26.8282,86.6841,303.2,1.1,1,2018-04-02,2000,Aqua,MODIS,53,6.03,292.7,4.9,N,0
28.7032,82.284,316.3,1,1,2018-04-03,0524,Terra,MODIS,66,6.03,296.2,8.2,D,0
28.8742,80.2101,348.4,1,1,2018-04-03,0524,Terra,MODIS,94,6.03,303.2,51.2,D,0
28.8756,80.1998,322.7,1,1,2018-04-03,0524,Terra,MODIS,68,6.03,300.8,10.9,D,0
27.1435,82.5019,328.8,1.1,1,2018-04-03,0524,Terra,MODIS,76,6.03,306.9,15.9,D,0
27.6756,80.2186,322.9,1,1,2018-04-03,0524,Terra,MODIS,65,6.03,304.3,8.8,D,0
26.9749,86.216,325.9,1.7,1.3,2018-04-03,0524,Terra,MODIS,71,6.03,302.2,29.3,D,0
27.64,82.4661,321.1,1.1,1,2018-04-03,0524,Terra,MODIS,51,6.03,304.2,10,D,0
27.6536,82.4861,328.9,1.1,1,2018-04-03,0524,Terra,MODIS,53,6.03,306.5,15.7,D,0
27.0692,86.0177,322.9,1.7,1.3,2018-04-03,0524,Terra,MODIS,71,6.03,303.5,24,D,0
27.2104,85.8198,316.7,1.6,1.2,2018-04-03,0524,Terra,MODIS,57,6.03,302.5,13.4,D,0
27.2133,85.8041,320.1,1.6,1.2,2018-04-03,0524,Terra,MODIS,69,6.03,302.3,18.8,D,0
27.9192,82.5019,316.6,1.1,1,2018-04-03,0524,Terra,MODIS,32,6.03,301.1,5.4,D,0
28.1462,81.0381,321.8,1,1,2018-04-03,0524,Terra,MODIS,61,6.03,304.1,6.4,D,0
28.6675,80.1082,324.2,1,1,2018-04-03,0524,Terra,MODIS,75,6.03,301.7,13.6,D,0
26.5249,84.4733,322.9,1.4,1.2,2018-04-03,0525,Terra,MODIS,58,6.03,306.1,13.8,D,0
27.35,84.4132,307.1,1.2,1.1,2018-04-03,1623,Terra,MODIS,70,6.03,294.9,7.5,N,0
29.1133,80.3161,300.6,1.1,1.1,2018-04-03,2042,Aqua,MODIS,24,6.03,290.2,4.4,N,0
27.1385,85.1484,327.1,1,1,2018-04-04,0740,Aqua,MODIS,71,6.03,305,13,D,0
27.1284,85.2737,320,1,1,2018-04-04,0740,Aqua,MODIS,32,6.03,303.9,5.7,D,0
26.9093,84.1938,347,1,1,2018-04-04,0740,Aqua,MODIS,0,6.03,309.4,39.2,D,0
26.8698,86.5,323.8,1.1,1,2018-04-04,0740,Aqua,MODIS,29,6.03,304.8,9.4,D,0
26.9108,84.2038,350.4,1,1,2018-04-04,0740,Aqua,MODIS,0,6.03,313,46.7,D,0
27.108,85.6677,330.7,1,1,2018-04-04,0740,Aqua,MODIS,58,6.03,304.9,15.1,D,0
26.9781,86.3344,325.9,1.1,1,2018-04-04,0740,Aqua,MODIS,56,6.03,305.3,10.5,D,0
26.9235,86.4191,324.3,1.1,1,2018-04-04,0740,Aqua,MODIS,38,6.03,305.1,8.9,D,0
26.8803,86.5084,324.5,1.1,1,2018-04-04,0740,Aqua,MODIS,42,6.03,302.4,10.8,D,0
27.2871,85.2298,321.2,1,1,2018-04-04,0740,Aqua,MODIS,46,6.03,305.2,7.6,D,0
26.8711,86.5105,324.6,1.1,1,2018-04-04,0740,Aqua,MODIS,33,6.03,303.9,10.6,D,0
26.7589,86.8406,337.3,1.1,1,2018-04-04,0740,Aqua,MODIS,84,6.03,306.9,25.3,D,0
26.8276,87.6159,327.5,1.2,1.1,2018-04-04,0740,Aqua,MODIS,46,6.03,295.8,25.7,D,0
27.5409,84.6765,320.2,1,1,2018-04-04,0741,Aqua,MODIS,36,6.03,300.8,7.7,D,0
27.5178,84.5781,337.3,1,1,2018-04-04,0741,Aqua,MODIS,85,6.03,303.5,29.4,D,0
27.5192,84.5881,336.3,1,1,2018-04-04,0741,Aqua,MODIS,85,6.03,301.1,27.8,D,0
27.5089,84.5798,330,1,1,2018-04-04,0741,Aqua,MODIS,78,6.03,301.5,20.4,D,0
27.5103,84.5898,329,1,1,2018-04-04,0741,Aqua,MODIS,77,6.03,296.4,18.7,D,0
27.3211,83.609,321.7,1,1,2018-04-04,0741,Aqua,MODIS,45,6.03,302.6,9.4,D,0
27.3121,83.6107,321.8,1,1,2018-04-04,0741,Aqua,MODIS,41,6.03,302.3,8.7,D,0
28.4051,80.3828,318.4,1.3,1.1,2018-04-04,0741,Aqua,MODIS,44,6.03,302.4,9.1,D,0
28.4075,80.3961,323.2,1.3,1.1,2018-04-04,0741,Aqua,MODIS,66,6.03,302.4,16,D,0
27.7277,82.7662,326.1,1.1,1,2018-04-04,0741,Aqua,MODIS,71,6.03,305,13.9,D,0
27.6792,83.5368,322.9,1,1,2018-04-04,0741,Aqua,MODIS,42,6.03,298.2,11.2,D,0
27.6496,84.1511,327.8,1,1,2018-04-04,0741,Aqua,MODIS,72,6.03,301.2,13,D,0
27.6511,84.1611,335.7,1,1,2018-04-04,0741,Aqua,MODIS,79,6.03,301.9,23.7,D,0
27.6068,83.9837,319.3,1,1,2018-04-04,0741,Aqua,MODIS,43,6.03,301.5,6.5,D,0
27.5904,83.9351,328.1,1,1,2018-04-04,0741,Aqua,MODIS,70,6.03,300.9,14.9,D,0
27.6036,84.1493,322.9,1,1,2018-04-04,0741,Aqua,MODIS,38,6.03,301.5,10.1,D,0
27.6852,83.5147,323.7,1,1,2018-04-04,0741,Aqua,MODIS,45,6.03,300.5,11.3,D,0
27.5929,84.4552,332.8,1,1,2018-04-04,0741,Aqua,MODIS,81,6.03,301.7,22.4,D,0
27.5313,84.2817,328.2,1,1,2018-04-04,0741,Aqua,MODIS,69,6.03,301.9,16.1,D,0
27.5327,84.2917,354.6,1,1,2018-04-04,0741,Aqua,MODIS,97,6.03,304.7,61.9,D,0
27.5342,84.3017,342.1,1,1,2018-04-04,0741,Aqua,MODIS,89,6.03,300.8,36.8,D,0
27.2698,82.6124,322,1.1,1,2018-04-04,0741,Aqua,MODIS,49,6.03,306.2,7.1,D,0
27.2714,82.6232,322.7,1.1,1,2018-04-04,0741,Aqua,MODIS,56,6.03,306.9,7.9,D,0
27.5117,84.2816,331.7,1,1,2018-04-04,0741,Aqua,MODIS,79,6.03,302.7,20.1,D,0
27.5131,84.2916,323.5,1,1,2018-04-04,0741,Aqua,MODIS,48,6.03,303.8,9.3,D,0
27.5473,84.5933,330.3,1,1,2018-04-04,0741,Aqua,MODIS,78,6.03,300.3,19,D,0
27.4968,84.3049,320.9,1,1,2018-04-04,0741,Aqua,MODIS,41,6.03,302,6.9,D,0
27.3732,83.5304,334.8,1,1,2018-04-04,0741,Aqua,MODIS,82,6.03,303,24.9,D,0
27.3747,83.5406,322.8,1,1,2018-04-04,0741,Aqua,MODIS,58,6.03,301.8,10.1,D,0
28.4212,80.2987,307.5,1.3,1.1,2018-04-04,1706,Terra,MODIS,71,6.03,291.5,11.5,N,0
26.8359,86.6717,302.4,1.5,1.2,2018-04-04,1947,Aqua,MODIS,49,6.03,290.9,8.6,N,0
28.2327,80.3166,318.1,1.3,1.1,2018-04-05,0512,Terra,MODIS,56,6.03,301.9,8.6,D,0
28.2343,80.3035,323,1.3,1.1,2018-04-05,0512,Terra,MODIS,69,6.03,302.8,15.2,D,0
28.4247,80.8253,321.5,1.2,1.1,2018-04-05,0512,Terra,MODIS,70,6.03,299.1,16.1,D,0
28.4262,80.8129,315.5,1.2,1.1,2018-04-05,0512,Terra,MODIS,52,6.03,299.2,9,D,0
28.4267,80.819,325.3,1.2,1.1,2018-04-05,0512,Terra,MODIS,76,6.03,299.1,20.2,D,0
28.4479,80.8096,316.2,1.2,1.1,2018-04-05,0512,Terra,MODIS,58,6.03,298.8,9.2,D,0
28.6462,80.3496,322.1,1.3,1.1,2018-04-05,0512,Terra,MODIS,71,6.03,303.3,10.9,D,0
28.8302,82.4163,319.8,1.1,1,2018-04-05,0512,Terra,MODIS,49,6.03,294.6,13.7,D,0
28.8368,80.1992,317.7,1.3,1.1,2018-04-05,0512,Terra,MODIS,53,6.03,301.1,10.7,D,0
27.7197,82.8753,319,1.5,1.2,2018-04-06,0728,Aqua,MODIS,68,6.03,299.1,13.5,D,0
27.6011,84.434,315.9,1.2,1.1,2018-04-06,0728,Aqua,MODIS,28,6.03,298.8,6.4,D,0
27.2367,82.9752,320.7,1.5,1.2,2018-04-06,0728,Aqua,MODIS,68,6.03,301.6,11.1,D,0
27.2732,83.4295,328.6,1.4,1.2,2018-04-06,0728,Aqua,MODIS,80,6.03,301.5,27,D,0
27.2756,83.4433,326.9,1.4,1.2,2018-04-06,0728,Aqua,MODIS,78,6.03,301.7,24.1,D,0
27.4227,85.1165,317.4,1.1,1.1,2018-04-06,0728,Aqua,MODIS,61,6.03,298.9,7.9,D,0
27.1304,85.2621,322,1.1,1.1,2018-04-06,0728,Aqua,MODIS,70,6.03,299.2,14.4,D,0
28.7706,80.4485,324.9,2,1.4,2018-04-06,0729,Aqua,MODIS,78,6.03,300.6,35.8,D,0
26.7632,87.0639,316.7,1,1,2018-04-07,0500,Terra,MODIS,61,6.03,287.5,7.3,D,0
27.1779,86.7557,300.5,1,1,2018-04-07,0500,Terra,MODIS,24,6.03,272,1.9,D,0
27.6264,84.4474,318.3,1.5,1.2,2018-04-09,0759,Aqua,MODIS,19,6.03,299.5,8.7,D,0
27.5399,84.3546,321.5,1.5,1.2,2018-04-09,0759,Aqua,MODIS,62,6.03,299.9,17.2,D,0
27.5355,84.3618,320.8,1.5,1.2,2018-04-09,0759,Aqua,MODIS,65,6.03,299.9,19.7,D,0
27.2929,83.3283,324.5,1.3,1.1,2018-04-09,0759,Aqua,MODIS,49,6.03,303.2,10.8,D,0
27.2944,83.3409,335.6,1.3,1.1,2018-04-09,0759,Aqua,MODIS,84,6.03,304.5,30.3,D,0
27.2095,83.0507,327.3,1.2,1.1,2018-04-09,0759,Aqua,MODIS,71,6.03,306.1,13.4,D,0
27.2761,83.6215,317,1,1,2018-04-11,0747,Aqua,MODIS,49,6.03,289.8,7.4,D,0
27.2775,83.6316,325.3,1,1,2018-04-11,0747,Aqua,MODIS,76,6.03,293,14.9,D,0
27.602,81.1789,324.6,1,1,2018-04-12,0518,Terra,MODIS,76,6.03,298,13.2,D,0
27.6113,81.176,322.2,1,1,2018-04-12,0518,Terra,MODIS,67,6.03,298.4,9.2,D,0
27.6728,81.5897,328.3,1,1,2018-04-12,0518,Terra,MODIS,80,6.03,303.1,15.2,D,0
27.223,83.3693,324.8,4.7,2,2018-04-13,0601,Terra,MODIS,40,6.03,304,103,D,0
27.3165,82.6415,320,4.2,1.9,2018-04-13,0601,Terra,MODIS,58,6.03,304.8,47.8,D,0
27.333,82.6464,320.9,4.2,1.9,2018-04-13,0601,Terra,MODIS,61,6.03,305.7,54.8,D,0
27.1903,83.3473,328.1,4.7,2,2018-04-13,0601,Terra,MODIS,76,6.03,302.3,150.6,D,0
27.3197,82.6478,320.3,4.2,1.9,2018-04-13,0601,Terra,MODIS,59,6.03,305.2,49.7,D,0
27.1895,83.3521,331.3,4.7,2,2018-04-13,0601,Terra,MODIS,80,6.03,302.4,181.8,D,0
27.1958,83.4034,325.6,4.8,2,2018-04-13,0601,Terra,MODIS,60,6.03,303.1,113.8,D,0
27.2241,83.3625,323.3,4.7,2,2018-04-13,0601,Terra,MODIS,64,6.03,303.9,97.1,D,0
27.1945,83.4103,323.9,4.8,2,2018-04-13,0601,Terra,MODIS,28,6.03,302.6,91,D,0
27.2057,83.3642,322,4.7,2,2018-04-13,0601,Terra,MODIS,14,6.03,303.7,75.8,D,0
26.4488,83.5949,326.2,1.2,1.1,2018-04-13,0734,Aqua,MODIS,37,6.03,310.6,12.1,D,0
27.2564,82.7592,345.6,1.3,1.1,2018-04-13,0734,Aqua,MODIS,91,6.03,314.8,50.5,D,0
27.2584,82.7716,330.8,1.2,1.1,2018-04-13,0734,Aqua,MODIS,76,6.03,312,18.2,D,0
27.4321,84.0835,318.8,1.1,1,2018-04-13,0734,Aqua,MODIS,44,6.03,304.8,6.9,D,0
27.4338,84.0943,322.8,1.1,1,2018-04-13,0734,Aqua,MODIS,68,6.03,304.8,11.8,D,0
27.5124,84.6585,318.7,1,1,2018-04-13,0734,Aqua,MODIS,28,6.03,303,8.7,D,0
27.1105,82.6283,353.9,1.3,1.1,2018-04-13,0734,Aqua,MODIS,96,6.03,312.8,77.3,D,0
27.1127,82.641,341.7,1.3,1.1,2018-04-13,0734,Aqua,MODIS,88,6.03,309.8,42,D,0
27.1006,82.6305,331.1,1.3,1.1,2018-04-13,0734,Aqua,MODIS,76,6.03,311.3,20.4,D,0
27.1027,82.6431,357.7,1.3,1.1,2018-04-13,0734,Aqua,MODIS,98,6.03,310.9,92.1,D,0
27.1049,82.6557,344.2,1.3,1.1,2018-04-13,0734,Aqua,MODIS,90,6.03,306.8,49.1,D,0
27.3498,84.1511,324.4,1.1,1,2018-04-13,0734,Aqua,MODIS,67,6.03,309.6,9.6,D,0
27.3515,84.162,322.7,1.1,1,2018-04-13,0734,Aqua,MODIS,51,6.03,308.8,7.8,D,0
27.1932,83.303,338.4,1.2,1.1,2018-04-13,0734,Aqua,MODIS,85,6.03,310.5,30.7,D,0
27.1875,83.3283,338.6,1.2,1.1,2018-04-13,0734,Aqua,MODIS,85,6.03,313.4,28.7,D,0
27.1894,83.34,332.1,1.2,1.1,2018-04-13,0734,Aqua,MODIS,75,6.03,312.6,15.3,D,0
27.1607,83.3634,336.3,1.2,1.1,2018-04-13,0734,Aqua,MODIS,83,6.03,313.8,23.5,D,0
27.1626,83.3751,334,1.2,1.1,2018-04-13,0734,Aqua,MODIS,80,6.03,313.7,19.3,D,0
27.1649,85.0433,321.8,1,1,2018-04-13,0734,Aqua,MODIS,52,6.03,308.1,6.2,D,0
27.1666,85.1166,324.6,1,1,2018-04-13,0734,Aqua,MODIS,69,6.03,306,11.5,D,0
26.6128,83.3442,348.7,1.2,1.1,2018-04-13,0734,Aqua,MODIS,93,6.03,313.4,53.6,D,0
26.6031,83.3462,335.7,1.2,1.1,2018-04-13,0734,Aqua,MODIS,50,6.03,313.7,24.7,D,0
27.1366,87.7066,329.7,1.1,1,2018-04-13,0734,Aqua,MODIS,83,6.03,303.1,19.5,D,0
27.2662,82.7571,390.5,1.3,1.1,2018-04-13,0735,Aqua,MODIS,75,6.03,319,253.8,D,0
27.2676,82.7641,366,1.2,1.1,2018-04-13,0735,Aqua,MODIS,75,6.03,315.4,118.3,D,0
27.2642,82.7447,336.8,1.3,1.1,2018-04-13,0735,Aqua,MODIS,63,6.03,314.3,26.9,D,0
27.2683,82.7695,342.6,1.2,1.1,2018-04-13,0735,Aqua,MODIS,67,6.03,312.9,42,D,0
28.4265,80.5009,320.3,1.6,1.3,2018-04-13,0735,Aqua,MODIS,62,6.03,305.1,16.5,D,0
28.1409,81.2831,323.7,1.5,1.2,2018-04-13,0735,Aqua,MODIS,72,6.03,307.2,19.5,D,0
28.1436,81.2978,323.1,1.5,1.2,2018-04-13,0735,Aqua,MODIS,71,6.03,305.5,18.3,D,0
27.3276,82.6347,339.9,1.3,1.1,2018-04-13,0735,Aqua,MODIS,86,6.03,315.1,35.3,D,0
27.3297,82.6473,330.6,1.3,1.1,2018-04-13,0735,Aqua,MODIS,70,6.03,313.1,15.7,D,0
27.3177,82.6368,330.9,1.3,1.1,2018-04-13,0735,Aqua,MODIS,71,6.03,315.5,16.7,D,0
27.2655,82.7517,364.3,1.3,1.1,2018-04-13,0735,Aqua,MODIS,75,6.03,318.6,112,D,0
27.2655,83.3595,301.4,1.6,1.2,2018-04-13,1659,Terra,MODIS,36,6.03,290.4,8.6,N,0
27.1992,83.3686,304.7,1.6,1.2,2018-04-13,1659,Terra,MODIS,21,6.03,289.9,11.1,N,0
27.3268,82.6718,307.7,1.4,1.2,2018-04-13,1700,Terra,MODIS,72,6.03,290.1,13.4,N,0
27.1276,82.145,327.8,1.2,1.1,2018-04-14,0506,Terra,MODIS,75,6.03,311.7,12.5,D,0
27.2468,82.7961,327.6,1.1,1.1,2018-04-14,0506,Terra,MODIS,78,6.03,289.9,24.2,D,0
27.2483,82.7848,325.9,1.1,1.1,2018-04-14,0506,Terra,MODIS,67,6.03,289.6,22.6,D,0
27.1781,83.381,338.6,1.1,1,2018-04-14,0506,Terra,MODIS,84,6.03,311.9,26.8,D,0
28.4787,80.6949,317.1,1.5,1.2,2018-04-14,0506,Terra,MODIS,50,6.03,301.8,14.5,D,0
27.1796,83.3703,333.9,1.1,1,2018-04-14,0506,Terra,MODIS,72,6.03,312.6,17.5,D,0
27.219,83.3388,347.4,1.1,1,2018-04-14,0506,Terra,MODIS,93,6.03,318.5,39.5,D,0
27.2303,83.3956,350.8,1.1,1,2018-04-14,0506,Terra,MODIS,95,6.03,315.2,50.8,D,0
27.2318,83.3849,337.6,1.1,1,2018-04-14,0506,Terra,MODIS,87,6.03,314.6,21.8,D,0
27.2361,83.3526,345.7,1.1,1,2018-04-14,0506,Terra,MODIS,92,6.03,315.7,35.5,D,0
27.2376,83.3418,362.8,1.1,1,2018-04-14,0506,Terra,MODIS,100,6.03,317.3,81.2,D,0
27.239,83.331,348.2,1.1,1,2018-04-14,0506,Terra,MODIS,94,6.03,316.3,42.3,D,0
27.2517,83.3771,363.8,1.1,1,2018-04-14,0506,Terra,MODIS,100,6.03,315,88,D,0
27.261,83.3786,350,1.1,1,2018-04-14,0506,Terra,MODIS,95,6.03,315.1,49.7,D,0
27.3199,83.4826,330.9,1.1,1,2018-04-14,0506,Terra,MODIS,79,6.03,313.8,14.2,D,0
27.012,85.7572,323.1,1,1,2018-04-14,0506,Terra,MODIS,54,6.03,309.6,7.3,D,0
27.1723,85.1169,322.3,1,1,2018-04-14,0506,Terra,MODIS,67,6.03,305.9,9.8,D,0
27.8939,81.5317,321.2,1.3,1.1,2018-04-14,0506,Terra,MODIS,63,6.03,307.2,8.2,D,0
27.6008,84.445,317.4,1,1,2018-04-14,0506,Terra,MODIS,51,6.03,288.4,11.4,D,0
27.1271,87.7134,316.5,1.1,1.1,2018-04-14,0506,Terra,MODIS,61,6.03,300.4,8.3,D,0
28.477,80.7102,316.7,1.5,1.2,2018-04-14,0506,Terra,MODIS,47,6.03,303,13.5,D,0
26.7804,83.3335,330.9,2.5,1.5,2018-04-14,0817,Aqua,MODIS,72,6.03,310.2,53.2,D,2
27.4033,83.1393,328,2.5,1.5,2018-04-14,0817,Aqua,MODIS,66,6.03,310.8,40.2,D,0
27.3951,83.1202,326.1,2.5,1.5,2018-04-14,0817,Aqua,MODIS,71,6.03,311.5,34.3,D,0
27.3973,83.1451,328.7,2.5,1.5,2018-04-14,0817,Aqua,MODIS,75,6.03,311.1,46.3,D,0
27.3075,82.5995,334,2.3,1.5,2018-04-14,0817,Aqua,MODIS,79,6.03,306.8,61.1,D,0
27.2985,82.9156,325,2.4,1.5,2018-04-14,0817,Aqua,MODIS,67,6.03,311.1,26.3,D,0
27.2677,82.7279,355.7,2.3,1.5,2018-04-14,0817,Aqua,MODIS,97,6.03,312.5,202.7,D,0
27.248,82.6599,327.6,2.3,1.5,2018-04-14,0817,Aqua,MODIS,71,6.03,309.5,31.9,D,0
27.2322,82.779,328.1,2.3,1.5,2018-04-14,0817,Aqua,MODIS,73,6.03,310.5,39.8,D,0
27.2343,82.8025,327.4,2.3,1.5,2018-04-14,0817,Aqua,MODIS,71,6.03,308.8,38.5,D,0
27.2237,83.3819,330.4,2.6,1.5,2018-04-14,0817,Aqua,MODIS,48,6.03,311.2,55.8,D,0
28.1261,80.1953,323.6,1.6,1.2,2018-04-14,0818,Aqua,MODIS,47,6.03,307.7,13.3,D,0
28.7904,81.1419,316.6,1.9,1.3,2018-04-14,0818,Aqua,MODIS,29,6.03,302.8,13.9,D,0
28.7846,81.1494,318.7,1.9,1.3,2018-04-14,0818,Aqua,MODIS,37,6.03,302.8,18,D,0
28.6481,82.7396,318.4,2.4,1.5,2018-04-14,0818,Aqua,MODIS,35,6.03,304.4,32.6,D,0
28.654,82.7402,317.3,2.4,1.5,2018-04-14,0818,Aqua,MODIS,29,6.03,301.2,27,D,0
28.2866,80.5308,330.3,1.7,1.3,2018-04-14,0818,Aqua,MODIS,77,6.03,310.9,28.5,D,0
28.2884,80.5478,327.9,1.7,1.3,2018-04-14,0818,Aqua,MODIS,73,6.03,310.2,21,D,0
27.3368,82.6582,306.3,3.2,1.7,2018-04-14,1604,Terra,MODIS,67,6.03,290.4,40.8,N,0
27.251,83.7183,302.1,2.8,1.6,2018-04-14,1604,Terra,MODIS,47,6.03,290.7,22.3,N,0
27.3338,82.6525,305.6,3.2,1.7,2018-04-14,1605,Terra,MODIS,65,6.03,290.3,40,N,0
27.3008,82.6953,302.6,1,1,2018-04-14,2024,Aqua,MODIS,13,6.03,289.5,5.2,N,0
27.3083,82.707,324.8,1,1,2018-04-14,2024,Aqua,MODIS,100,6.03,290.8,22.8,N,0
27.3098,82.697,325.4,1,1,2018-04-14,2024,Aqua,MODIS,100,6.03,290.8,23.5,N,0
27.3337,82.6602,319.5,1,1,2018-04-14,2024,Aqua,MODIS,99,6.03,290.1,18.5,N,0
27.3349,83.4393,300.2,1,1,2018-04-14,2024,Aqua,MODIS,22,6.03,289,5.2,N,0
27.1474,83.3377,309.2,1,1,2018-04-14,2024,Aqua,MODIS,77,6.03,290,10,N,0
27.149,83.3274,303,1,1,2018-04-14,2024,Aqua,MODIS,52,6.03,289.4,6.1,N,0
27.1804,83.3652,307.6,1,1,2018-04-14,2024,Aqua,MODIS,50,6.03,290.2,8.2,N,0
27.1607,83.372,305.3,1,1,2018-04-14,2024,Aqua,MODIS,42,6.03,289.9,6.9,N,0
27.182,83.3549,316.9,1,1,2018-04-14,2024,Aqua,MODIS,94,6.03,290.8,15.8,N,0
27.2901,82.7073,301.1,1,1,2018-04-14,2024,Aqua,MODIS,37,6.03,289.4,5.4,N,0
27.1378,82.7398,343.5,2.7,1.6,2018-04-15,0549,Terra,MODIS,90,6.03,307.8,150.2,D,0
27.1322,82.7658,321.2,2.7,1.6,2018-04-15,0549,Terra,MODIS,57,6.03,306.7,23.2,D,0
27.1332,82.7318,334.7,2.7,1.6,2018-04-15,0549,Terra,MODIS,82,6.03,307.5,90.8,D,0
27.1279,82.7578,328.9,2.7,1.6,2018-04-15,0549,Terra,MODIS,75,6.03,307,59.6,D,0
27.3388,82.6357,325.1,2.6,1.5,2018-04-15,0549,Terra,MODIS,59,6.03,308.7,32.2,D,0
26.9049,82.8894,325.3,2.8,1.6,2018-04-15,0549,Terra,MODIS,68,6.03,308.9,39.3,D,0
27.0332,83.0719,338.4,2.8,1.6,2018-04-15,0549,Terra,MODIS,86,6.03,307.7,126.7,D,0
27.0644,82.9937,323.3,2.8,1.6,2018-04-15,0549,Terra,MODIS,64,6.03,307.4,33.3,D,0
27.317,82.6033,332,2.6,1.5,2018-04-15,0549,Terra,MODIS,79,6.03,309.9,65.9,D,0
27.5119,84.7281,315.1,3.6,1.8,2018-04-15,0549,Terra,MODIS,57,6.03,299.2,40.6,D,0
27.3483,83.4245,335.2,2.9,1.6,2018-04-15,0549,Terra,MODIS,84,6.03,307.5,105,D,0
27.3421,83.4531,331.7,2.9,1.6,2018-04-15,0549,Terra,MODIS,80,6.03,307.8,84.2,D,0
27.3473,83.4174,325.8,2.9,1.6,2018-04-15,0549,Terra,MODIS,72,6.03,307.3,50.1,D,0
27.3413,83.4461,336.1,2.9,1.6,2018-04-15,0549,Terra,MODIS,84,6.03,308.1,116.3,D,0
27.3444,82.6438,325.2,2.6,1.5,2018-04-15,0549,Terra,MODIS,59,6.03,308.6,32.6,D,0
27.3297,83.6973,331.5,1.7,1.3,2018-04-15,0722,Aqua,MODIS,79,6.03,312.6,30.1,D,0
27.5141,84.7284,320,1.4,1.2,2018-04-15,0722,Aqua,MODIS,48,6.03,304.3,11.1,D,0
27.2486,83.3229,333.6,1.8,1.3,2018-04-15,0722,Aqua,MODIS,81,6.03,312.7,36.4,D,0
27.3648,84.1422,336.4,1.6,1.2,2018-04-15,0722,Aqua,MODIS,85,6.03,306.3,49.1,D,0
27.3677,84.1579,325.9,1.6,1.2,2018-04-15,0722,Aqua,MODIS,69,6.03,305.5,22.8,D,0
27.3539,84.1447,321,1.6,1.2,2018-04-15,0722,Aqua,MODIS,61,6.03,306.9,13.9,D,0
27.1353,83.0481,323.1,1.9,1.3,2018-04-15,0722,Aqua,MODIS,63,6.03,307.5,16,D,0
27.1721,83.3481,350.2,1.8,1.3,2018-04-15,0722,Aqua,MODIS,94,6.03,314.6,97.6,D,0
27.1753,83.3657,331.2,1.8,1.3,2018-04-15,0722,Aqua,MODIS,66,6.03,314.3,23.1,D,0
27.1605,83.3508,337.3,1.8,1.3,2018-04-15,0722,Aqua,MODIS,85,6.03,316.9,42.8,D,0
27.5688,86.0822,317.1,1.2,1.1,2018-04-15,0722,Aqua,MODIS,55,6.03,302.2,8.9,D,0
27.0273,83.0667,332.6,1.9,1.3,2018-04-15,0722,Aqua,MODIS,78,6.03,312.5,42.6,D,0
26.9038,82.9068,326.3,1.9,1.4,2018-04-15,0722,Aqua,MODIS,42,6.03,310.3,20.1,D,0
26.8845,82.8714,327.8,2,1.4,2018-04-15,0722,Aqua,MODIS,51,6.03,310.9,23.7,D,0
26.8882,82.8906,364.9,1.9,1.4,2018-04-15,0722,Aqua,MODIS,100,6.03,313.6,220.6,D,0
26.8918,82.9097,338.5,1.9,1.4,2018-04-15,0722,Aqua,MODIS,84,6.03,310.2,62.7,D,0
27.2084,85.0046,343.2,1.4,1.2,2018-04-15,0722,Aqua,MODIS,90,6.03,308.1,59.3,D,0
27.8838,85.0287,316.9,1.4,1.2,2018-04-15,0722,Aqua,MODIS,57,6.03,301.4,9.9,D,0
27.2114,84.9949,332.5,1.4,1.2,2018-04-15,0722,Aqua,MODIS,81,6.03,307.1,31.6,D,0
27.2138,85.0088,336.8,1.4,1.2,2018-04-15,0722,Aqua,MODIS,85,6.03,306.4,40.8,D,0
27.201,84.9972,322.1,1.4,1.2,2018-04-15,0722,Aqua,MODIS,64,6.03,306.8,13,D,0
27.2034,85.011,321.7,1.4,1.2,2018-04-15,0722,Aqua,MODIS,53,6.03,307.1,11.3,D,0
27.1891,85.1141,323.5,1.4,1.2,2018-04-15,0722,Aqua,MODIS,68,6.03,304.8,17.8,D,0
26.7794,83.2979,326.1,1.8,1.3,2018-04-15,0722,Aqua,MODIS,61,6.03,311.5,18.5,D,0
26.9048,84.2299,325.6,1.6,1.2,2018-04-15,0722,Aqua,MODIS,51,6.03,309.1,16.7,D,0
26.5046,83.7525,326.5,1.7,1.3,2018-04-15,0722,Aqua,MODIS,66,6.03,310.3,19.4,D,2
26.929,87.2212,321.5,1.1,1,2018-04-15,0722,Aqua,MODIS,69,6.03,302.5,11.3,D,0
27.3447,85.7839,317.7,1.3,1.1,2018-04-15,0722,Aqua,MODIS,55,6.03,298.3,14.7,D,0
27.886,85.0415,314.1,1.4,1.2,2018-04-15,0722,Aqua,MODIS,32,6.03,300.7,6,D,0
27.6664,84.0227,323.7,1.6,1.2,2018-04-15,0722,Aqua,MODIS,53,6.03,309.2,19.2,D,0
27.347,82.6414,336.7,2,1.4,2018-04-15,0722,Aqua,MODIS,84,6.03,309.9,60.1,D,0
27.7268,84.6698,328.2,1.4,1.2,2018-04-15,0722,Aqua,MODIS,77,6.03,298.2,33.9,D,0
27.7297,84.6857,325.8,1.4,1.2,2018-04-15,0722,Aqua,MODIS,74,6.03,297.4,29.7,D,0
27.3443,82.6468,337.6,2,1.4,2018-04-15,0722,Aqua,MODIS,85,6.03,309.8,63.1,D,0
27.3182,82.7748,323.4,1.9,1.4,2018-04-15,0722,Aqua,MODIS,63,6.03,309.2,17.3,D,0
27.3508,82.6609,323.6,2,1.4,2018-04-15,0722,Aqua,MODIS,56,6.03,308.9,15.1,D,0
27.3025,82.7586,331.8,1.9,1.4,2018-04-15,0722,Aqua,MODIS,79,6.03,309,40.2,D,0
27.3062,82.7777,360.3,1.9,1.4,2018-04-15,0722,Aqua,MODIS,100,6.03,310,189.2,D,0
27.346,82.9848,324.4,1.9,1.3,2018-04-15,0722,Aqua,MODIS,63,6.03,311,14.3,D,0
27.3495,83.0033,327.2,1.9,1.3,2018-04-15,0722,Aqua,MODIS,72,6.03,309.9,23.5,D,0
27.3739,83.1312,336.7,1.8,1.3,2018-04-15,0722,Aqua,MODIS,84,6.03,310.1,56.7,D,0
27.2747,82.7724,326.9,1.9,1.4,2018-04-15,0722,Aqua,MODIS,63,6.03,309.2,22.8,D,0
27.5398,84.2884,317.2,1.5,1.2,2018-04-15,0722,Aqua,MODIS,28,6.03,304,8.9,D,0
27.3474,83.4222,343.1,1.8,1.3,2018-04-15,0722,Aqua,MODIS,90,6.03,311.6,71,D,0
27.3506,83.4395,377.9,1.7,1.3,2018-04-15,0722,Aqua,MODIS,100,6.03,313.9,288.1,D,0
27.3392,83.4422,340.5,1.7,1.3,2018-04-15,0722,Aqua,MODIS,88,6.03,312.8,60.2,D,0
27.43,84.0573,330.8,1.6,1.2,2018-04-15,0722,Aqua,MODIS,79,6.03,305,40.3,D,0
27.4329,84.0729,317.9,1.6,1.2,2018-04-15,0722,Aqua,MODIS,20,6.03,304.8,12.5,D,0
27.4995,84.5824,316.9,1.5,1.2,2018-04-15,0722,Aqua,MODIS,34,6.03,303.8,10.6,D,0
27.5096,84.6399,319.3,1.5,1.2,2018-04-15,0722,Aqua,MODIS,55,6.03,304.8,11.6,D,0
27.3506,82.7127,314.5,1,1,2018-04-15,1647,Terra,MODIS,89,6.03,293,12.7,N,0
27.3827,83.0928,308.3,1.1,1,2018-04-15,1647,Terra,MODIS,74,6.03,292.2,9.1,N,0
27.322,82.707,312.3,1,1,2018-04-15,1647,Terra,MODIS,85,6.03,292.6,10.8,N,0
27.3234,82.7174,307.8,1,1,2018-04-15,1647,Terra,MODIS,71,6.03,292.4,7.5,N,0
27.2926,82.765,306.5,1,1,2018-04-15,1647,Terra,MODIS,57,6.03,292.5,6.6,N,0
27.294,82.7754,308.8,1,1,2018-04-15,1647,Terra,MODIS,71,6.03,292.8,8.1,N,0
27.2954,82.7858,313.6,1,1,2018-04-15,1647,Terra,MODIS,87,6.03,292.6,11.8,N,0
27.2052,82.523,303.4,1,1,2018-04-15,1647,Terra,MODIS,55,6.03,292.8,4.9,N,0
27.2066,82.5333,309.1,1,1,2018-04-15,1647,Terra,MODIS,76,6.03,293.3,8.7,N,0
27.325,83.4268,323.5,1.1,1,2018-04-15,1647,Terra,MODIS,100,6.03,293,23.6,N,0
27.3278,83.4486,309.8,1.1,1,2018-04-15,1647,Terra,MODIS,78,6.03,292.7,10.5,N,0
27.2569,83.3386,304,1.1,1,2018-04-15,1647,Terra,MODIS,58,6.03,292.6,6,N,0
26.7795,83.3232,305.7,1.1,1,2018-04-15,1647,Terra,MODIS,63,6.03,293.6,6,N,0
28.8285,82.3606,308.4,1,1,2018-04-15,1648,Terra,MODIS,74,6.03,287.7,10.6,N,0
26.5029,83.5201,322.9,1.5,1.2,2018-04-16,0454,Terra,MODIS,61,6.03,306.2,11.9,D,0
27.1893,82.584,322.4,1.8,1.3,2018-04-16,0454,Terra,MODIS,65,6.03,303.6,16.2,D,0
27.1849,82.5904,321.6,1.8,1.3,2018-04-16,0454,Terra,MODIS,52,6.03,303.4,13.7,D,0
27.1744,83.3303,327.5,1.6,1.2,2018-04-16,0454,Terra,MODIS,69,6.03,305,20.5,D,0
27.238,82.7559,324.8,1.7,1.3,2018-04-16,0454,Terra,MODIS,47,6.03,305.7,15.9,D,0
27.2399,82.7387,327.5,1.7,1.3,2018-04-16,0454,Terra,MODIS,71,6.03,305.5,23.4,D,0
27.2963,82.7343,351.5,1.7,1.3,2018-04-16,0454,Terra,MODIS,95,6.03,306.8,106.6,D,0
27.2981,82.717,359.7,1.7,1.3,2018-04-16,0454,Terra,MODIS,99,6.03,307.2,152.4,D,0
27.3,82.6996,342.2,1.7,1.3,2018-04-16,0454,Terra,MODIS,89,6.03,306,67.7,D,0
27.3832,83.094,324.8,1.6,1.3,2018-04-16,0454,Terra,MODIS,71,6.03,302.6,20.2,D,0
27.5369,87.8014,344.4,1,1,2018-04-16,0454,Terra,MODIS,93,6.03,294.8,48.4,D,0
27.5612,86.0827,316.3,1.1,1.1,2018-04-16,0454,Terra,MODIS,60,6.03,300,7.1,D,0
27.5221,84.6029,321.9,1.3,1.1,2018-04-16,0454,Terra,MODIS,70,6.03,300.3,15.5,D,0
27.5423,84.2812,324.2,1.4,1.2,2018-04-16,0454,Terra,MODIS,73,6.03,300.4,20.4,D,0
27.3469,84.0265,319.5,1.4,1.2,2018-04-16,0454,Terra,MODIS,30,6.03,300.5,13.2,D,0
27.3672,83.4545,326.7,1.5,1.2,2018-04-16,0454,Terra,MODIS,74,6.03,304.9,19.1,D,0
26.5919,83.3228,329.8,1.5,1.2,2018-04-16,0805,Aqua,MODIS,63,6.03,308.5,17.9,D,0
27.3845,82.6779,327.1,1.4,1.2,2018-04-16,0805,Aqua,MODIS,76,6.03,300.6,21.1,D,0
27.3522,82.5815,319.3,1.4,1.2,2018-04-16,0805,Aqua,MODIS,45,6.03,290.6,15,D,0
27.3189,82.7073,324.4,1.4,1.2,2018-04-16,0805,Aqua,MODIS,17,6.03,295.1,16.1,D,0
27.3845,83.2902,337.9,1.6,1.2,2018-04-16,0805,Aqua,MODIS,87,6.03,305.6,46.4,D,0
27.2887,82.7261,326,1.4,1.2,2018-04-16,0805,Aqua,MODIS,32,6.03,297.2,18.3,D,0
27.2936,82.7693,325.2,1.4,1.2,2018-04-16,0805,Aqua,MODIS,43,6.03,298.4,17.1,D,0
27.3684,83.4528,331.7,1.6,1.2,2018-04-16,0805,Aqua,MODIS,80,6.03,309.2,23.8,D,0
27.2749,82.699,354.9,1.4,1.2,2018-04-16,0805,Aqua,MODIS,97,6.03,295.9,104.2,D,0
27.2644,82.7005,371.9,1.4,1.2,2018-04-16,0805,Aqua,MODIS,100,6.03,291.4,191.8,D,0
27.266,82.7148,335.2,1.4,1.2,2018-04-16,0805,Aqua,MODIS,70,6.03,294,42.3,D,0
27.1958,82.5312,330.2,1.4,1.2,2018-04-16,0805,Aqua,MODIS,56,6.03,307.4,26.6,D,0
27.1854,82.5327,336.4,1.4,1.2,2018-04-16,0805,Aqua,MODIS,81,6.03,304.5,41.8,D,0
27.1291,82.6456,325.1,1.4,1.2,2018-04-16,0805,Aqua,MODIS,62,6.03,301.6,14.5,D,0
26.7812,83.2845,329,1.5,1.2,2018-04-16,0805,Aqua,MODIS,50,6.03,307.4,18.8,D,0
26.5894,83.3298,327.9,1.5,1.2,2018-04-16,0805,Aqua,MODIS,49,6.03,308.4,14.3,D,0
28.5543,80.8781,327.6,1.2,1.1,2018-04-16,0806,Aqua,MODIS,77,6.03,307.9,15.2,D,0
28.5928,81.1928,331.8,1.2,1.1,2018-04-16,0806,Aqua,MODIS,72,6.03,308.2,22.6,D,0
28.4529,80.3749,325.7,1.1,1.1,2018-04-16,0806,Aqua,MODIS,55,6.03,302.6,13.7,D,2
29.0809,81.187,327.2,1.2,1.1,2018-04-16,0806,Aqua,MODIS,74,6.03,304.6,19.8,D,0
29.0784,81.1821,326.2,1.2,1.1,2018-04-16,0806,Aqua,MODIS,69,6.03,305.1,16.7,D,0
29.0716,81.2082,321.3,1.2,1.1,2018-04-16,0806,Aqua,MODIS,32,6.03,304.3,8.5,D,0
29.05,81.1126,324.3,1.2,1.1,2018-04-16,0806,Aqua,MODIS,52,6.03,307.2,11,D,0
27.1504,82.7286,309.1,1.1,1.1,2018-04-16,2012,Aqua,MODIS,76,6.03,293.3,10.7,N,0
27.1015,82.8818,303.6,1.1,1.1,2018-04-16,2012,Aqua,MODIS,56,6.03,292.7,6.2,N,0
27.1,82.8929,310,1.1,1.1,2018-04-16,2012,Aqua,MODIS,79,6.03,293.4,10.8,N,0
27.2708,82.6902,317.9,1.1,1.1,2018-04-16,2012,Aqua,MODIS,96,6.03,293.3,18.5,N,0
27.2723,82.6788,303.4,1.1,1.1,2018-04-16,2012,Aqua,MODIS,25,6.03,292.6,5.9,N,0
27.2965,82.7176,306.7,1.1,1.1,2018-04-16,2012,Aqua,MODIS,69,6.03,292.7,8.5,N,0
27.356,82.6333,303.7,1.2,1.1,2018-04-16,2012,Aqua,MODIS,56,6.03,293.2,6.9,N,0
27.362,82.587,316.4,1.2,1.1,2018-04-16,2012,Aqua,MODIS,93,6.03,292.8,17.9,N,0
27.2624,83.6783,308.5,1.1,1,2018-04-16,2012,Aqua,MODIS,75,6.03,294.9,8,N,0
27.2639,83.6678,311.8,1.1,1,2018-04-16,2012,Aqua,MODIS,83,6.03,294.9,10.5,N,0
27.3864,82.7376,307.4,1.1,1.1,2018-04-16,2012,Aqua,MODIS,71,6.03,293.1,9.7,N,0
27.3187,83.4707,306.4,1.1,1,2018-04-16,2012,Aqua,MODIS,68,6.03,295.2,6.4,N,0
27.3549,84.0099,305.3,1,1,2018-04-16,2012,Aqua,MODIS,64,6.03,294.8,4.8,N,0
27.7348,84.3903,306,1,1,2018-04-16,2012,Aqua,MODIS,67,6.03,292.8,5.7,N,0
27.2665,82.7245,314.8,1.1,1.1,2018-04-16,2012,Aqua,MODIS,12,6.03,293,13.6,N,0
27.0906,82.8914,312.2,1.1,1.1,2018-04-16,2012,Aqua,MODIS,84,6.03,293.6,12.6,N,0
27.2682,82.683,315.2,1.1,1.1,2018-04-16,2012,Aqua,MODIS,91,6.03,293,16.2,N,0
27.2432,82.7256,322.2,1.1,1.1,2018-04-16,2012,Aqua,MODIS,95,6.03,293.8,22.1,N,0
29.4616,80.5072,311.9,1.1,1.1,2018-04-17,0536,Terra,MODIS,47,6.03,297.6,5.5,D,0
29.0863,81.2564,314,1.2,1.1,2018-04-17,0536,Terra,MODIS,25,6.03,302,6.3,D,0
29.0745,81.2666,315,1.2,1.1,2018-04-17,0536,Terra,MODIS,58,6.03,300.5,6.9,D,0
29.0104,81.1585,320.4,1.2,1.1,2018-04-17,0536,Terra,MODIS,56,6.03,302.7,11.8,D,0
27.3384,83.4026,341.7,1.8,1.3,2018-04-17,0537,Terra,MODIS,89,6.03,304.5,70.7,D,0
27.2654,83.3611,328.7,1.8,1.3,2018-04-17,0537,Terra,MODIS,63,6.03,306.1,20.7,D,0
27.2688,83.3436,343.2,1.8,1.3,2018-04-17,0537,Terra,MODIS,90,6.03,305.8,72.6,D,0
27.3496,82.9208,323.9,1.7,1.3,2018-04-17,0537,Terra,MODIS,66,6.03,304.2,13.8,D,0
27.2803,83.3464,327.9,1.8,1.3,2018-04-17,0537,Terra,MODIS,60,6.03,305.2,21.9,D,0
27.2918,83.3491,329.9,1.8,1.3,2018-04-17,0537,Terra,MODIS,77,6.03,305.2,29.6,D,0
27.328,83.4128,328.5,1.8,1.3,2018-04-17,0537,Terra,MODIS,72,6.03,304,25.3,D,0
27.3313,83.3952,334.4,1.8,1.3,2018-04-17,0537,Terra,MODIS,82,6.03,304,45.4,D,0
28.2707,80.1042,325.8,1.1,1.1,2018-04-17,0537,Terra,MODIS,61,6.03,305.2,11.3,D,0
28.8098,81.1291,320.4,1.2,1.1,2018-04-17,0537,Terra,MODIS,73,6.03,300.3,14.4,D,0
26.3548,83.5188,325,1.9,1.3,2018-04-17,0537,Terra,MODIS,67,6.03,304.1,18.3,D,0
27.1201,82.5921,333.6,1.6,1.2,2018-04-17,0537,Terra,MODIS,80,6.03,303.8,36.6,D,0
27.123,82.5763,326.1,1.6,1.2,2018-04-17,0537,Terra,MODIS,69,6.03,303.3,18.2,D,0
27.1203,82.5979,326.8,1.6,1.2,2018-04-17,0537,Terra,MODIS,70,6.03,303.7,18.7,D,0
27.1232,82.5822,337.8,1.6,1.2,2018-04-17,0537,Terra,MODIS,85,6.03,303.7,49.3,D,0
27.0911,82.876,327.7,1.7,1.3,2018-04-17,0537,Terra,MODIS,72,6.03,305.3,20.7,D,0
27.0961,82.9115,328.8,1.7,1.3,2018-04-17,0537,Terra,MODIS,74,6.03,304.8,22.5,D,0
27.1023,82.8786,326.7,1.7,1.3,2018-04-17,0537,Terra,MODIS,68,6.03,304.5,18,D,0
27.1437,82.7191,329.6,1.6,1.3,2018-04-17,0537,Terra,MODIS,75,6.03,303.8,27,D,0
27.1547,82.7216,330.4,1.6,1.3,2018-04-17,0537,Terra,MODIS,76,6.03,304.3,29.3,D,0
27.1845,83.0604,332.4,1.7,1.3,2018-04-17,0537,Terra,MODIS,79,6.03,305.8,36.5,D,0
27.1876,83.0436,324.3,1.7,1.3,2018-04-17,0537,Terra,MODIS,66,6.03,304.7,14.9,D,0
27.2455,82.7324,330,1.6,1.3,2018-04-17,0537,Terra,MODIS,69,6.03,307.8,21.7,D,0
27.2654,82.6871,328.7,1.6,1.2,2018-04-17,0537,Terra,MODIS,27,6.03,306.8,18.7,D,0
27.2683,82.6713,335.4,1.6,1.2,2018-04-17,0537,Terra,MODIS,83,6.03,305.1,38.9,D,0
27.2793,82.6738,328.3,1.6,1.2,2018-04-17,0537,Terra,MODIS,50,6.03,304.7,18.1,D,0
27.2813,83.2312,329,1.7,1.3,2018-04-17,0537,Terra,MODIS,75,6.03,304.4,26.6,D,0
27.2845,83.214,332.8,1.7,1.3,2018-04-17,0537,Terra,MODIS,80,6.03,305.1,39.4,D,0
27.2702,83.3557,331.2,1.8,1.3,2018-04-17,0537,Terra,MODIS,78,6.03,305.9,27.5,D,0
27.2734,83.3382,337,1.8,1.3,2018-04-17,0537,Terra,MODIS,84,6.03,305.3,47.7,D,0
27.3513,82.9148,324.1,1.7,1.3,2018-04-17,0537,Terra,MODIS,65,6.03,304.2,13.7,D,0
27.2807,83.2197,335.9,1.7,1.3,2018-04-17,0537,Terra,MODIS,84,6.03,304.4,49.1,D,0
27.2916,83.3521,326.6,2.9,1.6,2018-04-17,0710,Aqua,MODIS,44,6.03,302.9,40.3,D,0
27.2571,83.3313,328.4,2.9,1.6,2018-04-17,0710,Aqua,MODIS,62,6.03,304.7,44.3,D,0
27.1999,83.3468,328.4,2.9,1.6,2018-04-17,0710,Aqua,MODIS,49,6.03,304.2,43.8,D,0
27.1985,83.3541,328.5,2.9,1.6,2018-04-17,0710,Aqua,MODIS,25,6.03,304.3,43.1,D,0
27.2425,82.7606,332.7,3.2,1.7,2018-04-17,0710,Aqua,MODIS,78,6.03,304.1,84.2,D,0
27.6184,83.2096,318.2,2.9,1.6,2018-04-17,0710,Aqua,MODIS,55,6.03,298.7,21.6,D,0
27.2926,83.3469,326.3,2.9,1.6,2018-04-17,0710,Aqua,MODIS,68,6.03,303,40.2,D,0
27.3333,83.3959,327.2,2.9,1.6,2018-04-17,0710,Aqua,MODIS,75,6.03,301.9,45.2,D,0
27.3319,83.401,325.7,2.9,1.6,2018-04-17,0710,Aqua,MODIS,67,6.03,302,36.3,D,0
26.9735,83.5387,308.3,1,1,2018-04-17,1635,Terra,MODIS,74,6.03,295.9,7.2,N,0
27.1582,82.6328,311.3,1.1,1,2018-04-17,1635,Terra,MODIS,81,6.03,296.7,9.5,N,0
27.1305,82.6384,310.9,1.1,1,2018-04-17,1635,Terra,MODIS,80,6.03,296.2,9.5,N,0
27.1322,82.6491,317.3,1.1,1,2018-04-17,1635,Terra,MODIS,95,6.03,296.9,15.4,N,0
27.2486,83.4045,318.8,1,1,2018-04-17,1635,Terra,MODIS,97,6.03,296.6,15.3,N,0
27.123,82.651,313.1,1.1,1,2018-04-17,1635,Terra,MODIS,86,6.03,296.4,11.7,N,0
27.3271,84.0561,306.8,1,1,2018-04-17,1635,Terra,MODIS,69,6.03,296.4,5.3,N,0
27.0946,82.7121,316.4,1.1,1,2018-04-17,1635,Terra,MODIS,93,6.03,296.1,14.9,N,0
27.1168,82.9002,311.9,1.1,1,2018-04-17,1635,Terra,MODIS,83,6.03,297.5,9.1,N,0
27.0903,82.8509,313.3,1.1,1,2018-04-17,1635,Terra,MODIS,86,6.03,296,10.7,N,0
27.091,82.9162,312.1,1.1,1,2018-04-17,1635,Terra,MODIS,84,6.03,296.9,9,N,0
27.2536,84.4412,315.4,1,1,2018-04-17,1635,Terra,MODIS,91,6.03,294.6,13.1,N,0
27.0831,83.4697,324.4,1,1,2018-04-17,1635,Terra,MODIS,100,6.03,296.7,21.2,N,0
27.0847,83.4799,328.3,1,1,2018-04-17,1635,Terra,MODIS,100,6.03,297,26,N,0
26.9977,83.576,306.3,1,1,2018-04-17,1635,Terra,MODIS,67,6.03,295.6,5.5,N,0
26.9992,83.5862,307.3,1,1,2018-04-17,1635,Terra,MODIS,71,6.03,295.5,6.2,N,0
28.8246,82.4272,300.4,1.1,1,2018-04-17,1635,Terra,MODIS,24,6.03,289.8,5.8,N,0
27.9776,82.2721,308.7,1.1,1,2018-04-17,1635,Terra,MODIS,75,6.03,297.1,7.2,N,0
27.3554,82.6081,310.7,1.1,1,2018-04-17,1635,Terra,MODIS,80,6.03,295.3,9.9,N,0
27.3212,82.5545,306.3,1.1,1,2018-04-17,1635,Terra,MODIS,66,6.03,296,6.1,N,0
27.301,82.5474,310.8,1.1,1,2018-04-17,1635,Terra,MODIS,80,6.03,296.3,8.9,N,0
27.353,83.0629,310.2,1,1,2018-04-17,1635,Terra,MODIS,79,6.03,296.7,8.1,N,0
27.2601,82.8158,313.4,1.1,1,2018-04-17,1635,Terra,MODIS,87,6.03,296.7,11.2,N,0
27.2426,82.7644,310,1.1,1,2018-04-17,1635,Terra,MODIS,78,6.03,296.7,8.8,N,0
27.2493,82.807,312.7,1.1,1,2018-04-17,1635,Terra,MODIS,85,6.03,296.6,10.6,N,0
27.2509,82.8176,323.6,1.1,1,2018-04-17,1635,Terra,MODIS,100,6.03,297.3,21.4,N,0
27.3224,83.4049,325.1,1,1,2018-04-17,1635,Terra,MODIS,100,6.03,296.7,21.2,N,0
27.3286,83.4459,307,1,1,2018-04-17,1635,Terra,MODIS,70,6.03,296,6,N,0
27.3118,83.3964,314.3,1,1,2018-04-17,1635,Terra,MODIS,72,6.03,296.4,10.4,N,0
27.3134,83.4067,323.6,1,1,2018-04-17,1635,Terra,MODIS,100,6.03,297.2,19.3,N,0
27.3149,83.4169,315.8,1,1,2018-04-17,1635,Terra,MODIS,92,6.03,296.5,11.9,N,0
27.4115,84.0648,307.9,1,1,2018-04-17,1635,Terra,MODIS,73,6.03,295.6,6.8,N,0
27.2871,83.2953,322.9,1,1,2018-04-17,1635,Terra,MODIS,100,6.03,296.8,19.4,N,0
27.2965,83.3571,311.1,1,1,2018-04-17,1635,Terra,MODIS,72,6.03,295.8,8.2,N,0
27.2981,83.3674,307,1,1,2018-04-17,1635,Terra,MODIS,16,6.03,295.9,5.3,N,0
27.2781,83.2971,317.9,1,1,2018-04-17,1635,Terra,MODIS,96,6.03,296.6,14.8,N,0
27.2844,83.3383,309.8,1,1,2018-04-17,1635,Terra,MODIS,78,6.03,296.3,8.2,N,0
27.1675,82.6309,312.6,1.1,1,2018-04-17,1635,Terra,MODIS,85,6.03,296.1,10.7,N,0
27.1691,82.6417,319.6,1.1,1,2018-04-17,1635,Terra,MODIS,99,6.03,296.4,17.4,N,0
27.2691,83.2946,308.4,1,1,2018-04-17,1635,Terra,MODIS,74,6.03,296.3,6.3,N,0
27.2707,83.3049,307.4,1,1,2018-04-17,1635,Terra,MODIS,59,6.03,296.4,5.5,N,0
27.2908,83.4385,309.9,1,1,2018-04-17,1635,Terra,MODIS,78,6.03,296.4,7.3,N,0
27.2923,83.4488,336.2,1,1,2018-04-17,1635,Terra,MODIS,100,6.03,297.4,36.7,N,0
27.1565,82.622,313.4,1.1,1,2018-04-17,1635,Terra,MODIS,86,6.03,295.9,11,N,0
29.0605,81.0917,306.7,1.2,1.1,2018-04-17,1636,Terra,MODIS,68,6.03,294.5,7.9,N,0
29.0471,81.0716,321.2,1.2,1.1,2018-04-17,1636,Terra,MODIS,100,6.03,291.8,23.2,N,0
29.0491,81.0833,328.7,1.2,1.1,2018-04-17,1636,Terra,MODIS,100,6.03,294.5,33.8,N,0
29.0511,81.0952,304.7,1.2,1.1,2018-04-17,1636,Terra,MODIS,30,6.03,292.7,5.7,N,0
29.0455,81.0778,329.2,1.2,1.1,2018-04-17,1636,Terra,MODIS,100,6.03,292.8,36.1,N,0
29.0474,81.0896,315.1,1.2,1.1,2018-04-17,1636,Terra,MODIS,91,6.03,293,16.6,N,0
28.9785,80.9157,309.4,1.2,1.1,2018-04-17,1636,Terra,MODIS,77,6.03,291.9,11.8,N,0
28.9806,80.9281,302.2,1.2,1.1,2018-04-17,1636,Terra,MODIS,40,6.03,291.6,6,N,0
28.9973,81.1479,311.6,1.2,1.1,2018-04-17,1636,Terra,MODIS,83,6.03,295.4,11.9,N,0
28.9996,81.1617,320,1.2,1.1,2018-04-17,1636,Terra,MODIS,100,6.03,294.2,21.7,N,0
29.0017,81.1744,305,1.2,1.1,2018-04-17,1636,Terra,MODIS,43,6.03,292.1,7.1,N,0
28.944,81.2054,303.6,1.2,1.1,2018-04-17,1636,Terra,MODIS,56,6.03,293.2,6.7,N,0
28.7686,81.2035,317.3,1.2,1.1,2018-04-17,1636,Terra,MODIS,95,6.03,296.7,16.9,N,0
28.7704,81.2149,306.3,1.2,1.1,2018-04-17,1636,Terra,MODIS,51,6.03,295.4,6.3,N,0
29.0585,81.0799,328.6,1.2,1.1,2018-04-17,1636,Terra,MODIS,100,6.03,295.1,34.3,N,0
29.0527,81.0779,308.6,1.9,1.3,2018-04-17,2054,Aqua,MODIS,75,6.03,290.5,24.1,N,0
29.0019,81.1763,300.6,1.9,1.3,2018-04-17,2054,Aqua,MODIS,8,6.03,290.2,10,N,0
29.0493,81.0953,304.9,1.9,1.3,2018-04-17,2054,Aqua,MODIS,62,6.03,290,17.5,N,0
27.1597,82.557,302.9,2.6,1.5,2018-04-17,2055,Aqua,MODIS,52,6.03,292.6,18.9,N,0
27.2724,82.6721,304.8,2.6,1.6,2018-04-17,2055,Aqua,MODIS,62,6.03,291.3,25.5,N,0
27.3055,83.4152,305.2,2.9,1.6,2018-04-17,2055,Aqua,MODIS,58,6.03,292.7,26.8,N,0
27.134,82.6506,305.2,2.6,1.6,2018-04-17,2055,Aqua,MODIS,62,6.03,292.9,23.6,N,0
27.1546,82.5487,306.9,2.6,1.5,2018-04-17,2055,Aqua,MODIS,51,6.03,292.7,27.3,N,0
27.1248,82.6553,303.9,2.6,1.6,2018-04-17,2055,Aqua,MODIS,42,6.03,293,20.5,N,0
28.9091,81.4529,316.7,3.7,1.8,2018-04-18,0441,Terra,MODIS,57,6.03,302.6,31.9,D,0
26.9843,83.5866,321.7,2.4,1.5,2018-04-18,0442,Terra,MODIS,53,6.03,301.7,25.6,D,0
26.9978,83.5881,328.7,2.4,1.5,2018-04-18,0442,Terra,MODIS,78,6.03,301.9,53.4,D,0
27.0729,82.9138,321.4,2.7,1.6,2018-04-18,0442,Terra,MODIS,66,6.03,302.5,27.2,D,0
27.0763,82.9211,325.3,2.7,1.6,2018-04-18,0442,Terra,MODIS,74,6.03,302.7,42.5,D,0
27.1719,82.6462,322.4,2.9,1.6,2018-04-18,0442,Terra,MODIS,68,6.03,302.5,38.1,D,0
27.1894,83.6217,323.3,2.4,1.5,2018-04-18,0442,Terra,MODIS,67,6.03,300.4,35.8,D,0
27.1991,83.6047,324,2.5,1.5,2018-04-18,0442,Terra,MODIS,36,6.03,298.3,38.5,D,0
27.2638,83.2711,320,2.6,1.5,2018-04-18,0442,Terra,MODIS,64,6.03,300.6,24.2,D,0
26.4084,83.5251,332.1,1.1,1,2018-04-18,0753,Aqua,MODIS,70,6.03,316.2,12,D,0
27.4167,84.0542,325.3,1.2,1.1,2018-04-18,0753,Aqua,MODIS,62,6.03,303.9,13.3,D,0
27.2406,82.7499,344,1,1,2018-04-18,0753,Aqua,MODIS,88,6.03,314.6,30.3,D,0
27.242,82.7603,334.8,1,1,2018-04-18,0753,Aqua,MODIS,66,6.03,314.9,14.5,D,0
27.1947,82.6051,330.6,1,1,2018-04-18,0753,Aqua,MODIS,68,6.03,308.6,10.9,D,0
27.2212,82.8013,343.7,1,1,2018-04-18,0753,Aqua,MODIS,88,6.03,314.3,27.9,D,0
27.224,82.822,345.5,1,1,2018-04-18,0753,Aqua,MODIS,89,6.03,312.6,33.8,D,0
27.2254,82.8324,345,1,1,2018-04-18,0753,Aqua,MODIS,89,6.03,311.2,33.9,D,0
27.254,83.1175,339,1.1,1,2018-04-18,0753,Aqua,MODIS,83,6.03,313,23,D,0
29.2109,80.3288,320.4,1,1,2018-04-18,0753,Aqua,MODIS,63,6.03,303,9.6,D,0
29.0856,81.2491,323.2,1,1,2018-04-18,0753,Aqua,MODIS,52,6.03,305.9,10,D,0
29.0507,81.0681,322.7,1,1,2018-04-18,0753,Aqua,MODIS,31,6.03,306.5,8.9,D,0
29.0461,81.1002,320.7,1,1,2018-04-18,0753,Aqua,MODIS,31,6.03,305.6,6.8,D,0
28.9761,80.9316,326.9,1,1,2018-04-18,0753,Aqua,MODIS,70,6.03,304.9,15.1,D,0
28.9319,80.6898,326,1,1,2018-04-18,0753,Aqua,MODIS,72,6.03,307.6,14.3,D,0
28.9334,80.7,321.7,1,1,2018-04-18,0753,Aqua,MODIS,63,6.03,305.9,9.7,D,0
28.9917,81.1679,325.1,1,1,2018-04-18,0753,Aqua,MODIS,50,6.03,304.2,12,D,0
28.9382,81.1222,339,1,1,2018-04-18,0753,Aqua,MODIS,87,6.03,304.1,31.6,D,0
28.9397,81.1324,332.9,1,1,2018-04-18,0753,Aqua,MODIS,82,6.03,306.2,22.1,D,0
28.8066,80.406,335.8,1,1,2018-04-18,0753,Aqua,MODIS,83,6.03,313.6,20.5,D,0
28.8512,80.9619,316.9,1,1,2018-04-18,0753,Aqua,MODIS,24,6.03,303.9,6.5,D,0
28.7649,80.4351,324.6,1,1,2018-04-18,0753,Aqua,MODIS,56,6.03,310.9,5.5,D,0
28.9114,81.4499,326.2,1,1,2018-04-18,0753,Aqua,MODIS,34,6.03,308.4,10.4,D,0
28.7559,80.4368,324.4,1,1,2018-04-18,0753,Aqua,MODIS,46,6.03,311.2,5.3,D,0
28.8566,81.1272,323.2,1,1,2018-04-18,0753,Aqua,MODIS,62,6.03,306.5,9.8,D,0
28.9025,81.4518,328.2,1,1,2018-04-18,0753,Aqua,MODIS,53,6.03,311,13.3,D,0
28.6152,80.1109,328.9,1,1,2018-04-18,0753,Aqua,MODIS,71,6.03,314.4,10,D,0
28.7372,81.0681,323.2,1,1,2018-04-18,0753,Aqua,MODIS,39,6.03,308.9,7.4,D,0
28.7062,81.3647,321.3,1,1,2018-04-18,0753,Aqua,MODIS,36,6.03,306,8.5,D,0
28.795,82.0071,325.3,1,1,2018-04-18,0753,Aqua,MODIS,73,6.03,311,10.6,D,0
28.6881,81.7588,324.4,1,1,2018-04-18,0753,Aqua,MODIS,69,6.03,305.9,10.7,D,0
28.6135,81.3564,320.8,1,1,2018-04-18,0753,Aqua,MODIS,50,6.03,306.6,9.1,D,0
28.5348,80.8795,332.5,1,1,2018-04-18,0753,Aqua,MODIS,78,6.03,314.3,16.3,D,0
28.3945,80.7974,341.6,1,1,2018-04-18,0753,Aqua,MODIS,87,6.03,309,34,D,0
28.396,80.8075,331.9,1,1,2018-04-18,0753,Aqua,MODIS,76,6.03,307,19.1,D,0
27.6926,82.62,323.6,1,1,2018-04-18,0753,Aqua,MODIS,33,6.03,304.7,7.8,D,0
27.4275,80.9956,334.3,1,1,2018-04-18,0753,Aqua,MODIS,76,6.03,312.4,17,D,0
27.3831,81.2564,330.3,1,1,2018-04-18,0753,Aqua,MODIS,69,6.03,309.3,14,D,0
27.7051,83.6161,320.7,1.1,1.1,2018-04-18,0753,Aqua,MODIS,41,6.03,301.1,10.7,D,0
27.5837,83.9216,325.7,1.1,1.1,2018-04-18,0753,Aqua,MODIS,69,6.03,304.4,14.8,D,0
27.5851,83.9331,335.3,1.1,1.1,2018-04-18,0753,Aqua,MODIS,83,6.03,304.2,28.5,D,0
27.4228,82.7384,329.8,1,1,2018-04-18,0753,Aqua,MODIS,71,6.03,312.5,10.3,D,0
27.4242,82.7488,332.4,1,1,2018-04-18,0753,Aqua,MODIS,75,6.03,309.8,13.8,D,0
27.4084,82.7571,330.3,1,1,2018-04-18,0753,Aqua,MODIS,67,6.03,310.1,9.8,D,0
27.361,82.5432,334.1,1,1,2018-04-18,0753,Aqua,MODIS,77,6.03,311,16.4,D,0
27.3624,82.5534,330.1,1,1,2018-04-18,0753,Aqua,MODIS,55,6.03,310.8,10.7,D,0
27.354,82.6287,331.3,1,1,2018-04-18,0753,Aqua,MODIS,60,6.03,310.4,11.2,D,0
27.3157,82.5509,347.6,1,1,2018-04-18,0753,Aqua,MODIS,91,6.03,314.8,37.2,D,0
27.3171,82.5612,387.9,1,1,2018-04-18,0753,Aqua,MODIS,100,6.03,314.3,175,D,0
27.3081,82.5628,382.5,1,1,2018-04-18,0753,Aqua,MODIS,100,6.03,318.8,149.7,D,0
27.3095,82.5731,354.9,1,1,2018-04-18,0753,Aqua,MODIS,96,6.03,306.8,56.6,D,0
27.3771,83.0846,336.2,1.1,1,2018-04-18,0753,Aqua,MODIS,81,6.03,314,18.2,D,0
27.3308,82.7983,331.5,1,1,2018-04-18,0753,Aqua,MODIS,63,6.03,312,10.7,D,0
27.2853,82.5314,332.6,1,1,2018-04-18,0753,Aqua,MODIS,57,6.03,314.4,12,D,0
27.2464,82.5172,328.4,1,1,2018-04-18,0753,Aqua,MODIS,60,6.03,311.6,7.2,D,0
27.3331,83.2404,331.2,1.1,1,2018-04-18,0753,Aqua,MODIS,74,6.03,308.3,14.3,D,0
27.3587,83.513,331,1.1,1,2018-04-18,0753,Aqua,MODIS,33,6.03,309.5,17.5,D,0
26.6214,83.3416,350.4,1.1,1,2018-04-18,0753,Aqua,MODIS,93,6.03,316.6,41.5,D,0
26.6108,83.3326,377.8,1.1,1,2018-04-18,0753,Aqua,MODIS,100,6.03,321.6,129.6,D,0
26.6121,83.3432,369.5,1.1,1,2018-04-18,0753,Aqua,MODIS,100,6.03,317.7,97.8,D,0
26.5991,83.9497,332.2,1.1,1.1,2018-04-18,0753,Aqua,MODIS,73,6.03,313.2,12.2,D,0
26.6005,83.9609,345.1,1.1,1.1,2018-04-18,0753,Aqua,MODIS,89,6.03,313.7,37.4,D,0
26.4163,83.5129,332.4,1.1,1,2018-04-18,0753,Aqua,MODIS,68,6.03,315.5,12,D,0
26.4177,83.5236,342.5,1.1,1,2018-04-18,0753,Aqua,MODIS,86,6.03,316.8,29.5,D,0
27.2722,83.2561,333.8,1.1,1,2018-04-18,0753,Aqua,MODIS,77,6.03,310.4,14.1,D,0
27.1794,82.6287,329.2,1,1,2018-04-18,0753,Aqua,MODIS,39,6.03,310.1,8.8,D,0
27.2197,82.9294,331.8,1,1,2018-04-18,0753,Aqua,MODIS,72,6.03,312.5,11.1,D,0
27.2211,82.9399,335.7,1,1,2018-04-18,0753,Aqua,MODIS,79,6.03,312.5,16.7,D,0
27.263,83.2576,331.5,1.1,1,2018-04-18,0753,Aqua,MODIS,73,6.03,312.3,10.8,D,0
27.1648,82.5892,352.6,1,1,2018-04-18,0753,Aqua,MODIS,95,6.03,313.1,50.8,D,0
27.1662,82.5995,372.9,1,1,2018-04-18,0753,Aqua,MODIS,100,6.03,311.1,111.5,D,0
27.2148,82.9624,339.1,1,1,2018-04-18,0753,Aqua,MODIS,83,6.03,313.2,22.7,D,0
27.3627,84.1157,329.7,1.2,1.1,2018-04-18,0753,Aqua,MODIS,60,6.03,305,17,D,0
27.342,84.1071,332.7,1.2,1.1,2018-04-18,0753,Aqua,MODIS,71,6.03,304.6,23.3,D,0
27.1377,82.5939,348.5,1,1,2018-04-18,0753,Aqua,MODIS,92,6.03,314,39.9,D,0
27.1391,82.6041,327.9,1,1,2018-04-18,0753,Aqua,MODIS,47,6.03,310.9,5.4,D,0
27.215,83.5262,331.2,1.1,1,2018-04-18,0753,Aqua,MODIS,71,6.03,312.1,10.8,D,0
27.085,82.6831,332.9,1,1,2018-04-18,0753,Aqua,MODIS,73,6.03,313.7,12.2,D,0
27.0864,82.6934,334,1,1,2018-04-18,0753,Aqua,MODIS,75,6.03,315.6,13.7,D,0
27.1954,83.5966,330.9,1.1,1,2018-04-18,0753,Aqua,MODIS,42,6.03,310.9,8.3,D,0
27.0881,82.9155,339.1,1,1,2018-04-18,0753,Aqua,MODIS,83,6.03,316.6,19.5,D,0
27.0712,82.9134,337.1,1,1,2018-04-18,0753,Aqua,MODIS,72,6.03,315.9,15.8,D,0
27.0726,82.9239,337.1,1,1,2018-04-18,0753,Aqua,MODIS,78,6.03,317.6,16.5,D,0
27.2018,84.2967,328,1.2,1.1,2018-04-18,0753,Aqua,MODIS,69,6.03,308.5,10.5,D,0
27.0139,83.5379,331,1.1,1,2018-04-18,0753,Aqua,MODIS,53,6.03,312.6,12,D,0
27.0046,83.5394,335.1,1.1,1,2018-04-18,0753,Aqua,MODIS,71,6.03,315,17.9,D,0
26.793,83.3227,343.6,1.1,1,2018-04-18,0753,Aqua,MODIS,87,6.03,316.3,29.6,D,0
26.7944,83.3334,353.6,1.1,1,2018-04-18,0753,Aqua,MODIS,95,6.03,313.1,53,D,0
26.6186,83.3205,335.3,1.1,1,2018-04-18,0753,Aqua,MODIS,64,6.03,316.7,12.5,D,0
26.62,83.331,338.3,1.1,1,2018-04-18,0753,Aqua,MODIS,63,6.03,315.6,16.2,D,0
29.7379,80.406,319.8,1,1,2018-04-18,0754,Aqua,MODIS,62,6.03,307.2,6.8,D,0
27.1162,82.9084,305.6,3.1,1.7,2018-04-18,1718,Terra,MODIS,65,6.03,291.9,34.8,N,0
28.9178,81.4398,306.7,2.5,1.5,2018-04-18,1718,Terra,MODIS,69,6.03,292.1,28.1,N,0
26.8691,82.9077,303.1,1.7,1.3,2018-04-18,2000,Aqua,MODIS,53,6.03,292.4,10.6,N,0
27.0897,82.7618,303.8,1.7,1.3,2018-04-18,2000,Aqua,MODIS,57,6.03,290.9,13.8,N,0
27.1287,82.9377,301.5,1.7,1.3,2018-04-18,2000,Aqua,MODIS,42,6.03,291.2,9.5,N,0
27.1305,82.921,310.2,1.7,1.3,2018-04-18,2000,Aqua,MODIS,79,6.03,291.6,20.9,N,0
27.4097,82.753,302.6,1.7,1.3,2018-04-18,2000,Aqua,MODIS,50,6.03,292,11.7,N,0
26.8006,83.315,304.8,1.6,1.2,2018-04-18,2000,Aqua,MODIS,62,6.03,292.6,11.5,N,0
26.7988,83.3305,303,1.5,1.2,2018-04-18,2000,Aqua,MODIS,40,6.03,292.7,8.8,N,0
28.911,81.4563,319.3,1,1,2018-04-19,0524,Terra,MODIS,31,6.03,306.5,6.3,D,0
28.9095,81.4665,319.2,1,1,2018-04-19,0524,Terra,MODIS,55,6.03,305.3,6.7,D,0
28.97,80.9371,320.1,1,1,2018-04-19,0524,Terra,MODIS,66,6.03,304.8,8.8,D,0
28.9328,81.1275,321.7,1,1,2018-04-19,0524,Terra,MODIS,70,6.03,305.6,9.3,D,0
28.9301,80.7051,316.2,1,1,2018-04-19,0524,Terra,MODIS,26,6.03,304.6,6.1,D,0
28.807,81.5342,320.3,1,1,2018-04-19,0524,Terra,MODIS,41,6.03,304.1,7.6,D,0
28.8113,81.1398,315.3,1,1,2018-04-19,0524,Terra,MODIS,35,6.03,303.7,5,D,0
28.714,81.7195,320.3,1,1,2018-04-19,0524,Terra,MODIS,62,6.03,305.4,8.6,D,0
28.705,81.7181,317.7,1,1,2018-04-19,0524,Terra,MODIS,47,6.03,304.9,6.3,D,0
28.4,83.3962,326.9,1.1,1.1,2018-04-19,0524,Terra,MODIS,82,6.03,297.3,24.5,D,0
28.6906,81.3293,317.9,1,1,2018-04-19,0524,Terra,MODIS,38,6.03,305.2,5.4,D,0
28.6792,81.2791,325.6,1,1,2018-04-19,0524,Terra,MODIS,74,6.03,304.5,14.4,D,0
28.6777,81.2892,319.3,1,1,2018-04-19,0524,Terra,MODIS,44,6.03,305.1,7.5,D,0
28.7917,80.3226,319.5,1,1,2018-04-19,0524,Terra,MODIS,42,6.03,305.9,6.3,D,0
28.6047,81.3481,318.9,1,1,2018-04-19,0524,Terra,MODIS,54,6.03,306.1,6.4,D,0
28.4592,81.4538,318.3,1,1,2018-04-19,0524,Terra,MODIS,58,6.03,305.7,6.6,D,0
28.3582,80.6455,327.9,1,1,2018-04-19,0524,Terra,MODIS,73,6.03,309.9,10.4,D,0
28.1044,83.2692,315.8,1.1,1.1,2018-04-19,0524,Terra,MODIS,47,6.03,297.5,8.8,D,0
29.7206,80.3961,319.2,1,1,2018-04-19,0524,Terra,MODIS,68,6.03,303.1,7.2,D,0
27.3715,82.7794,347.4,1.1,1,2018-04-19,0525,Terra,MODIS,92,6.03,309.1,46.9,D,0
27.3606,83.4017,330.4,1.2,1.1,2018-04-19,0525,Terra,MODIS,77,6.03,305.4,16.7,D,0
27.2933,84.1548,320.7,1.3,1.1,2018-04-19,0525,Terra,MODIS,44,6.03,300.3,12.2,D,0
28.0145,80.0238,331.5,1,1,2018-04-19,0525,Terra,MODIS,72,6.03,313.4,12,D,0
27.4087,84.081,324.1,1.3,1.1,2018-04-19,0525,Terra,MODIS,47,6.03,302.1,15.8,D,0
27.4102,84.074,330.4,1.3,1.1,2018-04-19,0525,Terra,MODIS,45,6.03,301.2,24.9,D,0
27.4245,84.051,322.4,1.3,1.1,2018-04-19,0525,Terra,MODIS,27,6.03,297.3,14.4,D,0
28.1446,80.4641,323,1,1,2018-04-19,0525,Terra,MODIS,26,6.03,307.9,6.2,D,0
27.3823,82.7138,327.4,1.1,1,2018-04-19,0525,Terra,MODIS,69,6.03,308.2,9.9,D,0
27.3123,83.3137,324.1,1.2,1.1,2018-04-19,0525,Terra,MODIS,52,6.03,304.7,9,D,0
27.2728,83.6091,323.3,1.2,1.1,2018-04-19,0525,Terra,MODIS,39,6.03,301,12.8,D,0
27.3688,83.2363,323.9,1.2,1.1,2018-04-19,0525,Terra,MODIS,64,6.03,304.6,8.6,D,0
27.351,83.3997,334.6,1.2,1.1,2018-04-19,0525,Terra,MODIS,82,6.03,306.8,24.3,D,0
27.4426,83.0871,322.1,1.1,1.1,2018-04-19,0525,Terra,MODIS,57,6.03,304.2,7.6,D,0
27.2911,84.1675,334.8,1.3,1.1,2018-04-19,0525,Terra,MODIS,83,6.03,301.6,36.4,D,0
27.3516,82.9007,336.5,1.1,1.1,2018-04-19,0525,Terra,MODIS,83,6.03,307.9,27.4,D,0
27.3623,82.6807,329.5,1.1,1,2018-04-19,0525,Terra,MODIS,73,6.03,309.9,12.5,D,0
27.3404,82.9099,327,1.1,1.1,2018-04-19,0525,Terra,MODIS,69,6.03,306.9,11.3,D,0
27.3422,82.8988,348.3,1.1,1.1,2018-04-19,0525,Terra,MODIS,93,6.03,307.1,50.7,D,0
27.3801,82.6684,342.5,1.1,1,2018-04-19,0525,Terra,MODIS,88,6.03,308.5,33.8,D,0
27.2401,83.5653,328.2,1.2,1.1,2018-04-19,0525,Terra,MODIS,73,6.03,304.3,17.2,D,0
27.3497,82.9118,326.8,1.1,1.1,2018-04-19,0525,Terra,MODIS,69,6.03,307.2,12.3,D,0
26.3781,81.475,333,1,1,2018-04-19,0525,Terra,MODIS,73,6.03,314.1,14.2,D,0
26.5551,81.4061,327.8,1,1,2018-04-19,0525,Terra,MODIS,61,6.03,311.8,8.8,D,0
26.6492,81.6922,328.8,1,1,2018-04-19,0525,Terra,MODIS,67,6.03,311.6,10,D,0
26.6508,81.682,333.3,1,1,2018-04-19,0525,Terra,MODIS,76,6.03,312.8,16.1,D,0
26.4257,83.6892,345.9,1.2,1.1,2018-04-19,0525,Terra,MODIS,90,6.03,315.7,49,D,0
26.9016,82.8817,332.9,1.1,1.1,2018-04-19,0525,Terra,MODIS,77,6.03,312.6,17,D,0
27.0451,83.0742,327,1.1,1.1,2018-04-19,0525,Terra,MODIS,67,6.03,310.1,10,D,0
27.047,83.0629,326.7,1.1,1.1,2018-04-19,0525,Terra,MODIS,67,6.03,309.8,9.5,D,0
27.0994,82.9225,346,1.1,1.1,2018-04-19,0525,Terra,MODIS,91,6.03,311.7,40.2,D,0
27.1049,82.8891,330,1.1,1.1,2018-04-19,0525,Terra,MODIS,40,6.03,310.7,10.2,D,0
27.107,82.9356,340.2,1.1,1.1,2018-04-19,0525,Terra,MODIS,86,6.03,309.6,28.2,D,0
27.1088,82.9244,336.9,1.1,1.1,2018-04-19,0525,Terra,MODIS,83,6.03,310.3,21.2,D,0
27.1258,82.9394,328.3,1.1,1.1,2018-04-19,0525,Terra,MODIS,68,6.03,310,11.5,D,0
27.1251,83.5044,327.2,1.2,1.1,2018-04-19,0525,Terra,MODIS,62,6.03,305.1,14.6,D,0
27.2197,82.9304,333.3,1.1,1.1,2018-04-19,0525,Terra,MODIS,79,6.03,307.6,21.5,D,0
27.2215,82.9193,341.3,1.1,1.1,2018-04-19,0525,Terra,MODIS,87,6.03,307.5,36.4,D,0
27.4838,81.3731,351.7,1,1,2018-04-19,0525,Terra,MODIS,0,6.03,310.5,50.7,D,0
27.3031,82.6913,329.9,1.1,1,2018-04-19,0525,Terra,MODIS,61,6.03,308.8,10.6,D,0
27.3137,82.626,337.3,1.1,1,2018-04-19,0525,Terra,MODIS,83,6.03,309,22,D,0
27.3282,82.5954,336,1.1,1,2018-04-19,0525,Terra,MODIS,82,6.03,309.9,20.4,D,0
27.33,82.5846,349.7,1.1,1,2018-04-19,0525,Terra,MODIS,94,6.03,309.5,48.6,D,0
27.3479,82.5325,344.1,1.1,1,2018-04-19,0525,Terra,MODIS,90,6.03,308.7,37.2,D,0
27.3496,82.5218,328.3,1.1,1,2018-04-19,0525,Terra,MODIS,71,6.03,306.8,10.9,D,0
27.1944,83.5247,327.6,1.2,1.1,2018-04-19,0525,Terra,MODIS,66,6.03,305,15.6,D,0
27.322,82.7515,327.4,1.1,1,2018-04-19,0525,Terra,MODIS,66,6.03,306.6,9.6,D,0
27.2041,83.5267,327.6,1.2,1.1,2018-04-19,0525,Terra,MODIS,69,6.03,304.8,15,D,0
26.4182,83.6615,324,4.7,2,2018-04-19,0658,Aqua,MODIS,76,6.03,304.9,79.5,D,0
26.4298,83.7104,323.7,4.7,2,2018-04-19,0658,Aqua,MODIS,75,6.03,304.6,71.7,D,0
26.429,83.7068,324.7,4.7,2,2018-04-19,0658,Aqua,MODIS,76,6.03,304.6,82.3,D,0
26.9888,83.5567,321,4.6,2,2018-04-19,0658,Aqua,MODIS,66,6.03,300.2,57,D,0
26.9884,83.5539,320.7,4.6,2,2018-04-19,0658,Aqua,MODIS,75,6.03,300.2,57,D,0
26.4193,83.665,325,4.7,2,2018-04-19,0658,Aqua,MODIS,77,6.03,304.9,88.9,D,0
29.4547,80.673,318.8,3.8,1.8,2018-04-19,0836,Aqua,MODIS,54,6.03,302.1,59.5,D,0
26.9383,83.5474,309.8,1.4,1.2,2018-04-19,1623,Terra,MODIS,78,6.03,296.5,11.9,N,0
27.0027,83.5696,307.1,1.4,1.2,2018-04-19,1623,Terra,MODIS,32,6.03,296.6,6.9,N,0
29.0129,81.0625,304.3,1.8,1.3,2018-04-19,1623,Terra,MODIS,59,6.03,290.8,13.3,N,0
29.0162,81.0797,306.3,1.8,1.3,2018-04-19,1623,Terra,MODIS,68,6.03,291.6,16,N,0
28.9203,81.4292,303.7,1.7,1.3,2018-04-19,1623,Terra,MODIS,56,6.03,292.3,10.2,N,0
27.8524,80.0199,302.5,2.3,1.5,2018-04-19,1623,Terra,MODIS,50,6.03,292.3,14.9,N,0
28.063,82.7564,321.7,1.5,1.2,2018-04-19,1623,Terra,MODIS,100,6.03,293.7,32.6,N,0
28.0656,82.771,311.3,1.5,1.2,2018-04-19,1623,Terra,MODIS,82,6.03,293.4,16.2,N,0
28.0704,82.7592,313.4,1.5,1.2,2018-04-19,1623,Terra,MODIS,87,6.03,293.3,19.3,N,0
28.0599,82.7628,314.5,1.5,1.2,2018-04-19,1623,Terra,MODIS,89,6.03,293.2,21,N,0
27.3757,82.6889,332.8,1.5,1.2,2018-04-19,1623,Terra,MODIS,100,6.03,295.1,58.1,N,0
27.3784,82.7042,311.6,1.5,1.2,2018-04-19,1623,Terra,MODIS,83,6.03,294.4,16.1,N,0
27.3648,82.6914,332.4,1.5,1.2,2018-04-19,1623,Terra,MODIS,100,6.03,295.8,57.9,N,0
27.3676,82.7067,309.7,1.5,1.2,2018-04-19,1623,Terra,MODIS,78,6.03,294.9,14.3,N,0
27.3354,82.7774,306.4,1.5,1.2,2018-04-19,1623,Terra,MODIS,68,6.03,294.3,10.6,N,0
27.3335,82.7835,314.8,1.5,1.2,2018-04-19,1623,Terra,MODIS,90,6.03,294.5,21.3,N,0
27.3761,83.2158,307.4,1.4,1.2,2018-04-19,1623,Terra,MODIS,71,6.03,296.6,9.2,N,0
27.3786,83.23,308.9,1.4,1.2,2018-04-19,1623,Terra,MODIS,76,6.03,296.8,10.8,N,0
27.3433,83.3982,308.4,1.4,1.2,2018-04-19,1623,Terra,MODIS,53,6.03,295.8,8.9,N,0
27.4064,84.0523,307.2,1.3,1.1,2018-04-19,1623,Terra,MODIS,71,6.03,294.2,8.1,N,0
27.4085,84.065,306.4,1.3,1.1,2018-04-19,1623,Terra,MODIS,63,6.03,294.2,7.4,N,0
27.2076,82.9741,310.9,1.5,1.2,2018-04-19,1623,Terra,MODIS,81,6.03,294.3,15.9,N,0
27.0003,83.5559,314.2,1.4,1.2,2018-04-19,1623,Terra,MODIS,89,6.03,296.7,15.8,N,0
27.408,84.1828,307,1.3,1.1,2018-04-19,1623,Terra,MODIS,70,6.03,293.8,8.6,N,0
27.1398,82.7232,317,1.6,1.2,2018-04-19,1623,Terra,MODIS,94,6.03,295,24.6,N,0
27.013,83.5673,314.9,1.4,1.2,2018-04-19,1623,Terra,MODIS,90,6.03,296.8,16.2,N,0
27.0106,83.5536,311.7,1.4,1.2,2018-04-19,1623,Terra,MODIS,83,6.03,296.5,12.6,N,0
27.0258,83.5787,312.4,1.4,1.2,2018-04-19,1623,Terra,MODIS,85,6.03,296.6,13.9,N,0
26.9858,82.897,305.2,1.5,1.2,2018-04-19,1623,Terra,MODIS,63,6.03,294.1,10.3,N,0
27.1271,83.3196,311.1,1.4,1.2,2018-04-19,1623,Terra,MODIS,82,6.03,295.8,13.9,N,0
27.1246,83.3055,311.8,1.4,1.2,2018-04-19,1623,Terra,MODIS,83,6.03,295.7,14.7,N,0
27.0667,82.8472,307.7,1.5,1.2,2018-04-19,1623,Terra,MODIS,72,6.03,294.5,12.4,N,0
27.298,84.081,308.5,1.3,1.1,2018-04-19,1623,Terra,MODIS,75,6.03,294,10.2,N,0
27.1223,82.7009,305.1,1.6,1.2,2018-04-19,1623,Terra,MODIS,42,6.03,294.3,9.1,N,0
27.1386,82.7292,314.8,1.6,1.2,2018-04-19,1623,Terra,MODIS,90,6.03,294.9,21,N,0
27.2103,82.9888,318.7,1.5,1.2,2018-04-19,1623,Terra,MODIS,97,6.03,295.1,27.4,N,0
27.005,83.5611,327.3,1.4,1.2,2018-04-19,1623,Terra,MODIS,100,6.03,297.2,36.4,N,0
26.9693,83.5405,309.3,1.4,1.2,2018-04-19,1623,Terra,MODIS,77,6.03,296.5,10.7,N,0
26.9764,83.5817,321,1.4,1.2,2018-04-19,1623,Terra,MODIS,100,6.03,296.6,26,N,0
26.9788,83.5954,307.9,1.4,1.2,2018-04-19,1623,Terra,MODIS,73,6.03,296.3,8.8,N,0
26.9358,83.5336,311.8,1.4,1.2,2018-04-19,1623,Terra,MODIS,83,6.03,296.1,14.6,N,0
27.8575,80.0202,303.6,1.1,1.1,2018-04-19,2042,Aqua,MODIS,56,6.03,291.9,6.6,N,0
28.9075,81.4925,301.8,1.3,1.1,2018-04-19,2042,Aqua,MODIS,44,6.03,291.4,6.6,N,0
29.0195,81.0805,301.6,1.2,1.1,2018-04-19,2042,Aqua,MODIS,42,6.03,290,6.2,N,0
28.8356,82.3071,301.4,1.4,1.2,2018-04-19,2042,Aqua,MODIS,41,6.03,288.2,10.8,N,0
26.808,82.9855,307,1.7,1.3,2018-04-19,2043,Aqua,MODIS,70,6.03,295,14.7,N,0
27.4177,83.442,316.6,4.2,1.9,2018-04-20,0429,Terra,MODIS,68,6.03,294.6,42.8,D,0
27.4112,83.4783,317,4.2,1.9,2018-04-20,0429,Terra,MODIS,39,6.03,294.8,44.4,D,0
27.3183,83.2918,316.9,4.3,1.9,2018-04-20,0429,Terra,MODIS,64,6.03,293.2,42.4,D,0
26.4401,83.7422,338.9,1,1,2018-04-20,0740,Aqua,MODIS,83,6.03,312.9,20.2,D,0
26.4416,83.7523,334.4,1,1,2018-04-20,0740,Aqua,MODIS,76,6.03,311.9,13.1,D,0
26.8736,83.1959,365,1,1,2018-04-20,0740,Aqua,MODIS,100,6.03,311,87.2,D,0
26.3855,83.8734,342.2,1,1,2018-04-20,0740,Aqua,MODIS,86,6.03,311,26.1,D,0
26.3945,83.8717,333.3,1,1,2018-04-20,0740,Aqua,MODIS,74,6.03,313.5,12,D,0
26.8645,83.1977,335.1,1,1,2018-04-20,0740,Aqua,MODIS,80,6.03,307.6,17.7,D,0
26.8177,83.3085,332.9,1,1,2018-04-20,0740,Aqua,MODIS,76,6.03,309.1,12.7,D,0
27.31,83.2724,324,1,1,2018-04-20,0741,Aqua,MODIS,49,6.03,291.8,11.6,D,0
27.393,84.0782,326.8,1,1,2018-04-20,0741,Aqua,MODIS,74,6.03,301.7,12.8,D,0
27.3855,84.0899,332.9,1,1,2018-04-20,0741,Aqua,MODIS,83,6.03,302.2,19.7,D,0
27.1196,82.869,334.4,1.1,1,2018-04-20,0741,Aqua,MODIS,46,6.03,306.7,17.4,D,0
27.3222,84.5387,322.1,1,1,2018-04-20,0741,Aqua,MODIS,59,6.03,302.8,5.9,D,0
27.0545,82.9364,332.3,1.1,1,2018-04-20,0741,Aqua,MODIS,79,6.03,308.8,14.7,D,0
27.0999,83.5325,329.1,1,1,2018-04-20,0741,Aqua,MODIS,65,6.03,299,15.4,D,0
27.1015,83.5427,347.8,1,1,2018-04-20,0741,Aqua,MODIS,93,6.03,299.5,47.4,D,0
27.0909,83.5343,340.1,1,1,2018-04-20,0741,Aqua,MODIS,87,6.03,297.9,30.5,D,0
29.4177,80.676,317.2,1.2,1.1,2018-04-20,0741,Aqua,MODIS,43,6.03,301.2,7.9,D,0
27.0924,83.5445,363.7,1,1,2018-04-20,0741,Aqua,MODIS,100,6.03,297.2,86.3,D,0
29.0667,81.2859,319.3,1.2,1.1,2018-04-20,0741,Aqua,MODIS,63,6.03,302.3,9.2,D,0
28.9011,81.4648,329.8,1.2,1.1,2018-04-20,0741,Aqua,MODIS,82,6.03,305.6,21.7,D,0
28.9031,81.4767,320.6,1.2,1.1,2018-04-20,0741,Aqua,MODIS,52,6.03,304.4,8.4,D,0
28.8181,81.5265,327.7,1.2,1.1,2018-04-20,0741,Aqua,MODIS,77,6.03,304,17.7,D,0
28.6515,81.4326,325.8,1.2,1.1,2018-04-20,0741,Aqua,MODIS,62,6.03,302.8,17.1,D,0
28.6466,81.428,320.1,1.2,1.1,2018-04-20,0741,Aqua,MODIS,70,6.03,302.6,9.6,D,0
28.5876,81.4897,322.5,1.2,1.1,2018-04-20,0741,Aqua,MODIS,64,6.03,301.1,14,D,0
28.226,82.045,324,1.1,1.1,2018-04-20,0741,Aqua,MODIS,72,6.03,304.5,14.1,D,0
27.3438,83.0781,335.6,1,1,2018-04-20,0741,Aqua,MODIS,68,6.03,304.6,24.9,D,0
28.0738,82.7486,300.6,1.9,1.3,2018-04-20,1706,Terra,MODIS,30,6.03,290.1,9,N,0
28.0618,82.7501,338.4,1.9,1.3,2018-04-20,1706,Terra,MODIS,100,6.03,292,100.6,N,0
28.0663,82.7359,317.9,1.9,1.3,2018-04-20,1706,Terra,MODIS,96,6.03,290.1,37.8,N,0
28.0685,82.7569,333.2,1.9,1.3,2018-04-20,1706,Terra,MODIS,100,6.03,291.5,81.1,N,0
28.0564,82.7572,304,1.9,1.3,2018-04-20,1706,Terra,MODIS,58,6.03,290.4,13.7,N,0
27.0648,83.4531,309.1,2,1.4,2018-04-20,1706,Terra,MODIS,76,6.03,295.1,19.5,N,0
28.5361,81.4808,303.8,1.6,1.2,2018-04-20,1706,Terra,MODIS,53,6.03,290.2,8.3,N,0
28.5346,81.4664,305.7,1.6,1.2,2018-04-20,1706,Terra,MODIS,65,6.03,291.4,9.9,N,0
28.5906,81.3481,308.7,1.5,1.2,2018-04-20,1706,Terra,MODIS,75,6.03,295.8,11.6,N,0
26.9781,82.9051,304.2,2.7,1.6,2018-04-20,1947,Aqua,MODIS,59,6.03,291.3,24.1,N,0
27.1071,82.6394,314.5,2.9,1.6,2018-04-20,1947,Aqua,MODIS,89,6.03,291,59.8,N,0
27.1042,82.8393,322.6,2.8,1.6,2018-04-20,1947,Aqua,MODIS,100,6.03,291.4,85.8,N,0
27.1075,82.6472,311.8,2.9,1.6,2018-04-20,1947,Aqua,MODIS,83,6.03,290.7,49,N,0
27.1098,82.6182,302,2.9,1.6,2018-04-20,1947,Aqua,MODIS,46,6.03,290.6,20.5,N,0
27.1059,82.8472,318,2.8,1.6,2018-04-20,1947,Aqua,MODIS,84,6.03,288.1,64.5,N,0
27.2964,83.194,331.6,1,1,2018-04-21,0512,Terra,MODIS,71,6.03,309.1,12.9,D,0
27.108,83.5371,333.2,1,1,2018-04-21,0512,Terra,MODIS,76,6.03,310.4,13.8,D,0
27.1221,83.3147,334.3,1,1,2018-04-21,0512,Terra,MODIS,77,6.03,311.2,14,D,0
27.0931,83.514,341.5,1,1,2018-04-21,0512,Terra,MODIS,86,6.03,311.9,23.4,D,0
27.0916,83.524,335.6,1,1,2018-04-21,0512,Terra,MODIS,78,6.03,311.2,14,D,0
27.0901,83.5339,332,1,1,2018-04-21,0512,Terra,MODIS,35,6.03,311.7,9.2,D,0
27.0827,83.5224,330,1,1,2018-04-21,0512,Terra,MODIS,62,6.03,311.1,7.3,D,0
27.338,82.9019,333.8,1,1,2018-04-21,0512,Terra,MODIS,77,6.03,308.4,16.4,D,0
27.3365,82.912,331.9,1,1,2018-04-21,0512,Terra,MODIS,74,6.03,307.9,13.3,D,0
27.305,83.1338,331.6,1,1,2018-04-21,0512,Terra,MODIS,73,6.03,309.3,12.2,D,0
27.3036,83.1438,330.4,1,1,2018-04-21,0512,Terra,MODIS,70,6.03,309.3,11.3,D,0
27.2629,83.2949,355.3,1,1,2018-04-21,0512,Terra,MODIS,97,6.03,311.6,53.9,D,0
27.2585,83.3249,336.2,1,1,2018-04-21,0512,Terra,MODIS,75,6.03,312,16,D,0
27.197,83.6823,330.3,1,1,2018-04-21,0512,Terra,MODIS,71,6.03,308.5,10,D,0
27.2941,82.9503,358.3,1,1,2018-04-21,0512,Terra,MODIS,99,6.03,310.2,63.1,D,0
27.2927,82.9604,341.7,1,1,2018-04-21,0512,Terra,MODIS,86,6.03,308.4,26.5,D,0
27.2808,82.979,328.3,1,1,2018-04-21,0512,Terra,MODIS,49,6.03,308.4,6.8,D,0
27.1201,83.6415,327.8,1,1,2018-04-21,0512,Terra,MODIS,63,6.03,309.2,7.8,D,0
27.1796,83.1711,326.7,1,1,2018-04-21,0512,Terra,MODIS,56,6.03,308.5,7.3,D,0
27.1169,83.5387,331.2,1,1,2018-04-21,0512,Terra,MODIS,71,6.03,309.9,11.7,D,0
27.1385,83.3279,331,1,1,2018-04-21,0512,Terra,MODIS,42,6.03,310.3,7.9,D,0
27.1356,83.3478,332.4,1,1,2018-04-21,0512,Terra,MODIS,49,6.03,310,9.5,D,0
27.3211,83.0851,331.6,1,1,2018-04-21,0512,Terra,MODIS,73,6.03,309.6,11.2,D,0
27.3203,83.2188,328.7,1,1,2018-04-21,0512,Terra,MODIS,66,6.03,309.8,9.1,D,0
27.3497,83.1416,325.6,1,1,2018-04-21,0512,Terra,MODIS,44,6.03,307.2,5.6,D,0
27.3512,83.1316,352.8,1,1,2018-04-21,0512,Terra,MODIS,95,6.03,308.7,51.5,D,0
27.3225,83.3936,337.3,1,1,2018-04-21,0512,Terra,MODIS,82,6.03,310.4,16.2,D,0
27.3893,82.9937,327.3,1,1,2018-04-21,0512,Terra,MODIS,45,6.03,308.5,6.5,D,0
27.3979,82.9331,328.8,1,1,2018-04-21,0512,Terra,MODIS,61,6.03,307.7,9.5,D,0
27.4069,82.9346,330.8,1,1,2018-04-21,0512,Terra,MODIS,71,6.03,308.4,13.2,D,0
27.4346,82.8043,328.7,1,1,2018-04-21,0512,Terra,MODIS,64,6.03,310.5,9.8,D,0
27.4083,83.0552,358.4,1,1,2018-04-21,0512,Terra,MODIS,99,6.03,309.7,64,D,0
27.3667,83.4079,330.2,1,1,2018-04-21,0512,Terra,MODIS,69,6.03,311,8.3,D,0
27.4172,83.0567,328,1,1,2018-04-21,0512,Terra,MODIS,60,6.03,308.9,7.7,D,0
27.1811,84.7026,324.9,1,1,2018-04-21,0512,Terra,MODIS,65,6.03,307.7,6.9,D,0
27.4447,83.1854,330.4,1,1,2018-04-21,0512,Terra,MODIS,66,6.03,310.3,11.2,D,0
27.5382,82.9181,327.6,1,1,2018-04-21,0512,Terra,MODIS,68,6.03,308,9,D,0
27.4208,84.0387,320.1,1,1,2018-04-21,0512,Terra,MODIS,34,6.03,303.7,6.8,D,0
28.1221,80.7321,325.3,1.2,1.1,2018-04-21,0512,Terra,MODIS,62,6.03,306.3,10.6,D,0
27.9484,82.3533,323.2,1,1,2018-04-21,0512,Terra,MODIS,58,6.03,306.8,6.8,D,0
28.2462,82.5918,318.8,1,1,2018-04-21,0512,Terra,MODIS,42,6.03,304.9,5.8,D,0
28.4395,81.3551,328.4,1.1,1.1,2018-04-21,0512,Terra,MODIS,60,6.03,304.9,15,D,0
28.4491,81.3567,324,1.1,1.1,2018-04-21,0512,Terra,MODIS,61,6.03,306.8,11.1,D,0
28.595,81.3458,321.1,1.2,1.1,2018-04-21,0512,Terra,MODIS,60,6.03,305.8,8.1,D,0
28.7317,80.4901,322.5,1.3,1.1,2018-04-21,0512,Terra,MODIS,56,6.03,309,9.5,D,0
28.6359,81.3311,319.8,1.2,1.1,2018-04-21,0512,Terra,MODIS,52,6.03,301.7,9.4,D,0
28.6352,81.4122,319.3,1.1,1.1,2018-04-21,0512,Terra,MODIS,40,6.03,303.6,9,D,0
28.7061,81.3471,318.3,1.2,1.1,2018-04-21,0512,Terra,MODIS,20,6.03,304.7,6.7,D,0
28.4565,83.2593,321.1,1,1,2018-04-21,0512,Terra,MODIS,59,6.03,299.1,14.1,D,0
28.458,83.2491,317.7,1,1,2018-04-21,0512,Terra,MODIS,45,6.03,301.8,10.3,D,0
28.7687,81.4218,323.8,1.1,1.1,2018-04-21,0512,Terra,MODIS,70,6.03,306.6,11.3,D,0
28.8434,81.1437,321.7,1.2,1.1,2018-04-21,0512,Terra,MODIS,62,6.03,307.1,9.1,D,0
28.8577,81.1094,323.5,1.2,1.1,2018-04-21,0512,Terra,MODIS,69,6.03,304.9,12.4,D,0
28.9009,81.4862,320,1.1,1.1,2018-04-21,0512,Terra,MODIS,60,6.03,304.9,8.3,D,0
28.9023,81.4751,322.1,1.1,1.1,2018-04-21,0512,Terra,MODIS,68,6.03,305.9,11.5,D,0
28.9056,81.4817,327.9,1.1,1.1,2018-04-21,0512,Terra,MODIS,80,6.03,305.4,16.7,D,0
27.1444,82.9015,330.6,1,1,2018-04-21,0513,Terra,MODIS,70,6.03,309,9.8,D,0
27.1729,82.6364,330.7,1,1,2018-04-21,0513,Terra,MODIS,68,6.03,310.9,10.1,D,0
26.9691,82.9058,327.7,1,1,2018-04-21,0513,Terra,MODIS,62,6.03,308.8,7.9,D,0
26.5683,83.3829,326.4,1,1,2018-04-21,0513,Terra,MODIS,55,6.03,307.2,6.9,D,0
26.5697,83.373,328.5,1,1,2018-04-21,0513,Terra,MODIS,64,6.03,308.5,9.2,D,0
26.8097,83.3058,332.6,1,1,2018-04-21,0513,Terra,MODIS,74,6.03,310.4,11.4,D,0
26.8197,83.304,340,1,1,2018-04-21,0513,Terra,MODIS,85,6.03,311.9,23.5,D,0
26.9291,82.862,328.4,1,1,2018-04-21,0513,Terra,MODIS,64,6.03,308.8,8.2,D,0
26.9277,82.872,340.6,1,1,2018-04-21,0513,Terra,MODIS,85,6.03,308.9,26,D,0
26.3695,81.5886,328.1,1.1,1,2018-04-21,0513,Terra,MODIS,60,6.03,312.6,8.2,D,0
26.9437,83.5869,336.7,1,1,2018-04-21,0513,Terra,MODIS,81,6.03,309.8,18.6,D,0
26.9451,83.577,342.8,1,1,2018-04-21,0513,Terra,MODIS,87,6.03,311.4,28.8,D,0
27.0466,82.878,332.6,1,1,2018-04-21,0513,Terra,MODIS,74,6.03,310.3,13.2,D,0
27.048,82.8679,330.7,1,1,2018-04-21,0513,Terra,MODIS,71,6.03,310.8,10.1,D,0
26.9555,83.5686,336.6,1,1,2018-04-21,0513,Terra,MODIS,81,6.03,311.5,18.2,D,0
26.957,83.5587,338,1,1,2018-04-21,0513,Terra,MODIS,82,6.03,312.7,20.3,D,0
27.0551,82.9479,334.1,1,1,2018-04-21,0513,Terra,MODIS,77,6.03,309.6,15.9,D,0
26.976,83.5584,343.1,1,1,2018-04-21,0513,Terra,MODIS,88,6.03,310.4,24.9,D,0
26.9775,83.5485,338.7,1,1,2018-04-21,0513,Terra,MODIS,83,6.03,311.1,18.6,D,0
27.0498,83.0499,331.2,1,1,2018-04-21,0513,Terra,MODIS,60,6.03,310.5,9.9,D,0
27.063,83.0213,329.5,1,1,2018-04-21,0513,Terra,MODIS,68,6.03,308.5,10.1,D,0
27.0146,83.5449,334,1,1,2018-04-21,0513,Terra,MODIS,46,6.03,314,13.5,D,0
27.0262,83.4654,329,1,1,2018-04-21,0513,Terra,MODIS,67,6.03,308.2,7.9,D,0
27.0277,83.4554,355.3,1,1,2018-04-21,0513,Terra,MODIS,97,6.03,311.6,53.7,D,0
27.0162,83.5962,340.3,1,1,2018-04-21,0513,Terra,MODIS,85,6.03,311.8,22.9,D,0
27.0176,83.5863,353,1,1,2018-04-21,0513,Terra,MODIS,95,6.03,312.2,47,D,0
27.047,83.4486,330.6,1,1,2018-04-21,0513,Terra,MODIS,71,6.03,309.2,9.6,D,0
27.1628,82.7077,333.3,1,1,2018-04-21,0513,Terra,MODIS,76,6.03,310.3,13.8,D,0
26.8627,83.2181,330.9,3.2,1.7,2018-04-21,0823,Aqua,MODIS,64,6.03,307.1,79.8,D,0
27.0838,82.6149,326.9,2.9,1.6,2018-04-21,0823,Aqua,MODIS,67,6.03,308.8,42.9,D,0
27.0818,82.6231,330.3,2.9,1.6,2018-04-21,0823,Aqua,MODIS,74,6.03,308.3,61.7,D,0
27.0252,83.4497,335.7,3.3,1.7,2018-04-21,0823,Aqua,MODIS,82,6.03,301.4,122.1,D,0
27.0152,83.4554,330,3.3,1.7,2018-04-21,0823,Aqua,MODIS,73,6.03,303.5,77.6,D,0
26.859,83.2138,331.4,3.2,1.7,2018-04-21,0823,Aqua,MODIS,75,6.03,307.3,82.9,D,0
28.6499,81.3962,321.9,2.5,1.5,2018-04-21,0824,Aqua,MODIS,46,6.03,305.7,30.2,D,0
28.8601,81.1107,323,2.4,1.5,2018-04-21,0824,Aqua,MODIS,49,6.03,306.7,24.7,D,0
28.8542,81.1077,328.5,2.4,1.5,2018-04-21,0824,Aqua,MODIS,78,6.03,308.2,49.8,D,0
27.2275,82.9306,326.1,3.1,1.7,2018-04-21,0824,Aqua,MODIS,66,6.03,308,43.2,D,0
27.3826,82.9706,325.6,3.1,1.7,2018-04-21,0824,Aqua,MODIS,52,6.03,309.1,35.3,D,0
27.3951,82.9646,325.7,3.1,1.7,2018-04-21,0824,Aqua,MODIS,66,6.03,308.6,41.2,D,0
28.3759,81.3755,321.8,2.5,1.5,2018-04-21,0824,Aqua,MODIS,27,6.03,306.4,21.2,D,0
28.6841,81.9753,328,2.8,1.6,2018-04-21,0824,Aqua,MODIS,76,6.03,309,62.4,D,0
28.6701,81.8043,319.2,2.7,1.6,2018-04-21,0824,Aqua,MODIS,50,6.03,305.5,30,D,0
28.8267,81.5155,323.8,2.6,1.5,2018-04-21,0824,Aqua,MODIS,71,6.03,305.9,36.2,D,0
27.6853,83.6258,305.5,2.1,1.4,2018-04-21,1611,Terra,MODIS,65,6.03,295.4,16,N,0
27.3902,84.0817,307.7,2,1.4,2018-04-21,1611,Terra,MODIS,72,6.03,297.5,15,N,0
27.1269,82.8394,309.8,2.5,1.5,2018-04-21,1611,Terra,MODIS,78,6.03,294.9,27.7,N,0
27.6791,85.6697,301.2,1.6,1.2,2018-04-21,1611,Terra,MODIS,34,6.03,285,10,N,0
27.1328,82.8431,306.7,2.5,1.5,2018-04-21,1611,Terra,MODIS,45,6.03,294.8,20.1,N,0
27.1195,82.8466,306.7,2.5,1.5,2018-04-21,1611,Terra,MODIS,59,6.03,295.5,21.6,N,0
27.0396,82.8673,309.5,2.5,1.5,2018-04-21,1611,Terra,MODIS,78,6.03,294.6,31.4,N,0
27.0457,82.8723,308.8,2.5,1.5,2018-04-21,1611,Terra,MODIS,76,6.03,294.7,29.3,N,0
27.3341,84.4297,308.9,1.9,1.3,2018-04-21,1611,Terra,MODIS,76,6.03,298.2,15.8,N,0
27.0878,83.5605,316.5,2.2,1.4,2018-04-21,1611,Terra,MODIS,69,6.03,295.3,37.1,N,0
27.0891,83.5656,317.6,2.2,1.4,2018-04-21,1611,Terra,MODIS,95,6.03,295.6,41.6,N,0
27.0764,83.5688,306.6,2.2,1.4,2018-04-21,1611,Terra,MODIS,36,6.03,295.9,16,N,0
27.0422,83.4624,308,2.3,1.5,2018-04-21,1611,Terra,MODIS,71,6.03,294.9,20.9,N,0
27.0384,83.5784,307.6,2.2,1.4,2018-04-21,1611,Terra,MODIS,71,6.03,295,20.2,N,0
26.8569,82.9518,309,2.5,1.5,2018-04-21,1611,Terra,MODIS,76,6.03,294.9,26.7,N,0
26.8628,82.9568,305.9,2.5,1.5,2018-04-21,1611,Terra,MODIS,66,6.03,294.9,20.5,N,0
26.529,83.5381,304.6,1.2,1.1,2018-04-21,2030,Aqua,MODIS,61,6.03,293.3,8.2,N,0
28.8504,81.5147,302.5,1,1,2018-04-21,2030,Aqua,MODIS,42,6.03,289.4,5.1,N,0
28.8488,81.525,301.2,1,1,2018-04-21,2030,Aqua,MODIS,27,6.03,290.5,4.5,N,0
28.6786,81.9734,300.3,1,1,2018-04-21,2030,Aqua,MODIS,24,6.03,289.7,5.3,N,0
28.6199,81.5145,307.6,1,1,2018-04-21,2030,Aqua,MODIS,72,6.03,293.3,8,N,0
27.883,82.8639,304.3,1.1,1,2018-04-21,2030,Aqua,MODIS,60,6.03,293.4,6.1,N,0
27.4701,82.9508,304.8,1.1,1.1,2018-04-21,2030,Aqua,MODIS,62,6.03,293.6,7.1,N,0
27.3684,83.3881,312.8,1.2,1.1,2018-04-21,2030,Aqua,MODIS,86,6.03,292.2,15.1,N,0
27.3665,83.3997,302.6,1.2,1.1,2018-04-21,2030,Aqua,MODIS,50,6.03,291.8,6.6,N,0
27.8707,80.0203,311.4,1,1,2018-04-21,2030,Aqua,MODIS,82,6.03,292.7,10.9,N,0
27.3126,82.5451,304,1.1,1,2018-04-21,2030,Aqua,MODIS,58,6.03,293.6,6.1,N,0
27.2915,82.675,312.7,1.1,1,2018-04-21,2030,Aqua,MODIS,86,6.03,294,13,N,0
27.1201,83.6417,303.7,1.2,1.1,2018-04-21,2030,Aqua,MODIS,56,6.03,293.1,6.6,N,0
27.1362,82.8468,306.2,1.1,1.1,2018-04-21,2030,Aqua,MODIS,67,6.03,293.4,7.5,N,0
27.1344,82.8579,304,1.1,1.1,2018-04-21,2030,Aqua,MODIS,58,6.03,293.4,6.1,N,0
26.3598,83.503,307.8,1.2,1.1,2018-04-21,2030,Aqua,MODIS,72,6.03,294.5,9.4,N,0
28.9746,80.9247,306.7,1,1,2018-04-21,2030,Aqua,MODIS,69,6.03,290.9,8.4,N,0
26.8553,83.1955,334.3,3.7,1.8,2018-04-22,0555,Terra,MODIS,61,6.03,311.3,124.9,D,0
26.8548,83.2727,325.6,3.8,1.8,2018-04-22,0555,Terra,MODIS,63,6.03,310,59.7,D,0
26.8964,83.535,323.7,3.9,1.8,2018-04-22,0555,Terra,MODIS,61,6.03,310.1,47.8,D,0
27.1983,82.8582,328.6,3.5,1.8,2018-04-22,0555,Terra,MODIS,72,6.03,309,78,D,0
27.1929,82.8621,330.9,3.5,1.8,2018-04-22,0555,Terra,MODIS,76,6.03,309,93.1,D,0
27.0936,83.5629,326.7,3.9,1.8,2018-04-22,0555,Terra,MODIS,69,6.03,312.8,61.8,D,0
27.385,82.7803,324.6,3.4,1.7,2018-04-22,0555,Terra,MODIS,63,6.03,311.2,41.5,D,0
27.3806,82.7843,324.7,3.4,1.7,2018-04-22,0555,Terra,MODIS,63,6.03,311.4,42.2,D,0
27.3506,83.1377,324.8,3.6,1.8,2018-04-22,0555,Terra,MODIS,61,6.03,310.5,41.1,D,0
28.7405,80.4773,320.1,2.2,1.4,2018-04-22,0555,Terra,MODIS,65,6.03,307.5,21.1,D,0
26.4747,83.4609,324.1,4,1.9,2018-04-22,0555,Terra,MODIS,63,6.03,308.5,58.7,D,0
26.3817,83.8185,325.5,4.2,1.9,2018-04-22,0555,Terra,MODIS,66,6.03,308.1,72.1,D,0
26.3911,83.778,324.4,4.2,1.9,2018-04-22,0555,Terra,MODIS,63,6.03,309,58.4,D,0
26.4803,83.4676,323,4,1.9,2018-04-22,0555,Terra,MODIS,51,6.03,308.5,50.3,D,0
26.5025,83.5977,323.7,4.1,1.9,2018-04-22,0555,Terra,MODIS,61,6.03,308.8,58,D,0
26.5611,83.4906,327.5,4,1.9,2018-04-22,0555,Terra,MODIS,71,6.03,307.9,87.6,D,0
26.5697,83.4523,344.6,3.9,1.8,2018-04-22,0555,Terra,MODIS,90,6.03,309.5,275.5,D,0
26.5773,83.4952,328.5,4,1.9,2018-04-22,0555,Terra,MODIS,68,6.03,306.8,90.6,D,0
26.5858,83.4568,340.9,3.9,1.8,2018-04-22,0555,Terra,MODIS,76,6.03,309.7,220.1,D,0
26.5663,83.4986,324.6,4,1.9,2018-04-22,0555,Terra,MODIS,60,6.03,306.8,59.1,D,0
26.84,82.8476,324.4,3.5,1.8,2018-04-22,0555,Terra,MODIS,59,6.03,311.4,45.5,D,0
26.3782,83.8124,327.1,4.2,1.9,2018-04-22,0555,Terra,MODIS,70,6.03,308,86.9,D,0
26.8401,83.2232,324.4,3.8,1.8,2018-04-22,0555,Terra,MODIS,58,6.03,309.8,45.7,D,0
26.5302,81.4231,322.2,2.9,1.6,2018-04-22,0556,Terra,MODIS,47,6.03,309.8,27,D,0
27.8027,86.2874,315.9,1,1,2018-04-22,0728,Aqua,MODIS,46,6.03,297.4,9.3,D,0
27.8042,86.2971,314.4,1,1,2018-04-22,0728,Aqua,MODIS,44,6.03,299.1,8.2,D,0
27.1457,82.6171,329.4,1.6,1.2,2018-04-22,0728,Aqua,MODIS,61,6.03,315.6,12.4,D,0
27.3833,84.0598,336.6,1.3,1.1,2018-04-22,0728,Aqua,MODIS,78,6.03,313.1,33.6,D,0
27.396,84.136,324.1,1.3,1.1,2018-04-22,0728,Aqua,MODIS,34,6.03,313.1,9,D,0
27.0966,82.6659,332,1.6,1.2,2018-04-22,0728,Aqua,MODIS,74,6.03,316.7,20.3,D,0
27.1326,82.865,332,1.5,1.2,2018-04-22,0728,Aqua,MODIS,74,6.03,317.6,17.1,D,0
27.1407,82.9723,331.5,1.5,1.2,2018-04-22,0728,Aqua,MODIS,73,6.03,315.8,20.3,D,0
27.0892,82.8118,330.8,1.5,1.2,2018-04-22,0728,Aqua,MODIS,68,6.03,318,17.7,D,0
27.3151,84.1471,326.8,1.3,1.1,2018-04-22,0728,Aqua,MODIS,32,6.03,312.5,13.3,D,0
27.2707,83.9437,330.3,1.3,1.1,2018-04-22,0728,Aqua,MODIS,61,6.03,313,21.6,D,0
27.3193,84.4168,337.1,1.2,1.1,2018-04-22,0728,Aqua,MODIS,84,6.03,312.5,34.8,D,0
27.3213,84.429,337.1,1.2,1.1,2018-04-22,0728,Aqua,MODIS,84,6.03,312.5,34.9,D,0
27.3258,84.5162,325.5,1.2,1.1,2018-04-22,0728,Aqua,MODIS,66,6.03,311.6,11.8,D,0
27.5196,85.712,325.7,1.1,1,2018-04-22,0728,Aqua,MODIS,60,6.03,312.2,11.5,D,0
27.6283,83.8689,327.3,1.3,1.1,2018-04-22,0728,Aqua,MODIS,65,6.03,312.2,16.8,D,0
27.6305,83.8821,330.3,1.3,1.1,2018-04-22,0728,Aqua,MODIS,72,6.03,309.3,23.1,D,0
27.4628,83.035,331.9,1.5,1.2,2018-04-22,0728,Aqua,MODIS,76,6.03,317.3,20.4,D,0
27.3718,82.7141,335.8,1.5,1.2,2018-04-22,0728,Aqua,MODIS,81,6.03,318.3,26.7,D,0
27.3746,82.7293,333,1.5,1.2,2018-04-22,0728,Aqua,MODIS,60,6.03,318.5,19.9,D,0
27.476,83.5772,333.2,1.4,1.2,2018-04-22,0728,Aqua,MODIS,78,6.03,320.5,17.6,D,0
27.2892,82.642,329.9,1.6,1.2,2018-04-22,0728,Aqua,MODIS,5,6.03,317.4,13.7,D,0
27.5955,84.4653,322.6,1.2,1.1,2018-04-22,0728,Aqua,MODIS,56,6.03,308.4,11.1,D,0
27.2364,82.5402,332.4,1.6,1.2,2018-04-22,0728,Aqua,MODIS,75,6.03,318.4,24.7,D,0
27.3534,83.1852,328.2,1.4,1.2,2018-04-22,0728,Aqua,MODIS,32,6.03,315.3,9.7,D,0
27.4604,83.9714,325.6,1.3,1.1,2018-04-22,0728,Aqua,MODIS,65,6.03,309.9,18.6,D,0
27.2086,82.5862,335,1.6,1.2,2018-04-22,0728,Aqua,MODIS,79,6.03,316.8,32.6,D,0
27.0997,83.5431,333.8,1.4,1.2,2018-04-22,0728,Aqua,MODIS,65,6.03,319.2,17.5,D,0
27.1021,83.5569,348.5,1.4,1.2,2018-04-22,0728,Aqua,MODIS,92,6.03,318.3,59.2,D,0
27.0894,83.5454,336.5,1.4,1.2,2018-04-22,0728,Aqua,MODIS,81,6.03,320.3,23.2,D,0
27.0917,83.5592,361.7,1.4,1.2,2018-04-22,0728,Aqua,MODIS,100,6.03,321.4,109.4,D,0
27.3821,85.303,330.1,1.1,1.1,2018-04-22,0728,Aqua,MODIS,72,6.03,314,15.7,D,0
27.3839,85.3142,327.9,1.1,1.1,2018-04-22,0728,Aqua,MODIS,54,6.03,313.4,12.9,D,0
26.9807,82.9898,340.9,1.5,1.2,2018-04-22,0728,Aqua,MODIS,85,6.03,318.8,44.7,D,0
26.9834,83.0047,340.9,1.5,1.2,2018-04-22,0728,Aqua,MODIS,85,6.03,317.5,44.6,D,0
26.9725,83.1298,331.6,1.5,1.2,2018-04-22,0728,Aqua,MODIS,57,6.03,317.9,17.5,D,0
26.9107,82.912,330,1.5,1.2,2018-04-22,0728,Aqua,MODIS,60,6.03,315.8,16.2,D,0
27.2851,85.0657,326,1.1,1.1,2018-04-22,0728,Aqua,MODIS,70,6.03,313.7,13.9,D,0
26.8508,82.5942,328.4,1.6,1.2,2018-04-22,0728,Aqua,MODIS,62,6.03,315.6,18,D,0
26.9086,82.9192,329.2,1.5,1.2,2018-04-22,0728,Aqua,MODIS,65,6.03,315.8,15.3,D,0
26.9401,83.098,332.8,1.5,1.2,2018-04-22,0728,Aqua,MODIS,27,6.03,318.5,18.9,D,0
26.9426,83.1127,337,1.5,1.2,2018-04-22,0728,Aqua,MODIS,43,6.03,320.4,29.1,D,0
26.8816,82.8305,329.8,1.6,1.2,2018-04-22,0728,Aqua,MODIS,41,6.03,316.9,15.8,D,0
26.8871,82.861,332.9,1.5,1.2,2018-04-22,0728,Aqua,MODIS,73,6.03,316.6,21.5,D,0
26.8898,82.8762,339.5,1.5,1.2,2018-04-22,0728,Aqua,MODIS,83,6.03,318.8,39.9,D,0
26.9346,83.1298,337.3,1.5,1.2,2018-04-22,0728,Aqua,MODIS,54,6.03,317.5,29.4,D,0
26.8977,82.9843,331.5,1.5,1.2,2018-04-22,0728,Aqua,MODIS,71,6.03,315.9,21.3,D,0
27.2584,85.1724,319.6,1.1,1.1,2018-04-22,0728,Aqua,MODIS,26,6.03,306.8,6.7,D,0
26.9418,83.5418,333.7,1.4,1.2,2018-04-22,0728,Aqua,MODIS,76,6.03,317,19.4,D,0
26.9442,83.5556,331.6,1.4,1.2,2018-04-22,0728,Aqua,MODIS,68,6.03,315.5,14.3,D,0
26.8195,82.9238,341.7,1.5,1.2,2018-04-22,0728,Aqua,MODIS,86,6.03,315.5,50.6,D,0
26.8265,82.9116,327.5,1.5,1.2,2018-04-22,0728,Aqua,MODIS,60,6.03,315.3,12.6,D,0
26.8156,82.9141,327.1,1.5,1.2,2018-04-22,0728,Aqua,MODIS,48,6.03,313.8,11.3,D,0
26.8183,82.9292,340.2,1.5,1.2,2018-04-22,0728,Aqua,MODIS,84,6.03,315.2,45.4,D,0
27.1274,84.8101,333.5,1.2,1.1,2018-04-22,0728,Aqua,MODIS,79,6.03,315.8,18.8,D,0
27.1293,84.8218,326.3,1.2,1.1,2018-04-22,0728,Aqua,MODIS,46,6.03,313.3,7.8,D,0
26.5333,81.4997,331.7,1.9,1.4,2018-04-22,0728,Aqua,MODIS,71,6.03,313.6,37.4,D,0
26.8308,83.1888,336.3,1.5,1.2,2018-04-22,0728,Aqua,MODIS,59,6.03,317,27,D,0
26.9169,83.6806,329.6,1.4,1.2,2018-04-22,0728,Aqua,MODIS,68,6.03,316.3,15.8,D,0
26.5472,82.8918,331.3,1.6,1.2,2018-04-22,0728,Aqua,MODIS,62,6.03,311.9,24.2,D,0
26.5864,83.382,328.8,1.4,1.2,2018-04-22,0728,Aqua,MODIS,62,6.03,315.7,13.6,D,0
26.5858,83.4412,332.9,1.4,1.2,2018-04-22,0728,Aqua,MODIS,46,6.03,314.4,20.2,D,0
26.5578,83.6843,358.6,1.4,1.2,2018-04-22,0728,Aqua,MODIS,99,6.03,315.8,102.5,D,0
26.556,83.7977,327.9,1.4,1.2,2018-04-22,0728,Aqua,MODIS,63,6.03,314.4,12.9,D,0
26.495,83.5106,336.4,1.4,1.2,2018-04-22,0728,Aqua,MODIS,76,6.03,317,32.2,D,0
26.4975,83.5246,334,1.4,1.2,2018-04-22,0728,Aqua,MODIS,77,6.03,315.5,26.5,D,0
26.4994,83.5968,330.2,1.4,1.2,2018-04-22,0728,Aqua,MODIS,69,6.03,317.5,16.4,D,0
26.4659,83.7534,331.6,1.4,1.2,2018-04-22,0728,Aqua,MODIS,72,6.03,316.1,18.6,D,0
26.4349,83.7601,329,1.4,1.2,2018-04-22,0728,Aqua,MODIS,46,6.03,314.8,10.1,D,0
26.4491,83.8413,334.7,1.4,1.2,2018-04-22,0728,Aqua,MODIS,78,6.03,317.2,22.4,D,0
26.4246,83.7624,333.1,1.4,1.2,2018-04-22,0728,Aqua,MODIS,75,6.03,316.6,19.3,D,0
26.4435,83.8704,332.4,1.4,1.2,2018-04-22,0728,Aqua,MODIS,61,6.03,316.9,17.2,D,0
26.3908,83.7895,372.1,1.4,1.2,2018-04-22,0728,Aqua,MODIS,100,6.03,319.1,162.7,D,0
26.3931,83.803,378.1,1.4,1.2,2018-04-22,0728,Aqua,MODIS,100,6.03,318.4,198.2,D,0
26.3805,83.7917,336.5,1.4,1.2,2018-04-22,0728,Aqua,MODIS,80,6.03,316.9,26.1,D,0
26.3828,83.8053,339,1.4,1.2,2018-04-22,0728,Aqua,MODIS,83,6.03,317.1,32.9,D,0
28.664,81.9788,321.7,1.6,1.3,2018-04-22,0729,Aqua,MODIS,62,6.03,311,15.7,D,0
28.6137,81.5141,323.9,1.7,1.3,2018-04-22,0729,Aqua,MODIS,60,6.03,308.4,21.6,D,0
28.6212,81.508,325.5,1.7,1.3,2018-04-22,0729,Aqua,MODIS,75,6.03,306.9,29.1,D,0
28.5391,80.8898,327.9,1.9,1.4,2018-04-22,0729,Aqua,MODIS,72,6.03,309.5,31.6,D,0
28.8447,81.5185,318.4,1.7,1.3,2018-04-22,0729,Aqua,MODIS,52,6.03,306.1,11.9,D,0
28.8409,81.4977,318.5,1.7,1.3,2018-04-22,0729,Aqua,MODIS,57,6.03,306.7,13.2,D,0
28.8719,81.4725,320.3,1.7,1.3,2018-04-22,0729,Aqua,MODIS,66,6.03,305.3,18.9,D,0
28.8673,81.1441,318.6,1.8,1.3,2018-04-22,0729,Aqua,MODIS,61,6.03,307.1,14.9,D,0
28.7403,80.488,323.8,2,1.4,2018-04-22,0729,Aqua,MODIS,56,6.03,308.7,23.2,D,0
28.7908,80.4057,330.4,2.1,1.4,2018-04-22,0729,Aqua,MODIS,80,6.03,307.7,45.3,D,0
29.0025,81.1124,342.1,1.8,1.3,2018-04-22,0729,Aqua,MODIS,90,6.03,306.8,88.4,D,0
29.0144,81.1952,326.2,1.8,1.3,2018-04-22,0729,Aqua,MODIS,78,6.03,304.8,31.9,D,0
29.0009,81.1258,320.5,1.8,1.3,2018-04-22,0729,Aqua,MODIS,55,6.03,304.8,17.3,D,0
28.9974,81.1076,334,1.8,1.3,2018-04-22,0729,Aqua,MODIS,85,6.03,305.5,57.4,D,0
29.1065,81.4884,322.4,1.7,1.3,2018-04-22,0729,Aqua,MODIS,61,6.03,309.6,22.3,D,0
26.8767,83.2087,306.9,1.2,1.1,2018-04-22,1653,Terra,MODIS,70,6.03,293.2,9.4,N,0
26.9197,83.6665,305.9,1.3,1.1,2018-04-22,1653,Terra,MODIS,32,6.03,292.6,8.4,N,0
26.9212,83.6796,303.2,1.3,1.1,2018-04-22,1653,Terra,MODIS,8,6.03,292.3,6.1,N,0
26.9219,83.6725,307.8,1.3,1.1,2018-04-22,1653,Terra,MODIS,68,6.03,292.6,10.6,N,0
26.8452,83.2072,305.4,1.2,1.1,2018-04-22,1653,Terra,MODIS,64,6.03,293.1,8.1,N,0
26.8255,83.2102,310.5,1.2,1.1,2018-04-22,1653,Terra,MODIS,30,6.03,294.3,11.3,N,0
26.8374,83.3091,302.2,1.2,1.1,2018-04-22,1653,Terra,MODIS,48,6.03,292.1,6.1,N,0
26.8171,83.224,307.3,1.2,1.1,2018-04-22,1653,Terra,MODIS,71,6.03,293.9,9.9,N,0
26.721,84.0536,311.6,1.4,1.2,2018-04-22,1653,Terra,MODIS,83,6.03,294,16.8,N,0
26.57,83.3678,319.2,1.2,1.1,2018-04-22,1653,Terra,MODIS,98,6.03,293,22.2,N,0
26.5715,83.3802,319.4,1.2,1.1,2018-04-22,1653,Terra,MODIS,98,6.03,293.7,23,N,0
26.573,83.3926,308.3,1.2,1.1,2018-04-22,1653,Terra,MODIS,74,6.03,292.8,11.1,N,0
26.4309,83.7358,306.9,1.3,1.1,2018-04-22,1653,Terra,MODIS,70,6.03,293.8,9.7,N,0
27.215,82.8117,308.6,1.2,1.1,2018-04-22,1653,Terra,MODIS,75,6.03,293.3,10,N,0
27.526,85.7263,301.6,1.8,1.3,2018-04-22,1653,Terra,MODIS,43,6.03,288,12.1,N,0
27.1971,82.8266,304.8,1.2,1.1,2018-04-22,1653,Terra,MODIS,31,6.03,294,6.9,N,0
27.214,83.0641,303,1.2,1.1,2018-04-22,1653,Terra,MODIS,52,6.03,292,6.7,N,0
27.5179,85.7203,303.7,1.8,1.3,2018-04-22,1653,Terra,MODIS,56,6.03,290,14,N,0
27.1623,82.8871,312.3,1.2,1.1,2018-04-22,1653,Terra,MODIS,84,6.03,293.8,14.3,N,0
27.1264,82.6759,308.4,1.2,1.1,2018-04-22,1653,Terra,MODIS,74,6.03,293.5,10.1,N,0
27.1279,82.6876,305.8,1.2,1.1,2018-04-22,1653,Terra,MODIS,66,6.03,294.3,8.1,N,0
27.1216,82.7964,303.8,1.2,1.1,2018-04-22,1653,Terra,MODIS,57,6.03,292.8,6.6,N,0
27.123,82.8083,312,1.2,1.1,2018-04-22,1653,Terra,MODIS,84,6.03,293.8,13.3,N,0
27.1022,82.7995,303.2,1.2,1.1,2018-04-22,1653,Terra,MODIS,50,6.03,292.8,6.1,N,0
27.1039,82.8962,307,1.2,1.1,2018-04-22,1653,Terra,MODIS,70,6.03,293.3,9.6,N,0
27.1054,82.9082,304.3,1.2,1.1,2018-04-22,1653,Terra,MODIS,60,6.03,293.9,7.2,N,0
27.1024,82.9022,312.1,1.2,1.1,2018-04-22,1653,Terra,MODIS,84,6.03,293.8,13.3,N,0
27.0706,82.7261,306.2,1.2,1.1,2018-04-22,1653,Terra,MODIS,67,6.03,293.4,8.2,N,0
27.0595,82.7159,306.1,1.2,1.1,2018-04-22,1653,Terra,MODIS,67,6.03,293.3,8,N,0
27.0609,82.7276,314.1,1.2,1.1,2018-04-22,1653,Terra,MODIS,88,6.03,294.2,15.2,N,0
27.0562,82.8486,312.9,1.2,1.1,2018-04-22,1653,Terra,MODIS,86,6.03,293.1,14.2,N,0
27.1341,83.5825,303.8,1.3,1.1,2018-04-22,1653,Terra,MODIS,21,6.03,292.9,6.5,N,0
27.1108,83.5596,306.9,1.3,1.1,2018-04-22,1653,Terra,MODIS,53,6.03,292.1,9.8,N,0
27.1123,83.5725,306.3,1.3,1.1,2018-04-22,1653,Terra,MODIS,23,6.03,293,8.6,N,0
27.0753,83.5978,309.1,1.3,1.1,2018-04-22,1653,Terra,MODIS,21,6.03,294,10,N,0
27.0606,83.5604,320.5,1.3,1.1,2018-04-22,1653,Terra,MODIS,79,6.03,294.3,21.8,N,0
26.8964,82.9585,310.8,1.2,1.1,2018-04-22,1653,Terra,MODIS,81,6.03,293,13.2,N,0
26.9689,83.646,314.1,1.3,1.1,2018-04-22,1653,Terra,MODIS,88,6.03,293.1,18.1,N,0
26.8614,82.9153,305.2,1.2,1.1,2018-04-22,1653,Terra,MODIS,49,6.03,293,7.3,N,0
26.8865,83.2072,308.1,1.2,1.1,2018-04-22,1653,Terra,MODIS,71,6.03,292.1,10.4,N,0
26.888,83.2195,315.3,1.2,1.1,2018-04-22,1653,Terra,MODIS,91,6.03,292.7,17.6,N,0
26.8362,82.8709,302.9,1.2,1.1,2018-04-22,1653,Terra,MODIS,52,6.03,292.3,6.5,N,0
26.8781,83.221,303.7,1.2,1.1,2018-04-22,1653,Terra,MODIS,30,6.03,293.3,6.7,N,0
27.3093,82.9998,309,1.2,1.1,2018-04-22,1653,Terra,MODIS,76,6.03,292.9,10.6,N,0
27.2995,83.0013,306.6,1.2,1.1,2018-04-22,1653,Terra,MODIS,61,6.03,293.1,8.5,N,0
27.2371,82.5926,304.3,1.2,1.1,2018-04-22,1653,Terra,MODIS,59,6.03,292.5,6.9,N,0
27.2591,82.7685,303.8,1.2,1.1,2018-04-22,1653,Terra,MODIS,57,6.03,292.5,7,N,0
27.2606,82.7803,309,1.2,1.1,2018-04-22,1653,Terra,MODIS,76,6.03,293.7,11.4,N,0
27.2407,82.6992,304.5,1.2,1.1,2018-04-22,1653,Terra,MODIS,60,6.03,293.3,7.2,N,0
27.204,82.5623,318.9,1.2,1.1,2018-04-22,1653,Terra,MODIS,98,6.03,293.5,20,N,0
27.192,82.6234,320,1.2,1.1,2018-04-22,1653,Terra,MODIS,99,6.03,293.8,21.7,N,0
28.6393,81.5106,307.3,1.1,1,2018-04-22,1654,Terra,MODIS,71,6.03,293.1,7.6,N,0
28.6301,81.5124,313.6,1.1,1,2018-04-22,1654,Terra,MODIS,87,6.03,294.4,11.9,N,0
28.5468,81.4315,304.2,1.1,1,2018-04-22,1654,Terra,MODIS,22,6.03,293.7,4.3,N,0
28.522,81.4585,307.7,1.1,1,2018-04-22,1654,Terra,MODIS,58,6.03,295.2,6.7,N,0
28.3274,81.5934,308.6,1.1,1,2018-04-22,1654,Terra,MODIS,75,6.03,297.8,7.7,N,0
28.3168,81.5848,310.8,1.1,1,2018-04-22,1654,Terra,MODIS,60,6.03,297.9,8.7,N,0
28.1294,80.4414,300.4,1,1,2018-04-22,1654,Terra,MODIS,26,6.03,290.2,4.5,N,0
28.1308,80.4516,301.3,1,1,2018-04-22,1654,Terra,MODIS,40,6.03,290.5,4.8,N,0
27.7734,82.7221,307.2,1.2,1.1,2018-04-22,1654,Terra,MODIS,71,6.03,296.7,7,N,0
27.5615,82.6484,319.3,1.2,1.1,2018-04-22,1654,Terra,MODIS,98,6.03,293.7,21.8,N,0
27.6269,83.8029,306.7,1.4,1.2,2018-04-22,1654,Terra,MODIS,53,6.03,296.5,7,N,0
27.3548,82.8817,308.6,1.2,1.1,2018-04-22,1654,Terra,MODIS,75,6.03,292.8,10.9,N,0
27.3563,82.8938,303.8,1.2,1.1,2018-04-22,1654,Terra,MODIS,57,6.03,293.4,6.9,N,0
27.4156,83.4696,302.5,1.3,1.1,2018-04-22,1654,Terra,MODIS,50,6.03,292.2,7,N,0
27.2697,82.5108,306.1,1.2,1.1,2018-04-22,1654,Terra,MODIS,67,6.03,292.9,8.4,N,0
27.2959,82.8054,303.5,1.2,1.1,2018-04-22,1654,Terra,MODIS,55,6.03,292.2,7,N,0
28.9991,81.1075,309.4,1.1,1,2018-04-22,1654,Terra,MODIS,27,6.03,292.1,8,N,0
29.0126,81.1395,324.1,1.1,1,2018-04-22,1654,Terra,MODIS,100,6.03,295.4,21.8,N,0
29.7841,80.3719,303.3,1,1,2018-04-22,1654,Terra,MODIS,54,6.03,290.8,4.8,N,0
29.821,80.3051,305.2,1,1,2018-04-22,1654,Terra,MODIS,63,6.03,290.3,7.3,N,0
28.6379,81.4995,303.9,1.1,1,2018-04-22,1654,Terra,MODIS,34,6.03,293.4,5,N,0
28.7248,81.7601,304.3,1.1,1,2018-04-22,1654,Terra,MODIS,59,6.03,289.2,8.4,N,0
28.6858,81.4525,307.1,1.1,1,2018-04-22,1654,Terra,MODIS,70,6.03,295.7,7.1,N,0
28.6761,81.3768,306.6,1.1,1,2018-04-22,1654,Terra,MODIS,69,6.03,295.6,6.3,N,0
28.7193,81.3464,308.4,1.1,1,2018-04-22,1654,Terra,MODIS,74,6.03,296,6.9,N,0
28.8555,81.3441,311.1,1.1,1,2018-04-22,1654,Terra,MODIS,82,6.03,295.1,10.8,N,0
28.8646,81.3418,302.5,1.1,1,2018-04-22,1654,Terra,MODIS,36,6.03,292.1,4.8,N,0
28.9914,81.1202,322.7,1.1,1,2018-04-22,1654,Terra,MODIS,100,6.03,294.6,20,N,0
29.0034,81.1407,328.7,1.1,1,2018-04-22,1654,Terra,MODIS,100,6.03,296.1,28,N,0
29.0019,81.129,321.3,1.1,1,2018-04-22,1654,Terra,MODIS,87,6.03,293.7,18,N,0
29.0766,80.6498,313.5,2,1.4,2018-04-23,0500,Terra,MODIS,41,6.03,301.3,14.2,D,0
26.3546,83.4573,342.5,1.2,1.1,2018-04-23,0500,Terra,MODIS,86,6.03,318.7,33.9,D,0
26.3527,83.6273,342.3,1.2,1.1,2018-04-23,0500,Terra,MODIS,74,6.03,321.4,33.6,D,0
26.3711,83.4843,337.7,1.2,1.1,2018-04-23,0500,Terra,MODIS,80,6.03,320,22.5,D,0
26.3546,83.6336,335.7,1.2,1.1,2018-04-23,0500,Terra,MODIS,72,6.03,320.6,18,D,0
26.3561,83.6218,341.8,1.2,1.1,2018-04-23,0500,Terra,MODIS,64,6.03,321,31.3,D,0
26.3723,83.4906,339.4,1.2,1.1,2018-04-23,0500,Terra,MODIS,82,6.03,319.1,25.6,D,0
26.4009,83.4211,329.6,1.2,1.1,2018-04-23,0500,Terra,MODIS,62,6.03,317.3,8.4,D,0
26.4024,83.4089,361.3,1.2,1.1,2018-04-23,0500,Terra,MODIS,100,6.03,320.5,91.8,D,0
26.4086,83.9031,337.7,1.2,1.1,2018-04-23,0500,Terra,MODIS,80,6.03,319.8,19.9,D,0
26.4945,83.4045,334.8,1.2,1.1,2018-04-23,0500,Terra,MODIS,75,6.03,318.7,19.5,D,0
26.4468,83.939,336.3,1.2,1.1,2018-04-23,0500,Terra,MODIS,78,6.03,320,17.2,D,0
26.4483,83.9275,335.9,1.2,1.1,2018-04-23,0500,Terra,MODIS,77,6.03,320.9,17,D,0
26.4564,83.9405,370.4,1.2,1.1,2018-04-23,0500,Terra,MODIS,100,6.03,321.6,114,D,0
26.4578,83.929,380.3,1.2,1.1,2018-04-23,0500,Terra,MODIS,100,6.03,325.7,160.6,D,0
26.5073,83.5419,337.3,1.2,1.1,2018-04-23,0500,Terra,MODIS,79,6.03,320.4,21.3,D,0
26.517,83.5434,335.4,1.2,1.1,2018-04-23,0500,Terra,MODIS,66,6.03,320.3,18,D,0
27.6518,82.6752,322.5,1.4,1.2,2018-04-23,0500,Terra,MODIS,15,6.03,309.1,10.6,D,0
27.6894,82.5871,324.6,1.4,1.2,2018-04-23,0500,Terra,MODIS,55,6.03,312,13.9,D,0
27.5768,83.9396,332.6,1.2,1.1,2018-04-23,0500,Terra,MODIS,81,6.03,306.8,24.4,D,0
27.5783,83.9277,336.5,1.2,1.1,2018-04-23,0500,Terra,MODIS,85,6.03,305.9,32.7,D,0
27.6271,83.7957,319.8,1.2,1.1,2018-04-23,0500,Terra,MODIS,58,6.03,305.8,10.5,D,0
27.7135,83.1654,323.9,1.3,1.1,2018-04-23,0500,Terra,MODIS,46,6.03,307.8,13.6,D,0
27.7151,83.1522,334.8,1.3,1.1,2018-04-23,0500,Terra,MODIS,83,6.03,307.3,33.5,D,0
27.7252,83.1538,322.6,1.3,1.1,2018-04-23,0500,Terra,MODIS,40,6.03,305.7,12.1,D,0
27.6055,85.1833,318.5,1.1,1,2018-04-23,0500,Terra,MODIS,46,6.03,304.3,8.2,D,0
27.7541,84.1398,319.4,1.2,1.1,2018-04-23,0500,Terra,MODIS,61,6.03,306,7.4,D,0
27.7584,84.1351,318.2,1.2,1.1,2018-04-23,0500,Terra,MODIS,46,6.03,305.5,6.6,D,0
27.6391,85.674,318.1,1,1,2018-04-23,0500,Terra,MODIS,58,6.03,305.9,6,D,0
27.6405,85.6637,320.7,1,1,2018-04-23,0500,Terra,MODIS,66,6.03,304.3,8,D,0
27.6327,86.0456,319.3,1,1,2018-04-23,0500,Terra,MODIS,66,6.03,303.1,8.7,D,0
27.7773,85.869,328.1,1,1,2018-04-23,0500,Terra,MODIS,74,6.03,305.9,18.2,D,0
28.4237,81.4049,317.9,1.7,1.3,2018-04-23,0500,Terra,MODIS,27,6.03,307.2,10.1,D,0
28.559,80.0878,328.4,2.1,1.4,2018-04-23,0500,Terra,MODIS,76,6.03,310.6,41.2,D,0
28.5591,80.0937,326.3,2.1,1.4,2018-04-23,0500,Terra,MODIS,73,6.03,310.6,29.4,D,0
28.5611,80.0721,323.2,2.1,1.4,2018-04-23,0500,Terra,MODIS,60,6.03,309.3,20.2,D,0
28.4607,81.3618,318.9,1.7,1.3,2018-04-23,0500,Terra,MODIS,44,6.03,306.4,13.4,D,0
28.5201,81.4634,318.8,1.7,1.3,2018-04-23,0500,Terra,MODIS,32,6.03,306.4,14.1,D,0
28.5305,81.4542,319.9,1.7,1.3,2018-04-23,0500,Terra,MODIS,17,6.03,306.5,16.6,D,0
28.8625,81.338,315,1.8,1.3,2018-04-23,0500,Terra,MODIS,50,6.03,303.4,9.5,D,0
28.988,81.1187,319.2,1.8,1.3,2018-04-23,0500,Terra,MODIS,34,6.03,305.8,16.4,D,0
28.9898,81.1012,317.1,1.8,1.3,2018-04-23,0500,Terra,MODIS,32,6.03,304.4,13.4,D,0
29.0136,81.2179,328.8,1.8,1.3,2018-04-23,0500,Terra,MODIS,80,6.03,307.2,40.8,D,0
29.0734,80.6441,313.7,2,1.4,2018-04-23,0500,Terra,MODIS,26,6.03,301.9,13.9,D,0
29.0202,81.226,328.6,1.8,1.3,2018-04-23,0500,Terra,MODIS,80,6.03,306.3,40.4,D,0
29.0221,81.2067,316.8,1.8,1.3,2018-04-23,0500,Terra,MODIS,47,6.03,304.4,10.8,D,0
26.6111,83.3656,332,1.2,1.1,2018-04-23,0500,Terra,MODIS,57,6.03,319.9,12.2,D,0
26.5799,83.6926,336.5,1.2,1.1,2018-04-23,0500,Terra,MODIS,78,6.03,318.9,20.6,D,0
26.5814,83.6807,334.1,1.2,1.1,2018-04-23,0500,Terra,MODIS,74,6.03,319.6,15.9,D,0
26.6118,83.4405,330.9,1.2,1.1,2018-04-23,0500,Terra,MODIS,0,6.03,318.8,11.5,D,0
26.5507,83.9961,334.6,1.1,1.1,2018-04-23,0500,Terra,MODIS,75,6.03,319.6,16.3,D,0
26.6838,83.7511,342.7,1.2,1.1,2018-04-23,0500,Terra,MODIS,86,6.03,317.8,34.6,D,0
26.7118,83.6099,336.3,1.2,1.1,2018-04-23,0500,Terra,MODIS,78,6.03,318.7,21.4,D,0
26.7134,83.598,331.2,1.2,1.1,2018-04-23,0500,Terra,MODIS,69,6.03,318.4,11.8,D,0
26.8327,82.8796,332,1.3,1.1,2018-04-23,0500,Terra,MODIS,72,6.03,318.4,17,D,0
26.8617,82.8972,338,1.3,1.1,2018-04-23,0500,Terra,MODIS,81,6.03,319.1,28.4,D,0
26.8633,82.884,337.8,1.3,1.1,2018-04-23,0500,Terra,MODIS,81,6.03,319.8,27.8,D,0
26.8246,83.2837,344.7,1.3,1.1,2018-04-23,0500,Terra,MODIS,89,6.03,318.4,40.6,D,0
26.802,83.5437,336.2,1.2,1.1,2018-04-23,0500,Terra,MODIS,79,6.03,317.4,23.6,D,0
26.8036,83.5316,332,1.2,1.1,2018-04-23,0500,Terra,MODIS,71,6.03,317.1,15.4,D,0
26.9062,83.1996,339.3,1.3,1.1,2018-04-23,0500,Terra,MODIS,83,6.03,316.2,29.9,D,0
26.9077,83.1869,349.1,1.3,1.1,2018-04-23,0500,Terra,MODIS,87,6.03,320.1,56.7,D,0
26.9178,83.1884,330.8,1.3,1.1,2018-04-23,0500,Terra,MODIS,63,6.03,318.3,14.7,D,0
26.9542,83.1418,357.9,1.3,1.1,2018-04-23,0500,Terra,MODIS,98,6.03,318.1,82.2,D,0
26.9645,83.1364,344.2,1.3,1.1,2018-04-23,0500,Terra,MODIS,61,6.03,319.7,38.8,D,0
26.929,83.5135,342.7,1.2,1.1,2018-04-23,0500,Terra,MODIS,87,6.03,318.8,34.3,D,0
26.9715,83.1635,336.9,1.3,1.1,2018-04-23,0500,Terra,MODIS,56,6.03,317.1,24.2,D,0
26.9555,83.5423,342.1,1.2,1.1,2018-04-23,0500,Terra,MODIS,86,6.03,321.6,29.8,D,0
26.957,83.5301,341.2,1.2,1.1,2018-04-23,0500,Terra,MODIS,85,6.03,321.1,28.7,D,0
27.0173,83.039,340.6,1.3,1.1,2018-04-23,0500,Terra,MODIS,85,6.03,316.1,33.8,D,0
27.0189,83.026,339.1,1.3,1.1,2018-04-23,0500,Terra,MODIS,83,6.03,317.9,30.3,D,0
27.0756,82.6394,334.4,1.4,1.2,2018-04-23,0500,Terra,MODIS,77,6.03,315.9,23.6,D,0
26.984,83.6332,343.5,1.2,1.1,2018-04-23,0500,Terra,MODIS,87,6.03,318.4,37.9,D,0
27.0793,82.9547,333.9,1.3,1.1,2018-04-23,0500,Terra,MODIS,70,6.03,317.4,18.9,D,0
27.0973,82.8084,337.7,1.3,1.1,2018-04-23,0500,Terra,MODIS,81,6.03,319.3,30,D,0
27.099,82.7949,338.7,1.3,1.1,2018-04-23,0500,Terra,MODIS,83,6.03,317.3,33.4,D,0
27.1072,82.7273,333.3,1.4,1.2,2018-04-23,0500,Terra,MODIS,66,6.03,312.3,20.8,D,0
27.1089,82.7137,363,1.4,1.2,2018-04-23,0500,Terra,MODIS,100,6.03,317.2,116.4,D,0
27.1105,82.7001,398.7,1.4,1.2,2018-04-23,0500,Terra,MODIS,100,6.03,324,353.5,D,0
27.1122,82.6864,354.7,1.4,1.2,2018-04-23,0500,Terra,MODIS,96,6.03,318.4,81,D,0
27.0767,82.961,332.8,1.3,1.1,2018-04-23,0500,Terra,MODIS,70,6.03,316.4,15.9,D,0
27.0954,82.8011,344.2,1.3,1.1,2018-04-23,0500,Terra,MODIS,88,6.03,317.6,45.7,D,0
27.1064,82.7061,371.9,1.4,1.2,2018-04-23,0500,Terra,MODIS,100,6.03,317.9,158.2,D,0
27.1079,82.6924,373,1.4,1.2,2018-04-23,0500,Terra,MODIS,100,6.03,318.9,164.9,D,0
27.1151,82.7212,361.3,1.4,1.2,2018-04-23,0500,Terra,MODIS,100,6.03,317.5,106.6,D,0
27.1167,82.7076,367.2,1.4,1.2,2018-04-23,0500,Terra,MODIS,100,6.03,320.8,132.7,D,0
27.1183,82.6939,378.4,1.4,1.2,2018-04-23,0500,Terra,MODIS,100,6.03,322.3,197,D,0
27.1159,82.804,331.1,1.3,1.1,2018-04-23,0500,Terra,MODIS,49,6.03,317.7,13.6,D,0
27.0393,83.5242,333.8,1.2,1.1,2018-04-23,0500,Terra,MODIS,29,6.03,317.9,15.5,D,0
27.1536,82.5726,372.5,1.4,1.2,2018-04-23,0500,Terra,MODIS,100,6.03,317.8,167.3,D,0
27.1552,82.5587,380.8,1.4,1.2,2018-04-23,0500,Terra,MODIS,100,6.03,322.3,220.8,D,0
27.1159,82.9801,333.1,1.3,1.1,2018-04-23,0500,Terra,MODIS,75,6.03,318.6,17.7,D,0
27.1657,82.5602,337.4,1.4,1.2,2018-04-23,0500,Terra,MODIS,81,6.03,319.8,31.7,D,0
27.0392,83.685,328.8,1.2,1.1,2018-04-23,0500,Terra,MODIS,64,6.03,316.3,10.2,D,0
27.0407,83.673,334.4,1.2,1.1,2018-04-23,0500,Terra,MODIS,77,6.03,317.3,19.8,D,0
27.0559,83.5517,336.1,1.2,1.1,2018-04-23,0500,Terra,MODIS,54,6.03,320.5,17.1,D,0
27.0821,83.3412,331.7,1.3,1.1,2018-04-23,0500,Terra,MODIS,72,6.03,317.9,14.2,D,0
27.0596,83.6019,332.5,1.2,1.1,2018-04-23,0500,Terra,MODIS,73,6.03,318.5,13.7,D,0
27.1571,82.8099,336.4,1.3,1.1,2018-04-23,0500,Terra,MODIS,80,6.03,317.3,27.3,D,0
27.1588,82.7964,349,1.3,1.2,2018-04-23,0500,Terra,MODIS,92,6.03,317.8,62.8,D,0
27.1005,83.3567,333.4,1.3,1.1,2018-04-23,0500,Terra,MODIS,66,6.03,318.2,16.4,D,0
27.0762,83.6291,338.3,1.2,1.1,2018-04-23,0500,Terra,MODIS,76,6.03,317.3,24.1,D,0
27.1151,83.3205,341.7,1.3,1.1,2018-04-23,0500,Terra,MODIS,86,6.03,318.7,34.2,D,0
27.1794,82.7994,359.2,1.3,1.2,2018-04-23,0500,Terra,MODIS,99,6.03,315.9,98.3,D,0
27.2092,82.5521,352.9,1.4,1.2,2018-04-23,0500,Terra,MODIS,95,6.03,314.7,79.9,D,0
27.1848,82.8412,333.9,1.3,1.1,2018-04-23,0500,Terra,MODIS,76,6.03,316.5,24,D,0
27.1864,82.8278,338.6,1.3,1.1,2018-04-23,0500,Terra,MODIS,83,6.03,317.4,33.8,D,0
27.1831,82.8335,344.9,1.3,1.1,2018-04-23,0500,Terra,MODIS,89,6.03,316,48.8,D,0
27.1607,83.1123,326.8,1.3,1.1,2018-04-23,0500,Terra,MODIS,53,6.03,314.2,9.5,D,0
27.1127,83.5912,333.5,1.2,1.1,2018-04-23,0500,Terra,MODIS,66,6.03,316.9,15,D,0
27.1142,83.5789,342.6,1.2,1.1,2018-04-23,0500,Terra,MODIS,87,6.03,317.9,34.2,D,0
27.1832,83.0094,329.9,1.3,1.1,2018-04-23,0500,Terra,MODIS,68,6.03,316.5,14.3,D,0
27.1887,83.0502,331,1.3,1.1,2018-04-23,0500,Terra,MODIS,71,6.03,318.4,15.5,D,0
27.2364,82.6469,337.5,1.4,1.2,2018-04-23,0500,Terra,MODIS,81,6.03,316.7,32,D,0
27.2615,82.5228,327.7,1.4,1.2,2018-04-23,0500,Terra,MODIS,29,6.03,315.5,11.4,D,0
27.2589,82.6361,352.5,1.4,1.2,2018-04-23,0500,Terra,MODIS,95,6.03,317.7,76.4,D,0
27.2605,82.6222,332.2,1.4,1.2,2018-04-23,0500,Terra,MODIS,55,6.03,317.9,18.9,D,0
27.2176,83.0677,334.8,1.3,1.1,2018-04-23,0500,Terra,MODIS,78,6.03,318.6,22,D,0
27.2368,82.9094,337.2,1.3,1.1,2018-04-23,0500,Terra,MODIS,81,6.03,319.4,28.6,D,0
27.2261,83.0822,334.4,1.3,1.1,2018-04-23,0500,Terra,MODIS,77,6.03,316.8,20.7,D,0
27.3311,82.5249,352.8,1.4,1.2,2018-04-23,0500,Terra,MODIS,95,6.03,318.9,79.2,D,0
27.3328,82.5108,336.5,1.4,1.2,2018-04-23,0500,Terra,MODIS,78,6.03,317.3,30.4,D,0
27.2259,83.5775,334.3,1.2,1.1,2018-04-23,0500,Terra,MODIS,78,6.03,318.4,16.1,D,0
27.2744,83.2664,331.8,1.3,1.1,2018-04-23,0500,Terra,MODIS,59,6.03,316.4,13.9,D,0
27.2987,83.1523,329.2,1.3,1.1,2018-04-23,0500,Terra,MODIS,68,6.03,316.7,13.4,D,0
27.3162,83.0085,333.7,1.3,1.1,2018-04-23,0500,Terra,MODIS,76,6.03,315.7,20.6,D,0
27.3178,82.9952,336.5,1.3,1.1,2018-04-23,0500,Terra,MODIS,80,6.03,316,26.2,D,0
27.3258,82.9288,328.2,1.3,1.1,2018-04-23,0500,Terra,MODIS,55,6.03,315.4,10.3,D,0
27.3377,82.9169,337.7,1.3,1.1,2018-04-23,0500,Terra,MODIS,82,6.03,317,30.8,D,0
27.3045,83.2709,330.3,1.3,1.1,2018-04-23,0500,Terra,MODIS,48,6.03,316.2,11.5,D,0
27.2865,83.6673,331.4,1.2,1.1,2018-04-23,0500,Terra,MODIS,62,6.03,317,11.2,D,0
27.3647,83.0217,327.3,1.3,1.1,2018-04-23,0500,Terra,MODIS,64,6.03,314.4,11.1,D,0
27.3796,82.9834,329.2,1.3,1.1,2018-04-23,0500,Terra,MODIS,63,6.03,315.7,12.2,D,0
27.3812,82.9701,337.7,1.3,1.1,2018-04-23,0500,Terra,MODIS,82,6.03,316.3,29.7,D,0
27.1602,84.8003,331.5,1.1,1,2018-04-23,0500,Terra,MODIS,76,6.03,309,17.4,D,0
27.4339,82.9642,329.7,1.3,1.1,2018-04-23,0500,Terra,MODIS,70,6.03,314.8,16.2,D,0
27.3831,83.6265,334.4,1.2,1.1,2018-04-23,0500,Terra,MODIS,80,6.03,315.5,22.9,D,0
27.3846,83.6142,331.2,1.2,1.1,2018-04-23,0500,Terra,MODIS,50,6.03,315.1,17.4,D,0
27.3967,83.5154,342.9,1.2,1.1,2018-04-23,0500,Terra,MODIS,88,6.03,317.3,40.9,D,0
27.1412,85.5464,321.9,1,1,2018-04-23,0500,Terra,MODIS,57,6.03,306.2,7.8,D,0
27.4678,83.097,325.3,1.3,1.1,2018-04-23,0500,Terra,MODIS,61,6.03,312.3,9.7,D,0
27.4716,83.1508,325.6,1.3,1.1,2018-04-23,0500,Terra,MODIS,62,6.03,312.8,11,D,0
27.384,84.0891,337.6,1.2,1.1,2018-04-23,0500,Terra,MODIS,84,6.03,309.4,34.7,D,0
27.3855,84.0774,323.5,1.2,1.1,2018-04-23,0500,Terra,MODIS,34,6.03,307.9,12.2,D,0
27.4829,83.3102,327.3,1.3,1.1,2018-04-23,0500,Terra,MODIS,64,6.03,314.3,11.1,D,0
27.3862,84.3309,318.6,1.1,1.1,2018-04-23,0500,Terra,MODIS,28,6.03,304.5,8,D,0
27.6142,82.5406,325.7,1.4,1.2,2018-04-23,0500,Terra,MODIS,48,6.03,312.1,15.2,D,0
27.6693,82.0531,327.8,1.5,1.2,2018-04-23,0500,Terra,MODIS,69,6.03,313.6,17.4,D,0
27.671,82.0378,334.9,1.5,1.2,2018-04-23,0500,Terra,MODIS,80,6.03,314.2,36,D,0
27.5027,83.5626,330.5,1.2,1.1,2018-04-23,0500,Terra,MODIS,76,6.03,312.9,16,D,0
27.3766,84.6255,319.2,1.1,1,2018-04-23,0500,Terra,MODIS,33,6.03,305.8,6.6,D,0
26.8453,83.3185,334.1,2,1.4,2018-04-23,0811,Aqua,MODIS,47,6.03,316.9,35.2,D,0
27.6535,82.6769,325.8,1.8,1.3,2018-04-23,0811,Aqua,MODIS,67,6.03,311.7,22.2,D,0
27.6102,83.5866,324,2.1,1.4,2018-04-23,0811,Aqua,MODIS,59,6.03,308.6,24,D,0
27.4603,83.0999,326.8,1.9,1.4,2018-04-23,0811,Aqua,MODIS,67,6.03,314.1,17.5,D,0
27.3319,82.5081,333.3,1.7,1.3,2018-04-23,0811,Aqua,MODIS,46,6.03,319.8,24.6,D,0
27.3844,83.1361,331.5,1.9,1.4,2018-04-23,0811,Aqua,MODIS,76,6.03,318.4,27.6,D,0
27.2563,82.1222,335.3,1.6,1.3,2018-04-23,0811,Aqua,MODIS,78,6.03,315.8,34.5,D,0
27.5152,85.7147,321.7,3,1.6,2018-04-23,0811,Aqua,MODIS,58,6.03,304.6,44.5,D,0
27.517,85.7372,319.6,3,1.6,2018-04-23,0811,Aqua,MODIS,45,6.03,302.2,32.6,D,0
27.3613,84.0963,324.1,2.3,1.5,2018-04-23,0811,Aqua,MODIS,53,6.03,312.1,24.4,D,0
27.145,82.688,337.1,1.8,1.3,2018-04-23,0811,Aqua,MODIS,81,6.03,319.6,33.1,D,0
27.1332,82.6895,334.2,1.8,1.3,2018-04-23,0811,Aqua,MODIS,49,6.03,318.7,20.6,D,0
27.1125,83.0136,327.9,1.9,1.3,2018-04-23,0811,Aqua,MODIS,58,6.03,315.7,18.3,D,0
27.0708,82.9619,340.3,1.9,1.3,2018-04-23,0811,Aqua,MODIS,85,6.03,318.3,55.2,D,0
27.0367,82.9851,338.5,1.9,1.3,2018-04-23,0811,Aqua,MODIS,84,6.03,317.9,47.7,D,0
27.0929,83.5735,337,2.1,1.4,2018-04-23,0811,Aqua,MODIS,83,6.03,318.9,46.1,D,0
27.0948,83.5941,330.9,2.1,1.4,2018-04-23,0811,Aqua,MODIS,58,6.03,317,22.1,D,0
27.0307,82.9929,336.1,1.9,1.3,2018-04-23,0811,Aqua,MODIS,81,6.03,317.4,39.4,D,0
27.0906,83.5809,337.1,2.1,1.4,2018-04-23,0811,Aqua,MODIS,83,6.03,318.5,45.3,D,0
26.9755,83.1724,331.1,1.9,1.4,2018-04-23,0811,Aqua,MODIS,74,6.03,317.5,29,D,0
26.9942,83.6342,347,2.1,1.4,2018-04-23,0811,Aqua,MODIS,92,6.03,317.5,102.2,D,0
26.9961,83.655,343.9,2.1,1.4,2018-04-23,0811,Aqua,MODIS,89,6.03,315.3,88,D,0
26.9723,83.1783,329.8,1.9,1.4,2018-04-23,0811,Aqua,MODIS,49,6.03,316.9,20.6,D,0
26.994,83.6396,362.6,2.1,1.4,2018-04-23,0811,Aqua,MODIS,100,6.03,317.8,212.3,D,0
26.9961,83.6604,332.8,2.1,1.4,2018-04-23,0811,Aqua,MODIS,78,6.03,314.9,38.5,D,0
26.9115,83.1857,332.9,1.9,1.4,2018-04-23,0811,Aqua,MODIS,66,6.03,319.4,33.6,D,0
26.932,83.5226,341.5,2,1.4,2018-04-23,0811,Aqua,MODIS,87,6.03,317.5,69.1,D,0
26.9195,83.5241,340.3,2,1.4,2018-04-23,0811,Aqua,MODIS,86,6.03,317,64.6,D,0
26.8395,83.2601,344.4,1.9,1.4,2018-04-23,0811,Aqua,MODIS,0,6.03,318.3,71.9,D,0
27.7196,82.856,328.3,1.9,1.3,2018-04-23,0811,Aqua,MODIS,73,6.03,310.4,29.4,D,0
26.7202,83.6016,332.3,2,1.4,2018-04-23,0811,Aqua,MODIS,75,6.03,318.7,29.6,D,0
26.7222,83.622,330.9,2,1.4,2018-04-23,0811,Aqua,MODIS,73,6.03,315.8,27.3,D,0
26.7177,83.6092,344.9,2,1.4,2018-04-23,0811,Aqua,MODIS,89,6.03,318.7,88.1,D,0
26.6593,83.2753,340.4,1.9,1.4,2018-04-23,0811,Aqua,MODIS,85,6.03,319.9,55,D,0
26.7109,83.7986,329.2,2.1,1.4,2018-04-23,0811,Aqua,MODIS,69,6.03,315.8,26.4,D,0
26.6472,83.2767,335.3,1.9,1.4,2018-04-23,0811,Aqua,MODIS,78,6.03,319.6,34.3,D,0
26.4127,81.3722,335.4,1.4,1.2,2018-04-23,0811,Aqua,MODIS,73,6.03,317.6,25.3,D,0
26.4006,83.4032,332.2,2,1.4,2018-04-23,0811,Aqua,MODIS,73,6.03,318.9,27,D,0
26.3715,83.4861,336.6,2,1.4,2018-04-23,0811,Aqua,MODIS,80,6.03,319.5,42.8,D,0
26.3592,83.4876,335.9,2,1.4,2018-04-23,0811,Aqua,MODIS,65,6.03,320.7,38.8,D,0
26.3611,83.5074,342.4,2,1.4,2018-04-23,0811,Aqua,MODIS,87,6.03,319.8,69.1,D,0
26.3678,83.494,339.2,2,1.4,2018-04-23,0811,Aqua,MODIS,77,6.03,319.4,51.8,D,0
26.3555,83.4955,341.4,2,1.4,2018-04-23,0811,Aqua,MODIS,77,6.03,321.2,60.1,D,0
28.8441,81.0822,322.9,1.5,1.2,2018-04-23,0812,Aqua,MODIS,62,6.03,309,13.6,D,0
28.7507,80.4909,342.7,1.4,1.2,2018-04-23,0812,Aqua,MODIS,89,6.03,311.8,48.5,D,0
28.6858,81.4132,322.9,1.5,1.2,2018-04-23,0812,Aqua,MODIS,31,6.03,309.4,11.1,D,0
28.682,81.4052,323.5,1.5,1.2,2018-04-23,0812,Aqua,MODIS,63,6.03,311.4,13.6,D,0
28.7194,81.7499,321.1,1.6,1.3,2018-04-23,0812,Aqua,MODIS,56,6.03,304.8,18.1,D,0
28.6531,81.3442,324.3,1.5,1.2,2018-04-23,0812,Aqua,MODIS,65,6.03,309.9,17.7,D,0
28.6285,81.4256,321.5,1.5,1.2,2018-04-23,0812,Aqua,MODIS,43,6.03,307.5,13.8,D,0
28.5089,80.8588,331.3,1.4,1.2,2018-04-23,0812,Aqua,MODIS,75,6.03,314.8,24.1,D,0
28.6229,81.9046,324.9,1.7,1.3,2018-04-23,0812,Aqua,MODIS,69,6.03,306.8,25.4,D,0
28.6517,82.4141,333.8,1.8,1.3,2018-04-23,0812,Aqua,MODIS,83,6.03,307.8,52.9,D,0
28.4631,80.7352,325.6,1.4,1.2,2018-04-23,0812,Aqua,MODIS,63,6.03,310,20,D,0
28.4646,80.7493,330.2,1.4,1.2,2018-04-23,0812,Aqua,MODIS,74,6.03,309,27.7,D,0
28.5162,81.4537,322.8,1.5,1.2,2018-04-23,0812,Aqua,MODIS,41,6.03,308.8,16,D,0
28.5183,81.447,321,1.5,1.2,2018-04-23,0812,Aqua,MODIS,19,6.03,308.9,12.8,D,0
29.8891,80.3338,317.9,1.4,1.2,2018-04-23,0812,Aqua,MODIS,48,6.03,303.7,12.9,D,0
29.7801,80.371,325.9,1.4,1.2,2018-04-23,0812,Aqua,MODIS,75,6.03,306.9,17.8,D,0
29.0691,80.6391,320.2,1.4,1.2,2018-04-23,0812,Aqua,MODIS,61,6.03,301.7,15.8,D,0
29.0645,80.646,319.9,1.4,1.2,2018-04-23,0812,Aqua,MODIS,58,6.03,301.5,15.6,D,0
29.1064,81.2119,332.8,1.5,1.2,2018-04-23,0812,Aqua,MODIS,82,6.03,305.6,41.8,D,0
29.108,81.2265,321.5,1.5,1.2,2018-04-23,0812,Aqua,MODIS,67,6.03,303.7,16.8,D,0
29.0329,80.841,320.2,1.4,1.2,2018-04-23,0812,Aqua,MODIS,61,6.03,303.4,15.7,D,0
29.0221,80.8403,318.4,1.4,1.2,2018-04-23,0812,Aqua,MODIS,54,6.03,302.8,12.1,D,0
29.0857,81.7653,336,1.6,1.3,2018-04-23,0812,Aqua,MODIS,86,6.03,303,62.2,D,0
29.0179,81.1442,324,1.5,1.2,2018-04-23,0812,Aqua,MODIS,70,6.03,309.6,16.2,D,0
29.0194,81.1583,323.8,1.5,1.2,2018-04-23,0812,Aqua,MODIS,64,6.03,309.8,15,D,0
29.0243,81.2021,326.4,1.5,1.2,2018-04-23,0812,Aqua,MODIS,74,6.03,308.7,19.9,D,0
29.0843,81.7558,328.8,1.6,1.3,2018-04-23,0812,Aqua,MODIS,72,6.03,302.9,41.6,D,0
29.0859,81.7708,335.2,1.6,1.3,2018-04-23,0812,Aqua,MODIS,85,6.03,300.4,60.4,D,0
29.0744,81.7706,322.6,1.6,1.3,2018-04-23,0812,Aqua,MODIS,69,6.03,297.4,32,D,0
28.9804,81.1023,330.3,1.5,1.2,2018-04-23,0812,Aqua,MODIS,79,6.03,309,30.6,D,0
28.982,81.1173,327.9,1.5,1.2,2018-04-23,0812,Aqua,MODIS,76,6.03,309,24.7,D,0
28.9809,81.3127,319,1.5,1.2,2018-04-23,0812,Aqua,MODIS,33,6.03,303.5,12.7,D,0
28.8425,81.0668,323,1.5,1.2,2018-04-23,0812,Aqua,MODIS,66,6.03,309,15,D,0
28.8765,81.4976,318.8,1.6,1.2,2018-04-23,0812,Aqua,MODIS,32,6.03,304.2,6.9,D,0
28.7491,80.4771,335,1.4,1.2,2018-04-23,0812,Aqua,MODIS,81,6.03,312.9,30,D,0
26.926,82.863,306.3,4.1,1.9,2018-04-23,1558,Terra,MODIS,67,6.03,291.3,55.9,N,0
26.9139,82.86,302,4.1,1.9,2018-04-23,1558,Terra,MODIS,25,6.03,291.1,35.3,N,0
26.9023,82.9119,303.3,4.1,1.9,2018-04-23,1558,Terra,MODIS,31,6.03,291.5,38.4,N,0
26.8976,82.9182,304.4,4.1,1.9,2018-04-23,1558,Terra,MODIS,60,6.03,291.6,43.9,N,0
27.1676,82.7744,304.2,4.1,1.9,2018-04-23,1559,Terra,MODIS,59,6.03,291.6,43,N,0
28.623,81.911,301,4.3,1.9,2018-04-23,1559,Terra,MODIS,35,6.03,288.6,41.1,N,0
27.1722,82.768,303.6,4.1,1.9,2018-04-23,1559,Terra,MODIS,42,6.03,291.6,38.6,N,0
28.5152,81.4646,308.5,1.1,1.1,2018-04-23,2018,Aqua,MODIS,75,6.03,295.5,10,N,0
28.5168,81.4528,305.3,1.1,1.1,2018-04-23,2018,Aqua,MODIS,64,6.03,295.1,7.3,N,0
28.5195,81.4606,310.4,1.1,1.1,2018-04-23,2018,Aqua,MODIS,30,6.03,295.5,9.7,N,0
28.6246,81.3231,310.5,1.2,1.1,2018-04-23,2018,Aqua,MODIS,80,6.03,295.5,10.7,N,0
28.6282,81.3302,306.1,1.2,1.1,2018-04-23,2018,Aqua,MODIS,67,6.03,294.6,7.2,N,0
28.6196,81.9222,302.9,1.1,1,2018-04-23,2018,Aqua,MODIS,52,6.03,290.2,7,N,0
28.6274,81.9354,319.1,1.1,1,2018-04-23,2018,Aqua,MODIS,98,6.03,291.2,20.6,N,0
28.6288,81.9245,300.5,1.1,1,2018-04-23,2018,Aqua,MODIS,18,6.03,289.4,5.5,N,0
28.6915,81.4458,304.2,1.1,1.1,2018-04-23,2018,Aqua,MODIS,59,6.03,293.1,6.8,N,0
28.7273,81.1661,303.3,1.2,1.1,2018-04-23,2018,Aqua,MODIS,45,6.03,291.4,5.9,N,0
28.7055,82.0341,301.6,1.1,1,2018-04-23,2018,Aqua,MODIS,18,6.03,289.1,5.8,N,0
28.707,82.0228,302.3,1.1,1,2018-04-23,2018,Aqua,MODIS,12,6.03,289.7,5.9,N,0
28.987,81.1251,302.4,1.2,1.1,2018-04-23,2018,Aqua,MODIS,47,6.03,292.2,5.8,N,0
26.4672,83.9324,306,1,1,2018-04-23,2018,Aqua,MODIS,66,6.03,289.9,8,N,0
26.6123,83.3852,306.5,1,1,2018-04-23,2018,Aqua,MODIS,68,6.03,290.6,8.2,N,0
26.6138,83.3753,302.8,1,1,2018-04-23,2018,Aqua,MODIS,52,6.03,288.9,6.2,N,0
26.9081,82.9284,301.5,1,1,2018-04-23,2018,Aqua,MODIS,41,6.03,290.6,5,N,0
26.9248,83.5815,303.4,1,1,2018-04-23,2018,Aqua,MODIS,55,6.03,288.5,6.2,N,0
27.0896,82.8174,305.3,1,1,2018-04-23,2018,Aqua,MODIS,64,6.03,289.2,7.9,N,0
27.136,82.8151,301.7,1,1,2018-04-23,2018,Aqua,MODIS,43,6.03,289.4,5.8,N,0
27.1448,82.8223,302,1,1,2018-04-23,2018,Aqua,MODIS,46,6.03,289.1,5.7,N,0
27.1563,85.626,303.3,1.1,1,2018-04-23,2018,Aqua,MODIS,54,6.03,292.8,5.9,N,0
27.7316,83.2902,307.1,1,1,2018-04-23,2018,Aqua,MODIS,56,6.03,295.8,6.2,N,0
27.7331,83.2801,308.2,1,1,2018-04-23,2018,Aqua,MODIS,55,6.03,295.5,6.9,N,0
27.7305,83.3623,306.7,1,1,2018-04-23,2018,Aqua,MODIS,69,6.03,296,5.8,N,0
27.7192,83.5045,308.9,1,1,2018-04-23,2018,Aqua,MODIS,76,6.03,295.8,7.3,N,0
27.5561,84.9007,313.5,1,1,2018-04-23,2018,Aqua,MODIS,87,6.03,291.4,13.3,N,0
28.2925,81.7624,307.4,1.1,1,2018-04-23,2018,Aqua,MODIS,68,6.03,296.2,8.2,N,0
28.4453,81.4046,306.5,1.1,1.1,2018-04-23,2018,Aqua,MODIS,46,6.03,293.9,7.5,N,0
28.4467,81.3932,310.2,1.1,1.1,2018-04-23,2018,Aqua,MODIS,71,6.03,296.3,9.9,N,0
28.3155,81.5686,324.5,1.6,1.3,2018-04-24,0543,Terra,MODIS,72,6.03,307.5,25.5,D,0
26.5591,83.9148,331.9,2.6,1.5,2018-04-24,0543,Terra,MODIS,77,6.03,313.4,58.7,D,0
26.6691,83.5064,332.4,2.4,1.5,2018-04-24,0543,Terra,MODIS,77,6.03,313.8,54.2,D,0
26.5509,83.9194,328.2,2.6,1.5,2018-04-24,0543,Terra,MODIS,70,6.03,313,38.2,D,0
26.5562,83.8942,331.6,2.6,1.5,2018-04-24,0543,Terra,MODIS,76,6.03,313.5,55.5,D,0
26.664,83.5117,335.5,2.4,1.5,2018-04-24,0543,Terra,MODIS,81,6.03,313.9,70.7,D,0
26.785,83.2517,334.1,2.3,1.5,2018-04-24,0543,Terra,MODIS,60,6.03,311.8,55.6,D,0
26.7821,83.2566,335.1,2.3,1.5,2018-04-24,0543,Terra,MODIS,61,6.03,312.3,58.1,D,0
26.6965,83.8046,324.5,2.5,1.5,2018-04-24,0543,Terra,MODIS,55,6.03,311.8,25.9,D,0
26.9248,82.8803,330.7,2.2,1.4,2018-04-24,0543,Terra,MODIS,65,6.03,312.1,33.1,D,0
26.929,82.8592,348.3,2.1,1.4,2018-04-24,0543,Terra,MODIS,92,6.03,314.7,123.5,D,0
27.0204,82.8007,328.3,2.1,1.4,2018-04-24,0543,Terra,MODIS,70,6.03,310.6,30.4,D,0
27.0245,82.78,345.1,2.1,1.4,2018-04-24,0543,Terra,MODIS,90,6.03,314.4,107.2,D,0
26.8923,83.5078,326.9,2.4,1.5,2018-04-24,0543,Terra,MODIS,68,6.03,312.8,32.5,D,0
26.9223,83.5647,332.6,2.4,1.5,2018-04-24,0543,Terra,MODIS,78,6.03,312.1,59.2,D,0
27.0952,82.6318,332.6,2.1,1.4,2018-04-24,0543,Terra,MODIS,68,6.03,317.4,34.2,D,0
26.9176,83.569,332,2.4,1.5,2018-04-24,0543,Terra,MODIS,77,6.03,311.4,55.1,D,0
26.9604,83.3612,327.7,2.3,1.5,2018-04-24,0543,Terra,MODIS,65,6.03,312.7,32.2,D,0
26.9112,83.6671,325.3,2.4,1.5,2018-04-24,0543,Terra,MODIS,46,6.03,310.9,27.7,D,0
26.9522,83.6026,323.7,2.4,1.5,2018-04-24,0543,Terra,MODIS,36,6.03,308.9,19.2,D,0
27.137,82.8134,333,2.1,1.4,2018-04-24,0543,Terra,MODIS,75,6.03,315.7,39.1,D,0
27.1123,83.0059,325.6,2.2,1.4,2018-04-24,0543,Terra,MODIS,40,6.03,312.5,19.7,D,0
27.1494,82.8165,330,2.1,1.4,2018-04-24,0543,Terra,MODIS,55,6.03,314.5,29.1,D,0
27.0049,83.616,332.3,2.4,1.5,2018-04-24,0543,Terra,MODIS,77,6.03,311.1,51.5,D,0
27.0181,83.6194,333.8,2.4,1.5,2018-04-24,0543,Terra,MODIS,79,6.03,311.9,59.6,D,0
27.0228,83.5958,326.3,2.4,1.5,2018-04-24,0543,Terra,MODIS,32,6.03,312,20.8,D,0
27.1122,83.142,324.3,2.2,1.4,2018-04-24,0543,Terra,MODIS,58,6.03,311.1,19.9,D,0
27.1165,83.1202,333.1,2.2,1.4,2018-04-24,0543,Terra,MODIS,79,6.03,314.5,53.3,D,0
27.0129,83.6247,336.1,2.4,1.5,2018-04-24,0543,Terra,MODIS,82,6.03,311.5,74,D,0
27.0177,83.6011,340.7,2.4,1.5,2018-04-24,0543,Terra,MODIS,87,6.03,312.2,95.4,D,0
27.1147,83.1263,337.2,2.2,1.4,2018-04-24,0543,Terra,MODIS,83,6.03,313.8,71.2,D,0
27.0453,83.5343,331.9,2.4,1.5,2018-04-24,0543,Terra,MODIS,77,6.03,313.2,48.4,D,0
27.1318,83.1077,340,2.2,1.4,2018-04-24,0543,Terra,MODIS,86,6.03,316,85.8,D,0
27.0955,83.3542,328.5,2.3,1.5,2018-04-24,0543,Terra,MODIS,51,6.03,314.8,34.6,D,0
27.2156,82.7531,334.8,2.1,1.4,2018-04-24,0543,Terra,MODIS,80,6.03,312.5,49.5,D,0
27.2197,82.7327,340.8,2.1,1.4,2018-04-24,0543,Terra,MODIS,86,6.03,311,78.1,D,0
27.1084,83.3575,335.5,2.3,1.5,2018-04-24,0543,Terra,MODIS,82,6.03,312.9,64.8,D,0
27.1743,83.028,328.4,2.2,1.4,2018-04-24,0543,Terra,MODIS,71,6.03,314.8,32.6,D,0
27.4067,81.9585,324.5,1.8,1.3,2018-04-24,0543,Terra,MODIS,55,6.03,312,16.1,D,0
27.4132,81.9658,324.5,1.8,1.3,2018-04-24,0543,Terra,MODIS,56,6.03,311.9,15.4,D,0
27.2498,82.8536,325.2,2.1,1.4,2018-04-24,0543,Terra,MODIS,55,6.03,310.4,18.5,D,0
27.3342,82.4948,328.5,2,1.4,2018-04-24,0543,Terra,MODIS,34,6.03,314.9,24.5,D,0
27.3469,82.5596,335.1,2,1.4,2018-04-24,0543,Terra,MODIS,80,6.03,313.1,45.2,D,0
27.0546,84.0791,322.2,2.6,1.5,2018-04-24,0543,Terra,MODIS,40,6.03,309.4,28.7,D,0
27.2361,83.1852,325.6,2.2,1.4,2018-04-24,0543,Terra,MODIS,57,6.03,312.6,27.2,D,0
27.415,82.2737,325.9,1.9,1.3,2018-04-24,0543,Terra,MODIS,63,6.03,311.7,22.5,D,0
27.4186,82.2549,325.9,1.9,1.3,2018-04-24,0543,Terra,MODIS,63,6.03,311,22.5,D,0
27.3241,82.8071,331.1,2.1,1.4,2018-04-24,0543,Terra,MODIS,66,6.03,313.3,32.7,D,0
27.3454,82.7761,328.6,2.1,1.4,2018-04-24,0543,Terra,MODIS,17,6.03,312.8,24.8,D,0
27.3117,83.0075,326.8,2.2,1.4,2018-04-24,0543,Terra,MODIS,68,6.03,312.7,28.2,D,0
27.4156,82.8798,326,2.1,1.4,2018-04-24,0543,Terra,MODIS,66,6.03,309,29.1,D,0
27.4317,82.7976,332.5,2.1,1.4,2018-04-24,0543,Terra,MODIS,78,6.03,310.8,52.6,D,0
27.4166,82.8855,323.7,2.1,1.4,2018-04-24,0543,Terra,MODIS,33,6.03,308.7,19.9,D,0
27.4331,82.8034,330.5,2.1,1.4,2018-04-24,0543,Terra,MODIS,76,6.03,311.2,45.4,D,0
27.4372,82.7831,323,2.1,1.4,2018-04-24,0543,Terra,MODIS,51,6.03,310,19,D,0
27.3908,83.0774,328.1,2.2,1.4,2018-04-24,0543,Terra,MODIS,23,6.03,313.7,28.6,D,0
27.399,83.102,327.4,2.2,1.4,2018-04-24,0543,Terra,MODIS,63,6.03,312.4,25.9,D,0
27.4034,83.0806,328.6,2.2,1.4,2018-04-24,0543,Terra,MODIS,68,6.03,314,32.7,D,0
27.9846,80.0183,334.6,1.3,1.1,2018-04-24,0543,Terra,MODIS,78,6.03,314.4,24.6,D,0
28.0025,80.0361,332.7,1.3,1.1,2018-04-24,0543,Terra,MODIS,74,6.03,313.5,20.6,D,0
27.4366,83.1792,324.9,2.2,1.4,2018-04-24,0543,Terra,MODIS,66,6.03,310.7,25.8,D,0
27.1106,84.8445,322.5,2.9,1.6,2018-04-24,0543,Terra,MODIS,61,6.03,306.5,30.4,D,0
27.4704,83.075,324,2.2,1.4,2018-04-24,0543,Terra,MODIS,63,6.03,310,24.2,D,0
28.1473,80.2067,329.5,1.4,1.2,2018-04-24,0543,Terra,MODIS,64,6.03,311.4,21.1,D,0
27.6861,82.8569,317.6,2.1,1.4,2018-04-24,0543,Terra,MODIS,34,6.03,305.4,16.6,D,0
27.7202,82.829,317,2.1,1.4,2018-04-24,0543,Terra,MODIS,48,6.03,305.3,16.4,D,0
28.2719,80.9127,326.3,1.5,1.2,2018-04-24,0543,Terra,MODIS,71,6.03,311.5,15.7,D,0
28.2746,80.8978,334.4,1.5,1.2,2018-04-24,0543,Terra,MODIS,82,6.03,312.7,34,D,0
28.2773,80.905,371.5,1.5,1.2,2018-04-24,0543,Terra,MODIS,100,6.03,314.1,190.3,D,0
28.5591,80.156,328.5,1.3,1.1,2018-04-24,0543,Terra,MODIS,74,6.03,313.4,14.3,D,0
28.5614,80.1427,358.3,1.3,1.1,2018-04-24,0543,Terra,MODIS,99,6.03,315.7,97.9,D,0
28.5064,81.0329,330.7,1.5,1.2,2018-04-24,0543,Terra,MODIS,80,6.03,311.8,26,D,0
28.5606,80.8809,321,1.5,1.2,2018-04-24,0543,Terra,MODIS,57,6.03,306.9,12.5,D,0
28.5712,80.8833,321.7,1.5,1.2,2018-04-24,0543,Terra,MODIS,57,6.03,305.3,14.4,D,0
28.5105,81.4559,319.9,1.6,1.2,2018-04-24,0543,Terra,MODIS,67,6.03,305,19.4,D,0
28.6877,81.1798,318.2,1.5,1.2,2018-04-24,0543,Terra,MODIS,41,6.03,304.6,12.5,D,0
28.643,81.496,316.5,1.6,1.2,2018-04-24,0543,Terra,MODIS,64,6.03,301.5,13.7,D,0
28.5971,82.1135,311.4,1.8,1.3,2018-04-24,0543,Terra,MODIS,41,6.03,299.8,8.1,D,0
28.7929,81.3135,314.3,1.5,1.2,2018-04-24,0543,Terra,MODIS,59,6.03,301.3,9.4,D,0
28.8196,81.3526,313.4,1.6,1.2,2018-04-24,0543,Terra,MODIS,57,6.03,301.5,8,D,0
28.705,82.0227,312.8,1.7,1.3,2018-04-24,0543,Terra,MODIS,41,6.03,300.2,9,D,0
28.979,81.1089,314.1,1.5,1.2,2018-04-24,0543,Terra,MODIS,48,6.03,300.6,8.7,D,0
29.025,80.8509,322,1.4,1.2,2018-04-24,0543,Terra,MODIS,74,6.03,297.4,23.1,D,0
28.9819,81.1153,314.4,1.5,1.2,2018-04-24,0543,Terra,MODIS,66,6.03,301,9.7,D,0
29.0317,80.8459,321.8,1.4,1.2,2018-04-24,0543,Terra,MODIS,75,6.03,298.5,22.1,D,0
29.2976,80.7622,320.6,1.4,1.2,2018-04-24,0543,Terra,MODIS,75,6.03,303.8,15,D,0
26.351,83.7443,332.6,2.5,1.5,2018-04-24,0543,Terra,MODIS,78,6.03,313.6,51.8,D,0
26.3645,83.7477,330.2,2.5,1.5,2018-04-24,0543,Terra,MODIS,63,6.03,312.2,38.5,D,0
26.4226,83.5319,336.1,2.5,1.5,2018-04-24,0543,Terra,MODIS,82,6.03,313.8,73.3,D,0
26.4275,83.508,334.1,2.4,1.5,2018-04-24,0543,Terra,MODIS,80,6.03,312.1,62.3,D,0
26.4119,83.8652,325.5,2.6,1.5,2018-04-24,0543,Terra,MODIS,63,6.03,311.8,26.6,D,0
26.475,83.9414,335,2.6,1.6,2018-04-24,0543,Terra,MODIS,81,6.03,311.5,78.6,D,0
26.4802,83.9159,331.9,2.6,1.6,2018-04-24,0543,Terra,MODIS,76,6.03,312,59.6,D,0
26.5685,83.4756,326.5,2.4,1.5,2018-04-24,0543,Terra,MODIS,62,6.03,311.1,30.8,D,0
26.6001,83.3853,336.8,2.4,1.5,2018-04-24,0543,Terra,MODIS,76,6.03,312.7,66.1,D,0
26.5637,83.4798,327.4,2.4,1.5,2018-04-24,0543,Terra,MODIS,59,6.03,311.1,34.9,D,0
26.4805,83.9481,330.5,2.6,1.6,2018-04-24,0543,Terra,MODIS,74,6.03,310.7,52.5,D,0
26.4858,83.9227,337.9,2.6,1.6,2018-04-24,0543,Terra,MODIS,84,6.03,311.9,94,D,0
26.5961,83.3896,337.7,2.4,1.5,2018-04-24,0543,Terra,MODIS,83,6.03,312.7,75.9,D,0
26.6008,83.3665,332.2,2.4,1.5,2018-04-24,0543,Terra,MODIS,67,6.03,314.5,45.8,D,0
29.5775,80.4566,311.8,1.3,1.1,2018-04-24,0543,Terra,MODIS,58,6.03,300.1,6.7,D,0
27.5017,81.3317,351.6,3.1,1.7,2018-04-24,0716,Aqua,MODIS,72,6.03,311.4,265.7,D,0
26.7103,83.2436,328.2,2.4,1.5,2018-04-24,0716,Aqua,MODIS,65,6.03,313.1,26.7,D,0
26.6972,83.2469,329.6,2.4,1.5,2018-04-24,0716,Aqua,MODIS,72,6.03,314.3,32.7,D,0
26.702,83.2505,331.6,2.4,1.5,2018-04-24,0716,Aqua,MODIS,75,6.03,314.3,41.6,D,0
26.6305,84.0389,326.5,2.1,1.4,2018-04-24,0716,Aqua,MODIS,64,6.03,313.8,18.8,D,0
26.5518,83.9052,337.1,2.2,1.4,2018-04-24,0716,Aqua,MODIS,82,6.03,315.4,61.9,D,0
26.5519,83.912,338,2.2,1.4,2018-04-24,0716,Aqua,MODIS,83,6.03,315,65.8,D,0
26.4325,83.5062,336.6,2.3,1.5,2018-04-24,0716,Aqua,MODIS,81,6.03,313.8,65.6,D,0
26.437,83.5287,341.8,2.3,1.5,2018-04-24,0716,Aqua,MODIS,87,6.03,314.4,94.2,D,0
26.424,83.532,328.4,2.3,1.5,2018-04-24,0716,Aqua,MODIS,66,6.03,314,28.9,D,0
26.3802,83.5714,328.6,2.3,1.5,2018-04-24,0716,Aqua,MODIS,0,6.03,314.4,29.2,D,0
26.3978,83.8659,351.1,2.2,1.4,2018-04-24,0716,Aqua,MODIS,94,6.03,315.9,143.9,D,0
26.402,83.8872,346.6,2.2,1.4,2018-04-24,0716,Aqua,MODIS,91,6.03,313.9,114.1,D,0
28.312,81.5583,322.2,2.9,1.6,2018-04-24,0716,Aqua,MODIS,70,6.03,306.5,47.8,D,0
28.3098,81.5658,319.5,2.9,1.6,2018-04-24,0716,Aqua,MODIS,57,6.03,306.7,34.2,D,0
27.495,81.3013,327.6,3.1,1.7,2018-04-24,0716,Aqua,MODIS,67,6.03,310.7,60.5,D,0
27.1082,84.8295,330.5,1.8,1.3,2018-04-24,0716,Aqua,MODIS,76,6.03,311.9,25.2,D,0
27.4961,81.3081,339.5,3.1,1.7,2018-04-24,0716,Aqua,MODIS,76,6.03,311.3,148.1,D,0
27.5241,83.1267,331.5,2.3,1.5,2018-04-24,0716,Aqua,MODIS,80,6.03,312.4,51.9,D,0
27.5288,83.1495,325.8,2.3,1.5,2018-04-24,0716,Aqua,MODIS,73,6.03,312,28.4,D,0
27.622,83.611,317.1,2.1,1.4,2018-04-24,0716,Aqua,MODIS,34,6.03,304.3,12.7,D,0
27.5274,83.1329,336.4,2.3,1.5,2018-04-24,0716,Aqua,MODIS,84,6.03,312.8,72.4,D,0
27.4616,83.0771,323.2,2.3,1.5,2018-04-24,0716,Aqua,MODIS,61,6.03,309.4,22.8,D,0
27.4177,83.064,326.3,2.4,1.5,2018-04-24,0716,Aqua,MODIS,54,6.03,313.2,31.2,D,0
27.4059,83.14,326.6,2.3,1.5,2018-04-24,0716,Aqua,MODIS,29,6.03,310.5,25.8,D,0
27.4222,83.0675,328.5,2.4,1.5,2018-04-24,0716,Aqua,MODIS,57,6.03,312.9,37,D,0
27.2576,82.9185,328.9,2.4,1.5,2018-04-24,0716,Aqua,MODIS,75,6.03,312.1,38.7,D,0
27.3993,83.9734,317.6,2,1.4,2018-04-24,0716,Aqua,MODIS,30,6.03,304,16.9,D,0
27.1297,82.6728,331.8,2.5,1.5,2018-04-24,0716,Aqua,MODIS,79,6.03,315.9,34.5,D,0
27.3658,84.0655,318.2,2,1.4,2018-04-24,0716,Aqua,MODIS,28,6.03,304.7,13.2,D,0
27.3696,84.0854,325.7,2,1.4,2018-04-24,0716,Aqua,MODIS,72,6.03,306.7,32.2,D,0
27.0254,82.7596,326.5,2.5,1.5,2018-04-24,0716,Aqua,MODIS,70,6.03,313,28.2,D,0
27.0305,82.7844,328.8,2.5,1.5,2018-04-24,0716,Aqua,MODIS,74,6.03,312.6,37.4,D,0
27.0796,83.0266,328.8,2.4,1.5,2018-04-24,0716,Aqua,MODIS,74,6.03,311.7,35,D,0
27.0884,83.3408,332.2,2.3,1.5,2018-04-24,0716,Aqua,MODIS,75,6.03,316.2,45.5,D,0
27.0918,83.3447,334.3,2.3,1.5,2018-04-24,0716,Aqua,MODIS,81,6.03,316.6,55.9,D,0
26.9453,82.8888,334.7,2.5,1.5,2018-04-24,0716,Aqua,MODIS,81,6.03,315.3,62.8,D,0
26.9269,82.8678,341.3,2.5,1.5,2018-04-24,0716,Aqua,MODIS,87,6.03,315,96.3,D,0
26.9319,82.8923,332.2,2.5,1.5,2018-04-24,0716,Aqua,MODIS,56,6.03,312,43.2,D,0
27.0633,83.6076,327.1,2.2,1.4,2018-04-24,0716,Aqua,MODIS,63,6.03,312.7,25.6,D,0
26.9198,82.8767,344.1,2.5,1.5,2018-04-24,0716,Aqua,MODIS,90,6.03,314.2,116.8,D,0
27.0644,83.6143,328.2,2.2,1.4,2018-04-24,0716,Aqua,MODIS,54,6.03,312.1,27.9,D,0
27.0094,83.6054,334.6,2.2,1.4,2018-04-24,0716,Aqua,MODIS,81,6.03,312.4,54.3,D,0
26.948,83.3646,332.3,2.3,1.5,2018-04-24,0716,Aqua,MODIS,78,6.03,316,49.8,D,0
26.898,83.1841,333.2,2.4,1.5,2018-04-24,0716,Aqua,MODIS,43,6.03,316.2,47.7,D,0
26.9542,83.5964,333.6,2.2,1.4,2018-04-24,0716,Aqua,MODIS,71,6.03,311.2,47,D,0
26.8897,83.191,337.9,2.4,1.5,2018-04-24,0716,Aqua,MODIS,53,6.03,314.6,70.8,D,0
26.9562,83.6008,332.3,2.2,1.4,2018-04-24,0716,Aqua,MODIS,68,6.03,310.7,44.4,D,0
26.8649,83.3428,330.6,2.3,1.5,2018-04-24,0716,Aqua,MODIS,71,6.03,313,42.5,D,0
27.1182,84.8391,330.7,1.8,1.3,2018-04-24,0716,Aqua,MODIS,78,6.03,312.1,29.3,D,0
26.7765,83.2444,327.8,2.4,1.5,2018-04-24,0716,Aqua,MODIS,45,6.03,313.2,22.4,D,0
27.4099,83.1437,328.3,2.3,1.5,2018-04-24,0716,Aqua,MODIS,66,6.03,310.1,37.9,D,0
28.6658,82.0029,316.9,2.6,1.6,2018-04-24,0717,Aqua,MODIS,61,6.03,302.1,28.1,D,0
28.564,80.8642,319.4,3.1,1.7,2018-04-24,0717,Aqua,MODIS,55,6.03,302.8,30,D,0
28.5654,80.1599,323.4,3.5,1.8,2018-04-24,0717,Aqua,MODIS,42,6.03,306,58.7,D,0
28.5577,80.125,324.9,3.5,1.8,2018-04-24,0717,Aqua,MODIS,76,6.03,306.9,64.1,D,0
28.5594,80.154,327.9,3.5,1.8,2018-04-24,0717,Aqua,MODIS,75,6.03,306.7,89.5,D,0
26.6992,83.8112,309.8,1,1,2018-04-24,1641,Terra,MODIS,78,6.03,292.7,9.1,N,0
26.568,83.5943,305.3,1,1,2018-04-24,1641,Terra,MODIS,64,6.03,293.4,6.1,N,0
26.5404,83.5277,307.8,1,1,2018-04-24,1641,Terra,MODIS,73,6.03,292.1,8.2,N,0
26.5564,83.91,304.2,1,1,2018-04-24,1641,Terra,MODIS,59,6.03,292.2,5.5,N,0
26.5578,83.9201,302.4,1,1,2018-04-24,1641,Terra,MODIS,49,6.03,292.2,4.6,N,0
26.5571,83.982,304.3,1,1,2018-04-24,1641,Terra,MODIS,60,6.03,293.5,5.5,N,0
26.4202,83.5917,308.9,1,1,2018-04-24,1641,Terra,MODIS,76,6.03,292.5,8.4,N,0
26.8703,83.7177,303,1,1,2018-04-24,1641,Terra,MODIS,35,6.03,291.4,4.2,N,0
26.7853,83.2416,303.8,1,1,2018-04-24,1641,Terra,MODIS,57,6.03,292.1,5.3,N,0
26.354,83.5118,304.9,1,1,2018-04-24,1641,Terra,MODIS,62,6.03,292.8,6.1,N,0
26.3535,83.5729,307.4,1,1,2018-04-24,1641,Terra,MODIS,71,6.03,292.7,7.5,N,0
26.3881,83.8221,306.6,1,1,2018-04-24,1641,Terra,MODIS,69,6.03,293.9,6.7,N,0
26.3895,83.8321,306.8,1,1,2018-04-24,1641,Terra,MODIS,69,6.03,293.8,6.8,N,0
26.3598,83.6839,305.4,1,1,2018-04-24,1641,Terra,MODIS,64,6.03,293,6,N,0
26.695,83.7811,305.8,1,1,2018-04-24,1641,Terra,MODIS,66,6.03,292,6.4,N,0
27.0365,83.6556,304.4,1,1,2018-04-24,1641,Terra,MODIS,25,6.03,291.5,4.9,N,0
26.9443,83.1293,316.2,1,1,2018-04-24,1641,Terra,MODIS,93,6.03,292.9,14.4,N,0
26.879,82.9326,316.2,1,1,2018-04-24,1641,Terra,MODIS,93,6.03,292.2,14.4,N,0
26.8805,82.9425,304,1,1,2018-04-24,1641,Terra,MODIS,58,6.03,292,5.3,N,0
26.8833,82.9624,304.2,1,1,2018-04-24,1641,Terra,MODIS,56,6.03,291.9,5.3,N,0
26.9535,83.5221,304.2,1,1,2018-04-24,1641,Terra,MODIS,59,6.03,291.7,5.8,N,0
26.8705,83.322,304.1,1,1,2018-04-24,1641,Terra,MODIS,31,6.03,292.1,4.7,N,0
27.1289,85.533,304.7,1.1,1.1,2018-04-24,1641,Terra,MODIS,50,6.03,294,4.7,N,0
27.1304,85.5444,308.4,1.1,1.1,2018-04-24,1641,Terra,MODIS,75,6.03,295.5,7.6,N,0
27.3753,82.7947,304.9,1,1,2018-04-24,1641,Terra,MODIS,62,6.03,292.1,6,N,0
27.384,82.8547,309.1,1,1,2018-04-24,1641,Terra,MODIS,76,6.03,291.6,8.6,N,0
27.3598,82.9411,302.1,1,1,2018-04-24,1641,Terra,MODIS,46,6.03,291.3,4.3,N,0
27.3612,82.9511,302.2,1,1,2018-04-24,1641,Terra,MODIS,48,6.03,291.2,4.5,N,0
27.2651,82.5442,302.8,1,1,2018-04-24,1641,Terra,MODIS,23,6.03,291.3,4.5,N,0
27.2811,82.6542,305.5,1,1,2018-04-24,1641,Terra,MODIS,49,6.03,291.5,5.7,N,0
27.2826,82.6642,308.2,1,1,2018-04-24,1641,Terra,MODIS,74,6.03,292,7.5,N,0
27.2562,82.5458,303.3,1,1,2018-04-24,1641,Terra,MODIS,30,6.03,291.2,4.7,N,0
27.2722,82.6559,303.8,1,1,2018-04-24,1641,Terra,MODIS,10,6.03,291.3,4.5,N,0
27.3097,82.9156,306.1,1,1,2018-04-24,1641,Terra,MODIS,67,6.03,291.3,6.7,N,0
27.0323,83.6255,310.9,1,1,2018-04-24,1641,Terra,MODIS,32,6.03,292.1,8.3,N,0
27.558,84.8807,305,1.1,1,2018-04-24,1641,Terra,MODIS,62,6.03,293.4,6.1,N,0
27.5593,84.891,305.3,1.1,1,2018-04-24,1641,Terra,MODIS,64,6.03,292.5,6.4,N,0
27.3828,83.632,304.7,1,1,2018-04-24,1641,Terra,MODIS,61,6.03,291.6,6.2,N,0
27.2307,82.6225,305.7,1,1,2018-04-24,1641,Terra,MODIS,65,6.03,291.7,6.4,N,0
27.2116,82.5542,303.3,1,1,2018-04-24,1641,Terra,MODIS,54,6.03,291.2,5.1,N,0
27.5435,85.1115,305.6,1.1,1,2018-04-24,1641,Terra,MODIS,65,6.03,290.9,8.4,N,0
27.253,83.2289,302.6,1,1,2018-04-24,1641,Terra,MODIS,46,6.03,292,4,N,0
27.1184,82.4847,303.4,1,1,2018-04-24,1641,Terra,MODIS,55,6.03,291.9,5.6,N,0
27.1766,82.8844,307.1,1,1,2018-04-24,1641,Terra,MODIS,70,6.03,291.5,7.3,N,0
27.198,83.034,327.5,1,1,2018-04-24,1641,Terra,MODIS,100,6.03,293.6,25.3,N,0
27.1994,83.044,319.1,1,1,2018-04-24,1641,Terra,MODIS,98,6.03,293.3,16.1,N,0
27.3731,84.3095,309.9,1,1,2018-04-24,1641,Terra,MODIS,70,6.03,296.8,7.9,N,0
27.3745,84.3198,306.7,1,1,2018-04-24,1641,Terra,MODIS,34,6.03,296.5,5.6,N,0
27.3695,84.3525,308.6,1,1,2018-04-24,1641,Terra,MODIS,53,6.03,296.4,7.1,N,0
27.3792,84.426,308.7,1,1,2018-04-24,1641,Terra,MODIS,66,6.03,295.8,7.6,N,0
27.0974,82.721,309,1,1,2018-04-24,1641,Terra,MODIS,76,6.03,291.9,9,N,0
27.1482,83.5987,303.1,1,1,2018-04-24,1641,Terra,MODIS,53,6.03,291.9,5.1,N,0
27.3342,85.2848,305.7,1.1,1.1,2018-04-24,1641,Terra,MODIS,65,6.03,294.9,6.1,N,0
27.0606,83.6308,302.2,1,1,2018-04-24,1641,Terra,MODIS,28,6.03,291.6,3.9,N,0
27.4569,84.1095,306.7,1,1,2018-04-24,1641,Terra,MODIS,69,6.03,294.7,5.5,N,0
27.8545,82.2251,307.2,1,1,2018-04-24,1641,Terra,MODIS,71,6.03,295.1,4.9,N,0
27.8926,82.5488,305.3,1,1,2018-04-24,1641,Terra,MODIS,64,6.03,294.8,5.3,N,0
27.8381,82.2384,306.5,1,1,2018-04-24,1641,Terra,MODIS,68,6.03,295.6,4.6,N,0
27.8631,82.9212,302.4,1,1,2018-04-24,1641,Terra,MODIS,49,6.03,292.2,3.3,N,0
27.8787,83.0315,303.2,1,1,2018-04-24,1641,Terra,MODIS,54,6.03,291,4.8,N,0
27.8057,82.8392,304.6,1,1,2018-04-24,1641,Terra,MODIS,61,6.03,293.7,5.2,N,0
27.7784,83.4332,302.2,1,1,2018-04-24,1641,Terra,MODIS,47,6.03,292,4.2,N,0
27.7138,83.4968,305.8,1,1,2018-04-24,1641,Terra,MODIS,55,6.03,295.7,5.6,N,0
27.676,83.6235,307.8,1,1,2018-04-24,1641,Terra,MODIS,70,6.03,296.2,5.7,N,0
27.6879,83.7777,304.6,1,1,2018-04-24,1641,Terra,MODIS,61,6.03,294.6,4.4,N,0
27.6796,83.8526,307.2,1,1,2018-04-24,1641,Terra,MODIS,71,6.03,294.4,6.2,N,0
28.6166,80.1714,302.2,1.1,1.1,2018-04-24,1642,Terra,MODIS,48,6.03,291.8,5.7,N,0
28.7264,81.3339,309.6,1,1,2018-04-24,1642,Terra,MODIS,78,6.03,295.1,7,N,0
28.6955,81.4313,308.9,1,1,2018-04-24,1642,Terra,MODIS,52,6.03,294.6,6.9,N,0
28.6849,81.4225,309.7,1,1,2018-04-24,1642,Terra,MODIS,46,6.03,294.4,7.5,N,0
28.6957,81.7406,300.1,1,1,2018-04-24,1642,Terra,MODIS,16,6.03,289,4.5,N,0
28.6207,81.3065,307.7,1,1,2018-04-24,1642,Terra,MODIS,63,6.03,296.3,5.7,N,0
28.6132,81.3188,307.8,1,1,2018-04-24,1642,Terra,MODIS,59,6.03,296.3,5.7,N,0
28.6964,81.9925,303,1,1,2018-04-24,1642,Terra,MODIS,52,6.03,291.3,5,N,0
28.539,81.4374,311.8,1,1,2018-04-24,1642,Terra,MODIS,67,6.03,294.5,8.8,N,0
28.4991,81.3532,306.2,1,1,2018-04-24,1642,Terra,MODIS,28,6.03,295,4.8,N,0
28.4885,81.3445,307.3,1,1,2018-04-24,1642,Terra,MODIS,50,6.03,294.7,6.1,N,0
28.4901,81.3551,306.9,1,1,2018-04-24,1642,Terra,MODIS,57,6.03,295.9,5.2,N,0
29.2939,80.7603,307.8,1.1,1,2018-04-24,1642,Terra,MODIS,73,6.03,291.9,8.4,N,0
28.3289,81.5711,307.5,1,1,2018-04-24,1642,Terra,MODIS,58,6.03,296.6,4.9,N,0
28.3246,81.6038,310.2,1,1,2018-04-24,1642,Terra,MODIS,79,6.03,296.7,7,N,0
28.2983,81.7364,307.8,1,1,2018-04-24,1642,Terra,MODIS,58,6.03,295.6,6.1,N,0
28.2908,81.7482,311.6,1,1,2018-04-24,1642,Terra,MODIS,72,6.03,296.2,8.7,N,0
28.2829,81.7561,310.1,1,1,2018-04-24,1642,Terra,MODIS,50,6.03,296.2,6.6,N,0
28.2844,81.7664,308.9,1,1,2018-04-24,1642,Terra,MODIS,48,6.03,296.1,5.9,N,0
28.1327,81.987,305.7,1,1,2018-04-24,1642,Terra,MODIS,65,6.03,294.7,4.8,N,0
28.1105,82.0856,304,1,1,2018-04-24,1642,Terra,MODIS,58,6.03,292.9,4.9,N,0
28.112,82.0957,302.6,1,1,2018-04-24,1642,Terra,MODIS,39,6.03,292.5,4.3,N,0
28.0763,82.1027,303.5,1,1,2018-04-24,1642,Terra,MODIS,44,6.03,292.3,4,N,0
28.4136,81.3983,306.8,1,1,2018-04-24,1642,Terra,MODIS,64,6.03,295.9,4.8,N,0
29.1768,81.1382,305.1,1,1,2018-04-24,1642,Terra,MODIS,63,6.03,288.9,7.4,N,0
29.1784,81.1487,302.7,1,1,2018-04-24,1642,Terra,MODIS,45,6.03,288.6,5.7,N,0
29.0606,80.6324,302.1,1.1,1,2018-04-24,1642,Terra,MODIS,47,6.03,289,6.1,N,0
28.9941,80.7974,309,1.1,1,2018-04-24,1642,Terra,MODIS,76,6.03,290.5,9.9,N,0
28.9773,81.1018,314,1,1,2018-04-24,1642,Terra,MODIS,88,6.03,294.7,12,N,0
28.8975,80.9402,303.4,1.1,1,2018-04-24,1642,Terra,MODIS,55,6.03,290.8,5.1,N,0
28.8217,80.8765,310.1,1.1,1,2018-04-24,1642,Terra,MODIS,79,6.03,295.8,7.8,N,0
28.8125,80.8779,307,1.1,1,2018-04-24,1642,Terra,MODIS,56,6.03,296.7,6.1,N,0
28.8367,81.0929,304.3,1,1,2018-04-24,1642,Terra,MODIS,59,6.03,293.9,4.5,N,0
28.6675,80.1252,309.5,1.1,1.1,2018-04-24,1642,Terra,MODIS,77,6.03,293.3,10.6,N,0
28.8486,81.346,311.3,1,1,2018-04-24,1642,Terra,MODIS,82,6.03,294.2,10,N,0
28.9448,81.0964,313,3,1.7,2018-04-25,0448,Terra,MODIS,58,6.03,298.3,22.5,D,0
28.9447,81.0901,314,3,1.7,2018-04-25,0448,Terra,MODIS,49,6.03,298.3,25.3,D,0
28.7362,82.0382,319.7,2.6,1.5,2018-04-25,0448,Terra,MODIS,58,6.03,298.9,39,D,0
28.7306,82.0288,319.7,2.6,1.5,2018-04-25,0448,Terra,MODIS,69,6.03,299.1,40.3,D,0
28.5717,81.2589,316.8,2.9,1.6,2018-04-25,0448,Terra,MODIS,66,6.03,299.9,32.7,D,0
28.5702,81.2527,317,2.9,1.6,2018-04-25,0448,Terra,MODIS,56,6.03,300.1,32.7,D,0
26.3488,83.5789,326.7,1.9,1.3,2018-04-25,0448,Terra,MODIS,69,6.03,308,24,D,0
26.778,83.2355,322.2,2,1.4,2018-04-25,0448,Terra,MODIS,53,6.03,305.9,17.2,D,0
26.8444,82.9544,336.7,2.1,1.4,2018-04-25,0448,Terra,MODIS,84,6.03,308.5,69.5,D,0
26.8465,82.9335,324,2.1,1.4,2018-04-25,0448,Terra,MODIS,61,6.03,305.7,20.3,D,0
26.845,82.9615,328.1,2.1,1.4,2018-04-25,0448,Terra,MODIS,74,6.03,308.2,33.1,D,0
26.847,82.9405,332.5,2.1,1.4,2018-04-25,0448,Terra,MODIS,80,6.03,306.5,48.2,D,0
26.9039,83.4949,323.5,1.9,1.4,2018-04-25,0448,Terra,MODIS,65,6.03,304.7,17.8,D,0
26.9082,83.5016,328.5,1.9,1.4,2018-04-25,0448,Terra,MODIS,75,6.03,304.7,32.2,D,0
26.9655,82.9178,321.8,2.1,1.4,2018-04-25,0448,Terra,MODIS,59,6.03,305.4,17.5,D,0
27.0332,82.8827,322.1,2.1,1.4,2018-04-25,0448,Terra,MODIS,60,6.03,305.3,20.2,D,0
27.0672,82.9365,323.2,2.1,1.4,2018-04-25,0448,Terra,MODIS,60,6.03,305.4,18.8,D,0
27.1645,82.8675,322,2.1,1.4,2018-04-25,0448,Terra,MODIS,29,6.03,304.2,19.1,D,0
27.23,82.8601,322,2.1,1.4,2018-04-25,0448,Terra,MODIS,62,6.03,303.9,20.7,D,0
27.2732,84.2611,323.7,1.7,1.3,2018-04-25,0448,Terra,MODIS,71,6.03,295.4,26.2,D,0
27.4131,84.0178,314.5,1.8,1.3,2018-04-25,0448,Terra,MODIS,23,6.03,298,12,D,0
27.1776,86.4603,317.3,1.3,1.1,2018-04-25,0448,Terra,MODIS,57,6.03,299.5,7.8,D,0
27.5438,85.1131,313.5,1.5,1.2,2018-04-25,0448,Terra,MODIS,47,6.03,297.7,10.6,D,0
28.7452,80.4627,330.8,1,1,2018-04-25,0759,Aqua,MODIS,58,6.03,313.1,10.8,D,0
28.8,80.8682,321.7,1,1,2018-04-25,0759,Aqua,MODIS,43,6.03,307.2,7.4,D,0
28.8295,81.0904,327.1,1.1,1,2018-04-25,0759,Aqua,MODIS,71,6.03,305.9,13.3,D,0
28.8174,81.0698,319.4,1,1,2018-04-25,0759,Aqua,MODIS,20,6.03,303.9,7.7,D,0
28.8415,81.253,336.3,1.1,1,2018-04-25,0759,Aqua,MODIS,84,6.03,306.5,26.3,D,0
28.8429,81.2637,329.5,1.1,1,2018-04-25,0759,Aqua,MODIS,56,6.03,306.5,16.2,D,0
28.8309,81.2437,324.1,1.1,1,2018-04-25,0759,Aqua,MODIS,24,6.03,307,8.4,D,0
28.8323,81.2544,328.4,1.1,1,2018-04-25,0759,Aqua,MODIS,74,6.03,307.4,14.3,D,0
28.8245,81.2667,326,1.1,1,2018-04-25,0759,Aqua,MODIS,51,6.03,306.6,11.2,D,0
28.8357,81.3534,320.9,1.1,1,2018-04-25,0759,Aqua,MODIS,56,6.03,305.5,7.5,D,0
28.8027,81.1716,324.9,1.1,1,2018-04-25,0759,Aqua,MODIS,67,6.03,306.8,10.9,D,0
28.7935,81.173,322.6,1.1,1,2018-04-25,0759,Aqua,MODIS,38,6.03,306.3,8.4,D,0
28.7459,81.3635,320.7,1.1,1,2018-04-25,0759,Aqua,MODIS,42,6.03,306,6.6,D,0
28.7603,81.5488,322.9,1.1,1,2018-04-25,0759,Aqua,MODIS,63,6.03,304.8,10.7,D,0
28.7218,81.3225,322.1,1.1,1,2018-04-25,0759,Aqua,MODIS,50,6.03,305.4,8.9,D,0
28.6047,80.8506,327.8,1,1,2018-04-25,0759,Aqua,MODIS,69,6.03,308.5,13,D,0
28.5956,80.8522,339,1,1,2018-04-25,0759,Aqua,MODIS,85,6.03,311.1,28.1,D,0
28.597,80.8626,348.1,1,1,2018-04-25,0759,Aqua,MODIS,92,6.03,309.7,45.7,D,0
28.5865,80.8538,340.1,1,1,2018-04-25,0759,Aqua,MODIS,83,6.03,310.5,27.6,D,0
28.5879,80.8642,346.3,1,1,2018-04-25,0759,Aqua,MODIS,91,6.03,309.7,39.1,D,0
28.7365,82.0174,334,1.1,1.1,2018-04-25,0759,Aqua,MODIS,82,6.03,307.2,25.2,D,0
28.7379,82.0289,337.4,1.1,1.1,2018-04-25,0759,Aqua,MODIS,85,6.03,305.4,31.2,D,0
28.5788,80.8658,340.5,1,1,2018-04-25,0759,Aqua,MODIS,85,6.03,310.5,28,D,0
28.5802,80.8763,349.9,1,1,2018-04-25,0759,Aqua,MODIS,94,6.03,309.6,47.1,D,0
28.5816,80.8868,339.9,1,1,2018-04-25,0759,Aqua,MODIS,84,6.03,309.2,28.5,D,0
28.7271,82.0199,323.2,1.1,1.1,2018-04-25,0759,Aqua,MODIS,66,6.03,306,10.3,D,0
28.5698,80.8674,327,1,1,2018-04-25,0759,Aqua,MODIS,53,6.03,311.6,9,D,0
28.5712,80.8779,330,1,1,2018-04-25,0759,Aqua,MODIS,54,6.03,311,12.3,D,0
28.5635,80.8899,337.5,1,1,2018-04-25,0759,Aqua,MODIS,78,6.03,311.6,22.3,D,0
28.6424,81.497,323.8,1.1,1,2018-04-25,0759,Aqua,MODIS,46,6.03,304.9,11.6,D,0
28.5554,80.8862,331.3,1,1,2018-04-25,0759,Aqua,MODIS,58,6.03,311.3,12.1,D,0
28.5568,80.8967,331.9,1,1,2018-04-25,0759,Aqua,MODIS,71,6.03,310.8,13.5,D,0
28.6119,81.3102,327.9,1.1,1,2018-04-25,0759,Aqua,MODIS,66,6.03,310.1,12.5,D,0
28.6359,81.4933,326.9,1.1,1,2018-04-25,0759,Aqua,MODIS,62,6.03,307.1,13,D,0
28.5668,81.2525,326.9,1.1,1,2018-04-25,0759,Aqua,MODIS,69,6.03,310.2,12.4,D,0
28.5569,81.5407,320.3,1.1,1,2018-04-25,0759,Aqua,MODIS,45,6.03,305.6,8,D,0
28.487,81.3495,323.6,1.1,1,2018-04-25,0759,Aqua,MODIS,39,6.03,307.9,7.7,D,0
28.4884,81.3602,323.3,1.1,1,2018-04-25,0759,Aqua,MODIS,40,6.03,307.5,7.9,D,0
28.5749,82.1144,321.6,1.1,1.1,2018-04-25,0759,Aqua,MODIS,60,6.03,302.9,10.2,D,0
28.3457,80.4323,330.3,1,1,2018-04-25,0759,Aqua,MODIS,70,6.03,312,15.8,D,0
28.3471,80.4426,324,1,1,2018-04-25,0759,Aqua,MODIS,26,6.03,310.8,7.6,D,0
28.5654,82.1155,319.5,1.1,1.1,2018-04-25,0759,Aqua,MODIS,46,6.03,302.7,7.8,D,0
28.3208,81.5555,326.7,1.1,1,2018-04-25,0759,Aqua,MODIS,64,6.03,309.5,11.3,D,0
28.36,81.8619,324.8,1.1,1,2018-04-25,0759,Aqua,MODIS,65,6.03,305.9,14.1,D,0
28.306,81.5138,322.4,1.1,1,2018-04-25,0759,Aqua,MODIS,51,6.03,307.7,6.9,D,0
28.0987,82.1181,321.8,1.1,1.1,2018-04-25,0759,Aqua,MODIS,40,6.03,305.8,7.7,D,0
27.6543,80.1523,339.5,1,1,2018-04-25,0759,Aqua,MODIS,81,6.03,318.8,20.8,D,0
27.6557,80.1623,339.8,1,1,2018-04-25,0759,Aqua,MODIS,81,6.03,317.8,21.4,D,0
27.8741,82.788,320,1.2,1.1,2018-04-25,0759,Aqua,MODIS,41,6.03,304.6,7.9,D,0
27.8456,82.9639,321.7,1.2,1.1,2018-04-25,0759,Aqua,MODIS,62,6.03,300.5,13.3,D,0
27.6591,81.7484,328.7,1.1,1,2018-04-25,0759,Aqua,MODIS,66,6.03,312.3,8.2,D,0
27.7989,83.0927,320.7,1.2,1.1,2018-04-25,0759,Aqua,MODIS,48,6.03,301.6,11.5,D,0
27.7807,83.1093,319.1,1.2,1.1,2018-04-25,0759,Aqua,MODIS,32,6.03,302.2,8.3,D,0
27.7386,82.8413,324.4,1.2,1.1,2018-04-25,0759,Aqua,MODIS,66,6.03,307.2,11.2,D,0
27.7018,82.7006,322.3,1.2,1.1,2018-04-25,0759,Aqua,MODIS,53,6.03,306.6,7.6,D,0
27.7275,83.0864,323.1,1.2,1.1,2018-04-25,0759,Aqua,MODIS,52,6.03,303.5,11.2,D,0
27.6395,82.6919,324.7,1.2,1.1,2018-04-25,0759,Aqua,MODIS,60,6.03,306.3,10.1,D,0
27.5618,84.2874,326.3,1.4,1.2,2018-04-25,0759,Aqua,MODIS,52,6.03,303,20.5,D,0
27.42,83.1528,327,1.2,1.1,2018-04-25,0759,Aqua,MODIS,44,6.03,308.1,8.5,D,0
27.2686,82.6549,334.3,1.2,1.1,2018-04-25,0759,Aqua,MODIS,77,6.03,315.7,14.2,D,0
27.2504,82.5867,332.9,1.2,1.1,2018-04-25,0759,Aqua,MODIS,74,6.03,313.9,13.2,D,0
27.4188,84.0106,321.4,1.4,1.2,2018-04-25,0759,Aqua,MODIS,41,6.03,302.5,13.4,D,0
27.2146,82.5335,329.6,1.1,1.1,2018-04-25,0759,Aqua,MODIS,51,6.03,312.8,9,D,0
27.3659,83.9832,325.3,1.4,1.2,2018-04-25,0759,Aqua,MODIS,61,6.03,302.8,18.6,D,0
27.2304,83.1813,331.8,1.2,1.1,2018-04-25,0759,Aqua,MODIS,74,6.03,314.3,14.3,D,0
29.2385,80.6395,330.6,1,1,2018-04-25,0759,Aqua,MODIS,69,6.03,300.5,22.8,D,0
27.1629,82.7857,331.8,1.2,1.1,2018-04-25,0759,Aqua,MODIS,72,6.03,314.7,13,D,0
27.1989,83.0859,338.7,1.2,1.1,2018-04-25,0759,Aqua,MODIS,83,6.03,314.6,27.8,D,0
27.2004,83.0981,343,1.2,1.1,2018-04-25,0759,Aqua,MODIS,88,6.03,314,38,D,0
27.0932,82.4833,335.3,1.1,1.1,2018-04-25,0759,Aqua,MODIS,76,6.03,313.3,20.9,D,0
27.1656,83.1465,328.6,1.2,1.1,2018-04-25,0759,Aqua,MODIS,65,6.03,311.6,10.2,D,0
27.1671,83.1588,332.6,1.2,1.1,2018-04-25,0759,Aqua,MODIS,74,6.03,311.2,16.8,D,0
27.0899,82.8508,336.3,1.2,1.1,2018-04-25,0759,Aqua,MODIS,79,6.03,314.9,17.9,D,0
27.0805,82.9372,334.9,1.2,1.1,2018-04-25,0759,Aqua,MODIS,77,6.03,316.1,17.5,D,0
27.0819,82.9492,343.3,1.2,1.1,2018-04-25,0759,Aqua,MODIS,87,6.03,316.2,35.3,D,0
27.0784,82.9444,349,1.2,1.1,2018-04-25,0759,Aqua,MODIS,92,6.03,317.2,46.8,D,0
27.0468,83.0104,356.3,1.2,1.1,2018-04-25,0759,Aqua,MODIS,97,6.03,314.7,71.8,D,0
26.9727,82.9055,343.1,1.2,1.1,2018-04-25,0759,Aqua,MODIS,87,6.03,314.1,36.4,D,0
26.9475,82.8612,333.6,1.2,1.1,2018-04-25,0759,Aqua,MODIS,73,6.03,314,16.6,D,0
26.9489,82.873,337.3,1.2,1.1,2018-04-25,0759,Aqua,MODIS,80,6.03,314.2,23.7,D,0
27.0318,83.6418,330.2,1.3,1.1,2018-04-25,0759,Aqua,MODIS,70,6.03,311,12.3,D,0
27.1532,84.7064,325.8,1.5,1.2,2018-04-25,0759,Aqua,MODIS,62,6.03,305.6,14.4,D,0
26.8388,83.643,330.8,1.3,1.1,2018-04-25,0759,Aqua,MODIS,70,6.03,312.3,15.3,D,0
26.8196,83.5674,333.6,1.3,1.1,2018-04-25,0759,Aqua,MODIS,75,6.03,312.9,20.2,D,0
26.623,83.366,335.3,1.2,1.1,2018-04-25,0759,Aqua,MODIS,73,6.03,314,18.5,D,0
26.6437,83.8033,329.5,1.3,1.1,2018-04-25,0759,Aqua,MODIS,66,6.03,312.3,11.5,D,0
26.5818,83.3596,339,1.2,1.1,2018-04-25,0759,Aqua,MODIS,82,6.03,318,22.5,D,0
26.5833,83.3719,341.5,1.2,1.1,2018-04-25,0759,Aqua,MODIS,85,6.03,317.7,29.7,D,0
26.5812,83.3666,353.4,1.2,1.1,2018-04-25,0759,Aqua,MODIS,95,6.03,318.2,62,D,0
26.5713,83.368,347.7,1.2,1.1,2018-04-25,0759,Aqua,MODIS,91,6.03,318.3,46.9,D,0
27.1615,82.7739,331.5,1.2,1.1,2018-04-25,0759,Aqua,MODIS,71,6.03,314.2,12.4,D,0
29.0523,80.6215,320.9,1,1,2018-04-25,0759,Aqua,MODIS,59,6.03,304.8,8.8,D,0
29.0536,80.6317,322.8,1,1,2018-04-25,0759,Aqua,MODIS,65,6.03,304,11.3,D,0
29.1287,81.1952,328.7,1.1,1,2018-04-25,0759,Aqua,MODIS,78,6.03,305.9,17.6,D,0
29.1301,81.2059,319.1,1.1,1,2018-04-25,0759,Aqua,MODIS,53,6.03,305.4,6.4,D,0
29.0086,80.7793,319,1,1,2018-04-25,0759,Aqua,MODIS,53,6.03,302.9,7.5,D,0
29.0099,80.7896,319.7,1,1,2018-04-25,0759,Aqua,MODIS,56,6.03,301.5,8.5,D,0
28.975,81.0856,321.6,1.1,1,2018-04-25,0759,Aqua,MODIS,62,6.03,303.7,9,D,0
28.9764,81.0964,319,1.1,1,2018-04-25,0759,Aqua,MODIS,45,6.03,303.7,6.2,D,0
28.9366,80.9893,319.3,1,1,2018-04-25,0759,Aqua,MODIS,37,6.03,303.9,6.8,D,0
28.9379,80.9995,324.1,1,1,2018-04-25,0759,Aqua,MODIS,66,6.03,303.3,11.9,D,0
28.9462,81.0621,325.4,1.1,1,2018-04-25,0759,Aqua,MODIS,52,6.03,302.7,13.2,D,0
28.9289,81.0016,331.2,1,1,2018-04-25,0759,Aqua,MODIS,78,6.03,305.7,20.7,D,0
28.9384,81.0739,321.8,1.1,1,2018-04-25,0759,Aqua,MODIS,34,6.03,304.1,9.7,D,0
28.9182,80.9918,327,1,1,2018-04-25,0759,Aqua,MODIS,62,6.03,303.5,15.1,D,0
28.8266,80.7924,322.3,1,1,2018-04-25,0759,Aqua,MODIS,50,6.03,307.9,7.9,D,0
28.7666,80.4167,340.7,1,1,2018-04-25,0759,Aqua,MODIS,86,6.03,315.6,26.2,D,0
28.768,80.4269,346.7,1,1,2018-04-25,0759,Aqua,MODIS,91,6.03,314.4,37.5,D,0
28.759,80.4286,340.3,1,1,2018-04-25,0759,Aqua,MODIS,86,6.03,313.9,25.5,D,0
28.7514,80.4405,358.7,1,1,2018-04-25,0759,Aqua,MODIS,99,6.03,315.3,64.5,D,0
28.7528,80.4508,338.9,1,1,2018-04-25,0759,Aqua,MODIS,81,6.03,312.2,21.6,D,0
28.8401,81.0998,323.4,1.1,1,2018-04-25,0759,Aqua,MODIS,63,6.03,305.7,9.1,D,0
28.7424,80.4421,346.9,1,1,2018-04-25,0759,Aqua,MODIS,91,6.03,313.3,37.5,D,0
26.4766,83.7607,333.1,1.3,1.1,2018-04-25,0759,Aqua,MODIS,73,6.03,313.5,18.5,D,0
26.444,83.5705,329.1,1.3,1.1,2018-04-25,0759,Aqua,MODIS,54,6.03,312.6,10.4,D,0
26.5015,84.0662,331,1.4,1.2,2018-04-25,0759,Aqua,MODIS,70,6.03,310.4,16.4,D,0
26.4243,83.5802,330.6,1.3,1.1,2018-04-25,0759,Aqua,MODIS,66,6.03,314.5,12.7,D,0
26.4196,83.7103,338.5,1.3,1.1,2018-04-25,0759,Aqua,MODIS,82,6.03,316.1,25.9,D,0
26.4211,83.7231,337,1.3,1.1,2018-04-25,0759,Aqua,MODIS,79,6.03,314.9,22.5,D,0
26.4366,83.8527,334.9,1.3,1.1,2018-04-25,0759,Aqua,MODIS,77,6.03,311.7,20.5,D,0
26.4264,83.8542,330.2,1.3,1.1,2018-04-25,0759,Aqua,MODIS,66,6.03,312.9,10.8,D,0
26.5056,83.2407,331.1,1.2,1.1,2018-04-25,0759,Aqua,MODIS,66,6.03,315.8,10.5,D,0
26.6157,84.4686,333.2,1.4,1.2,2018-04-25,0759,Aqua,MODIS,67,6.03,306.6,29.1,D,0
26.6123,84.4746,325.1,1.4,1.2,2018-04-25,0759,Aqua,MODIS,53,6.03,306.4,12.5,D,0
29.3909,80.7522,325.9,1,1,2018-04-25,0800,Aqua,MODIS,75,6.03,306,12.1,D,0
29.4082,80.6728,324.9,1,1,2018-04-25,0800,Aqua,MODIS,74,6.03,307,12.2,D,0
29.6355,80.5938,327,1,1,2018-04-25,0800,Aqua,MODIS,53,6.03,310.6,11.2,D,0
29.6711,80.2374,323.6,1,1,2018-04-25,0800,Aqua,MODIS,69,6.03,304.9,10.6,D,0
29.7619,80.0985,319.4,1,1,2018-04-25,0800,Aqua,MODIS,59,6.03,306.1,6.6,D,0
28.9352,80.9978,301.1,3,1.7,2018-04-25,1725,Terra,MODIS,38,6.03,290.9,17.9,N,0
28.9853,81.0991,301.8,1.8,1.3,2018-04-25,2005,Aqua,MODIS,42,6.03,291.6,9.7,N,0
29.8604,80.3353,302.4,2.1,1.4,2018-04-25,2005,Aqua,MODIS,49,6.03,288,18.1,N,0
28.9768,81.1087,302.3,1.8,1.3,2018-04-25,2005,Aqua,MODIS,21,6.03,291.9,9.4,N,0
28.9786,81.0917,305,1.8,1.3,2018-04-25,2005,Aqua,MODIS,60,6.03,291.8,13.2,N,0
28.9736,81.0951,303.7,1.8,1.3,2018-04-25,2005,Aqua,MODIS,56,6.03,291.6,12.1,N,0
26.8533,82.9267,305.2,1.3,1.1,2018-04-25,2006,Aqua,MODIS,56,6.03,293.7,8.4,N,0
26.8453,82.9725,303.6,1.3,1.1,2018-04-25,2006,Aqua,MODIS,46,6.03,293.5,7,N,0
26.8616,82.9214,306,1.3,1.1,2018-04-25,2006,Aqua,MODIS,62,6.03,293.7,9.2,N,0
26.9441,83.1769,309.6,1.3,1.1,2018-04-25,2006,Aqua,MODIS,78,6.03,294.3,12.8,N,0
27.019,83.0503,303.9,1.3,1.1,2018-04-25,2006,Aqua,MODIS,58,6.03,293.6,7.4,N,0
27.3662,84.0507,304,1.2,1.1,2018-04-25,2006,Aqua,MODIS,58,6.03,293.8,4.4,N,0
27.375,83.9801,306.6,1.2,1.1,2018-04-25,2006,Aqua,MODIS,69,6.03,294,6.7,N,0
27.3647,84.3684,302.4,1.1,1.1,2018-04-25,2006,Aqua,MODIS,49,6.03,292.4,4,N,0
29.7101,80.556,319.4,1,1,2018-04-26,0530,Terra,MODIS,63,6.03,304.4,7,D,0
29.4628,80.837,314.4,1,1,2018-04-26,0530,Terra,MODIS,61,6.03,301.3,6,D,0
29.0262,81.4301,319.2,1.1,1,2018-04-26,0530,Terra,MODIS,68,6.03,303.1,7.7,D,0
29.2991,80.0434,316.5,1,1,2018-04-26,0530,Terra,MODIS,58,6.03,300.7,6.9,D,0
29.3007,80.0331,314.9,1,1,2018-04-26,0530,Terra,MODIS,48,6.03,301.8,5.6,D,0
29.1191,81.2515,319.6,1.1,1,2018-04-26,0530,Terra,MODIS,73,6.03,298.7,10.5,D,0
29.1208,81.2413,320,1.1,1,2018-04-26,0530,Terra,MODIS,73,6.03,298.5,11,D,0
29.2295,80.6743,312.7,1,1,2018-04-26,0530,Terra,MODIS,32,6.03,296.6,6.7,D,0
29.2311,80.6643,315.6,1,1,2018-04-26,0530,Terra,MODIS,53,6.03,298.7,8.1,D,0
28.5732,81.4292,316.9,1.1,1,2018-04-26,0531,Terra,MODIS,41,6.03,299.6,7.7,D,0
28.6015,81.3131,318,1.1,1,2018-04-26,0531,Terra,MODIS,55,6.03,302.8,5.9,D,0
28.5735,81.5453,324.4,1.1,1,2018-04-26,0531,Terra,MODIS,74,6.03,302.2,15.3,D,0
28.5753,81.5341,318.7,1.1,1,2018-04-26,0531,Terra,MODIS,64,6.03,302,8.8,D,0
28.7317,80.6648,324.2,1,1,2018-04-26,0531,Terra,MODIS,57,6.03,305.1,11.1,D,0
28.6987,81.2249,314.9,1.1,1,2018-04-26,0531,Terra,MODIS,46,6.03,299.5,6.8,D,0
28.714,81.1296,316,1.1,1,2018-04-26,0531,Terra,MODIS,40,6.03,301.5,5.8,D,0
28.8012,80.8685,319.9,1,1,2018-04-26,0531,Terra,MODIS,61,6.03,302.9,9.1,D,0
28.822,81.0914,315.1,1.1,1,2018-04-26,0531,Terra,MODIS,42,6.03,300.2,6.4,D,0
28.7349,82.0163,318.1,1.1,1.1,2018-04-26,0531,Terra,MODIS,44,6.03,302.9,7.6,D,0
28.8925,81.1112,323.6,1.1,1,2018-04-26,0531,Terra,MODIS,74,6.03,303,13.6,D,0
28.9293,80.9985,314.7,1.1,1,2018-04-26,0531,Terra,MODIS,27,6.03,300.5,5.3,D,0
29.0585,80.1673,314.9,1,1,2018-04-26,0531,Terra,MODIS,16,6.03,301.5,4.4,D,0
28.8926,81.2873,313.4,1.1,1,2018-04-26,0531,Terra,MODIS,43,6.03,298.6,5.3,D,0
28.9368,81.0101,316.6,1.1,1,2018-04-26,0531,Terra,MODIS,55,6.03,300.8,7.6,D,0
28.9459,81.0614,313.6,1.1,1,2018-04-26,0531,Terra,MODIS,42,6.03,300.2,5.1,D,0
28.7889,82.1291,330.9,1.2,1.1,2018-04-26,0531,Terra,MODIS,84,6.03,297.5,30.7,D,0
29.0062,80.8009,313.3,1,1,2018-04-26,0531,Terra,MODIS,42,6.03,300,4.2,D,0
28.9678,81.1008,318.1,1.1,1,2018-04-26,0531,Terra,MODIS,46,6.03,300.9,7.6,D,0
28.9695,81.09,320.2,1.1,1,2018-04-26,0531,Terra,MODIS,59,6.03,301.4,10,D,0
28.9787,81.0912,318.6,1.1,1,2018-04-26,0531,Terra,MODIS,49,6.03,302,8.1,D,0
29.0684,80.6411,318.2,1,1,2018-04-26,0531,Terra,MODIS,65,6.03,302,9,D,0
28.787,82.1399,318.9,1.2,1.1,2018-04-26,0531,Terra,MODIS,72,6.03,295.4,14.9,D,0
28.4623,80.3202,318.1,1,1,2018-04-26,0531,Terra,MODIS,32,6.03,302,6.7,D,0
28.525,80.1531,322.1,1,1,2018-04-26,0531,Terra,MODIS,51,6.03,305.2,7.7,D,0
28.5266,80.1429,321.2,1,1,2018-04-26,0531,Terra,MODIS,55,6.03,304.7,6.5,D,2
28.3585,81.8759,321.8,1.1,1.1,2018-04-26,0531,Terra,MODIS,71,6.03,299.8,14.2,D,0
28.5722,80.8586,324.7,1,1,2018-04-26,0531,Terra,MODIS,52,6.03,303.2,10.4,D,0
28.6167,80.5759,316.7,1,1,2018-04-26,0531,Terra,MODIS,29,6.03,301,6.7,D,0
28.5813,80.8604,325,1,1,2018-04-26,0531,Terra,MODIS,63,6.03,302.3,11.3,D,0
28.5562,81.4158,319.8,1.1,1,2018-04-26,0531,Terra,MODIS,66,6.03,302.7,9.3,D,0
26.4121,83.512,323.2,1.5,1.2,2018-04-26,0531,Terra,MODIS,66,6.03,304.3,12.6,D,0
26.412,83.5738,323,1.5,1.2,2018-04-26,0531,Terra,MODIS,65,6.03,303.5,11.6,D,0
26.4227,83.5762,327.9,1.5,1.2,2018-04-26,0531,Terra,MODIS,75,6.03,304.4,22,D,0
26.5398,83.3199,322.9,1.5,1.2,2018-04-26,0531,Terra,MODIS,65,6.03,304.1,11.8,D,0
27.2184,81.4345,324.1,1.1,1.1,2018-04-26,0531,Terra,MODIS,62,6.03,305.9,9.4,D,0
27.0639,82.8176,325.2,1.3,1.1,2018-04-26,0531,Terra,MODIS,70,6.03,304.7,14,D,0
27.074,82.8198,329.7,1.3,1.1,2018-04-26,0531,Terra,MODIS,77,6.03,305,21.8,D,0
27.0712,82.825,328.5,1.3,1.1,2018-04-26,0531,Terra,MODIS,76,6.03,304.8,18.7,D,0
27.0736,82.8118,327.1,1.3,1.1,2018-04-26,0531,Terra,MODIS,74,6.03,304.4,16.1,D,0
27.1008,82.7769,331.1,1.3,1.1,2018-04-26,0531,Terra,MODIS,79,6.03,304.4,24.5,D,0
27.3608,81.2512,321.8,1.1,1,2018-04-26,0531,Terra,MODIS,51,6.03,304.7,9.2,D,0
27.1925,83.243,323.4,1.4,1.2,2018-04-26,0531,Terra,MODIS,63,6.03,301,14.5,D,0
27.195,83.2291,338.4,1.4,1.2,2018-04-26,0531,Terra,MODIS,87,6.03,302.2,45.7,D,0
27.4175,82.2553,319.1,1.2,1.1,2018-04-26,0531,Terra,MODIS,45,6.03,302.1,7.7,D,0
27.6782,81.7475,325.7,1.2,1.1,2018-04-26,0531,Terra,MODIS,69,6.03,304.1,13.1,D,0
27.6801,81.736,321.3,1.2,1.1,2018-04-26,0531,Terra,MODIS,55,6.03,303.8,7.5,D,0
28.1865,80.3116,319.6,1,1,2018-04-26,0531,Terra,MODIS,37,6.03,304.1,6.2,D,0
28.1881,80.3013,320.6,1,1,2018-04-26,0531,Terra,MODIS,47,6.03,304.2,6.9,D,0
27.1471,83.0985,324.6,1.4,1.2,2018-04-26,0531,Terra,MODIS,71,6.03,303,15.4,D,0
26.3977,83.2612,322.4,1.5,1.2,2018-04-26,0531,Terra,MODIS,52,6.03,305.1,11.4,D,0
28.726,81.9701,313.9,4.3,1.9,2018-04-26,0704,Aqua,MODIS,60,6.03,294.8,53.2,D,0
28.739,81.9658,312.8,4.3,1.9,2018-04-26,0704,Aqua,MODIS,55,6.03,295.8,48.4,D,0
28.1238,81.4349,309.4,1.4,1.2,2018-04-26,1629,Terra,MODIS,77,6.03,296.2,11.7,N,0
28.1195,81.4423,312.5,1.4,1.2,2018-04-26,1629,Terra,MODIS,85,6.03,296.3,14.7,N,0
27.349,83.6674,304.9,1.1,1.1,2018-04-26,1629,Terra,MODIS,62,6.03,291.5,6,N,0
27.1208,83.3376,304.6,1.2,1.1,2018-04-26,1629,Terra,MODIS,61,6.03,293.3,6,N,0
27.0936,83.6214,303.8,1.1,1.1,2018-04-26,1629,Terra,MODIS,57,6.03,293.3,5,N,0
27.0033,83.6347,309.1,1.1,1.1,2018-04-26,1629,Terra,MODIS,76,6.03,293.4,8.6,N,0
26.9938,83.6366,325.3,1.1,1.1,2018-04-26,1629,Terra,MODIS,100,6.03,293.9,25.9,N,0
26.8672,83.7265,309.3,1.1,1.1,2018-04-26,1629,Terra,MODIS,77,6.03,292.6,9.2,N,0
28.61,80.1064,306.7,1.7,1.3,2018-04-26,1630,Terra,MODIS,69,6.03,295.6,11.7,N,0
28.6125,80.1122,306.8,1.7,1.3,2018-04-26,1630,Terra,MODIS,69,6.03,295.6,12.5,N,0
28.741,81.6555,303.6,1.4,1.2,2018-04-26,1630,Terra,MODIS,56,6.03,288.9,8.6,N,0
28.7431,81.6673,300.8,1.4,1.2,2018-04-26,1630,Terra,MODIS,34,6.03,289.2,6.4,N,0
27.0705,82.6219,315.9,3.7,1.8,2018-04-27,0436,Terra,MODIS,54,6.03,293.6,34.6,D,0
27.3567,84.3443,312.6,2.8,1.6,2018-04-27,0436,Terra,MODIS,49,6.03,293,22.3,D,0
28.2665,82.1022,311,4.1,1.9,2018-04-27,0436,Terra,MODIS,60,6.03,293,37,D,0
28.2702,82.1085,310.1,4.1,1.9,2018-04-27,0436,Terra,MODIS,60,6.03,293,31.7,D,0
26.6166,82.5795,324.9,1,1,2018-04-27,0746,Aqua,MODIS,0,6.03,307.6,8.3,D,0
26.7012,83.2898,326.8,1,1,2018-04-27,0746,Aqua,MODIS,63,6.03,306.6,7.3,D,0
26.7581,83.7604,324.5,1,1,2018-04-27,0746,Aqua,MODIS,55,6.03,306,6.7,D,0
26.6263,83.472,326.8,1,1,2018-04-27,0746,Aqua,MODIS,63,6.03,308.1,8.1,D,0
26.6277,83.482,327.6,1,1,2018-04-27,0746,Aqua,MODIS,66,6.03,307.1,8.8,D,0
26.4912,83.5591,328.2,1,1,2018-04-27,0746,Aqua,MODIS,66,6.03,307.2,8.4,D,0
26.5249,83.932,327.8,1,1,2018-04-27,0746,Aqua,MODIS,67,6.03,307.2,8.9,D,0
26.3958,83.2098,335.4,1,1,2018-04-27,0746,Aqua,MODIS,75,6.03,308.2,19.7,D,0
26.3972,83.2197,327.5,1,1,2018-04-27,0746,Aqua,MODIS,64,6.03,306.6,8.9,D,0
26.36,83.7419,330.1,1,1,2018-04-27,0746,Aqua,MODIS,67,6.03,308.5,10,D,0
26.3642,83.7718,327.9,1,1,2018-04-27,0746,Aqua,MODIS,66,6.03,307.6,7.7,D,0
27.1177,83.235,331.7,1,1,2018-04-27,0747,Aqua,MODIS,65,6.03,304.1,17.1,D,0
27.4356,84.14,320.8,1,1,2018-04-27,0747,Aqua,MODIS,46,6.03,302.8,7.3,D,0
26.9321,82.7796,326,1,1,2018-04-27,0747,Aqua,MODIS,57,6.03,307.2,7.2,D,0
27.1058,83.2233,333.9,1,1,2018-04-27,0747,Aqua,MODIS,59,6.03,305.3,17.7,D,0
27.3042,83.5864,339.8,1,1,2018-04-27,0747,Aqua,MODIS,86,6.03,303.7,33.3,D,0
27.3642,84.0225,323.6,1,1,2018-04-27,0747,Aqua,MODIS,56,6.03,302.5,9.5,D,0
27.3821,84.2929,321,1,1,2018-04-27,0747,Aqua,MODIS,49,6.03,301.7,9,D,0
27.3516,84.2034,323.2,1,1,2018-04-27,0747,Aqua,MODIS,46,6.03,302.1,9.3,D,0
27.3538,84.3462,330.2,1,1,2018-04-27,0747,Aqua,MODIS,76,6.03,304.1,17.1,D,0
27.3552,84.3565,329.8,1,1,2018-04-27,0747,Aqua,MODIS,76,6.03,304.3,16.6,D,0
27.3447,84.3479,325.1,1,1,2018-04-27,0747,Aqua,MODIS,64,6.03,304.9,10.8,D,0
27.3461,84.3583,322.9,1,1,2018-04-27,0747,Aqua,MODIS,60,6.03,304.1,8.3,D,0
27.3341,84.478,322.4,1,1,2018-04-27,0747,Aqua,MODIS,61,6.03,303.3,8.3,D,0
27.3355,84.4885,324.5,1,1,2018-04-27,0747,Aqua,MODIS,67,6.03,304.5,10.5,D,0
27.7215,83.9461,320.1,1,1,2018-04-27,0747,Aqua,MODIS,53,6.03,302.1,7.3,D,0
27.5829,83.2752,324.2,1,1,2018-04-27,0747,Aqua,MODIS,59,6.03,305.6,5.6,D,0
27.4615,82.8711,332.6,1,1,2018-04-27,0747,Aqua,MODIS,77,6.03,308.5,14.9,D,0
27.3918,83.0958,328.4,1,1,2018-04-27,0747,Aqua,MODIS,64,6.03,308.9,7.3,D,0
27.3932,83.1058,328.8,1,1,2018-04-27,0747,Aqua,MODIS,69,6.03,308.5,8.3,D,0
27.428,84.0152,325.7,1,1,2018-04-27,0747,Aqua,MODIS,67,6.03,303,12.7,D,0
28.8486,81.0486,324.1,1.1,1,2018-04-27,0747,Aqua,MODIS,57,6.03,304.1,11.3,D,0
28.8412,81.0612,322.5,1.1,1,2018-04-27,0747,Aqua,MODIS,39,6.03,303.2,9.2,D,0
28.8013,81.283,324.3,1,1,2018-04-27,0747,Aqua,MODIS,68,6.03,304.5,10.9,D,0
28.8093,81.3351,322.3,1,1,2018-04-27,0747,Aqua,MODIS,64,6.03,304.8,7.8,D,0
28.689,80.686,324.3,1.1,1,2018-04-27,0747,Aqua,MODIS,50,6.03,306.4,9.8,D,0
28.5484,80.0218,328.3,1.2,1.1,2018-04-27,0747,Aqua,MODIS,72,6.03,305.6,15.7,D,0
28.532,80.9211,327.3,1.1,1,2018-04-27,0747,Aqua,MODIS,71,6.03,306.5,11,D,0
28.5337,80.9318,328.9,1.1,1,2018-04-27,0747,Aqua,MODIS,74,6.03,308,13.2,D,0
28.5563,81.426,319.7,1,1,2018-04-27,0747,Aqua,MODIS,32,6.03,302.7,7.2,D,0
28.5119,81.3801,321,1,1,2018-04-27,0747,Aqua,MODIS,52,6.03,303.7,8.1,D,0
28.483,81.3707,322.5,1,1,2018-04-27,0747,Aqua,MODIS,62,6.03,304.8,8.3,D,0
28.4846,81.3813,321.4,1,1,2018-04-27,0747,Aqua,MODIS,53,6.03,303.8,7.8,D,0
28.4884,81.7127,321,1,1,2018-04-27,0747,Aqua,MODIS,45,6.03,304,6.1,D,0
28.2528,80.5439,323.5,1.1,1.1,2018-04-27,0747,Aqua,MODIS,51,6.03,305.2,7.9,D,0
28.3959,81.7688,320.1,1,1,2018-04-27,0747,Aqua,MODIS,53,6.03,303.7,7.4,D,0
28.3215,81.5225,339.4,1,1,2018-04-27,0747,Aqua,MODIS,87,6.03,306.9,28.4,D,0
28.0475,82.0285,321.1,1,1,2018-04-27,0747,Aqua,MODIS,60,6.03,304.3,7.6,D,0
28.049,82.0387,320.2,1,1,2018-04-27,0747,Aqua,MODIS,57,6.03,304,6.8,D,0
27.9507,82.4964,320.7,1,1,2018-04-27,0747,Aqua,MODIS,57,6.03,302.8,6.2,D,0
27.785,82.4981,320.5,1,1,2018-04-27,0747,Aqua,MODIS,45,6.03,304.2,6,D,0
27.7719,83.1153,319.6,1,1,2018-04-27,0747,Aqua,MODIS,48,6.03,303,6.1,D,0
27.6585,82.456,322.2,1,1,2018-04-27,0747,Aqua,MODIS,57,6.03,305.5,5.6,D,0
27.7212,82.8877,324.6,1,1,2018-04-27,0747,Aqua,MODIS,69,6.03,305.3,7.2,D,0
27.6982,82.9182,327,1,1,2018-04-27,0747,Aqua,MODIS,72,6.03,304.8,10.9,D,0
27.6729,82.9331,322.7,1,1,2018-04-27,0747,Aqua,MODIS,62,6.03,305.8,6.4,D,0
27.6264,82.6741,320.5,1,1,2018-04-27,0747,Aqua,MODIS,38,6.03,303.7,5.5,D,0
27.6475,82.9481,323.1,1,1,2018-04-27,0747,Aqua,MODIS,63,6.03,306.2,6.2,D,0
28.5872,80.8418,324.4,1.1,1,2018-04-28,0518,Terra,MODIS,70,6.03,302,9.7,D,0
28.4238,80.5651,328.4,1.1,1,2018-04-28,0518,Terra,MODIS,64,6.03,304.7,16,D,0
28.4625,80.3482,322.4,1.1,1,2018-04-28,0518,Terra,MODIS,51,6.03,301.8,8.3,D,0
28.3373,81.5227,322.5,1,1,2018-04-28,0518,Terra,MODIS,43,6.03,303.8,6.7,D,0
28.3589,81.3686,321.8,1,1,2018-04-28,0518,Terra,MODIS,47,6.03,303.5,6.5,D,0
28.4539,80.8827,321.6,1,1,2018-04-28,0518,Terra,MODIS,62,6.03,299,11.2,D,0
28.4711,80.9613,325.5,1,1,2018-04-28,0518,Terra,MODIS,61,6.03,303.9,9.6,D,0
28.3225,82.1403,324.3,1,1,2018-04-28,0518,Terra,MODIS,74,6.03,299.5,14.1,D,0
28.5044,81.049,327.4,1,1,2018-04-28,0518,Terra,MODIS,75,6.03,305,8.7,D,0
28.5069,81.4285,320.5,1,1,2018-04-28,0518,Terra,MODIS,54,6.03,302.7,7.6,D,0
28.5159,81.4302,320.3,1,1,2018-04-28,0518,Terra,MODIS,50,6.03,301.8,7.5,D,0
28.509,81.5456,316.2,1,1,2018-04-28,0518,Terra,MODIS,42,6.03,299.4,5.8,D,0
28.5104,81.5356,317.4,1,1,2018-04-28,0518,Terra,MODIS,52,6.03,300.1,7.1,D,0
28.6011,80.8769,320,1.1,1,2018-04-28,0518,Terra,MODIS,55,6.03,301.3,6.2,D,0
28.6048,81.4527,317.1,1,1,2018-04-28,0518,Terra,MODIS,50,6.03,300.4,5.9,D,0
28.7387,80.885,318.9,1.1,1,2018-04-28,0518,Terra,MODIS,29,6.03,300.6,5.6,D,0
28.8198,81.1008,316.9,1,1,2018-04-28,0518,Terra,MODIS,48,6.03,301,6.2,D,0
28.9141,80.5974,317.5,1.1,1,2018-04-28,0518,Terra,MODIS,53,6.03,299.4,7.4,D,0
27.5174,83.1364,326.4,1,1,2018-04-28,0519,Terra,MODIS,66,6.03,306,7.6,D,0
27.3498,84.479,327.1,1.1,1.1,2018-04-28,0519,Terra,MODIS,73,6.03,301.5,18,D,0
27.7073,82.6799,328.1,1,1,2018-04-28,0519,Terra,MODIS,73,6.03,302.8,14.9,D,0
27.6593,83.055,325.7,1,1,2018-04-28,0519,Terra,MODIS,70,6.03,303.3,10.7,D,0
27.6884,82.925,320.5,1,1,2018-04-28,0519,Terra,MODIS,46,6.03,302.1,5.2,D,0
27.69,82.9149,320.8,1,1,2018-04-28,0519,Terra,MODIS,49,6.03,302.7,5.5,D,0
27.763,83.1014,330.5,1,1,2018-04-28,0519,Terra,MODIS,79,6.03,301.7,18.6,D,0
27.7559,83.4434,317.3,1,1,2018-04-28,0519,Terra,MODIS,40,6.03,301.1,6.7,D,0
27.8797,82.9419,316.9,1,1,2018-04-28,0519,Terra,MODIS,25,6.03,299.4,5.6,D,0
28.0575,82.1245,323.5,1,1,2018-04-28,0519,Terra,MODIS,68,6.03,301.5,10.1,D,0
28.1665,81.4275,327,1,1,2018-04-28,0519,Terra,MODIS,72,6.03,305.4,8.6,D,0
26.6836,80.9091,329,1,1,2018-04-28,0519,Terra,MODIS,70,6.03,305.5,11.6,D,0
26.5842,83.2538,327.9,1,1,2018-04-28,0519,Terra,MODIS,72,6.03,303.1,11.4,D,0
26.5796,83.4017,330.9,1,1,2018-04-28,0519,Terra,MODIS,77,6.03,303.6,14.8,D,0
26.5887,83.4034,326.9,1,1,2018-04-28,0519,Terra,MODIS,70,6.03,303.8,9.5,D,0
26.8098,83.1721,328.4,1,1,2018-04-28,0519,Terra,MODIS,73,6.03,303.2,11.3,D,0
26.8114,83.1619,325.1,1,1,2018-04-28,0519,Terra,MODIS,66,6.03,302.7,7.5,D,0
26.8488,82.9805,334,1,1,2018-04-28,0519,Terra,MODIS,80,6.03,303.3,18.4,D,0
26.8578,82.9822,325,1,1,2018-04-28,0519,Terra,MODIS,61,6.03,302.9,6.8,D,0
27.0757,82.7659,327,1,1,2018-04-28,0519,Terra,MODIS,69,6.03,303.4,9.9,D,0
27.0403,83.3513,324.7,1,1,2018-04-28,0519,Terra,MODIS,63,6.03,302.6,8.3,D,0
27.2129,83.429,329.9,1,1,2018-04-28,0519,Terra,MODIS,74,6.03,303.5,14.4,D,0
27.702,80.0383,323.3,1.1,1,2018-04-28,0519,Terra,MODIS,56,6.03,302.9,7.5,D,0
27.2616,83.2371,330.2,1,1,2018-04-28,0519,Terra,MODIS,75,6.03,303.4,12.6,D,0
27.3093,83.582,327,1,1,2018-04-28,0519,Terra,MODIS,69,6.03,299.5,17.4,D,0
27.3184,83.5838,323.5,1,1,2018-04-28,0519,Terra,MODIS,58,6.03,300.5,14.1,D,0
27.6996,81.4087,323.4,1,1,2018-04-28,0519,Terra,MODIS,59,6.03,302.4,7.5,D,0
27.4739,83.0594,328.8,1,1,2018-04-28,0519,Terra,MODIS,72,6.03,304.3,11.9,D,0
27.5219,83.0476,328.2,1,1,2018-04-28,0519,Terra,MODIS,71,6.03,305.2,11.4,D,0
27.0716,82.7731,302.9,2,1.4,2018-04-28,1617,Terra,MODIS,52,6.03,286.1,11.3,N,0
27.0802,82.7773,300.9,2,1.4,2018-04-28,1617,Terra,MODIS,6,6.03,286.3,7.4,N,0
27.0645,82.761,305.6,2,1.4,2018-04-28,1617,Terra,MODIS,65,6.03,286.6,14.7,N,0
26.9709,82.8893,301.8,1.9,1.4,2018-04-28,1617,Terra,MODIS,44,6.03,287.9,9.1,N,0
26.6846,82.7144,305,2,1.4,2018-04-28,1617,Terra,MODIS,62,6.03,294.9,11.7,N,0
26.6638,83.2956,306.7,1.8,1.3,2018-04-28,1617,Terra,MODIS,69,6.03,294.5,13.7,N,0
27.1842,82.6796,302,2,1.4,2018-04-28,1617,Terra,MODIS,46,6.03,287.3,11.3,N,0
27.0679,82.7539,305.6,2,1.4,2018-04-28,1617,Terra,MODIS,65,6.03,287,15.6,N,0
26.8223,82.9848,303.7,1.4,1.2,2018-04-28,2036,Aqua,MODIS,57,6.03,292.6,7.6,N,0
27.054,82.8403,303.1,1.3,1.1,2018-04-28,2036,Aqua,MODIS,53,6.03,289.8,7.8,N,0
27.0676,82.7619,314.3,1.3,1.1,2018-04-28,2036,Aqua,MODIS,89,6.03,293.3,17.7,N,0
27.06,83.2116,315.3,1.4,1.2,2018-04-28,2036,Aqua,MODIS,91,6.03,293.2,21.1,N,0
27.7313,81.6815,308.1,1.1,1.1,2018-04-28,2036,Aqua,MODIS,74,6.03,293.5,8.4,N,0
28.7037,81.2115,303.4,1.1,1,2018-04-28,2036,Aqua,MODIS,44,6.03,289.5,5.6,N,0
26.515,82.937,322.4,4.7,2,2018-04-29,0602,Terra,MODIS,50,6.03,297.3,82,D,0
26.5149,82.9418,323.4,4.7,2,2018-04-29,0602,Terra,MODIS,0,6.03,297.3,89.7,D,0
27.6328,82.9413,326.1,1.2,1.1,2018-04-29,0734,Aqua,MODIS,69,6.03,304.4,12.1,D,0
27.4175,84.1409,319.8,1.1,1,2018-04-29,0734,Aqua,MODIS,32,6.03,300.4,6.9,D,0
27.161,83.0096,327.8,1.2,1.1,2018-04-29,0734,Aqua,MODIS,68,6.03,306.6,9.7,D,0
26.9737,82.935,334.7,1.2,1.1,2018-04-29,0734,Aqua,MODIS,78,6.03,307.5,21.6,D,0
27.0519,83.5326,334.2,1.2,1.1,2018-04-29,0734,Aqua,MODIS,79,6.03,309.7,15.6,D,0
26.9093,82.7947,335.6,1.3,1.1,2018-04-29,0734,Aqua,MODIS,79,6.03,307.9,25.3,D,0
26.9114,82.8072,327.8,1.3,1.1,2018-04-29,0734,Aqua,MODIS,62,6.03,307.1,10.5,D,0
26.4931,83.1292,328.2,1.2,1.1,2018-04-29,0734,Aqua,MODIS,63,6.03,307.3,11.1,D,0
26.4887,83.2987,326.9,1.2,1.1,2018-04-29,0734,Aqua,MODIS,60,6.03,306.9,8.8,D,0
27.6787,81.4232,327.8,1.5,1.2,2018-04-29,0735,Aqua,MODIS,70,6.03,305.6,18.2,D,0
28.5197,80.2016,333.9,1.6,1.3,2018-04-30,0506,Terra,MODIS,84,6.03,303.6,42.1,D,0
28.5215,80.185,328.4,1.6,1.3,2018-04-30,0506,Terra,MODIS,78,6.03,303.8,25.7,D,0
30.093,81.3508,320.8,1.5,1.2,2018-04-30,0506,Terra,MODIS,46,6.03,300.6,23.9,D,0
26.4992,83.5428,324.2,2.6,1.5,2018-04-30,0817,Aqua,MODIS,67,6.03,301.1,36.4,D,0
28.5246,80.1729,328.7,1.6,1.2,2018-04-30,0818,Aqua,MODIS,74,6.03,306.2,20.3,D,0
28.5997,80.1238,327.1,1.6,1.3,2018-05-01,0549,Terra,MODIS,76,6.03,303.4,21.5,D,0
28.3091,80.8643,319,1.9,1.3,2018-05-01,0549,Terra,MODIS,62,6.03,299,16.4,D,0
28.3144,80.8711,323.1,1.9,1.3,2018-05-01,0549,Terra,MODIS,72,6.03,299.2,25.5,D,0
28.4498,80.3619,319,1.7,1.3,2018-05-01,0549,Terra,MODIS,27,6.03,301.1,15.4,D,0
28.4531,80.3448,320.4,1.7,1.3,2018-05-01,0549,Terra,MODIS,45,6.03,299.1,18,D,0
28.5293,80.0659,321.7,1.6,1.3,2018-05-01,0549,Terra,MODIS,66,6.03,301.4,16.6,D,0
28.1587,81.3762,328.2,2,1.4,2018-05-01,0549,Terra,MODIS,79,6.03,300.4,42.4,D,0
26.8124,83.5211,318.7,3.1,1.7,2018-05-01,0549,Terra,MODIS,63,6.03,295.5,30,D,0
27.3651,82.6472,338.6,2,1.4,2018-05-01,0722,Aqua,MODIS,87,6.03,301.6,71.5,D,0
27.2424,82.6203,320.4,2,1.4,2018-05-01,0722,Aqua,MODIS,63,6.03,299,15.5,D,0
28.3502,80.7105,321.5,2.6,1.5,2018-05-01,0722,Aqua,MODIS,38,6.03,299.5,35.4,D,0
27.3682,82.6395,337.5,2,1.4,2018-05-01,0722,Aqua,MODIS,87,6.03,301.5,68.3,D,0
27.3614,82.6276,323.3,2,1.4,2018-05-01,0722,Aqua,MODIS,70,6.03,301,17,D,0
28.3558,80.7043,323.2,2.6,1.5,2018-05-01,0723,Aqua,MODIS,53,6.03,298.7,43,D,0
27.1916,82.873,302.6,1,1,2018-05-01,1647,Terra,MODIS,50,6.03,292.2,4.4,N,0
27.3893,82.8886,323.2,1.7,1.3,2018-05-02,0454,Terra,MODIS,63,6.03,298.6,15.2,D,0
26.8998,83.6059,319.6,1.5,1.2,2018-05-02,0454,Terra,MODIS,62,6.03,295.8,12.8,D,0
27.0087,84.4145,316.6,1.3,1.1,2018-05-02,0454,Terra,MODIS,51,6.03,296.3,8.2,D,0
27.3893,82.8995,328.7,1.7,1.3,2018-05-02,0454,Terra,MODIS,77,6.03,298.9,29.1,D,0
27.3912,82.8827,323.8,1.7,1.3,2018-05-02,0454,Terra,MODIS,70,6.03,298.9,17.8,D,0
27.4007,82.8901,325.7,1.7,1.3,2018-05-02,0454,Terra,MODIS,64,6.03,299.3,21.2,D,0
27.3041,84.483,317.2,1.3,1.1,2018-05-02,0454,Terra,MODIS,56,6.03,297.4,8.1,D,0
27.9841,80.0203,321.7,2.7,1.6,2018-05-02,0454,Terra,MODIS,65,6.03,298.5,34.1,D,0
28.6403,80.1029,335.6,1.1,1,2018-05-02,0805,Aqua,MODIS,75,6.03,309.2,19.8,D,0
28.6139,80.8602,324.2,1.2,1.1,2018-05-02,0805,Aqua,MODIS,42,6.03,301.5,10.1,D,0
28.5803,80.8471,326.3,1.2,1.1,2018-05-02,0805,Aqua,MODIS,55,6.03,303.9,10.2,D,0
28.3363,81.0996,323.7,1.2,1.1,2018-05-02,0805,Aqua,MODIS,0,6.03,301.3,12.3,D,0
28.0212,81.5037,334.2,1.2,1.1,2018-05-02,0805,Aqua,MODIS,78,6.03,304.8,26.4,D,0
28.0191,81.4982,336.9,1.2,1.1,2018-05-02,0805,Aqua,MODIS,82,6.03,305.4,29.1,D,0
27.5044,81.2721,325.8,1.2,1.1,2018-05-02,0805,Aqua,MODIS,58,6.03,303.1,12.7,D,0
26.4354,81.2559,328.4,1.2,1.1,2018-05-02,0805,Aqua,MODIS,58,6.03,304.8,9.4,D,0
26.4369,81.2674,336.4,1.2,1.1,2018-05-02,0805,Aqua,MODIS,78,6.03,306.5,23.1,D,0
26.4332,81.2619,343.1,1.2,1.1,2018-05-02,0805,Aqua,MODIS,87,6.03,306.1,36.4,D,0
26.4088,83.8483,325.8,1.6,1.3,2018-05-02,0805,Aqua,MODIS,70,6.03,300.9,17.3,D,0
26.5228,81.4553,329.6,1,1,2018-05-04,0752,Aqua,MODIS,63,6.03,309.3,9.6,D,0
26.6658,82.5348,335.2,1,1,2018-05-04,0752,Aqua,MODIS,74,6.03,305.3,17.4,D,0
26.6211,82.9567,332.9,1,1,2018-05-04,0752,Aqua,MODIS,76,6.03,307.5,13.6,D,0
26.4316,81.7839,332.2,1,1,2018-05-04,0752,Aqua,MODIS,70,6.03,309.4,10.8,D,0
26.433,81.7939,334.9,1,1,2018-05-04,0752,Aqua,MODIS,76,6.03,310.4,14.4,D,0
26.5787,82.8481,352.1,1,1,2018-05-04,0752,Aqua,MODIS,89,6.03,304.6,48.8,D,0
26.3481,83.9724,324,1.1,1.1,2018-05-04,0752,Aqua,MODIS,50,6.03,299.7,6.5,D,0
26.4246,83.4779,327.8,1.1,1,2018-05-04,0752,Aqua,MODIS,62,6.03,304.7,9.8,D,0
26.4232,83.4672,337.9,1.1,1,2018-05-04,0752,Aqua,MODIS,84,6.03,305.6,25.1,D,0
26.5303,81.4438,327.7,1,1,2018-05-04,0752,Aqua,MODIS,52,6.03,307.1,7.3,D,0
28.6182,81.8884,324.9,1,1,2018-05-04,0753,Aqua,MODIS,64,6.03,299.2,12.8,D,0
28.5903,82.0199,330,1,1,2018-05-04,0753,Aqua,MODIS,80,6.03,304.4,15.5,D,0
27.9615,80.0318,335.3,1,1,2018-05-04,0753,Aqua,MODIS,82,6.03,307.9,17.6,D,0
27.8271,81.8207,321.3,1,1,2018-05-04,0753,Aqua,MODIS,58,6.03,301.9,6.7,D,0
26.9472,82.8559,328.5,1,1,2018-05-04,0753,Aqua,MODIS,72,6.03,305.9,8.9,D,0
28.5315,80.1392,329.5,1,1,2018-05-04,0753,Aqua,MODIS,74,6.03,306.2,9.8,D,0
28.5256,80.1616,329.8,1,1,2018-05-04,0753,Aqua,MODIS,77,6.03,306.9,10.3,D,0
28.4919,80.0617,325.3,1,1,2018-05-04,0753,Aqua,MODIS,69,6.03,302.8,8.9,D,0
28.6197,81.8989,326.8,1,1,2018-05-04,0753,Aqua,MODIS,71,6.03,302.8,14.3,D,0
28.6231,81.8945,301,2.1,1.4,2018-05-04,1959,Aqua,MODIS,37,6.03,288.1,16,N,0
26.5226,81.4628,330.5,1,1,2018-05-05,0525,Terra,MODIS,67,6.03,308.9,12.5,D,0
26.5461,83.3026,330.1,1.2,1.1,2018-05-05,0525,Terra,MODIS,77,6.03,306.4,14.4,D,0
26.7373,83.2091,329.5,1.2,1.1,2018-05-05,0525,Terra,MODIS,78,6.03,307.2,13.1,D,0
26.7212,83.599,325.6,1.2,1.1,2018-05-05,0525,Terra,MODIS,73,6.03,303.9,11.5,D,0
27.7725,80.0727,330,1,1,2018-05-05,0525,Terra,MODIS,67,6.03,309.4,10,D,0
27.978,80.055,334.8,1,1,2018-05-05,0525,Terra,MODIS,77,6.03,308.3,15.2,D,0
27.9794,80.0449,348.6,1,1,2018-05-05,0525,Terra,MODIS,92,6.03,309.5,38.7,D,0
27.8294,81.7324,326.9,1,1,2018-05-05,0525,Terra,MODIS,71,6.03,304.5,11.1,D,0
28.0425,81.4294,324.7,1,1,2018-05-05,0525,Terra,MODIS,67,6.03,304.4,8.4,D,0
28.4791,80.092,322,1,1,2018-05-05,0525,Terra,MODIS,32,6.03,304.6,5.8,D,0
28.5427,80.0989,327.3,1,1,2018-05-05,0525,Terra,MODIS,56,6.03,306.5,8.4,D,0
28.8293,80.2843,324.2,1,1,2018-05-05,0525,Terra,MODIS,65,6.03,301.9,12.4,D,0
28.6088,81.9491,317.1,1,1,2018-05-05,0525,Terra,MODIS,43,6.03,303.1,4.3,D,0
28.6186,81.8865,335.1,1,1,2018-05-05,0525,Terra,MODIS,86,6.03,304.4,25.4,D,0
28.6203,81.8758,325.9,1,1,2018-05-05,0525,Terra,MODIS,64,6.03,302.3,14,D,0
28.6259,81.899,324.7,1,1,2018-05-05,0525,Terra,MODIS,70,6.03,305.4,11.4,D,0
28.6275,81.8886,344.6,1,1,2018-05-05,0525,Terra,MODIS,92,6.03,305.8,42.5,D,0
28.735,81.9696,318.3,1,1,2018-05-05,0525,Terra,MODIS,66,6.03,304.9,6.2,D,0
26.5247,83.5338,328.2,1,1,2018-05-06,0740,Aqua,MODIS,68,6.03,306,8,D,0
27.9785,82.9676,318,1,1,2018-05-06,0741,Aqua,MODIS,46,6.03,298.1,9.4,D,0
28.8548,80.2793,320.9,1.3,1.1,2018-05-06,0741,Aqua,MODIS,35,6.03,299.7,10.7,D,0
28.4907,80.7969,327.9,1.3,1.1,2018-05-06,0741,Aqua,MODIS,48,6.03,302.9,18.7,D,0
28.2464,82.4502,319.6,1,1,2018-05-07,0512,Terra,MODIS,52,6.03,306.9,5.5,D,0
28.2245,83.2008,320.8,1,1,2018-05-07,0512,Terra,MODIS,70,6.03,301.5,11.8,D,0
28.6605,81.9622,323.7,1.1,1,2018-05-07,0512,Terra,MODIS,60,6.03,308.2,7.2,D,0
28.6368,82.019,327.5,1.1,1,2018-05-07,0512,Terra,MODIS,52,6.03,312.8,10.9,D,0
26.5337,83.5444,327.8,1,1,2018-05-07,0513,Terra,MODIS,55,6.03,308.3,7.4,D,0
26.6873,82.9361,332.2,1,1,2018-05-07,0513,Terra,MODIS,72,6.03,310.6,11.6,D,0
26.6815,83.2921,331.3,1,1,2018-05-07,0513,Terra,MODIS,70,6.03,309.7,10.9,D,0
26.6829,83.2822,328.8,1,1,2018-05-07,0513,Terra,MODIS,63,6.03,309.8,7.7,D,0
27.6198,81.713,330.3,1.1,1,2018-05-07,0513,Terra,MODIS,72,6.03,310.5,10.8,D,0
26.4176,83.2675,329.8,1,1,2018-05-07,0513,Terra,MODIS,62,6.03,308.6,10,D,0
28.1504,80.4264,324.4,1.3,1.1,2018-05-07,0513,Terra,MODIS,53,6.03,307.1,10,D,0
27.9703,82.9806,326.1,1,1,2018-05-07,0513,Terra,MODIS,68,6.03,304.5,14.1,D,0
27.9779,82.9918,319.4,1,1,2018-05-07,0513,Terra,MODIS,34,6.03,304.1,6.1,D,0
27.9793,82.9817,330,1,1,2018-05-07,0513,Terra,MODIS,79,6.03,305,18.2,D,0
27.953,80.1291,327,1.3,1.1,2018-05-07,0513,Terra,MODIS,57,6.03,310.2,10.4,D,0
26.6092,82.6432,331.2,1,1,2018-05-07,0513,Terra,MODIS,53,6.03,309,12.1,D,0
28.6555,81.9571,325.7,2.7,1.6,2018-05-07,0824,Aqua,MODIS,55,6.03,308.2,41.1,D,0
28.6387,81.9916,322.8,2.7,1.6,2018-05-07,0824,Aqua,MODIS,47,6.03,306.1,23.8,D,0
27.8984,80.091,331.1,2,1.4,2018-05-07,0824,Aqua,MODIS,73,6.03,310.9,30.9,D,0
27.7925,81.7325,307.2,2.8,1.6,2018-05-07,1611,Terra,MODIS,71,6.03,296,28.4,N,0
28.6386,81.9743,304.6,2.6,1.6,2018-05-07,1611,Terra,MODIS,61,6.03,290.9,19.8,N,0
27.0103,80.2141,308.4,1,1,2018-05-07,2030,Aqua,MODIS,74,6.03,294.7,7.6,N,0
26.9287,82.7964,307.1,1.1,1.1,2018-05-07,2030,Aqua,MODIS,70,6.03,294.9,8,N,0
28.7292,81.1968,300.1,1,1,2018-05-07,2030,Aqua,MODIS,15,6.03,289.7,3.3,N,0
28.6379,81.9833,307,1,1,2018-05-07,2030,Aqua,MODIS,70,6.03,291.6,7.6,N,0
28.6395,81.9728,302.9,1,1,2018-05-07,2030,Aqua,MODIS,52,6.03,290.4,5.2,N,0
28.7125,81.9824,305.6,1,1,2018-05-07,2030,Aqua,MODIS,65,6.03,291.4,7.3,N,0
27.0007,80.2074,327.3,2.3,1.5,2018-05-08,0556,Terra,MODIS,68,6.03,307.8,30.7,D,0
27.5823,84.4455,319.5,1.2,1.1,2018-05-08,0728,Aqua,MODIS,58,6.03,303.3,9.9,D,0
27.5978,83.9299,323.6,1.3,1.1,2018-05-08,0728,Aqua,MODIS,66,6.03,305.5,13.5,D,0
27.624,86.0311,317.5,1.1,1,2018-05-08,0728,Aqua,MODIS,61,6.03,304.4,7.6,D,0
26.48,83.8901,330.3,1.4,1.2,2018-05-08,0728,Aqua,MODIS,64,6.03,311.3,12.9,D,0
28.649,81.882,321.5,1.7,1.3,2018-05-08,0729,Aqua,MODIS,71,6.03,296,23.2,D,0
28.6472,81.8774,317.6,1.7,1.3,2018-05-08,0729,Aqua,MODIS,55,6.03,295.3,15.6,D,0
28.5304,80.1687,304.2,1,1,2018-05-08,1654,Terra,MODIS,59,6.03,292.7,5.5,N,0
28.5971,81.3625,306,1.1,1,2018-05-08,1654,Terra,MODIS,66,6.03,292.6,6.6,N,0
28.1201,85.2892,302.2,1.7,1.3,2018-05-08,1654,Terra,MODIS,47,6.03,286.8,16.3,N,0
28.8191,80.3292,304.4,1,1,2018-05-08,1654,Terra,MODIS,60,6.03,293.8,5.5,N,0
27.1197,80.0869,305.3,1,1,2018-05-08,1654,Terra,MODIS,62,6.03,294.4,5.1,N,0
27,82.7839,306.3,1.2,1.1,2018-05-08,1654,Terra,MODIS,62,6.03,296.2,5.4,N,0
26.6312,83.1714,307.9,1.2,1.1,2018-05-08,1654,Terra,MODIS,68,6.03,296.6,6.1,N,0
27.1183,80.0769,307.6,1,1,2018-05-08,1654,Terra,MODIS,71,6.03,294.4,6.5,N,0
28.6604,80.0567,333.1,2.1,1.4,2018-05-09,0500,Terra,MODIS,61,6.03,310.5,56.8,D,0
27.4943,80.0505,326,2.1,1.4,2018-05-09,0500,Terra,MODIS,57,6.03,308,19.5,D,0
27.2913,83.1081,331.2,1.3,1.1,2018-05-09,0500,Terra,MODIS,74,6.03,312.1,15.5,D,0
27.7785,80.0606,329.6,2.1,1.4,2018-05-09,0500,Terra,MODIS,70,6.03,310.8,32.1,D,0
27.9628,81.5716,328.1,1.6,1.3,2018-05-09,0500,Terra,MODIS,72,6.03,311.1,15.1,D,0
27.9446,82.8308,333.5,1.4,1.2,2018-05-09,0500,Terra,MODIS,82,6.03,304.9,35.1,D,0
26.4738,83.5415,333.2,1.2,1.1,2018-05-09,0501,Terra,MODIS,68,6.03,314.4,10.5,D,0
26.6527,83.0875,337.3,1.3,1.1,2018-05-09,0501,Terra,MODIS,79,6.03,315.8,20.8,D,0
27.3573,80.3921,327.7,1.9,1.4,2018-05-09,0501,Terra,MODIS,63,6.03,310.4,20.2,D,0
27.3695,80.0962,332.2,1.2,1.1,2018-05-09,0811,Aqua,MODIS,66,6.03,314.9,12.5,D,0
26.7556,82.9575,328.4,1.8,1.3,2018-05-09,0811,Aqua,MODIS,67,6.03,311.5,17.5,D,0
26.6622,82.2849,328.5,1.6,1.3,2018-05-09,0811,Aqua,MODIS,61,6.03,311,14.3,D,0
26.6506,82.8116,328.2,1.8,1.3,2018-05-09,0811,Aqua,MODIS,64,6.03,311.8,14.7,D,0
26.6143,82.9253,332,1.8,1.3,2018-05-09,0811,Aqua,MODIS,74,6.03,312.1,26.2,D,0
26.6073,82.9333,331.7,1.8,1.3,2018-05-09,0811,Aqua,MODIS,69,6.03,311.1,22.8,D,0
26.4663,83.1426,328.1,1.9,1.3,2018-05-09,0811,Aqua,MODIS,65,6.03,310,18.8,D,0
28.8647,80.9342,323.6,1.4,1.2,2018-05-09,0811,Aqua,MODIS,67,6.03,306.4,18.5,D,0
28.7825,80.4388,330.6,1.3,1.1,2018-05-09,0811,Aqua,MODIS,74,6.03,312.5,16.4,D,0
28.6388,80.8713,330,1.4,1.2,2018-05-09,0811,Aqua,MODIS,37,6.03,310.2,18.3,D,0
28.6282,80.8728,330.6,1.4,1.2,2018-05-09,0811,Aqua,MODIS,50,6.03,311.4,19.4,D,0
28.6298,80.8872,329,1.4,1.2,2018-05-09,0811,Aqua,MODIS,25,6.03,312.4,14.6,D,0
28.2478,80.5551,332.1,1.3,1.1,2018-05-09,0811,Aqua,MODIS,74,6.03,314,17.1,D,0
28.524,80.4002,337.8,1.3,1.1,2018-05-09,0811,Aqua,MODIS,83,6.03,313.6,27.9,D,0
28.1445,80.024,343.2,1.3,1.1,2018-05-09,0811,Aqua,MODIS,87,6.03,317.1,35.5,D,0
28.146,80.0367,338.8,1.3,1.1,2018-05-09,0811,Aqua,MODIS,82,6.03,315.5,25.5,D,0
26.3889,81.1583,306.2,1.1,1.1,2018-05-09,2018,Aqua,MODIS,67,6.03,293.1,7.2,N,0
29.0964,80.1053,328.6,1.3,1.1,2018-05-10,0543,Terra,MODIS,66,6.03,312.4,18.8,D,0
26.6417,83.3735,327.4,2.4,1.5,2018-05-10,0543,Terra,MODIS,55,6.03,310,22.5,D,0
26.8574,83.1008,328.9,2.3,1.5,2018-05-10,0543,Terra,MODIS,72,6.03,313.1,28.3,D,0
26.9958,82.671,328.4,2.1,1.4,2018-05-10,0543,Terra,MODIS,70,6.03,311.6,26.2,D,0
27.6827,80.1137,339.7,1.4,1.2,2018-05-10,0543,Terra,MODIS,83,6.03,313.5,37.1,D,0
27.6851,80.1,336,1.4,1.2,2018-05-10,0543,Terra,MODIS,79,6.03,313.7,28,D,0
27.5565,82.5924,325,2,1.4,2018-05-10,0543,Terra,MODIS,66,6.03,306.7,20.5,D,0
26.6414,83.3925,328.7,2.4,1.5,2018-05-10,0543,Terra,MODIS,52,6.03,310.6,27.4,D,0
28.5035,80.5933,325.2,1.4,1.2,2018-05-10,0543,Terra,MODIS,47,6.03,303,21,D,0
28.506,80.5791,359.4,1.4,1.2,2018-05-10,0543,Terra,MODIS,99,6.03,305.1,123,D,0
28.5795,80.3486,330.2,1.4,1.2,2018-05-10,0543,Terra,MODIS,72,6.03,311,19.5,D,0
28.6343,81.523,322.7,1.6,1.3,2018-05-10,0543,Terra,MODIS,71,6.03,303.7,22.7,D,0
28.9446,80.6619,318.1,1.4,1.2,2018-05-10,0543,Terra,MODIS,61,6.03,303.5,13.5,D,0
28.4982,80.5664,325.3,3.3,1.7,2018-05-10,0716,Aqua,MODIS,58,6.03,303.3,73,D,0
26.9431,82.7774,305.4,1,1,2018-05-10,1641,Terra,MODIS,64,6.03,294.8,5.4,N,0
28.8105,80.8951,308,1.1,1,2018-05-10,1642,Terra,MODIS,73,6.03,297.7,5.3,N,0
28.0506,82.6639,300.2,1,1,2018-05-10,1642,Terra,MODIS,12,6.03,289.8,3.5,N,0
28.0431,82.6756,303,1,1,2018-05-10,1642,Terra,MODIS,52,6.03,290.3,5.1,N,0
27.1628,80.1672,310,1.2,1.1,2018-05-10,1642,Terra,MODIS,79,6.03,297,9.8,N,0
27.1187,80.2005,306.9,1.2,1.1,2018-05-10,1642,Terra,MODIS,69,6.03,296.7,7.7,N,0
26.9837,80.1487,326.5,3.3,1.7,2018-05-11,0448,Terra,MODIS,67,6.03,308,54.8,D,0
28.7745,81.1987,341.7,1.1,1,2018-05-11,0759,Aqua,MODIS,88,6.03,311.5,32,D,0
28.6114,80.0583,334.2,1,1,2018-05-11,0759,Aqua,MODIS,75,6.03,319.6,11.9,D,0
28.7578,81.4182,327.8,1.1,1,2018-05-11,0759,Aqua,MODIS,59,6.03,312.4,6.8,D,0
28.6571,80.73,327.7,1,1,2018-05-11,0759,Aqua,MODIS,61,6.03,312.9,7.6,D,0
28.6635,80.8463,328.2,1,1,2018-05-11,0759,Aqua,MODIS,67,6.03,312.6,9.8,D,0
28.6649,80.8568,330.9,1,1,2018-05-11,0759,Aqua,MODIS,73,6.03,312,13.1,D,0
28.6342,81.533,327.9,1.1,1,2018-05-11,0759,Aqua,MODIS,70,6.03,310.2,11.7,D,0
28.5246,80.9043,328.5,1,1,2018-05-11,0759,Aqua,MODIS,62,6.03,313.4,7.6,D,0
28.5853,81.36,330.5,1.1,1,2018-05-11,0759,Aqua,MODIS,74,6.03,313.5,13.2,D,0
28.5973,81.5236,327,1.1,1,2018-05-11,0759,Aqua,MODIS,68,6.03,312,10.1,D,0
28.7059,82.6997,321.2,1.2,1.1,2018-05-11,0759,Aqua,MODIS,25,6.03,306,10.4,D,0
28.4708,80.9887,335.2,1,1,2018-05-11,0759,Aqua,MODIS,79,6.03,315.7,15,D,0
28.192,81.2337,327.4,1,1,2018-05-11,0759,Aqua,MODIS,49,6.03,309.9,12,D,0
27.8837,80.0534,334.9,1,1,2018-05-11,0759,Aqua,MODIS,72,6.03,317.3,12,D,0
27.9764,81.6825,326.4,1.1,1,2018-05-11,0759,Aqua,MODIS,46,6.03,308.8,8.7,D,0
27.6977,81.8813,328,1.1,1,2018-05-11,0759,Aqua,MODIS,58,6.03,309.2,6.7,D,0
27.3634,80.215,336.9,1,1,2018-05-11,0759,Aqua,MODIS,76,6.03,318,15.4,D,0
27.1623,82.4081,333.6,1.1,1.1,2018-05-11,0759,Aqua,MODIS,63,6.03,311,14.9,D,0
26.6311,82.2964,375.5,1.1,1,2018-05-11,0759,Aqua,MODIS,100,6.03,318.1,132.2,D,0
26.6325,82.3074,332.5,1.1,1,2018-05-11,0759,Aqua,MODIS,61,6.03,314.2,11.4,D,0
26.4272,81.2261,335,1,1,2018-05-11,0759,Aqua,MODIS,69,6.03,319.3,11.3,D,0
26.7076,83.6656,332.4,1.3,1.1,2018-05-11,0759,Aqua,MODIS,72,6.03,309.9,14.6,D,0
27.3648,80.2251,342.4,1,1,2018-05-11,0759,Aqua,MODIS,84,6.03,316.4,24.3,D,0
29.2344,80.7168,326.8,1,1,2018-05-11,0759,Aqua,MODIS,69,6.03,304,17.6,D,0
29.161,80.3793,326.9,1,1,2018-05-11,0759,Aqua,MODIS,71,6.03,309,11.5,D,0
29.1037,80.7682,320.6,1,1,2018-05-11,0759,Aqua,MODIS,44,6.03,307.6,8.1,D,0
29.0814,80.7398,320.8,1,1,2018-05-11,0759,Aqua,MODIS,42,6.03,306.9,8.4,D,0
28.8708,80.271,333.3,1,1,2018-05-11,0759,Aqua,MODIS,77,6.03,311,18.6,D,0
28.8722,80.2812,351.4,1,1,2018-05-11,0759,Aqua,MODIS,94,6.03,311,51.3,D,0
28.8751,80.3018,331.2,1,1,2018-05-11,0759,Aqua,MODIS,61,6.03,309.8,13.4,D,0
28.8198,80.3012,327.7,1,1,2018-05-11,0759,Aqua,MODIS,31,6.03,312.5,8.5,D,0
28.804,80.4583,332.9,1,1,2018-05-11,0759,Aqua,MODIS,74,6.03,313.1,14.2,D,0
28.7936,80.4496,341.5,1,1,2018-05-11,0759,Aqua,MODIS,87,6.03,315.3,26,D,0
28.795,80.4599,359.4,1,1,2018-05-11,0759,Aqua,MODIS,99,6.03,314.6,66.6,D,0
28.7852,80.9257,324.1,1,1,2018-05-11,0759,Aqua,MODIS,43,6.03,309.4,7.1,D,0
28.6638,80.2368,337,1,1,2018-05-11,0759,Aqua,MODIS,64,6.03,322,18.4,D,0
28.4267,82.1698,302.3,1.5,1.2,2018-05-11,2005,Aqua,MODIS,48,6.03,289.4,10.5,N,0
29.1246,80.7668,302,2,1.4,2018-05-11,2005,Aqua,MODIS,46,6.03,290.2,13.9,N,0
29.1291,80.7733,302.8,2,1.4,2018-05-11,2005,Aqua,MODIS,51,6.03,289.8,16.2,N,0
28.6228,80.0644,327.8,1,1,2018-05-12,0531,Terra,MODIS,73,6.03,305.7,10.4,D,2
27.0445,82.7344,326.1,1.3,1.1,2018-05-12,0531,Terra,MODIS,69,6.03,302.7,14.1,D,0
28.3667,80.0485,323.7,1,1,2018-05-12,0531,Terra,MODIS,44,6.03,305,7.9,D,0
27.1334,83.2548,306.4,1.2,1.1,2018-05-12,1629,Terra,MODIS,49,6.03,295.7,5,N,0
26.9673,82.7128,330.3,1,1,2018-05-13,0746,Aqua,MODIS,69,6.03,308.2,9.6,D,0
27.4029,82.7244,335.4,1,1,2018-05-13,0747,Aqua,MODIS,80,6.03,306.3,16.2,D,0
29.0728,80.7165,320.6,1.1,1,2018-05-13,0747,Aqua,MODIS,62,6.03,300.2,11,D,0
27.8416,81.7069,331.8,1,1,2018-05-13,0747,Aqua,MODIS,79,6.03,304.8,12.9,D,0
27.8885,82.5835,323.9,1,1,2018-05-13,0747,Aqua,MODIS,68,6.03,303.2,8.7,D,0
27.1398,80.2249,341.1,1.1,1,2018-05-14,0519,Terra,MODIS,88,6.03,305.9,29.5,D,0
28.2365,80.1478,323.3,1.7,1.3,2018-05-15,0735,Aqua,MODIS,59,6.03,302.6,17.6,D,0
28.1981,80.4632,320.7,1.5,1.2,2018-05-16,0507,Terra,MODIS,53,6.03,299.2,12,D,0
27.8257,81.4848,322.9,1.3,1.1,2018-05-16,0507,Terra,MODIS,34,6.03,300.2,10.7,D,0
26.4592,80.8221,331.6,1.4,1.2,2018-05-16,0507,Terra,MODIS,74,6.03,301,22.2,D,0
26.6516,80.5093,335.1,1.5,1.2,2018-05-16,0507,Terra,MODIS,80,6.03,303.3,30.8,D,0
28.4515,80.2979,321.3,1.6,1.3,2018-05-16,0817,Aqua,MODIS,28,6.03,300.4,12.6,D,0
27.3264,80.0851,333,1.5,1.2,2018-05-16,0817,Aqua,MODIS,74,6.03,311.5,19.3,D,0
27.3329,80.0757,332.3,1.5,1.2,2018-05-16,0817,Aqua,MODIS,72,6.03,312.4,17.3,D,0
27.322,80.0771,332.1,1.5,1.2,2018-05-16,0817,Aqua,MODIS,71,6.03,311.4,15.2,D,0
27.1169,80.0719,335.6,1.5,1.2,2018-05-16,0817,Aqua,MODIS,77,6.03,310.6,23.8,D,0
28.4471,80.309,317.6,1.7,1.3,2018-05-17,0549,Terra,MODIS,17,6.03,299.8,13.5,D,0
27.3345,80.0509,309.6,1,1,2018-05-17,1648,Terra,MODIS,72,6.03,298.4,6.5,N,0
26.9583,80.1018,334.2,1.1,1,2018-05-18,0805,Aqua,MODIS,71,6.03,312.9,10.6,D,0
29.0332,80.8292,319.3,1.2,1.1,2018-05-18,0805,Aqua,MODIS,55,6.03,301,9.4,D,0
28.7522,81.9704,322.2,1.3,1.1,2018-05-18,0805,Aqua,MODIS,51,6.03,304.5,11.8,D,0
27.0897,80.4128,332.3,1.1,1,2018-05-18,0805,Aqua,MODIS,67,6.03,309.9,9.5,D,0
27.0911,80.4236,341.1,1.1,1,2018-05-18,0805,Aqua,MODIS,83,6.03,310.2,24.9,D,0
29.2655,82.649,315.2,1.5,1.2,2018-05-19,0537,Terra,MODIS,65,6.03,293.3,21.9,D,0
28.5971,82.0598,319.1,1.4,1.2,2018-05-19,0537,Terra,MODIS,69,6.03,303.9,11,D,0
28.5941,82.0761,318.7,1.4,1.2,2018-05-19,0537,Terra,MODIS,70,6.03,302.1,11.2,D,0
27.3542,80.3721,306.5,1.4,1.2,2018-05-19,1636,Terra,MODIS,68,6.03,296.2,7.4,N,0
28.6972,81.7174,316.8,3.4,1.7,2018-05-20,0442,Terra,MODIS,46,6.03,301.7,40.5,D,0
29.4262,80.755,321.6,1,1,2018-05-20,0753,Aqua,MODIS,57,6.03,306.1,8,D,0
29.3862,80.7939,323.8,1,1,2018-05-20,0753,Aqua,MODIS,67,6.03,309.2,8,D,0
29.2376,80.6618,323.1,1,1,2018-05-20,0753,Aqua,MODIS,60,6.03,307.6,11.1,D,0
29.2391,80.6721,323.4,1,1,2018-05-20,0753,Aqua,MODIS,57,6.03,306.4,11.5,D,0
29.2114,80.8604,329.3,1,1,2018-05-20,0753,Aqua,MODIS,76,6.03,306.7,15.5,D,0
29.1193,80.7387,318.1,1,1,2018-05-20,0753,Aqua,MODIS,50,6.03,301.1,9.1,D,0
29.1178,80.791,318.6,1,1,2018-05-20,0753,Aqua,MODIS,46,6.03,303.8,9.3,D,0
28.649,80.8579,332.6,1,1,2018-05-20,0753,Aqua,MODIS,79,6.03,304.7,17.1,D,0
28.724,81.6499,328.8,1,1,2018-05-20,0753,Aqua,MODIS,75,6.03,305.9,16.2,D,0
28.7255,81.6602,322.9,1,1,2018-05-20,0753,Aqua,MODIS,59,6.03,305.6,8.7,D,0
28.694,81.6971,329.2,1,1,2018-05-20,0753,Aqua,MODIS,71,6.03,307.6,16.1,D,0
28.4426,80.3343,325,1,1,2018-05-20,0753,Aqua,MODIS,50,6.03,308.2,8.4,D,0
28.7037,82.719,325,1.1,1,2018-05-20,0753,Aqua,MODIS,66,6.03,302.1,16.4,D,0
28.6059,82.0536,326.8,1,1,2018-05-20,0753,Aqua,MODIS,44,6.03,311.7,6.7,D,0
28.6073,82.064,347.4,1,1,2018-05-20,0753,Aqua,MODIS,93,6.03,313.7,40.2,D,0
28.6087,82.0747,328.4,1,1,2018-05-20,0753,Aqua,MODIS,63,6.03,311.8,8.5,D,0
28.5883,82.0637,337.2,1,1,2018-05-20,0753,Aqua,MODIS,80,6.03,311.3,21.7,D,0
28.4042,81.0165,328.1,1,1,2018-05-20,0753,Aqua,MODIS,59,6.03,308.4,9.3,D,0
28.4997,81.9535,327.1,1,1,2018-05-20,0753,Aqua,MODIS,71,6.03,309.5,12.6,D,0
26.9998,80.6155,334.2,1,1,2018-05-20,0753,Aqua,MODIS,74,6.03,312.5,13.4,D,0
29.7427,80.4593,320.8,1,1,2018-05-20,0753,Aqua,MODIS,69,6.03,307.1,8.2,D,0
28.5946,82.0895,301.6,2.8,1.6,2018-05-20,1719,Terra,MODIS,42,6.03,291.3,15.3,N,0
28.597,82.0826,303.2,2.8,1.6,2018-05-20,1719,Terra,MODIS,54,6.03,291.3,19.2,N,0
29.434,80.766,320.6,1,1,2018-05-21,0525,Terra,MODIS,53,6.03,308.1,8,D,0
29.0682,80.8083,324.6,1,1,2018-05-21,0525,Terra,MODIS,66,6.03,308.3,11.9,D,0
29.0697,80.7981,322.6,1,1,2018-05-21,0525,Terra,MODIS,64,6.03,309.4,9.9,D,0
29.0771,80.81,337.8,1,1,2018-05-21,0525,Terra,MODIS,85,6.03,306.8,29.1,D,0
29.0786,80.7998,337.8,1,1,2018-05-21,0525,Terra,MODIS,87,6.03,308.4,29.2,D,0
29.0948,80.7509,317.4,1,1,2018-05-21,0525,Terra,MODIS,31,6.03,305.3,5.4,D,0
29.2028,80.6421,327.7,1,1,2018-05-21,0525,Terra,MODIS,77,6.03,304.9,18.5,D,0
29.2042,80.632,324.4,1,1,2018-05-21,0525,Terra,MODIS,66,6.03,304,15,D,0
29.2088,80.8513,325.2,1,1,2018-05-21,0525,Terra,MODIS,56,6.03,307,11.7,D,0
26.5243,80.6086,333.9,1,1,2018-05-21,0525,Terra,MODIS,67,6.03,315.7,8.6,D,0
27.1953,80.4374,334.7,1,1,2018-05-21,0525,Terra,MODIS,73,6.03,316.3,10.8,D,0
28.2168,81.2568,326.2,1,1,2018-05-21,0525,Terra,MODIS,62,6.03,306,11.4,D,0
28.5154,80.0385,336.9,1,1,2018-05-21,0525,Terra,MODIS,81,6.03,309.2,23.5,D,0
28.5959,82.093,324.6,1,1,2018-05-21,0525,Terra,MODIS,46,6.03,305.8,9.2,D,0
28.6049,82.095,325,1,1,2018-05-21,0525,Terra,MODIS,54,6.03,306.2,8.6,D,0
28.6098,82.0636,324,1,1,2018-05-21,0525,Terra,MODIS,54,6.03,307.2,7.8,D,0
28.6115,82.0531,322.7,1,1,2018-05-21,0525,Terra,MODIS,48,6.03,305.3,6.6,D,0
26.401,80.7534,335.5,1,1,2018-05-21,0525,Terra,MODIS,71,6.03,316.8,12.2,D,0
29.245,80.6719,323.1,3.7,1.8,2018-05-21,0836,Aqua,MODIS,42,6.03,305.8,79.2,D,0
29.0656,80.7746,322.2,3.8,1.8,2018-05-21,0836,Aqua,MODIS,53,6.03,303.1,78.5,D,0
29.0735,80.7823,327,3.8,1.8,2018-05-21,0836,Aqua,MODIS,68,6.03,302.9,116.7,D,0
29.2377,80.6643,323.8,3.7,1.8,2018-05-21,0836,Aqua,MODIS,49,6.03,306.5,87.8,D,0
28.5936,82.0994,305.2,1.6,1.2,2018-05-21,1624,Terra,MODIS,33,6.03,293.6,7.8,N,0
28.5371,81.9141,317.4,1.6,1.3,2018-05-21,1624,Terra,MODIS,95,6.03,293.6,29.4,N,0
28.5398,81.9289,307,1.6,1.3,2018-05-21,1624,Terra,MODIS,70,6.03,294.4,12.4,N,0
28.5943,82.0928,305.1,1.6,1.2,2018-05-21,1624,Terra,MODIS,19,6.03,293.8,6.9,N,0
28.5423,81.9255,307.8,1.4,1.2,2018-05-21,2042,Aqua,MODIS,73,6.03,293.2,12,N,0
27.9994,82.9173,327.6,1,1,2018-05-22,0740,Aqua,MODIS,71,6.03,299.5,18.2,D,0
27.4387,81.2383,329.1,1.2,1.1,2018-05-22,0740,Aqua,MODIS,62,6.03,310.3,12.2,D,0
27.4363,81.2326,334.7,1.2,1.1,2018-05-22,0740,Aqua,MODIS,74,6.03,310.1,22.7,D,0
28.5862,82.1097,327.9,1.1,1,2018-05-22,0741,Aqua,MODIS,54,6.03,303.2,14.5,D,0
29.4405,80.7244,322.1,1.2,1.1,2018-05-22,0741,Aqua,MODIS,65,6.03,310,11.8,D,0
29.2833,80.6478,327.1,1.3,1.1,2018-05-22,0741,Aqua,MODIS,53,6.03,311.4,14.2,D,0
29.2819,80.641,331.3,1.3,1.1,2018-05-22,0741,Aqua,MODIS,48,6.03,310.6,22.9,D,0
29.2544,80.6596,328.4,1.3,1.1,2018-05-22,0741,Aqua,MODIS,67,6.03,311.3,19.2,D,0
29.2366,80.7945,326.5,1.2,1.1,2018-05-22,0741,Aqua,MODIS,47,6.03,311.3,16.1,D,0
29.0884,80.774,318.5,1.2,1.1,2018-05-22,0741,Aqua,MODIS,23,6.03,300,10.6,D,0
29.0604,80.729,317.8,1.3,1.1,2018-05-22,0741,Aqua,MODIS,38,6.03,301.1,10.4,D,0
29.1064,81.5629,317.8,1.1,1.1,2018-05-22,0741,Aqua,MODIS,32,6.03,303.1,7,D,0
29.2264,82.6615,315.7,1,1,2018-05-22,0741,Aqua,MODIS,28,6.03,302,8.4,D,0
28.6513,81.941,329.9,1.1,1.1,2018-05-22,0741,Aqua,MODIS,71,6.03,302.9,20.9,D,0
28.6169,82.0274,325.7,1.1,1,2018-05-22,0741,Aqua,MODIS,66,6.03,305.7,11.1,D,0
28.6189,82.0398,341.5,1.1,1,2018-05-22,0741,Aqua,MODIS,89,6.03,303.7,37.3,D,0
28.6115,82.0534,328.5,1.1,1,2018-05-22,0741,Aqua,MODIS,75,6.03,301.9,16.2,D,0
28.6,82.1009,325,1.1,1,2018-05-22,0741,Aqua,MODIS,56,6.03,301.7,13.3,D,0
28.5938,82.0969,325.8,1.1,1,2018-05-22,0741,Aqua,MODIS,36,6.03,303,12,D,0
28.5845,82.0989,333.7,1.1,1,2018-05-22,0741,Aqua,MODIS,82,6.03,304.3,23.4,D,0
28.5467,81.9223,323.1,1.1,1.1,2018-05-22,0741,Aqua,MODIS,52,6.03,303.5,12.1,D,0
28.5752,82.101,338.4,1.1,1,2018-05-22,0741,Aqua,MODIS,87,6.03,304.8,32.5,D,0
28.577,82.1118,323.9,1.1,1,2018-05-22,0741,Aqua,MODIS,37,6.03,304.4,9.9,D,0
28.3407,82.151,317.6,1.1,1,2018-05-22,0741,Aqua,MODIS,30,6.03,302,7.8,D,0
28.9269,81.4165,308.7,1.6,1.2,2018-05-22,1707,Terra,MODIS,75,6.03,293,12.8,N,0
28.6275,82.029,305,1.7,1.3,2018-05-22,1707,Terra,MODIS,63,6.03,294.6,8.6,N,0
28.6292,82.0452,307.1,1.7,1.3,2018-05-22,1707,Terra,MODIS,70,6.03,294.5,11.5,N,0
29.2091,80.6391,322.6,1.3,1.1,2018-05-23,0512,Terra,MODIS,56,6.03,305.6,15.8,D,0
29.1017,80.7682,319.6,1.2,1.1,2018-05-23,0512,Terra,MODIS,51,6.03,302.7,9.9,D,0
27.2766,82.3557,324.8,1,1,2018-05-23,0513,Terra,MODIS,62,6.03,300.9,8.7,D,0
27.9972,82.9298,323.4,1,1,2018-05-23,0513,Terra,MODIS,71,6.03,298,12.9,D,0
28.5481,81.9262,328.5,1.1,1,2018-05-23,0513,Terra,MODIS,75,6.03,304.2,17,D,0
28.625,81.9674,325.3,1.1,1,2018-05-23,0513,Terra,MODIS,62,6.03,304.7,9,D,0
28.6256,82.0344,324.7,1.1,1,2018-05-23,0513,Terra,MODIS,41,6.03,303.3,8.7,D,0
28.6398,81.9271,333.2,1.1,1,2018-05-23,0513,Terra,MODIS,83,6.03,304.8,22.4,D,0
28.632,82.0571,330.7,1.1,1,2018-05-23,0513,Terra,MODIS,81,6.03,303.2,17.7,D,0
28.6664,81.9407,324.7,1.1,1,2018-05-23,0513,Terra,MODIS,73,6.03,303.9,10.4,D,0
28.7349,81.7564,319.8,1.1,1,2018-05-23,0513,Terra,MODIS,50,6.03,302.8,8.9,D,0
26.4001,82.6996,325.7,1,1,2018-05-23,0513,Terra,MODIS,60,6.03,302.1,6.8,D,0
27.5587,80.5699,328.6,1.2,1.1,2018-05-23,0513,Terra,MODIS,65,6.03,304.6,13.6,D,0
28.0062,82.9311,328.5,1,1,2018-05-23,0513,Terra,MODIS,79,6.03,297.4,18.4,D,0
28.6248,81.8809,321.5,2.7,1.6,2018-05-23,0824,Aqua,MODIS,25,6.03,301.7,32.6,D,0
29.1108,81.5529,318.3,2.6,1.5,2018-05-23,0824,Aqua,MODIS,10,6.03,300.6,23.8,D,0
28.4501,80.7504,310,1,1,2018-05-23,2030,Aqua,MODIS,79,6.03,295.4,7.9,N,0
28.6651,81.9199,323.1,1.6,1.3,2018-05-24,0728,Aqua,MODIS,68,6.03,307.6,19.1,D,0
28.6676,81.9333,324.4,1.6,1.3,2018-05-24,0728,Aqua,MODIS,74,6.03,309,21,D,0
28.6326,81.9349,319.9,1.6,1.3,2018-05-24,0728,Aqua,MODIS,65,6.03,305,10.1,D,0
29.3384,80.8124,322.5,1.9,1.3,2018-05-24,0729,Aqua,MODIS,74,6.03,305.3,21.6,D,0
29.3288,80.8108,301.7,1,1,2018-05-24,1655,Terra,MODIS,43,6.03,290.7,4.1,N,0
29.3442,80.786,304.7,1,1,2018-05-24,1655,Terra,MODIS,60,6.03,291,5.2,N,0
29.5589,80.8682,320.5,1.9,1.3,2018-05-25,0500,Terra,MODIS,61,6.03,305.1,23.3,D,0
29.5608,80.8497,319.8,1.9,1.4,2018-05-25,0500,Terra,MODIS,65,6.03,303.9,20.2,D,0
27.1926,82.2237,328,1.4,1.2,2018-05-25,0501,Terra,MODIS,64,6.03,303.9,17,D,0
29.1258,81.5282,324.9,1.6,1.2,2018-05-25,0811,Aqua,MODIS,72,6.03,304.1,24.9,D,0
27.9783,80.2538,336.2,1.3,1.1,2018-05-25,0811,Aqua,MODIS,75,6.03,319.2,19.6,D,0
29.1238,81.5098,318.8,1.6,1.2,2018-05-25,0811,Aqua,MODIS,43,6.03,302.3,13.1,D,0
29.2006,80.3615,324.9,1.3,1.1,2018-05-25,0811,Aqua,MODIS,63,6.03,305.8,17.4,D,0
29.7657,80.0817,323.4,1.3,1.1,2018-05-25,0812,Aqua,MODIS,66,6.03,304.9,16.9,D,0
29.7509,80.0424,319.6,1.3,1.1,2018-05-25,0812,Aqua,MODIS,50,6.03,305,10,D,0
29.8165,81.4937,318.2,1.6,1.2,2018-05-25,0812,Aqua,MODIS,44,6.03,296.5,22.4,D,0
29.59,80.0522,326.2,1.3,1.1,2018-05-25,0812,Aqua,MODIS,63,6.03,307.9,16.1,D,0
29.5658,80.1117,322.9,1.3,1.1,2018-05-25,0812,Aqua,MODIS,46,6.03,310.3,9.8,D,0
28.3256,82.1381,304.7,1.1,1,2018-05-25,2017,Aqua,MODIS,61,6.03,291.7,6.9,N,0
27.5152,81.3194,333.5,1.7,1.3,2018-05-26,0543,Terra,MODIS,0,6.03,316.7,31.6,D,0
28.3242,82.1385,317.9,1.8,1.3,2018-05-26,0543,Terra,MODIS,58,6.03,304.7,14.8,D,0
29.2873,80.0486,319.2,1.3,1.1,2018-05-26,0543,Terra,MODIS,66,6.03,304,11.9,D,0
27.9304,81.6783,326.4,2.9,1.6,2018-05-26,0716,Aqua,MODIS,70,6.03,306,35.2,D,0
28.5634,81.9257,332.2,1,1,2018-05-26,1642,Terra,MODIS,100,6.03,296.9,30.2,N,0
28.3832,82.2071,304.9,1,1,2018-05-26,1642,Terra,MODIS,39,6.03,294.4,4.9,N,0
28.5724,81.9243,318.6,1,1,2018-05-26,1642,Terra,MODIS,97,6.03,294.1,14.6,N,0
26.8511,84.0774,309.5,1,1,2018-05-26,1642,Terra,MODIS,67,6.03,299.4,5.6,N,0
28.3846,82.2173,309.5,1,1,2018-05-26,1642,Terra,MODIS,78,6.03,294.3,7.8,N,0
28.5605,81.9055,313.2,1,1,2018-05-26,1642,Terra,MODIS,84,6.03,294.2,10.5,N,0
28.5619,81.9154,323.4,1,1,2018-05-26,1642,Terra,MODIS,100,6.03,295.6,19.2,N,0
29.8581,80.1333,302.8,1.1,1,2018-05-26,1642,Terra,MODIS,37,6.03,292.8,4.3,N,0
29.8632,80.1656,305.3,1.1,1,2018-05-26,1642,Terra,MODIS,64,6.03,293.5,6.3,N,0
29.4674,80.8794,306.7,1,1,2018-05-26,1642,Terra,MODIS,69,6.03,290.4,7.5,N,0
29.3368,80.2239,304,1.1,1,2018-05-26,1642,Terra,MODIS,26,6.03,292.3,4.4,N,0
29.3589,80.7743,307.5,1.1,1,2018-05-26,1642,Terra,MODIS,72,6.03,296.6,5.9,N,0
29.3168,80.8052,314.2,1.1,1,2018-05-26,1642,Terra,MODIS,89,6.03,296.8,11.4,N,0
29.1296,80.6694,303.1,1.1,1,2018-05-26,1642,Terra,MODIS,53,6.03,292.5,5.2,N,0
28.8235,82.446,302.7,1,1,2018-05-26,1642,Terra,MODIS,49,6.03,292.4,5.6,N,0
28.5783,81.9023,309.4,1,1,2018-05-26,1642,Terra,MODIS,77,6.03,291.9,8.3,N,0
28.5798,81.9125,318.8,1,1,2018-05-26,1642,Terra,MODIS,98,6.03,293.3,15.3,N,0
28.5709,81.914,317.6,1,1,2018-05-26,1642,Terra,MODIS,95,6.03,294.3,13.4,N,0
26.3556,80.5666,339.4,1,1,2018-05-27,0758,Aqua,MODIS,79,6.03,322.3,11.5,D,0
29.0137,80.775,332.1,1,1,2018-05-27,0759,Aqua,MODIS,79,6.03,309.6,17.9,D,0
29.153,81.8592,325.9,1.1,1.1,2018-05-27,0759,Aqua,MODIS,46,6.03,302.5,18,D,0
28.9217,81.404,327.4,1.1,1,2018-05-27,0759,Aqua,MODIS,73,6.03,309.7,11.4,D,0
28.5562,80.0504,331.8,1,1,2018-05-27,0759,Aqua,MODIS,66,6.03,312,10.5,D,0
28.7374,81.6653,322.7,1.1,1,2018-05-27,0759,Aqua,MODIS,35,6.03,307.8,6.7,D,0
28.6667,81.9091,330.6,1.1,1.1,2018-05-27,0759,Aqua,MODIS,65,6.03,310.5,13.1,D,0
28.5848,81.9058,334.7,1.1,1.1,2018-05-27,0759,Aqua,MODIS,80,6.03,311.1,21.5,D,0
28.5862,81.9171,329.8,1.1,1.1,2018-05-27,0759,Aqua,MODIS,74,6.03,309.4,12.3,D,0
28.5611,81.9454,328.7,1.1,1.1,2018-05-27,0759,Aqua,MODIS,51,6.03,308.7,9.7,D,0
28.3992,81.1913,353.2,1,1,2018-05-27,0759,Aqua,MODIS,95,6.03,315.4,49.1,D,0
28.4006,81.2019,357.7,1,1,2018-05-27,0759,Aqua,MODIS,98,6.03,312.8,61,D,0
28.1699,80.1819,338,1,1,2018-05-27,0759,Aqua,MODIS,66,6.03,317.6,19.1,D,0
28.3957,82.0876,327,1.1,1.1,2018-05-27,0759,Aqua,MODIS,51,6.03,310.1,9.8,D,0
28.3971,82.0993,342.3,1.1,1.1,2018-05-27,0759,Aqua,MODIS,88,6.03,310.8,37.1,D,0
28.3985,82.1103,326.7,1.1,1.1,2018-05-27,0759,Aqua,MODIS,49,6.03,309.1,9.7,D,0
28.3401,82.1505,341.4,1.1,1.1,2018-05-27,0759,Aqua,MODIS,87,6.03,312,34.5,D,0
29.3531,80.7615,328.5,1,1,2018-05-27,0759,Aqua,MODIS,70,6.03,308.9,11.7,D,0
29.312,80.8011,337.2,1,1,2018-05-27,0759,Aqua,MODIS,86,6.03,314.8,21,D,0
29.3328,81.8314,345.5,1.1,1.1,2018-05-27,0759,Aqua,MODIS,92,6.03,307.9,51.9,D,0
29.3234,81.8327,335.4,1.1,1.1,2018-05-27,0759,Aqua,MODIS,58,6.03,307.1,31.9,D,0
29.137,80.6597,330.8,1,1,2018-05-27,0759,Aqua,MODIS,64,6.03,306.3,19.2,D,0
29.1427,80.7019,338,1,1,2018-05-27,0759,Aqua,MODIS,85,6.03,305.4,30.1,D,0
29.1281,80.6618,327.3,1,1,2018-05-27,0759,Aqua,MODIS,72,6.03,310.4,14,D,0
29.1309,80.6826,333.9,1,1,2018-05-27,0759,Aqua,MODIS,81,6.03,307.2,21.6,D,0
29.1323,80.6933,324.9,1,1,2018-05-27,0759,Aqua,MODIS,46,6.03,306.4,10,D,0
29.1184,80.7273,321.8,1,1,2018-05-27,0759,Aqua,MODIS,24,6.03,305.6,9.1,D,0
29.1122,80.7501,328.9,1,1,2018-05-27,0759,Aqua,MODIS,50,6.03,307,17.1,D,0
29.0816,80.6597,327.9,1,1,2018-05-27,0759,Aqua,MODIS,73,6.03,307.9,14.3,D,0
29.0784,80.7741,325.7,1,1,2018-05-27,0759,Aqua,MODIS,53,6.03,309.7,9.2,D,0
28.563,81.979,302.9,3.6,1.8,2018-05-27,1725,Terra,MODIS,52,6.03,292.5,29.5,N,0
28.552,81.9644,306,1.6,1.2,2018-05-27,2005,Aqua,MODIS,67,6.03,292.5,12.8,N,0
28.3361,82.1662,303.1,1.5,1.2,2018-05-27,2005,Aqua,MODIS,53,6.03,291.7,10.2,N,0
28.563,81.9668,305.4,1.6,1.2,2018-05-27,2005,Aqua,MODIS,63,6.03,291.3,12,N,0
29.3081,80.3019,317.1,1,1,2018-05-28,0531,Terra,MODIS,52,6.03,301.4,5.2,D,0
29.3613,80.7344,323.9,1,1,2018-05-28,0531,Terra,MODIS,73,6.03,304.3,11.8,D,0
29.3767,80.8094,322.9,1,1,2018-05-28,0531,Terra,MODIS,74,6.03,306.7,9.2,D,0
27.4052,82.7431,326.1,1.3,1.1,2018-05-28,0531,Terra,MODIS,69,6.03,304.4,10.7,D,0
28.5441,80.0448,326.2,1,1,2018-05-28,0531,Terra,MODIS,59,6.03,304.1,8,D,0
28.3834,82.2016,318.1,1.2,1.1,2018-05-28,0531,Terra,MODIS,22,6.03,302.7,7.8,D,0
28.5057,81.6707,318.6,1.1,1.1,2018-05-28,0531,Terra,MODIS,67,6.03,302,7.6,D,0
28.5503,81.9574,324.6,1.2,1.1,2018-05-28,0531,Terra,MODIS,69,6.03,306.3,10.9,D,0
28.7691,80.9728,320.8,1.1,1,2018-05-28,0531,Terra,MODIS,58,6.03,303.9,7.8,D,0
28.7708,80.9622,320.7,1.1,1,2018-05-28,0531,Terra,MODIS,60,6.03,304.5,8.3,D,0
29.0523,80.0438,328.3,1,1,2018-05-28,0531,Terra,MODIS,73,6.03,304.9,13.9,D,0
29.0597,80.0557,324.7,1,1,2018-05-28,0531,Terra,MODIS,62,6.03,302.8,10.2,D,0
29.0612,80.0455,360.5,1,1,2018-05-28,0531,Terra,MODIS,100,6.03,304.8,76.6,D,0
28.6383,82.7632,316.6,1.3,1.1,2018-05-28,0531,Terra,MODIS,53,6.03,303.2,7.6,D,0
28.7257,82.3102,320.1,1.2,1.1,2018-05-28,0531,Terra,MODIS,60,6.03,302.5,13.1,D,0
29.0402,80.7165,322.8,1,1,2018-05-28,0531,Terra,MODIS,72,6.03,301.5,12.3,D,0
28.9357,81.4256,320.2,1.1,1,2018-05-28,0531,Terra,MODIS,72,6.03,305.4,7.1,D,0
29.1381,80.6233,314.8,1,1,2018-05-28,0531,Terra,MODIS,54,6.03,302.1,5.6,D,0
29.1446,80.7002,318.8,1,1,2018-05-28,0531,Terra,MODIS,41,6.03,301,9.1,D,0
29.1536,80.7017,332.8,1,1,2018-05-28,0531,Terra,MODIS,84,6.03,301,27.2,D,0
29.1553,80.6912,319,1,1,2018-05-28,0531,Terra,MODIS,46,6.03,299.5,10.8,D,0
29.2587,80.0218,315.9,1,1,2018-05-28,0531,Terra,MODIS,23,6.03,298.2,5.8,D,0
29.2633,80.4725,320.8,1,1,2018-05-28,0531,Terra,MODIS,64,6.03,298.5,14,D,0
29.3062,80.3092,303.2,1.6,1.2,2018-05-28,1630,Terra,MODIS,47,6.03,287.8,16.1,N,0
29.2412,80.0248,302.6,1.6,1.3,2018-05-28,1630,Terra,MODIS,41,6.03,292.2,7.8,N,0
28.5937,82.1494,311.2,1.3,1.1,2018-05-28,1630,Terra,MODIS,82,6.03,293.9,11.7,N,0
28.5935,82.1495,323.7,1,1,2018-05-29,0747,Aqua,MODIS,52,6.03,305.7,6.9,D,0
28.595,82.1595,326.9,1,1,2018-05-29,0747,Aqua,MODIS,71,6.03,305.8,9.8,D,0
28.5548,82.1201,322.1,1,1,2018-05-30,0519,Terra,MODIS,72,6.03,303.7,6.7,D,0
28.5562,82.1101,327.2,1,1,2018-05-30,0519,Terra,MODIS,79,6.03,305.8,11.9,D,0
28.5681,82.0916,322.5,1,1,2018-05-30,0519,Terra,MODIS,57,6.03,305.5,6.7,D,0
28.5784,82.0831,322.9,1,1,2018-05-30,0519,Terra,MODIS,58,6.03,304.2,6.6,D,0
28.6363,82.3175,318.5,1,1,2018-05-30,0519,Terra,MODIS,55,6.03,302.5,5.7,D,0
29.1159,81.0119,322,1,1,2018-05-30,0519,Terra,MODIS,74,6.03,299.2,10.4,D,0
28.7085,82.266,321.7,1.3,1.1,2018-05-31,0735,Aqua,MODIS,49,6.03,303.3,10.6,D,0
