kind,var,year,filename,path,ok,error,dtype,height,width,crs,nodata,min_val,max_val,nan_count,inf_count,eq_nodata_count,eq_minus9999_count,total_pixels,suspect_pixels,suspect_pct
data,ndvi16,2018,ndvi16_2018_20180101.tif,/Users/sammit/Desktop/Projects/Prometheus/data_processed_normalized/ndvi16/2018/ndvi16_2018_20180101.tif,True,,float32,465,912,EPSG:4326,-9999.0,-9999.0,0.9402592182159424,0,0,264938,264938,424080,529876,124.94717977740049
data,ndvi16,2018,ndvi16_2018_20180117.tif,/Users/sammit/Desktop/Projects/Prometheus/data_processed_normalized/ndvi16/2018/ndvi16_2018_20180117.tif,True,,float32,465,912,EPSG:4326,-9999.0,-9999.0,0.9269946813583374,0,0,264955,264955,424080,529910,124.95519713261649
data,ndvi16,2018,ndvi16_2018_20180202.tif,/Users/sammit/Desktop/Projects/Prometheus/data_processed_normalized/ndvi16/2018/ndvi16_2018_20180202.tif,True,,float32,465,912,EPSG:4326,-9999.0,-9999.0,0.8981369137763977,0,0,267280,267280,424080,534560,126.05168836068667
data,ndvi16,2018,ndvi16_2018_20180218.tif,/Users/sammit/Desktop/Projects/Prometheus/data_processed_normalized/ndvi16/2018/ndvi16_2018_20180218.tif,True,,float32,465,912,EPSG:4326,-9999.0,-9999.0,0.9019845724105835,0,0,276742,276742,424080,553484,130.5140539520845
data,ndvi16,2018,ndvi16_2018_20180306.tif,/Users/sammit/Desktop/Projects/Prometheus/data_processed_normalized/ndvi16/2018/ndvi16_2018_20180306.tif,True,,float32,465,912,EPSG:4326,-9999.0,-9999.0,0.8679627180099487,0,0,278063,278063,424080,556126,131.1370496132805
data,ndvi16,2018,ndvi16_2018_20180322.tif,/Users/sammit/Desktop/Projects/Prometheus/data_processed_normalized/ndvi16/2018/ndvi16_2018_20180322.tif,True,,float32,465,912,EPSG:4326,-9999.0,-9999.0,0.8378897905349731,0,0,276489,276489,424080,552978,130.39473684210526
data,ndvi16,2018,ndvi16_2018_20180407.tif,/Users/sammit/Desktop/Projects/Prometheus/data_processed_normalized/ndvi16/2018/ndvi16_2018_20180407.tif,True,,float32,465,912,EPSG:4326,-9999.0,-9999.0,0.8534831404685974,0,0,274871,274871,424080,549742,129.6316732691945
data,ndvi16,2018,ndvi16_2018_20180423.tif,/Users/sammit/Desktop/Projects/Prometheus/data_processed_normalized/ndvi16/2018/ndvi16_2018_20180423.tif,True,,float32,465,912,EPSG:4326,-9999.0,-9999.0,0.8620899319648743,0,0,271253,271253,424080,542506,127.92539143557819
data,ndvi16,2018,ndvi16_2018_20180509.tif,/Users/sammit/Desktop/Projects/Prometheus/data_processed_normalized/ndvi16/2018/ndvi16_2018_20180509.tif,True,,float32,465,912,EPSG:4326,-9999.0,-9999.0,0.8857837319374084,0,0,271537,271537,424080,543074,128.05932842859838
data,ndvi16,2018,ndvi16_2018_20180525.tif,/Users/sammit/Desktop/Projects/Prometheus/data_processed_normalized/ndvi16/2018/ndvi16_2018_20180525.tif,True,,float32,465,912,EPSG:4326,-9999.0,-9999.0,0.9567638039588928,0,0,264894,264894,424080,529788,124.92642897566498
data,ndvi16,2019,ndvi16_2019_20190101.tif,/Users/sammit/Desktop/Projects/Prometheus/data_processed_normalized/ndvi16/2019/ndvi16_2019_20190101.tif,True,,float32,465,912,EPSG:4326,-9999.0,-9999.0,0.9064398407936096,0,0,272595,272595,424080,545190,128.5582908885116
data,ndvi16,2019,ndvi16_2019_20190117.tif,/Users/sammit/Desktop/Projects/Prometheus/data_processed_normalized/ndvi16/2019/ndvi16_2019_20190117.tif,True,,float32,465,912,EPSG:4326,-9999.0,-9999.0,0.8983393907546997,0,0,279201,279201,424080,558402,131.67374080362197
data,ndvi16,2019,ndvi16_2019_20190202.tif,/Users/sammit/Desktop/Projects/Prometheus/data_processed_normalized/ndvi16/2019/ndvi16_2019_20190202.tif,True,,float32,465,912,EPSG:4326,-9999.0,-9999.0,0.9332725405693054,0,0,289513,289513,424080,579026,136.53697415581965
data,ndvi16,2019,ndvi16_2019_20190218.tif,/Users/sammit/Desktop/Projects/Prometheus/data_processed_normalized/ndvi16/2019/ndvi16_2019_20190218.tif,True,,float32,465,912,EPSG:4326,-9999.0,-9999.0,0.8987444043159485,0,0,290092,290092,424080,580184,136.8100358422939
data,ndvi16,2019,ndvi16_2019_20190306.tif,/Users/sammit/Desktop/Projects/Prometheus/data_processed_normalized/ndvi16/2019/ndvi16_2019_20190306.tif,True,,float32,465,912,EPSG:4326,-9999.0,-9999.0,0.8856824636459351,0,0,288951,288951,424080,577902,136.2719298245614
data,ndvi16,2019,ndvi16_2019_20190322.tif,/Users/sammit/Desktop/Projects/Prometheus/data_processed_normalized/ndvi16/2019/ndvi16_2019_20190322.tif,True,,float32,465,912,EPSG:4326,-9999.0,-9999.0,0.8768731951713562,0,0,287195,287195,424080,574390,135.44378419166196
data,ndvi16,2019,ndvi16_2019_20190407.tif,/Users/sammit/Desktop/Projects/Prometheus/data_processed_normalized/ndvi16/2019/ndvi16_2019_20190407.tif,True,,float32,465,912,EPSG:4326,-9999.0,-9999.0,0.894187867641449,0,0,284241,284241,424080,568482,134.05065082059988
data,ndvi16,2019,ndvi16_2019_20190423.tif,/Users/sammit/Desktop/Projects/Prometheus/data_processed_normalized/ndvi16/2019/ndvi16_2019_20190423.tif,True,,float32,465,912,EPSG:4326,-9999.0,-9999.0,0.9027946591377258,0,0,277516,277516,424080,555032,130.87907941897754
data,ndvi16,2019,ndvi16_2019_20190509.tif,/Users/sammit/Desktop/Projects/Prometheus/data_processed_normalized/ndvi16/2019/ndvi16_2019_20190509.tif,True,,float32,465,912,EPSG:4326,-9999.0,-9999.0,0.9486634135246277,0,0,272064,272064,424080,544128,128.30786644029428
data,ndvi16,2019,ndvi16_2019_20190525.tif,/Users/sammit/Desktop/Projects/Prometheus/data_processed_normalized/ndvi16/2019/ndvi16_2019_20190525.tif,True,,float32,465,912,EPSG:4326,-9999.0,-9999.0,0.936411440372467,0,0,267854,267854,424080,535708,126.32239200150914
data,ndvi16,2020,ndvi16_2020_20200101.tif,/Users/sammit/Desktop/Projects/Prometheus/data_processed_normalized/ndvi16/2020/ndvi16_2020_20200101.tif,True,,float32,465,912,EPSG:4326,-9999.0,-9999.0,0.9560550451278687,0,0,284513,284513,424080,569026,134.17892850405585
data,ndvi16,2020,ndvi16_2020_20200117.tif,/Users/sammit/Desktop/Projects/Prometheus/data_processed_normalized/ndvi16/2020/ndvi16_2020_20200117.tif,True,,float32,465,912,EPSG:4326,-9999.0,-9999.0,0.9746860861778259,0,0,288246,288246,424080,576492,135.93944538766272
data,ndvi16,2020,ndvi16_2020_20200202.tif,/Users/sammit/Desktop/Projects/Prometheus/data_processed_normalized/ndvi16/2020/ndvi16_2020_20200202.tif,True,,float32,465,912,EPSG:4326,-9999.0,-9999.0,0.9345888495445251,0,0,284473,284473,424080,568946,134.16006413884173
data,ndvi16,2020,ndvi16_2020_20200218.tif,/Users/sammit/Desktop/Projects/Prometheus/data_processed_normalized/ndvi16/2020/ndvi16_2020_20200218.tif,True,,float32,465,912,EPSG:4326,-9999.0,-9999.0,0.8981369137763977,0,0,285159,285159,424080,570318,134.48358800226373
data,ndvi16,2020,ndvi16_2020_20200305.tif,/Users/sammit/Desktop/Projects/Prometheus/data_processed_normalized/ndvi16/2020/ndvi16_2020_20200305.tif,True,,float32,465,912,EPSG:4326,-9999.0,-9999.0,0.9041109681129456,0,0,287832,287832,424080,575664,135.74419920769665
data,ndvi16,2020,ndvi16_2020_20200321.tif,/Users/sammit/Desktop/Projects/Prometheus/data_processed_normalized/ndvi16/2020/ndvi16_2020_20200321.tif,True,,float32,465,912,EPSG:4326,-9999.0,-9999.0,0.879404604434967,0,0,285367,285367,424080,570734,134.5816827013771
data,ndvi16,2020,ndvi16_2020_20200406.tif,/Users/sammit/Desktop/Projects/Prometheus/data_processed_normalized/ndvi16/2020/ndvi16_2020_20200406.tif,True,,float32,465,912,EPSG:4326,-9999.0,-9999.0,0.8984406590461731,0,0,281958,281958,424080,563916,132.97396717600452
data,ndvi16,2020,ndvi16_2020_20200422.tif,/Users/sammit/Desktop/Projects/Prometheus/data_processed_normalized/ndvi16/2020/ndvi16_2020_20200422.tif,True,,float32,465,912,EPSG:4326,-9999.0,-9999.0,0.9333738088607788,0,0,281281,281281,424080,562562,132.65468779475572
data,ndvi16,2020,ndvi16_2020_20200508.tif,/Users/sammit/Desktop/Projects/Prometheus/data_processed_normalized/ndvi16/2020/ndvi16_2020_20200508.tif,True,,float32,465,912,EPSG:4326,-9999.0,-9999.0,0.9386391043663025,0,0,278286,278286,424080,556572,131.24221844934917
data,ndvi16,2020,ndvi16_2020_20200524.tif,/Users/sammit/Desktop/Projects/Prometheus/data_processed_normalized/ndvi16/2020/ndvi16_2020_20200524.tif,True,,float32,465,912,EPSG:4326,-9999.0,-9999.0,0.940360426902771,0,0,272726,272726,424080,545452,128.62007168458783
data,ndvi16,2021,ndvi16_2021_20210101.tif,/Users/sammit/Desktop/Projects/Prometheus/data_processed_normalized/ndvi16/2021/ndvi16_2021_20210101.tif,True,,float32,465,912,EPSG:4326,-9999.0,-9999.0,0.9229444861412048,0,0,267526,267526,424080,535052,126.16770420675344
data,ndvi16,2021,ndvi16_2021_20210117.tif,/Users/sammit/Desktop/Projects/Prometheus/data_processed_normalized/ndvi16/2021/ndvi16_2021_20210117.tif,True,,float32,465,912,EPSG:4326,-9999.0,-9999.0,0.9226406812667847,0,0,265974,265974,424080,531948,125.43576683644595
data,ndvi16,2021,ndvi16_2021_20210202.tif,/Users/sammit/Desktop/Projects/Prometheus/data_processed_normalized/ndvi16/2021/ndvi16_2021_20210202.tif,True,,float32,465,912,EPSG:4326,-9999.0,-9999.0,0.8938841223716736,0,0,269051,269051,424080,538102,126.88690813054141
data,ndvi16,2021,ndvi16_2021_20210218.tif,/Users/sammit/Desktop/Projects/Prometheus/data_processed_normalized/ndvi16/2021/ndvi16_2021_20210218.tif,True,,float32,465,912,EPSG:4326,-9999.0,-9999.0,0.8898338675498962,0,0,267193,267193,424080,534386,126.01065836634598
data,ndvi16,2021,ndvi16_2021_20210306.tif,/Users/sammit/Desktop/Projects/Prometheus/data_processed_normalized/ndvi16/2021/ndvi16_2021_20210306.tif,True,,float32,465,912,EPSG:4326,-9999.0,-9999.0,0.8739367723464966,0,0,269851,269851,424080,539702,127.26419543482362
data,ndvi16,2021,ndvi16_2021_20210322.tif,/Users/sammit/Desktop/Projects/Prometheus/data_processed_normalized/ndvi16/2021/ndvi16_2021_20210322.tif,True,,float32,465,912,EPSG:4326,-9999.0,-9999.0,0.9265896677970886,0,0,267823,267823,424080,535646,126.30777211846821
data,ndvi16,2021,ndvi16_2021_20210407.tif,/Users/sammit/Desktop/Projects/Prometheus/data_processed_normalized/ndvi16/2021/ndvi16_2021_20210407.tif,True,,float32,465,912,EPSG:4326,-9999.0,-9999.0,0.8885176181793213,0,0,268858,268858,424080,537716,126.79588756838332
data,ndvi16,2021,ndvi16_2021_20210423.tif,/Users/sammit/Desktop/Projects/Prometheus/data_processed_normalized/ndvi16/2021/ndvi16_2021_20210423.tif,True,,float32,465,912,EPSG:4326,-9999.0,-9999.0,0.9327662587165833,0,0,280855,280855,424080,561710,132.45378230522542
data,ndvi16,2021,ndvi16_2021_20210509.tif,/Users/sammit/Desktop/Projects/Prometheus/data_processed_normalized/ndvi16/2021/ndvi16_2021_20210509.tif,True,,float32,465,912,EPSG:4326,-9999.0,-9999.0,0.946435809135437,0,0,274546,274546,424080,549092,129.47840030182985
data,ndvi16,2021,ndvi16_2021_20210525.tif,/Users/sammit/Desktop/Projects/Prometheus/data_processed_normalized/ndvi16/2021/ndvi16_2021_20210525.tif,True,,float32,465,912,EPSG:4326,-9999.0,-9999.0,0.97701495885849,0,0,272368,272368,424080,544736,128.45123561592152
data,ndvi16,2022,ndvi16_2022_20220101.tif,/Users/sammit/Desktop/Projects/Prometheus/data_processed_normalized/ndvi16/2022/ndvi16_2022_20220101.tif,True,,float32,465,912,EPSG:4326,-9999.0,-9999.0,0.9640542268753052,0,0,287321,287321,424080,574642,135.5032069420864
data,ndvi16,2022,ndvi16_2022_20220117.tif,/Users/sammit/Desktop/Projects/Prometheus/data_processed_normalized/ndvi16/2022/ndvi16_2022_20220117.tif,True,,float32,465,912,EPSG:4326,-9999.0,-9999.0,0.9426892995834351,0,0,285734,285734,424080,571468,134.75476325221658
data,ndvi16,2022,ndvi16_2022_20220202.tif,/Users/sammit/Desktop/Projects/Prometheus/data_processed_normalized/ndvi16/2022/ndvi16_2022_20220202.tif,True,,float32,465,912,EPSG:4326,-9999.0,-9999.0,1.0,0,0,287637,287637,424080,575274,135.65223542727787
data,ndvi16,2022,ndvi16_2022_20220218.tif,/Users/sammit/Desktop/Projects/Prometheus/data_processed_normalized/ndvi16/2022/ndvi16_2022_20220218.tif,True,,float32,465,912,EPSG:4326,-9999.0,-9999.0,0.9049209952354431,0,0,284679,284679,424080,569358,134.2572156196944
data,ndvi16,2022,ndvi16_2022_20220306.tif,/Users/sammit/Desktop/Projects/Prometheus/data_processed_normalized/ndvi16/2022/ndvi16_2022_20220306.tif,True,,float32,465,912,EPSG:4326,-9999.0,-9999.0,0.9045159816741943,0,0,281570,281570,424080,563140,132.79098283342765
data,ndvi16,2022,ndvi16_2022_20220322.tif,/Users/sammit/Desktop/Projects/Prometheus/data_processed_normalized/ndvi16/2022/ndvi16_2022_20220322.tif,True,,float32,465,912,EPSG:4326,-9999.0,-9999.0,0.8964155316352844,0,0,274090,274090,424080,548180,129.263346538389
data,ndvi16,2022,ndvi16_2022_20220407.tif,/Users/sammit/Desktop/Projects/Prometheus/data_processed_normalized/ndvi16/2022/ndvi16_2022_20220407.tif,True,,float32,465,912,EPSG:4326,-9999.0,-9999.0,0.910692572593689,0,0,268843,268843,424080,537686,126.78881343142804
data,ndvi16,2022,ndvi16_2022_20220423.tif,/Users/sammit/Desktop/Projects/Prometheus/data_processed_normalized/ndvi16/2022/ndvi16_2022_20220423.tif,True,,float32,465,912,EPSG:4326,-9999.0,-9999.0,0.9080598950386047,0,0,267128,267128,424080,534256,125.98000377287305
data,ndvi16,2022,ndvi16_2022_20220509.tif,/Users/sammit/Desktop/Projects/Prometheus/data_processed_normalized/ndvi16/2022/ndvi16_2022_20220509.tif,True,,float32,465,912,EPSG:4326,-9999.0,-9999.0,0.952916145324707,0,0,265412,265412,424080,530824,125.1707225051877
data,ndvi16,2022,ndvi16_2022_20220525.tif,/Users/sammit/Desktop/Projects/Prometheus/data_processed_normalized/ndvi16/2022/ndvi16_2022_20220525.tif,True,,float32,465,912,EPSG:4326,-9999.0,-9999.0,0.9385378956794739,0,0,264994,264994,424080,529988,124.97358988870025
data,ndvi16,2023,ndvi16_2023_20230101.tif,/Users/sammit/Desktop/Projects/Prometheus/data_processed_normalized/ndvi16/2023/ndvi16_2023_20230101.tif,True,,float32,465,912,EPSG:4326,-9999.0,-9999.0,0.9348926544189453,0,0,270804,270804,424080,541608,127.7136389360498
data,ndvi16,2023,ndvi16_2023_20230117.tif,/Users/sammit/Desktop/Projects/Prometheus/data_processed_normalized/ndvi16/2023/ndvi16_2023_20230117.tif,True,,float32,465,912,EPSG:4326,-9999.0,-9999.0,0.9145402312278748,0,0,273442,273442,424080,546884,128.9577438219204
data,ndvi16,2023,ndvi16_2023_20230202.tif,/Users/sammit/Desktop/Projects/Prometheus/data_processed_normalized/ndvi16/2023/ndvi16_2023_20230202.tif,True,,float32,465,912,EPSG:4326,-9999.0,-9999.0,0.907452404499054,0,0,272476,272476,424080,544952,128.50216940199962
data,ndvi16,2023,ndvi16_2023_20230218.tif,/Users/sammit/Desktop/Projects/Prometheus/data_processed_normalized/ndvi16/2023/ndvi16_2023_20230218.tif,True,,float32,465,912,EPSG:4326,-9999.0,-9999.0,0.8608748316764832,0,0,269689,269689,424080,539378,127.18779475570648
data,ndvi16,2023,ndvi16_2023_20230306.tif,/Users/sammit/Desktop/Projects/Prometheus/data_processed_normalized/ndvi16/2023/ndvi16_2023_20230306.tif,True,,float32,465,912,EPSG:4326,-9999.0,-9999.0,0.8924665451049805,0,0,272064,272064,424080,544128,128.30786644029428
data,ndvi16,2023,ndvi16_2023_20230322.tif,/Users/sammit/Desktop/Projects/Prometheus/data_processed_normalized/ndvi16/2023/ndvi16_2023_20230322.tif,True,,float32,465,912,EPSG:4326,-9999.0,-9999.0,0.9294248819351196,0,0,279277,279277,424080,558554,131.70958309752876
data,ndvi16,2023,ndvi16_2023_20230407.tif,/Users/sammit/Desktop/Projects/Prometheus/data_processed_normalized/ndvi16/2023/ndvi16_2023_20230407.tif,True,,float32,465,912,EPSG:4326,-9999.0,-9999.0,0.9189954996109009,0,0,276270,276270,424080,552540,130.291454442558
data,ndvi16,2023,ndvi16_2023_20230423.tif,/Users/sammit/Desktop/Projects/Prometheus/data_processed_normalized/ndvi16/2023/ndvi16_2023_20230423.tif,True,,float32,465,912,EPSG:4326,-9999.0,-9999.0,0.9569663405418396,0,0,280458,280458,424080,560916,132.26655348047538
data,ndvi16,2023,ndvi16_2023_20230509.tif,/Users/sammit/Desktop/Projects/Prometheus/data_processed_normalized/ndvi16/2023/ndvi16_2023_20230509.tif,True,,float32,465,912,EPSG:4326,-9999.0,-9999.0,0.9649655818939209,0,0,275141,275141,424080,550282,129.75900773438974
data,ndvi16,2023,ndvi16_2023_20230525.tif,/Users/sammit/Desktop/Projects/Prometheus/data_processed_normalized/ndvi16/2023/ndvi16_2023_20230525.tif,True,,float32,465,912,EPSG:4326,-9999.0,-9999.0,0.9551437497138977,0,0,270093,270093,424080,540186,127.37832484436899
data,ndvi16,2024,ndvi16_2024_20240101.tif,/Users/sammit/Desktop/Projects/Prometheus/data_processed_normalized/ndvi16/2024/ndvi16_2024_20240101.tif,True,,float32,465,912,EPSG:4326,-9999.0,-9999.0,0.9521060585975647,0,0,265033,265033,424080,530066,124.991982644784
data,ndvi16,2024,ndvi16_2024_20240117.tif,/Users/sammit/Desktop/Projects/Prometheus/data_processed_normalized/ndvi16/2024/ndvi16_2024_20240117.tif,True,,float32,465,912,EPSG:4326,-9999.0,-9999.0,0.9189954996109009,0,0,265313,265313,424080,530626,125.12403320128277
data,ndvi16,2024,ndvi16_2024_20240202.tif,/Users/sammit/Desktop/Projects/Prometheus/data_processed_normalized/ndvi16/2024/ndvi16_2024_20240202.tif,True,,float32,465,912,EPSG:4326,-9999.0,-9999.0,0.9198055863380432,0,0,268393,268393,424080,536786,126.5765893227693
data,ndvi16,2024,ndvi16_2024_20240218.tif,/Users/sammit/Desktop/Projects/Prometheus/data_processed_normalized/ndvi16/2024/ndvi16_2024_20240218.tif,True,,float32,465,912,EPSG:4326,-9999.0,-9999.0,0.8983393907546997,0,0,275106,275106,424080,550212,129.7425014148274
data,ndvi16,2024,ndvi16_2024_20240305.tif,/Users/sammit/Desktop/Projects/Prometheus/data_processed_normalized/ndvi16/2024/ndvi16_2024_20240305.tif,True,,float32,465,912,EPSG:4326,-9999.0,-9999.0,0.8903402090072632,0,0,278904,278904,424080,557808,131.53367289190717
data,ndvi16,2024,ndvi16_2024_20240321.tif,/Users/sammit/Desktop/Projects/Prometheus/data_processed_normalized/ndvi16/2024/ndvi16_2024_20240321.tif,True,,float32,465,912,EPSG:4326,-9999.0,-9999.0,0.8846698999404907,0,0,275880,275880,424080,551760,130.10752688172042
data,ndvi16,2024,ndvi16_2024_20240406.tif,/Users/sammit/Desktop/Projects/Prometheus/data_processed_normalized/ndvi16/2024/ndvi16_2024_20240406.tif,True,,float32,465,912,EPSG:4326,-9999.0,-9999.0,0.9283110499382019,0,0,269561,269561,424080,539122,127.12742878702132
data,ndvi16,2024,ndvi16_2024_20240422.tif,/Users/sammit/Desktop/Projects/Prometheus/data_processed_normalized/ndvi16/2024/ndvi16_2024_20240422.tif,True,,float32,465,912,EPSG:4326,-9999.0,-9999.0,0.949878454208374,0,0,265484,265484,424080,530968,125.2046783625731
data,ndvi16,2024,ndvi16_2024_20240508.tif,/Users/sammit/Desktop/Projects/Prometheus/data_processed_normalized/ndvi16/2024/ndvi16_2024_20240508.tif,True,,float32,465,912,EPSG:4326,-9999.0,-9999.0,0.9172741770744324,0,0,264629,264629,424080,529258,124.80145255612149
data,ndvi16,2024,ndvi16_2024_20240524.tif,/Users/sammit/Desktop/Projects/Prometheus/data_processed_normalized/ndvi16/2024/ndvi16_2024_20240524.tif,True,,float32,465,912,EPSG:4326,-9999.0,-9999.0,0.9476507902145386,0,0,261191,261191,424080,522382,123.18006036596869
data,ndvi16,2025,ndvi16_2025_20250101.tif,/Users/sammit/Desktop/Projects/Prometheus/data_processed_normalized/ndvi16/2025/ndvi16_2025_20250101.tif,True,,float32,465,912,EPSG:4326,-9999.0,-9999.0,0.9342851042747498,0,0,267543,267543,424080,535086,126.17572156196944
data,ndvi16,2025,ndvi16_2025_20250117.tif,/Users/sammit/Desktop/Projects/Prometheus/data_processed_normalized/ndvi16/2025/ndvi16_2025_20250117.tif,True,,float32,465,912,EPSG:4326,-9999.0,-9999.0,0.9579789042472839,0,0,266723,266723,424080,533446,125.78900207508018
data,ndvi16,2025,ndvi16_2025_20250202.tif,/Users/sammit/Desktop/Projects/Prometheus/data_processed_normalized/ndvi16/2025/ndvi16_2025_20250202.tif,True,,float32,465,912,EPSG:4326,-9999.0,-9999.0,0.913932740688324,0,0,265434,265434,424080,530868,125.18109790605546
data,ndvi16,2025,ndvi16_2025_20250218.tif,/Users/sammit/Desktop/Projects/Prometheus/data_processed_normalized/ndvi16/2025/ndvi16_2025_20250218.tif,True,,float32,465,912,EPSG:4326,-9999.0,-9999.0,0.8892263770103455,0,0,272766,272766,424080,545532,128.6389360498019
data,ndvi16,2025,ndvi16_2025_20250306.tif,/Users/sammit/Desktop/Projects/Prometheus/data_processed_normalized/ndvi16/2025/ndvi16_2025_20250306.tif,True,,float32,465,912,EPSG:4326,-9999.0,-9999.0,0.8869987726211548,0,0,277356,277356,424080,554712,130.8036219581211
data,ndvi16,2025,ndvi16_2025_20250322.tif,/Users/sammit/Desktop/Projects/Prometheus/data_processed_normalized/ndvi16/2025/ndvi16_2025_20250322.tif,True,,float32,465,912,EPSG:4326,-9999.0,-9999.0,0.8950992226600647,0,0,272026,272026,424080,544052,128.28994529334088
data,ndvi16,2025,ndvi16_2025_20250407.tif,/Users/sammit/Desktop/Projects/Prometheus/data_processed_normalized/ndvi16/2025/ndvi16_2025_20250407.tif,True,,float32,465,912,EPSG:4326,-9999.0,-9999.0,0.9178816676139832,0,0,269858,269858,424080,539716,127.26749669873608
data,ndvi16,2025,ndvi16_2025_20250423.tif,/Users/sammit/Desktop/Projects/Prometheus/data_processed_normalized/ndvi16/2025/ndvi16_2025_20250423.tif,True,,float32,465,912,EPSG:4326,-9999.0,-9999.0,0.8900364637374878,0,0,266581,266581,424080,533162,125.72203357857008
data,ndvi16,2025,ndvi16_2025_20250509.tif,/Users/sammit/Desktop/Projects/Prometheus/data_processed_normalized/ndvi16/2025/ndvi16_2025_20250509.tif,True,,float32,465,912,EPSG:4326,-9999.0,-9999.0,0.9350951313972473,0,0,264609,264609,424080,529218,124.79202037351443
data,ndvi16,2025,ndvi16_2025_20250525.tif,/Users/sammit/Desktop/Projects/Prometheus/data_processed_normalized/ndvi16/2025/ndvi16_2025_20250525.tif,True,,float32,465,912,EPSG:4326,-9999.0,-9999.0,0.9572701454162598,0,0,264773,264773,424080,529546,124.86936427089229
data,precip16,2018,precip16_2018_20180101.tif,/Users/sammit/Desktop/Projects/Prometheus/data_processed_normalized/precip16/2018/precip16_2018_20180101.tif,True,,float32,465,912,EPSG:4326,-9999.0,-9999.0,0.7426543831825256,0,0,256016,256016,424080,512032,120.73948311639313
data,precip16,2018,precip16_2018_20180117.tif,/Users/sammit/Desktop/Projects/Prometheus/data_processed_normalized/precip16/2018/precip16_2018_20180117.tif,True,,float32,465,912,EPSG:4326,-9999.0,-9999.0,0.8501883745193481,0,0,256016,256016,424080,512032,120.73948311639313
data,precip16,2018,precip16_2018_20180202.tif,/Users/sammit/Desktop/Projects/Prometheus/data_processed_normalized/precip16/2018/precip16_2018_20180202.tif,True,,float32,465,912,EPSG:4326,-9999.0,-9999.0,0.9649960398674011,0,0,256016,256016,424080,512032,120.73948311639313
data,precip16,2018,precip16_2018_20180218.tif,/Users/sammit/Desktop/Projects/Prometheus/data_processed_normalized/precip16/2018/precip16_2018_20180218.tif,True,,float32,465,912,EPSG:4326,-9999.0,-9999.0,0.9191630482673645,0,0,256016,256016,424080,512032,120.73948311639313
data,precip16,2018,precip16_2018_20180306.tif,/Users/sammit/Desktop/Projects/Prometheus/data_processed_normalized/precip16/2018/precip16_2018_20180306.tif,True,,float32,465,912,EPSG:4326,-9999.0,-9999.0,0.94572514295578,0,0,256016,256016,424080,512032,120.73948311639313
data,precip16,2018,precip16_2018_20180322.tif,/Users/sammit/Desktop/Projects/Prometheus/data_processed_normalized/precip16/2018/precip16_2018_20180322.tif,True,,float32,465,912,EPSG:4326,-9999.0,-9999.0,0.8517556190490723,0,0,256016,256016,424080,512032,120.73948311639313
data,precip16,2018,precip16_2018_20180407.tif,/Users/sammit/Desktop/Projects/Prometheus/data_processed_normalized/precip16/2018/precip16_2018_20180407.tif,True,,float32,465,912,EPSG:4326,-9999.0,-9999.0,0.9302120804786682,0,0,256016,256016,424080,512032,120.73948311639313
data,precip16,2018,precip16_2018_20180423.tif,/Users/sammit/Desktop/Projects/Prometheus/data_processed_normalized/precip16/2018/precip16_2018_20180423.tif,True,,float32,465,912,EPSG:4326,-9999.0,-9999.0,0.8868540525436401,0,0,256016,256016,424080,512032,120.73948311639313
data,precip16,2018,precip16_2018_20180509.tif,/Users/sammit/Desktop/Projects/Prometheus/data_processed_normalized/precip16/2018/precip16_2018_20180509.tif,True,,float32,465,912,EPSG:4326,-9999.0,-9999.0,0.9575446248054504,0,0,256016,256016,424080,512032,120.73948311639313
data,precip16,2018,precip16_2018_20180525.tif,/Users/sammit/Desktop/Projects/Prometheus/data_processed_normalized/precip16/2018/precip16_2018_20180525.tif,True,,float32,465,912,EPSG:4326,-9999.0,-9999.0,0.8668089509010315,0,0,256016,256016,424080,512032,120.73948311639313
data,precip16,2019,precip16_2019_20190101.tif,/Users/sammit/Desktop/Projects/Prometheus/data_processed_normalized/precip16/2019/precip16_2019_20190101.tif,True,,float32,465,912,EPSG:4326,-9999.0,-9999.0,0.8099128007888794,0,0,256016,256016,424080,512032,120.73948311639313
data,precip16,2019,precip16_2019_20190117.tif,/Users/sammit/Desktop/Projects/Prometheus/data_processed_normalized/precip16/2019/precip16_2019_20190117.tif,True,,float32,465,912,EPSG:4326,-9999.0,-9999.0,0.8660323619842529,0,0,256016,256016,424080,512032,120.73948311639313
data,precip16,2019,precip16_2019_20190202.tif,/Users/sammit/Desktop/Projects/Prometheus/data_processed_normalized/precip16/2019/precip16_2019_20190202.tif,True,,float32,465,912,EPSG:4326,-9999.0,-9999.0,0.9295536875724792,0,0,256016,256016,424080,512032,120.73948311639313
data,precip16,2019,precip16_2019_20190218.tif,/Users/sammit/Desktop/Projects/Prometheus/data_processed_normalized/precip16/2019/precip16_2019_20190218.tif,True,,float32,465,912,EPSG:4326,-9999.0,-9999.0,0.9921544194221497,0,0,256016,256016,424080,512032,120.73948311639313
data,precip16,2019,precip16_2019_20190306.tif,/Users/sammit/Desktop/Projects/Prometheus/data_processed_normalized/precip16/2019/precip16_2019_20190306.tif,True,,float32,465,912,EPSG:4326,-9999.0,-9999.0,0.9658192992210388,0,0,256016,256016,424080,512032,120.73948311639313
data,precip16,2019,precip16_2019_20190322.tif,/Users/sammit/Desktop/Projects/Prometheus/data_processed_normalized/precip16/2019/precip16_2019_20190322.tif,True,,float32,465,912,EPSG:4326,-9999.0,-9999.0,0.8509876728057861,0,0,256016,256016,424080,512032,120.73948311639313
data,precip16,2019,precip16_2019_20190407.tif,/Users/sammit/Desktop/Projects/Prometheus/data_processed_normalized/precip16/2019/precip16_2019_20190407.tif,True,,float32,465,912,EPSG:4326,-9999.0,-9999.0,0.8177925944328308,0,0,256016,256016,424080,512032,120.73948311639313
data,precip16,2019,precip16_2019_20190423.tif,/Users/sammit/Desktop/Projects/Prometheus/data_processed_normalized/precip16/2019/precip16_2019_20190423.tif,True,,float32,465,912,EPSG:4326,-9999.0,-9999.0,0.9543536901473999,0,0,256016,256016,424080,512032,120.73948311639313
data,precip16,2019,precip16_2019_20190509.tif,/Users/sammit/Desktop/Projects/Prometheus/data_processed_normalized/precip16/2019/precip16_2019_20190509.tif,True,,float32,465,912,EPSG:4326,-9999.0,-9999.0,0.9456907510757446,0,0,256016,256016,424080,512032,120.73948311639313
data,precip16,2019,precip16_2019_20190525.tif,/Users/sammit/Desktop/Projects/Prometheus/data_processed_normalized/precip16/2019/precip16_2019_20190525.tif,True,,float32,465,912,EPSG:4326,-9999.0,-9999.0,0.8333379030227661,0,0,256016,256016,424080,512032,120.73948311639313
data,precip16,2020,precip16_2020_20200101.tif,/Users/sammit/Desktop/Projects/Prometheus/data_processed_normalized/precip16/2020/precip16_2020_20200101.tif,True,,float32,465,912,EPSG:4326,-9999.0,-9999.0,0.9100601673126221,0,0,256016,256016,424080,512032,120.73948311639313
data,precip16,2020,precip16_2020_20200117.tif,/Users/sammit/Desktop/Projects/Prometheus/data_processed_normalized/precip16/2020/precip16_2020_20200117.tif,True,,float32,465,912,EPSG:4326,-9999.0,-9999.0,0.9818422198295593,0,0,256016,256016,424080,512032,120.73948311639313
data,precip16,2020,precip16_2020_20200202.tif,/Users/sammit/Desktop/Projects/Prometheus/data_processed_normalized/precip16/2020/precip16_2020_20200202.tif,True,,float32,465,912,EPSG:4326,-9999.0,-9999.0,0.8878028392791748,0,0,256016,256016,424080,512032,120.73948311639313
data,precip16,2020,precip16_2020_20200218.tif,/Users/sammit/Desktop/Projects/Prometheus/data_processed_normalized/precip16/2020/precip16_2020_20200218.tif,True,,float32,465,912,EPSG:4326,-9999.0,-9999.0,0.8891047239303589,0,0,256016,256016,424080,512032,120.73948311639313
data,precip16,2020,precip16_2020_20200305.tif,/Users/sammit/Desktop/Projects/Prometheus/data_processed_normalized/precip16/2020/precip16_2020_20200305.tif,True,,float32,465,912,EPSG:4326,-9999.0,-9999.0,0.9565879106521606,0,0,256016,256016,424080,512032,120.73948311639313
data,precip16,2020,precip16_2020_20200321.tif,/Users/sammit/Desktop/Projects/Prometheus/data_processed_normalized/precip16/2020/precip16_2020_20200321.tif,True,,float32,465,912,EPSG:4326,-9999.0,-9999.0,0.9209303259849548,0,0,256016,256016,424080,512032,120.73948311639313
data,precip16,2020,precip16_2020_20200406.tif,/Users/sammit/Desktop/Projects/Prometheus/data_processed_normalized/precip16/2020/precip16_2020_20200406.tif,True,,float32,465,912,EPSG:4326,-9999.0,-9999.0,0.8972499370574951,0,0,256016,256016,424080,512032,120.73948311639313
data,precip16,2020,precip16_2020_20200422.tif,/Users/sammit/Desktop/Projects/Prometheus/data_processed_normalized/precip16/2020/precip16_2020_20200422.tif,True,,float32,465,912,EPSG:4326,-9999.0,-9999.0,0.8682268857955933,0,0,256016,256016,424080,512032,120.73948311639313
data,precip16,2020,precip16_2020_20200508.tif,/Users/sammit/Desktop/Projects/Prometheus/data_processed_normalized/precip16/2020/precip16_2020_20200508.tif,True,,float32,465,912,EPSG:4326,-9999.0,-9999.0,0.9058433175086975,0,0,256016,256016,424080,512032,120.73948311639313
data,precip16,2020,precip16_2020_20200524.tif,/Users/sammit/Desktop/Projects/Prometheus/data_processed_normalized/precip16/2020/precip16_2020_20200524.tif,True,,float32,465,912,EPSG:4326,-9999.0,-9999.0,0.8835156559944153,0,0,256016,256016,424080,512032,120.73948311639313
data,precip16,2021,precip16_2021_20210101.tif,/Users/sammit/Desktop/Projects/Prometheus/data_processed_normalized/precip16/2021/precip16_2021_20210101.tif,True,,float32,465,912,EPSG:4326,-9999.0,-9999.0,0.891052782535553,0,0,256016,256016,424080,512032,120.73948311639313
data,precip16,2021,precip16_2021_20210117.tif,/Users/sammit/Desktop/Projects/Prometheus/data_processed_normalized/precip16/2021/precip16_2021_20210117.tif,True,,float32,465,912,EPSG:4326,-9999.0,-9999.0,0.8805476427078247,0,0,256016,256016,424080,512032,120.73948311639313
data,precip16,2021,precip16_2021_20210202.tif,/Users/sammit/Desktop/Projects/Prometheus/data_processed_normalized/precip16/2021/precip16_2021_20210202.tif,True,,float32,465,912,EPSG:4326,-9999.0,-9999.0,0.8916942477226257,0,0,256016,256016,424080,512032,120.73948311639313
data,precip16,2021,precip16_2021_20210218.tif,/Users/sammit/Desktop/Projects/Prometheus/data_processed_normalized/precip16/2021/precip16_2021_20210218.tif,True,,float32,465,912,EPSG:4326,-9999.0,-9999.0,0.8592684268951416,0,0,256016,256016,424080,512032,120.73948311639313
data,precip16,2021,precip16_2021_20210306.tif,/Users/sammit/Desktop/Projects/Prometheus/data_processed_normalized/precip16/2021/precip16_2021_20210306.tif,True,,float32,465,912,EPSG:4326,-9999.0,-9999.0,0.915261447429657,0,0,256016,256016,424080,512032,120.73948311639313
data,precip16,2021,precip16_2021_20210322.tif,/Users/sammit/Desktop/Projects/Prometheus/data_processed_normalized/precip16/2021/precip16_2021_20210322.tif,True,,float32,465,912,EPSG:4326,-9999.0,-9999.0,0.8836472630500793,0,0,256016,256016,424080,512032,120.73948311639313
data,precip16,2021,precip16_2021_20210407.tif,/Users/sammit/Desktop/Projects/Prometheus/data_processed_normalized/precip16/2021/precip16_2021_20210407.tif,True,,float32,465,912,EPSG:4326,-9999.0,-9999.0,0.9022565484046936,0,0,256016,256016,424080,512032,120.73948311639313
data,precip16,2021,precip16_2021_20210423.tif,/Users/sammit/Desktop/Projects/Prometheus/data_processed_normalized/precip16/2021/precip16_2021_20210423.tif,True,,float32,465,912,EPSG:4326,-9999.0,-9999.0,0.8524529337882996,0,0,256016,256016,424080,512032,120.73948311639313
data,precip16,2021,precip16_2021_20210509.tif,/Users/sammit/Desktop/Projects/Prometheus/data_processed_normalized/precip16/2021/precip16_2021_20210509.tif,True,,float32,465,912,EPSG:4326,-9999.0,-9999.0,0.9686051607131958,0,0,256016,256016,424080,512032,120.73948311639313
data,precip16,2021,precip16_2021_20210525.tif,/Users/sammit/Desktop/Projects/Prometheus/data_processed_normalized/precip16/2021/precip16_2021_20210525.tif,True,,float32,465,912,EPSG:4326,-9999.0,-9999.0,0.8618548512458801,0,0,256016,256016,424080,512032,120.73948311639313
data,precip16,2022,precip16_2022_20220101.tif,/Users/sammit/Desktop/Projects/Prometheus/data_processed_normalized/precip16/2022/precip16_2022_20220101.tif,True,,float32,465,912,EPSG:4326,-9999.0,-9999.0,0.865999698638916,0,0,256016,256016,424080,512032,120.73948311639313
data,precip16,2022,precip16_2022_20220117.tif,/Users/sammit/Desktop/Projects/Prometheus/data_processed_normalized/precip16/2022/precip16_2022_20220117.tif,True,,float32,465,912,EPSG:4326,-9999.0,-9999.0,0.8635299801826477,0,0,256016,256016,424080,512032,120.73948311639313
data,precip16,2022,precip16_2022_20220202.tif,/Users/sammit/Desktop/Projects/Prometheus/data_processed_normalized/precip16/2022/precip16_2022_20220202.tif,True,,float32,465,912,EPSG:4326,-9999.0,-9999.0,0.9121779203414917,0,0,256016,256016,424080,512032,120.73948311639313
data,precip16,2022,precip16_2022_20220218.tif,/Users/sammit/Desktop/Projects/Prometheus/data_processed_normalized/precip16/2022/precip16_2022_20220218.tif,True,,float32,465,912,EPSG:4326,-9999.0,-9999.0,0.9774967432022095,0,0,256016,256016,424080,512032,120.73948311639313
data,precip16,2022,precip16_2022_20220306.tif,/Users/sammit/Desktop/Projects/Prometheus/data_processed_normalized/precip16/2022/precip16_2022_20220306.tif,True,,float32,465,912,EPSG:4326,-9999.0,-9999.0,0.7145488262176514,0,0,256016,256016,424080,512032,120.73948311639313
data,precip16,2022,precip16_2022_20220322.tif,/Users/sammit/Desktop/Projects/Prometheus/data_processed_normalized/precip16/2022/precip16_2022_20220322.tif,True,,float32,465,912,EPSG:4326,-9999.0,-9999.0,0.925031304359436,0,0,256016,256016,424080,512032,120.73948311639313
data,precip16,2022,precip16_2022_20220407.tif,/Users/sammit/Desktop/Projects/Prometheus/data_processed_normalized/precip16/2022/precip16_2022_20220407.tif,True,,float32,465,912,EPSG:4326,-9999.0,-9999.0,0.873988151550293,0,0,256016,256016,424080,512032,120.73948311639313
data,precip16,2022,precip16_2022_20220423.tif,/Users/sammit/Desktop/Projects/Prometheus/data_processed_normalized/precip16/2022/precip16_2022_20220423.tif,True,,float32,465,912,EPSG:4326,-9999.0,-9999.0,0.8691339492797852,0,0,256016,256016,424080,512032,120.73948311639313
data,precip16,2022,precip16_2022_20220509.tif,/Users/sammit/Desktop/Projects/Prometheus/data_processed_normalized/precip16/2022/precip16_2022_20220509.tif,True,,float32,465,912,EPSG:4326,-9999.0,-9999.0,1.0,0,0,256016,256016,424080,512032,120.73948311639313
data,precip16,2022,precip16_2022_20220525.tif,/Users/sammit/Desktop/Projects/Prometheus/data_processed_normalized/precip16/2022/precip16_2022_20220525.tif,True,,float32,465,912,EPSG:4326,-9999.0,-9999.0,0.7663418054580688,0,0,256016,256016,424080,512032,120.73948311639313
data,precip16,2023,precip16_2023_20230101.tif,/Users/sammit/Desktop/Projects/Prometheus/data_processed_normalized/precip16/2023/precip16_2023_20230101.tif,True,,float32,465,912,EPSG:4326,-9999.0,-9999.0,0.8006786704063416,0,0,256016,256016,424080,512032,120.73948311639313
data,precip16,2023,precip16_2023_20230117.tif,/Users/sammit/Desktop/Projects/Prometheus/data_processed_normalized/precip16/2023/precip16_2023_20230117.tif,True,,float32,465,912,EPSG:4326,-9999.0,-9999.0,0.933351993560791,0,0,256016,256016,424080,512032,120.73948311639313
data,precip16,2023,precip16_2023_20230202.tif,/Users/sammit/Desktop/Projects/Prometheus/data_processed_normalized/precip16/2023/precip16_2023_20230202.tif,True,,float32,465,912,EPSG:4326,-9999.0,-9999.0,0.9067969918251038,0,0,256016,256016,424080,512032,120.73948311639313
data,precip16,2023,precip16_2023_20230218.tif,/Users/sammit/Desktop/Projects/Prometheus/data_processed_normalized/precip16/2023/precip16_2023_20230218.tif,True,,float32,465,912,EPSG:4326,-9999.0,-9999.0,0.939410388469696,0,0,256016,256016,424080,512032,120.73948311639313
data,precip16,2023,precip16_2023_20230306.tif,/Users/sammit/Desktop/Projects/Prometheus/data_processed_normalized/precip16/2023/precip16_2023_20230306.tif,True,,float32,465,912,EPSG:4326,-9999.0,-9999.0,0.8635693192481995,0,0,256016,256016,424080,512032,120.73948311639313
data,precip16,2023,precip16_2023_20230322.tif,/Users/sammit/Desktop/Projects/Prometheus/data_processed_normalized/precip16/2023/precip16_2023_20230322.tif,True,,float32,465,912,EPSG:4326,-9999.0,-9999.0,0.9456168413162231,0,0,256016,256016,424080,512032,120.73948311639313
data,precip16,2023,precip16_2023_20230407.tif,/Users/sammit/Desktop/Projects/Prometheus/data_processed_normalized/precip16/2023/precip16_2023_20230407.tif,True,,float32,465,912,EPSG:4326,-9999.0,-9999.0,0.8560265898704529,0,0,256016,256016,424080,512032,120.73948311639313
data,precip16,2023,precip16_2023_20230423.tif,/Users/sammit/Desktop/Projects/Prometheus/data_processed_normalized/precip16/2023/precip16_2023_20230423.tif,True,,float32,465,912,EPSG:4326,-9999.0,-9999.0,0.9397493004798889,0,0,256016,256016,424080,512032,120.73948311639313
data,precip16,2023,precip16_2023_20230509.tif,/Users/sammit/Desktop/Projects/Prometheus/data_processed_normalized/precip16/2023/precip16_2023_20230509.tif,True,,float32,465,912,EPSG:4326,-9999.0,-9999.0,0.8940624594688416,0,0,256016,256016,424080,512032,120.73948311639313
data,precip16,2023,precip16_2023_20230525.tif,/Users/sammit/Desktop/Projects/Prometheus/data_processed_normalized/precip16/2023/precip16_2023_20230525.tif,True,,float32,465,912,EPSG:4326,-9999.0,-9999.0,0.7987631559371948,0,0,256016,256016,424080,512032,120.73948311639313
data,precip16,2024,precip16_2024_20240101.tif,/Users/sammit/Desktop/Projects/Prometheus/data_processed_normalized/precip16/2024/precip16_2024_20240101.tif,True,,float32,465,912,EPSG:4326,-9999.0,-9999.0,0.8642451763153076,0,0,256016,256016,424080,512032,120.73948311639313
data,precip16,2024,precip16_2024_20240117.tif,/Users/sammit/Desktop/Projects/Prometheus/data_processed_normalized/precip16/2024/precip16_2024_20240117.tif,True,,float32,465,912,EPSG:4326,-9999.0,-9999.0,0.8907403945922852,0,0,256016,256016,424080,512032,120.73948311639313
data,precip16,2024,precip16_2024_20240202.tif,/Users/sammit/Desktop/Projects/Prometheus/data_processed_normalized/precip16/2024/precip16_2024_20240202.tif,True,,float32,465,912,EPSG:4326,-9999.0,-9999.0,0.905413031578064,0,0,256016,256016,424080,512032,120.73948311639313
data,precip16,2024,precip16_2024_20240218.tif,/Users/sammit/Desktop/Projects/Prometheus/data_processed_normalized/precip16/2024/precip16_2024_20240218.tif,True,,float32,465,912,EPSG:4326,-9999.0,-9999.0,0.9759260416030884,0,0,256016,256016,424080,512032,120.73948311639313
data,precip16,2024,precip16_2024_20240305.tif,/Users/sammit/Desktop/Projects/Prometheus/data_processed_normalized/precip16/2024/precip16_2024_20240305.tif,True,,float32,465,912,EPSG:4326,-9999.0,-9999.0,0.911895751953125,0,0,256016,256016,424080,512032,120.73948311639313
data,precip16,2024,precip16_2024_20240321.tif,/Users/sammit/Desktop/Projects/Prometheus/data_processed_normalized/precip16/2024/precip16_2024_20240321.tif,True,,float32,465,912,EPSG:4326,-9999.0,-9999.0,0.8876827955245972,0,0,256016,256016,424080,512032,120.73948311639313
data,precip16,2024,precip16_2024_20240406.tif,/Users/sammit/Desktop/Projects/Prometheus/data_processed_normalized/precip16/2024/precip16_2024_20240406.tif,True,,float32,465,912,EPSG:4326,-9999.0,-9999.0,0.8443787097930908,0,0,256016,256016,424080,512032,120.73948311639313
data,precip16,2024,precip16_2024_20240422.tif,/Users/sammit/Desktop/Projects/Prometheus/data_processed_normalized/precip16/2024/precip16_2024_20240422.tif,True,,float32,465,912,EPSG:4326,-9999.0,-9999.0,0.7508746385574341,0,0,256016,256016,424080,512032,120.73948311639313
data,precip16,2024,precip16_2024_20240508.tif,/Users/sammit/Desktop/Projects/Prometheus/data_processed_normalized/precip16/2024/precip16_2024_20240508.tif,True,,float32,465,912,EPSG:4326,-9999.0,-9999.0,0.8618736863136292,0,0,256016,256016,424080,512032,120.73948311639313
data,precip16,2024,precip16_2024_20240524.tif,/Users/sammit/Desktop/Projects/Prometheus/data_processed_normalized/precip16/2024/precip16_2024_20240524.tif,True,,float32,465,912,EPSG:4326,-9999.0,-9999.0,0.7829657196998596,0,0,256016,256016,424080,512032,120.73948311639313
data,precip16,2025,precip16_2025_20250101.tif,/Users/sammit/Desktop/Projects/Prometheus/data_processed_normalized/precip16/2025/precip16_2025_20250101.tif,True,,float32,465,912,EPSG:4326,-9999.0,-9999.0,0.8416339755058289,0,0,256016,256016,424080,512032,120.73948311639313
data,precip16,2025,precip16_2025_20250117.tif,/Users/sammit/Desktop/Projects/Prometheus/data_processed_normalized/precip16/2025/precip16_2025_20250117.tif,True,,float32,465,912,EPSG:4326,-9999.0,-9999.0,0.889312744140625,0,0,256016,256016,424080,512032,120.73948311639313
data,precip16,2025,precip16_2025_20250202.tif,/Users/sammit/Desktop/Projects/Prometheus/data_processed_normalized/precip16/2025/precip16_2025_20250202.tif,True,,float32,465,912,EPSG:4326,-9999.0,-9999.0,0.9713767170906067,0,0,256016,256016,424080,512032,120.73948311639313
data,precip16,2025,precip16_2025_20250218.tif,/Users/sammit/Desktop/Projects/Prometheus/data_processed_normalized/precip16/2025/precip16_2025_20250218.tif,True,,float32,465,912,EPSG:4326,-9999.0,-9999.0,0.9615368843078613,0,0,256016,256016,424080,512032,120.73948311639313
data,precip16,2025,precip16_2025_20250306.tif,/Users/sammit/Desktop/Projects/Prometheus/data_processed_normalized/precip16/2025/precip16_2025_20250306.tif,True,,float32,465,912,EPSG:4326,-9999.0,-9999.0,0.9563487768173218,0,0,256016,256016,424080,512032,120.73948311639313
data,precip16,2025,precip16_2025_20250322.tif,/Users/sammit/Desktop/Projects/Prometheus/data_processed_normalized/precip16/2025/precip16_2025_20250322.tif,True,,float32,465,912,EPSG:4326,-9999.0,-9999.0,0.8711733222007751,0,0,256016,256016,424080,512032,120.73948311639313
data,precip16,2025,precip16_2025_20250407.tif,/Users/sammit/Desktop/Projects/Prometheus/data_processed_normalized/precip16/2025/precip16_2025_20250407.tif,True,,float32,465,912,EPSG:4326,-9999.0,-9999.0,0.8306416273117065,0,0,256016,256016,424080,512032,120.73948311639313
data,precip16,2025,precip16_2025_20250423.tif,/Users/sammit/Desktop/Projects/Prometheus/data_processed_normalized/precip16/2025/precip16_2025_20250423.tif,True,,float32,465,912,EPSG:4326,-9999.0,-9999.0,0.8746299743652344,0,0,256016,256016,424080,512032,120.73948311639313
data,precip16,2025,precip16_2025_20250509.tif,/Users/sammit/Desktop/Projects/Prometheus/data_processed_normalized/precip16/2025/precip16_2025_20250509.tif,True,,float32,465,912,EPSG:4326,-9999.0,-9999.0,0.9799816608428955,0,0,256016,256016,424080,512032,120.73948311639313
data,precip16,2025,precip16_2025_20250525.tif,/Users/sammit/Desktop/Projects/Prometheus/data_processed_normalized/precip16/2025/precip16_2025_20250525.tif,True,,float32,465,912,EPSG:4326,-9999.0,-9999.0,0.7690839171409607,0,0,256016,256016,424080,512032,120.73948311639313
data,rh16,2018,rh16_2018_20180101.tif,/Users/sammit/Desktop/Projects/Prometheus/data_processed_normalized/rh16/2018/rh16_2018_20180101.tif,True,,float32,465,912,EPSG:4326,-9999.0,-9999.0,0.8207706809043884,0,0,256016,256016,424080,512032,120.73948311639313
data,rh16,2018,rh16_2018_20180117.tif,/Users/sammit/Desktop/Projects/Prometheus/data_processed_normalized/rh16/2018/rh16_2018_20180117.tif,True,,float32,465,912,EPSG:4326,-9999.0,-9999.0,0.8747177720069885,0,0,256016,256016,424080,512032,120.73948311639313
data,rh16,2018,rh16_2018_20180202.tif,/Users/sammit/Desktop/Projects/Prometheus/data_processed_normalized/rh16/2018/rh16_2018_20180202.tif,True,,float32,465,912,EPSG:4326,-9999.0,-9999.0,0.8579214811325073,0,0,256016,256016,424080,512032,120.73948311639313
data,rh16,2018,rh16_2018_20180218.tif,/Users/sammit/Desktop/Projects/Prometheus/data_processed_normalized/rh16/2018/rh16_2018_20180218.tif,True,,float32,465,912,EPSG:4326,-9999.0,-9999.0,0.9120690822601318,0,0,256016,256016,424080,512032,120.73948311639313
data,rh16,2018,rh16_2018_20180306.tif,/Users/sammit/Desktop/Projects/Prometheus/data_processed_normalized/rh16/2018/rh16_2018_20180306.tif,True,,float32,465,912,EPSG:4326,-9999.0,-9999.0,0.8256323337554932,0,0,256016,256016,424080,512032,120.73948311639313
data,rh16,2018,rh16_2018_20180322.tif,/Users/sammit/Desktop/Projects/Prometheus/data_processed_normalized/rh16/2018/rh16_2018_20180322.tif,True,,float32,465,912,EPSG:4326,-9999.0,-9999.0,0.8062092065811157,0,0,256016,256016,424080,512032,120.73948311639313
data,rh16,2018,rh16_2018_20180407.tif,/Users/sammit/Desktop/Projects/Prometheus/data_processed_normalized/rh16/2018/rh16_2018_20180407.tif,True,,float32,465,912,EPSG:4326,-9999.0,-9999.0,0.9218987822532654,0,0,256016,256016,424080,512032,120.73948311639313
data,rh16,2018,rh16_2018_20180423.tif,/Users/sammit/Desktop/Projects/Prometheus/data_processed_normalized/rh16/2018/rh16_2018_20180423.tif,True,,float32,465,912,EPSG:4326,-9999.0,-9999.0,0.9006385207176208,0,0,256016,256016,424080,512032,120.73948311639313
data,rh16,2018,rh16_2018_20180509.tif,/Users/sammit/Desktop/Projects/Prometheus/data_processed_normalized/rh16/2018/rh16_2018_20180509.tif,True,,float32,465,912,EPSG:4326,-9999.0,-9999.0,0.9111820459365845,0,0,256016,256016,424080,512032,120.73948311639313
data,rh16,2018,rh16_2018_20180525.tif,/Users/sammit/Desktop/Projects/Prometheus/data_processed_normalized/rh16/2018/rh16_2018_20180525.tif,True,,float32,465,912,EPSG:4326,-9999.0,-9999.0,0.9755223989486694,0,0,256016,256016,424080,512032,120.73948311639313
data,rh16,2019,rh16_2019_20190101.tif,/Users/sammit/Desktop/Projects/Prometheus/data_processed_normalized/rh16/2019/rh16_2019_20190101.tif,True,,float32,465,912,EPSG:4326,-9999.0,-9999.0,0.7899606823921204,0,0,256016,256016,424080,512032,120.73948311639313
data,rh16,2019,rh16_2019_20190117.tif,/Users/sammit/Desktop/Projects/Prometheus/data_processed_normalized/rh16/2019/rh16_2019_20190117.tif,True,,float32,465,912,EPSG:4326,-9999.0,-9999.0,0.7795625329017639,0,0,256016,256016,424080,512032,120.73948311639313
data,rh16,2019,rh16_2019_20190202.tif,/Users/sammit/Desktop/Projects/Prometheus/data_processed_normalized/rh16/2019/rh16_2019_20190202.tif,True,,float32,465,912,EPSG:4326,-9999.0,-9999.0,0.804743766784668,0,0,256016,256016,424080,512032,120.73948311639313
data,rh16,2019,rh16_2019_20190218.tif,/Users/sammit/Desktop/Projects/Prometheus/data_processed_normalized/rh16/2019/rh16_2019_20190218.tif,True,,float32,465,912,EPSG:4326,-9999.0,-9999.0,0.8962592482566833,0,0,256016,256016,424080,512032,120.73948311639313
data,rh16,2019,rh16_2019_20190306.tif,/Users/sammit/Desktop/Projects/Prometheus/data_processed_normalized/rh16/2019/rh16_2019_20190306.tif,True,,float32,465,912,EPSG:4326,-9999.0,-9999.0,0.8983993530273438,0,0,256016,256016,424080,512032,120.73948311639313
data,rh16,2019,rh16_2019_20190322.tif,/Users/sammit/Desktop/Projects/Prometheus/data_processed_normalized/rh16/2019/rh16_2019_20190322.tif,True,,float32,465,912,EPSG:4326,-9999.0,-9999.0,0.8602395057678223,0,0,256016,256016,424080,512032,120.73948311639313
data,rh16,2019,rh16_2019_20190407.tif,/Users/sammit/Desktop/Projects/Prometheus/data_processed_normalized/rh16/2019/rh16_2019_20190407.tif,True,,float32,465,912,EPSG:4326,-9999.0,-9999.0,0.8512824177742004,0,0,256016,256016,424080,512032,120.73948311639313
data,rh16,2019,rh16_2019_20190423.tif,/Users/sammit/Desktop/Projects/Prometheus/data_processed_normalized/rh16/2019/rh16_2019_20190423.tif,True,,float32,465,912,EPSG:4326,-9999.0,-9999.0,0.8984557390213013,0,0,256016,256016,424080,512032,120.73948311639313
data,rh16,2019,rh16_2019_20190509.tif,/Users/sammit/Desktop/Projects/Prometheus/data_processed_normalized/rh16/2019/rh16_2019_20190509.tif,True,,float32,465,912,EPSG:4326,-9999.0,-9999.0,0.9285815358161926,0,0,256016,256016,424080,512032,120.73948311639313
data,rh16,2019,rh16_2019_20190525.tif,/Users/sammit/Desktop/Projects/Prometheus/data_processed_normalized/rh16/2019/rh16_2019_20190525.tif,True,,float32,465,912,EPSG:4326,-9999.0,-9999.0,0.973666250705719,0,0,256016,256016,424080,512032,120.73948311639313
data,rh16,2020,rh16_2020_20200101.tif,/Users/sammit/Desktop/Projects/Prometheus/data_processed_normalized/rh16/2020/rh16_2020_20200101.tif,True,,float32,465,912,EPSG:4326,-9999.0,-9999.0,0.8543176651000977,0,0,256016,256016,424080,512032,120.73948311639313
data,rh16,2020,rh16_2020_20200117.tif,/Users/sammit/Desktop/Projects/Prometheus/data_processed_normalized/rh16/2020/rh16_2020_20200117.tif,True,,float32,465,912,EPSG:4326,-9999.0,-9999.0,0.908732533454895,0,0,256016,256016,424080,512032,120.73948311639313
data,rh16,2020,rh16_2020_20200202.tif,/Users/sammit/Desktop/Projects/Prometheus/data_processed_normalized/rh16/2020/rh16_2020_20200202.tif,True,,float32,465,912,EPSG:4326,-9999.0,-9999.0,0.8350200653076172,0,0,256016,256016,424080,512032,120.73948311639313
data,rh16,2020,rh16_2020_20200218.tif,/Users/sammit/Desktop/Projects/Prometheus/data_processed_normalized/rh16/2020/rh16_2020_20200218.tif,True,,float32,465,912,EPSG:4326,-9999.0,-9999.0,0.8527472615242004,0,0,256016,256016,424080,512032,120.73948311639313
data,rh16,2020,rh16_2020_20200305.tif,/Users/sammit/Desktop/Projects/Prometheus/data_processed_normalized/rh16/2020/rh16_2020_20200305.tif,True,,float32,465,912,EPSG:4326,-9999.0,-9999.0,0.9245898723602295,0,0,256016,256016,424080,512032,120.73948311639313
data,rh16,2020,rh16_2020_20200321.tif,/Users/sammit/Desktop/Projects/Prometheus/data_processed_normalized/rh16/2020/rh16_2020_20200321.tif,True,,float32,465,912,EPSG:4326,-9999.0,-9999.0,0.9010367393493652,0,0,256016,256016,424080,512032,120.73948311639313
data,rh16,2020,rh16_2020_20200406.tif,/Users/sammit/Desktop/Projects/Prometheus/data_processed_normalized/rh16/2020/rh16_2020_20200406.tif,True,,float32,465,912,EPSG:4326,-9999.0,-9999.0,0.8788071274757385,0,0,256016,256016,424080,512032,120.73948311639313
data,rh16,2020,rh16_2020_20200422.tif,/Users/sammit/Desktop/Projects/Prometheus/data_processed_normalized/rh16/2020/rh16_2020_20200422.tif,True,,float32,465,912,EPSG:4326,-9999.0,-9999.0,0.9406855702400208,0,0,256016,256016,424080,512032,120.73948311639313
data,rh16,2020,rh16_2020_20200508.tif,/Users/sammit/Desktop/Projects/Prometheus/data_processed_normalized/rh16/2020/rh16_2020_20200508.tif,True,,float32,465,912,EPSG:4326,-9999.0,-9999.0,0.9325523972511292,0,0,256016,256016,424080,512032,120.73948311639313
data,rh16,2020,rh16_2020_20200524.tif,/Users/sammit/Desktop/Projects/Prometheus/data_processed_normalized/rh16/2020/rh16_2020_20200524.tif,True,,float32,465,912,EPSG:4326,-9999.0,-9999.0,0.9463351964950562,0,0,256016,256016,424080,512032,120.73948311639313
data,rh16,2021,rh16_2021_20210101.tif,/Users/sammit/Desktop/Projects/Prometheus/data_processed_normalized/rh16/2021/rh16_2021_20210101.tif,True,,float32,465,912,EPSG:4326,-9999.0,-9999.0,0.8843411207199097,0,0,256016,256016,424080,512032,120.73948311639313
data,rh16,2021,rh16_2021_20210117.tif,/Users/sammit/Desktop/Projects/Prometheus/data_processed_normalized/rh16/2021/rh16_2021_20210117.tif,True,,float32,465,912,EPSG:4326,-9999.0,-9999.0,0.8832035660743713,0,0,256016,256016,424080,512032,120.73948311639313
data,rh16,2021,rh16_2021_20210202.tif,/Users/sammit/Desktop/Projects/Prometheus/data_processed_normalized/rh16/2021/rh16_2021_20210202.tif,True,,float32,465,912,EPSG:4326,-9999.0,-9999.0,0.7967529892921448,0,0,256016,256016,424080,512032,120.73948311639313
data,rh16,2021,rh16_2021_20210218.tif,/Users/sammit/Desktop/Projects/Prometheus/data_processed_normalized/rh16/2021/rh16_2021_20210218.tif,True,,float32,465,912,EPSG:4326,-9999.0,-9999.0,0.8623663187026978,0,0,256016,256016,424080,512032,120.73948311639313
data,rh16,2021,rh16_2021_20210306.tif,/Users/sammit/Desktop/Projects/Prometheus/data_processed_normalized/rh16/2021/rh16_2021_20210306.tif,True,,float32,465,912,EPSG:4326,-9999.0,-9999.0,0.9113955497741699,0,0,256016,256016,424080,512032,120.73948311639313
data,rh16,2021,rh16_2021_20210322.tif,/Users/sammit/Desktop/Projects/Prometheus/data_processed_normalized/rh16/2021/rh16_2021_20210322.tif,True,,float32,465,912,EPSG:4326,-9999.0,-9999.0,0.8870953917503357,0,0,256016,256016,424080,512032,120.73948311639313
data,rh16,2021,rh16_2021_20210407.tif,/Users/sammit/Desktop/Projects/Prometheus/data_processed_normalized/rh16/2021/rh16_2021_20210407.tif,True,,float32,465,912,EPSG:4326,-9999.0,-9999.0,0.9083406329154968,0,0,256016,256016,424080,512032,120.73948311639313
data,rh16,2021,rh16_2021_20210423.tif,/Users/sammit/Desktop/Projects/Prometheus/data_processed_normalized/rh16/2021/rh16_2021_20210423.tif,True,,float32,465,912,EPSG:4326,-9999.0,-9999.0,0.9068248867988586,0,0,256016,256016,424080,512032,120.73948311639313
data,rh16,2021,rh16_2021_20210509.tif,/Users/sammit/Desktop/Projects/Prometheus/data_processed_normalized/rh16/2021/rh16_2021_20210509.tif,True,,float32,465,912,EPSG:4326,-9999.0,-9999.0,0.9731707572937012,0,0,256016,256016,424080,512032,120.73948311639313
data,rh16,2021,rh16_2021_20210525.tif,/Users/sammit/Desktop/Projects/Prometheus/data_processed_normalized/rh16/2021/rh16_2021_20210525.tif,True,,float32,465,912,EPSG:4326,-9999.0,-9999.0,1.0,0,0,256016,256016,424080,512032,120.73948311639313
data,rh16,2022,rh16_2022_20220101.tif,/Users/sammit/Desktop/Projects/Prometheus/data_processed_normalized/rh16/2022/rh16_2022_20220101.tif,True,,float32,465,912,EPSG:4326,-9999.0,-9999.0,0.8498696088790894,0,0,256016,256016,424080,512032,120.73948311639313
data,rh16,2022,rh16_2022_20220117.tif,/Users/sammit/Desktop/Projects/Prometheus/data_processed_normalized/rh16/2022/rh16_2022_20220117.tif,True,,float32,465,912,EPSG:4326,-9999.0,-9999.0,0.8743100762367249,0,0,256016,256016,424080,512032,120.73948311639313
data,rh16,2022,rh16_2022_20220202.tif,/Users/sammit/Desktop/Projects/Prometheus/data_processed_normalized/rh16/2022/rh16_2022_20220202.tif,True,,float32,465,912,EPSG:4326,-9999.0,-9999.0,0.8696479797363281,0,0,256016,256016,424080,512032,120.73948311639313
data,rh16,2022,rh16_2022_20220218.tif,/Users/sammit/Desktop/Projects/Prometheus/data_processed_normalized/rh16/2022/rh16_2022_20220218.tif,True,,float32,465,912,EPSG:4326,-9999.0,-9999.0,0.9161480665206909,0,0,256016,256016,424080,512032,120.73948311639313
data,rh16,2022,rh16_2022_20220306.tif,/Users/sammit/Desktop/Projects/Prometheus/data_processed_normalized/rh16/2022/rh16_2022_20220306.tif,True,,float32,465,912,EPSG:4326,-9999.0,-9999.0,0.7324654459953308,0,0,256016,256016,424080,512032,120.73948311639313
data,rh16,2022,rh16_2022_20220322.tif,/Users/sammit/Desktop/Projects/Prometheus/data_processed_normalized/rh16/2022/rh16_2022_20220322.tif,True,,float32,465,912,EPSG:4326,-9999.0,-9999.0,0.9412082433700562,0,0,256016,256016,424080,512032,120.73948311639313
data,rh16,2022,rh16_2022_20220407.tif,/Users/sammit/Desktop/Projects/Prometheus/data_processed_normalized/rh16/2022/rh16_2022_20220407.tif,True,,float32,465,912,EPSG:4326,-9999.0,-9999.0,0.8985963463783264,0,0,256016,256016,424080,512032,120.73948311639313
data,rh16,2022,rh16_2022_20220423.tif,/Users/sammit/Desktop/Projects/Prometheus/data_processed_normalized/rh16/2022/rh16_2022_20220423.tif,True,,float32,465,912,EPSG:4326,-9999.0,-9999.0,0.9270908832550049,0,0,256016,256016,424080,512032,120.73948311639313
data,rh16,2022,rh16_2022_20220509.tif,/Users/sammit/Desktop/Projects/Prometheus/data_processed_normalized/rh16/2022/rh16_2022_20220509.tif,True,,float32,465,912,EPSG:4326,-9999.0,-9999.0,0.9818640947341919,0,0,256016,256016,424080,512032,120.73948311639313
data,rh16,2022,rh16_2022_20220525.tif,/Users/sammit/Desktop/Projects/Prometheus/data_processed_normalized/rh16/2022/rh16_2022_20220525.tif,True,,float32,465,912,EPSG:4326,-9999.0,-9999.0,0.9825795292854309,0,0,256016,256016,424080,512032,120.73948311639313
data,rh16,2023,rh16_2023_20230101.tif,/Users/sammit/Desktop/Projects/Prometheus/data_processed_normalized/rh16/2023/rh16_2023_20230101.tif,True,,float32,465,912,EPSG:4326,-9999.0,-9999.0,0.8063506484031677,0,0,256016,256016,424080,512032,120.73948311639313
data,rh16,2023,rh16_2023_20230117.tif,/Users/sammit/Desktop/Projects/Prometheus/data_processed_normalized/rh16/2023/rh16_2023_20230117.tif,True,,float32,465,912,EPSG:4326,-9999.0,-9999.0,0.9075273275375366,0,0,256016,256016,424080,512032,120.73948311639313
data,rh16,2023,rh16_2023_20230202.tif,/Users/sammit/Desktop/Projects/Prometheus/data_processed_normalized/rh16/2023/rh16_2023_20230202.tif,True,,float32,465,912,EPSG:4326,-9999.0,-9999.0,0.8752235770225525,0,0,256016,256016,424080,512032,120.73948311639313
data,rh16,2023,rh16_2023_20230218.tif,/Users/sammit/Desktop/Projects/Prometheus/data_processed_normalized/rh16/2023/rh16_2023_20230218.tif,True,,float32,465,912,EPSG:4326,-9999.0,-9999.0,0.8920031189918518,0,0,256016,256016,424080,512032,120.73948311639313
data,rh16,2023,rh16_2023_20230306.tif,/Users/sammit/Desktop/Projects/Prometheus/data_processed_normalized/rh16/2023/rh16_2023_20230306.tif,True,,float32,465,912,EPSG:4326,-9999.0,-9999.0,0.9050816893577576,0,0,256016,256016,424080,512032,120.73948311639313
data,rh16,2023,rh16_2023_20230322.tif,/Users/sammit/Desktop/Projects/Prometheus/data_processed_normalized/rh16/2023/rh16_2023_20230322.tif,True,,float32,465,912,EPSG:4326,-9999.0,-9999.0,0.951873779296875,0,0,256016,256016,424080,512032,120.73948311639313
data,rh16,2023,rh16_2023_20230407.tif,/Users/sammit/Desktop/Projects/Prometheus/data_processed_normalized/rh16/2023/rh16_2023_20230407.tif,True,,float32,465,912,EPSG:4326,-9999.0,-9999.0,0.9070237874984741,0,0,256016,256016,424080,512032,120.73948311639313
data,rh16,2023,rh16_2023_20230423.tif,/Users/sammit/Desktop/Projects/Prometheus/data_processed_normalized/rh16/2023/rh16_2023_20230423.tif,True,,float32,465,912,EPSG:4326,-9999.0,-9999.0,0.9628315567970276,0,0,256016,256016,424080,512032,120.73948311639313
data,rh16,2023,rh16_2023_20230509.tif,/Users/sammit/Desktop/Projects/Prometheus/data_processed_normalized/rh16/2023/rh16_2023_20230509.tif,True,,float32,465,912,EPSG:4326,-9999.0,-9999.0,0.8934193253517151,0,0,256016,256016,424080,512032,120.73948311639313
data,rh16,2023,rh16_2023_20230525.tif,/Users/sammit/Desktop/Projects/Prometheus/data_processed_normalized/rh16/2023/rh16_2023_20230525.tif,True,,float32,465,912,EPSG:4326,-9999.0,-9999.0,0.98676997423172,0,0,256016,256016,424080,512032,120.73948311639313
data,rh16,2024,rh16_2024_20240101.tif,/Users/sammit/Desktop/Projects/Prometheus/data_processed_normalized/rh16/2024/rh16_2024_20240101.tif,True,,float32,465,912,EPSG:4326,-9999.0,-9999.0,0.8155418038368225,0,0,256016,256016,424080,512032,120.73948311639313
data,rh16,2024,rh16_2024_20240117.tif,/Users/sammit/Desktop/Projects/Prometheus/data_processed_normalized/rh16/2024/rh16_2024_20240117.tif,True,,float32,465,912,EPSG:4326,-9999.0,-9999.0,0.9115137457847595,0,0,256016,256016,424080,512032,120.73948311639313
data,rh16,2024,rh16_2024_20240202.tif,/Users/sammit/Desktop/Projects/Prometheus/data_processed_normalized/rh16/2024/rh16_2024_20240202.tif,True,,float32,465,912,EPSG:4326,-9999.0,-9999.0,0.8234737515449524,0,0,256016,256016,424080,512032,120.73948311639313
data,rh16,2024,rh16_2024_20240218.tif,/Users/sammit/Desktop/Projects/Prometheus/data_processed_normalized/rh16/2024/rh16_2024_20240218.tif,True,,float32,465,912,EPSG:4326,-9999.0,-9999.0,0.9428531527519226,0,0,256016,256016,424080,512032,120.73948311639313
data,rh16,2024,rh16_2024_20240305.tif,/Users/sammit/Desktop/Projects/Prometheus/data_processed_normalized/rh16/2024/rh16_2024_20240305.tif,True,,float32,465,912,EPSG:4326,-9999.0,-9999.0,0.8996440172195435,0,0,256016,256016,424080,512032,120.73948311639313
data,rh16,2024,rh16_2024_20240321.tif,/Users/sammit/Desktop/Projects/Prometheus/data_processed_normalized/rh16/2024/rh16_2024_20240321.tif,True,,float32,465,912,EPSG:4326,-9999.0,-9999.0,0.9039859771728516,0,0,256016,256016,424080,512032,120.73948311639313
data,rh16,2024,rh16_2024_20240406.tif,/Users/sammit/Desktop/Projects/Prometheus/data_processed_normalized/rh16/2024/rh16_2024_20240406.tif,True,,float32,465,912,EPSG:4326,-9999.0,-9999.0,0.9049755930900574,0,0,256016,256016,424080,512032,120.73948311639313
data,rh16,2024,rh16_2024_20240422.tif,/Users/sammit/Desktop/Projects/Prometheus/data_processed_normalized/rh16/2024/rh16_2024_20240422.tif,True,,float32,465,912,EPSG:4326,-9999.0,-9999.0,0.885208010673523,0,0,256016,256016,424080,512032,120.73948311639313
data,rh16,2024,rh16_2024_20240508.tif,/Users/sammit/Desktop/Projects/Prometheus/data_processed_normalized/rh16/2024/rh16_2024_20240508.tif,True,,float32,465,912,EPSG:4326,-9999.0,-9999.0,0.9486474394798279,0,0,256016,256016,424080,512032,120.73948311639313
data,rh16,2024,rh16_2024_20240524.tif,/Users/sammit/Desktop/Projects/Prometheus/data_processed_normalized/rh16/2024/rh16_2024_20240524.tif,True,,float32,465,912,EPSG:4326,-9999.0,-9999.0,0.970517635345459,0,0,256016,256016,424080,512032,120.73948311639313
data,rh16,2025,rh16_2025_20250101.tif,/Users/sammit/Desktop/Projects/Prometheus/data_processed_normalized/rh16/2025/rh16_2025_20250101.tif,True,,float32,465,912,EPSG:4326,-9999.0,-9999.0,0.8283607959747314,0,0,256016,256016,424080,512032,120.73948311639313
data,rh16,2025,rh16_2025_20250117.tif,/Users/sammit/Desktop/Projects/Prometheus/data_processed_normalized/rh16/2025/rh16_2025_20250117.tif,True,,float32,465,912,EPSG:4326,-9999.0,-9999.0,0.9182268977165222,0,0,256016,256016,424080,512032,120.73948311639313
data,rh16,2025,rh16_2025_20250202.tif,/Users/sammit/Desktop/Projects/Prometheus/data_processed_normalized/rh16/2025/rh16_2025_20250202.tif,True,,float32,465,912,EPSG:4326,-9999.0,-9999.0,0.9288774728775024,0,0,256016,256016,424080,512032,120.73948311639313
data,rh16,2025,rh16_2025_20250218.tif,/Users/sammit/Desktop/Projects/Prometheus/data_processed_normalized/rh16/2025/rh16_2025_20250218.tif,True,,float32,465,912,EPSG:4326,-9999.0,-9999.0,0.8919569253921509,0,0,256016,256016,424080,512032,120.73948311639313
data,rh16,2025,rh16_2025_20250306.tif,/Users/sammit/Desktop/Projects/Prometheus/data_processed_normalized/rh16/2025/rh16_2025_20250306.tif,True,,float32,465,912,EPSG:4326,-9999.0,-9999.0,0.917576789855957,0,0,256016,256016,424080,512032,120.73948311639313
data,rh16,2025,rh16_2025_20250322.tif,/Users/sammit/Desktop/Projects/Prometheus/data_processed_normalized/rh16/2025/rh16_2025_20250322.tif,True,,float32,465,912,EPSG:4326,-9999.0,-9999.0,0.8405200839042664,0,0,256016,256016,424080,512032,120.73948311639313
data,rh16,2025,rh16_2025_20250407.tif,/Users/sammit/Desktop/Projects/Prometheus/data_processed_normalized/rh16/2025/rh16_2025_20250407.tif,True,,float32,465,912,EPSG:4326,-9999.0,-9999.0,0.8931876420974731,0,0,256016,256016,424080,512032,120.73948311639313
data,rh16,2025,rh16_2025_20250423.tif,/Users/sammit/Desktop/Projects/Prometheus/data_processed_normalized/rh16/2025/rh16_2025_20250423.tif,True,,float32,465,912,EPSG:4326,-9999.0,-9999.0,0.912696361541748,0,0,256016,256016,424080,512032,120.73948311639313
data,rh16,2025,rh16_2025_20250509.tif,/Users/sammit/Desktop/Projects/Prometheus/data_processed_normalized/rh16/2025/rh16_2025_20250509.tif,True,,float32,465,912,EPSG:4326,-9999.0,-9999.0,0.9730128049850464,0,0,256016,256016,424080,512032,120.73948311639313
data,rh16,2025,rh16_2025_20250525.tif,/Users/sammit/Desktop/Projects/Prometheus/data_processed_normalized/rh16/2025/rh16_2025_20250525.tif,True,,float32,465,912,EPSG:4326,-9999.0,-9999.0,0.9754469394683838,0,0,256016,256016,424080,512032,120.73948311639313
data,static,static,elevation_static_srtm.tif,/Users/sammit/Desktop/Projects/Prometheus/data_processed_normalized/static/elevation_static_srtm.tif,True,,float32,465,912,EPSG:4326,-9999.0,-9999.0,1.0,0,0,256016,256016,424080,512032,120.73948311639313
data,static,static,slope_static_srtm.tif,/Users/sammit/Desktop/Projects/Prometheus/data_processed_normalized/static/slope_static_srtm.tif,True,,float32,465,912,EPSG:4326,-9999.0,-9999.0,1.0,0,0,256024,256024,424080,512048,120.74325598943595
data,temp16,2018,temp16_2018_20180101.tif,/Users/sammit/Desktop/Projects/Prometheus/data_processed_normalized/temp16/2018/temp16_2018_20180101.tif,True,,float32,465,912,EPSG:4326,-9999.0,-9999.0,0.7056524157524109,0,0,256016,256016,424080,512032,120.73948311639313
data,temp16,2018,temp16_2018_20180117.tif,/Users/sammit/Desktop/Projects/Prometheus/data_processed_normalized/temp16/2018/temp16_2018_20180117.tif,True,,float32,465,912,EPSG:4326,-9999.0,-9999.0,0.7364187836647034,0,0,256016,256016,424080,512032,120.73948311639313
data,temp16,2018,temp16_2018_20180202.tif,/Users/sammit/Desktop/Projects/Prometheus/data_processed_normalized/temp16/2018/temp16_2018_20180202.tif,True,,float32,465,912,EPSG:4326,-9999.0,-9999.0,0.7678543329238892,0,0,256016,256016,424080,512032,120.73948311639313
data,temp16,2018,temp16_2018_20180218.tif,/Users/sammit/Desktop/Projects/Prometheus/data_processed_normalized/temp16/2018/temp16_2018_20180218.tif,True,,float32,465,912,EPSG:4326,-9999.0,-9999.0,0.8322203159332275,0,0,256016,256016,424080,512032,120.73948311639313
data,temp16,2018,temp16_2018_20180306.tif,/Users/sammit/Desktop/Projects/Prometheus/data_processed_normalized/temp16/2018/temp16_2018_20180306.tif,True,,float32,465,912,EPSG:4326,-9999.0,-9999.0,0.8756939768791199,0,0,256016,256016,424080,512032,120.73948311639313
data,temp16,2018,temp16_2018_20180322.tif,/Users/sammit/Desktop/Projects/Prometheus/data_processed_normalized/temp16/2018/temp16_2018_20180322.tif,True,,float32,465,912,EPSG:4326,-9999.0,-9999.0,0.9202169179916382,0,0,256016,256016,424080,512032,120.73948311639313
data,temp16,2018,temp16_2018_20180407.tif,/Users/sammit/Desktop/Projects/Prometheus/data_processed_normalized/temp16/2018/temp16_2018_20180407.tif,True,,float32,465,912,EPSG:4326,-9999.0,-9999.0,0.936995804309845,0,0,256016,256016,424080,512032,120.73948311639313
data,temp16,2018,temp16_2018_20180423.tif,/Users/sammit/Desktop/Projects/Prometheus/data_processed_normalized/temp16/2018/temp16_2018_20180423.tif,True,,float32,465,912,EPSG:4326,-9999.0,-9999.0,0.9426968097686768,0,0,256016,256016,424080,512032,120.73948311639313
data,temp16,2018,temp16_2018_20180509.tif,/Users/sammit/Desktop/Projects/Prometheus/data_processed_normalized/temp16/2018/temp16_2018_20180509.tif,True,,float32,465,912,EPSG:4326,-9999.0,-9999.0,0.9660795331001282,0,0,256016,256016,424080,512032,120.73948311639313
data,temp16,2018,temp16_2018_20180525.tif,/Users/sammit/Desktop/Projects/Prometheus/data_processed_normalized/temp16/2018/temp16_2018_20180525.tif,True,,float32,465,912,EPSG:4326,-9999.0,-9999.0,0.9984579682350159,0,0,256016,256016,424080,512032,120.73948311639313
data,temp16,2019,temp16_2019_20190101.tif,/Users/sammit/Desktop/Projects/Prometheus/data_processed_normalized/temp16/2019/temp16_2019_20190101.tif,True,,float32,465,912,EPSG:4326,-9999.0,-9999.0,0.7242385149002075,0,0,256016,256016,424080,512032,120.73948311639313
data,temp16,2019,temp16_2019_20190117.tif,/Users/sammit/Desktop/Projects/Prometheus/data_processed_normalized/temp16/2019/temp16_2019_20190117.tif,True,,float32,465,912,EPSG:4326,-9999.0,-9999.0,0.7494642734527588,0,0,256016,256016,424080,512032,120.73948311639313
data,temp16,2019,temp16_2019_20190202.tif,/Users/sammit/Desktop/Projects/Prometheus/data_processed_normalized/temp16/2019/temp16_2019_20190202.tif,True,,float32,465,912,EPSG:4326,-9999.0,-9999.0,0.7616767287254333,0,0,256016,256016,424080,512032,120.73948311639313
data,temp16,2019,temp16_2019_20190218.tif,/Users/sammit/Desktop/Projects/Prometheus/data_processed_normalized/temp16/2019/temp16_2019_20190218.tif,True,,float32,465,912,EPSG:4326,-9999.0,-9999.0,0.781562328338623,0,0,256016,256016,424080,512032,120.73948311639313
data,temp16,2019,temp16_2019_20190306.tif,/Users/sammit/Desktop/Projects/Prometheus/data_processed_normalized/temp16/2019/temp16_2019_20190306.tif,True,,float32,465,912,EPSG:4326,-9999.0,-9999.0,0.8545851111412048,0,0,256016,256016,424080,512032,120.73948311639313
data,temp16,2019,temp16_2019_20190322.tif,/Users/sammit/Desktop/Projects/Prometheus/data_processed_normalized/temp16/2019/temp16_2019_20190322.tif,True,,float32,465,912,EPSG:4326,-9999.0,-9999.0,0.8903759717941284,0,0,256016,256016,424080,512032,120.73948311639313
data,temp16,2019,temp16_2019_20190407.tif,/Users/sammit/Desktop/Projects/Prometheus/data_processed_normalized/temp16/2019/temp16_2019_20190407.tif,True,,float32,465,912,EPSG:4326,-9999.0,-9999.0,0.917315661907196,0,0,256016,256016,424080,512032,120.73948311639313
data,temp16,2019,temp16_2019_20190423.tif,/Users/sammit/Desktop/Projects/Prometheus/data_processed_normalized/temp16/2019/temp16_2019_20190423.tif,True,,float32,465,912,EPSG:4326,-9999.0,-9999.0,0.976803183555603,0,0,256016,256016,424080,512032,120.73948311639313
data,temp16,2019,temp16_2019_20190509.tif,/Users/sammit/Desktop/Projects/Prometheus/data_processed_normalized/temp16/2019/temp16_2019_20190509.tif,True,,float32,465,912,EPSG:4326,-9999.0,-9999.0,0.9881887435913086,0,0,256016,256016,424080,512032,120.73948311639313
data,temp16,2019,temp16_2019_20190525.tif,/Users/sammit/Desktop/Projects/Prometheus/data_processed_normalized/temp16/2019/temp16_2019_20190525.tif,True,,float32,465,912,EPSG:4326,-9999.0,-9999.0,1.0,0,0,256016,256016,424080,512032,120.73948311639313
data,temp16,2020,temp16_2020_20200101.tif,/Users/sammit/Desktop/Projects/Prometheus/data_processed_normalized/temp16/2020/temp16_2020_20200101.tif,True,,float32,465,912,EPSG:4326,-9999.0,-9999.0,0.7212045192718506,0,0,256016,256016,424080,512032,120.73948311639313
data,temp16,2020,temp16_2020_20200117.tif,/Users/sammit/Desktop/Projects/Prometheus/data_processed_normalized/temp16/2020/temp16_2020_20200117.tif,True,,float32,465,912,EPSG:4326,-9999.0,-9999.0,0.7222548127174377,0,0,256016,256016,424080,512032,120.73948311639313
data,temp16,2020,temp16_2020_20200202.tif,/Users/sammit/Desktop/Projects/Prometheus/data_processed_normalized/temp16/2020/temp16_2020_20200202.tif,True,,float32,465,912,EPSG:4326,-9999.0,-9999.0,0.7529386281967163,0,0,256016,256016,424080,512032,120.73948311639313
data,temp16,2020,temp16_2020_20200218.tif,/Users/sammit/Desktop/Projects/Prometheus/data_processed_normalized/temp16/2020/temp16_2020_20200218.tif,True,,float32,465,912,EPSG:4326,-9999.0,-9999.0,0.7984666228294373,0,0,256016,256016,424080,512032,120.73948311639313
data,temp16,2020,temp16_2020_20200305.tif,/Users/sammit/Desktop/Projects/Prometheus/data_processed_normalized/temp16/2020/temp16_2020_20200305.tif,True,,float32,465,912,EPSG:4326,-9999.0,-9999.0,0.8325567245483398,0,0,256016,256016,424080,512032,120.73948311639313
data,temp16,2020,temp16_2020_20200321.tif,/Users/sammit/Desktop/Projects/Prometheus/data_processed_normalized/temp16/2020/temp16_2020_20200321.tif,True,,float32,465,912,EPSG:4326,-9999.0,-9999.0,0.8951666951179504,0,0,256016,256016,424080,512032,120.73948311639313
data,temp16,2020,temp16_2020_20200406.tif,/Users/sammit/Desktop/Projects/Prometheus/data_processed_normalized/temp16/2020/temp16_2020_20200406.tif,True,,float32,465,912,EPSG:4326,-9999.0,-9999.0,0.9332177639007568,0,0,256016,256016,424080,512032,120.73948311639313
data,temp16,2020,temp16_2020_20200422.tif,/Users/sammit/Desktop/Projects/Prometheus/data_processed_normalized/temp16/2020/temp16_2020_20200422.tif,True,,float32,465,912,EPSG:4326,-9999.0,-9999.0,0.8914847373962402,0,0,256016,256016,424080,512032,120.73948311639313
data,temp16,2020,temp16_2020_20200508.tif,/Users/sammit/Desktop/Projects/Prometheus/data_processed_normalized/temp16/2020/temp16_2020_20200508.tif,True,,float32,465,912,EPSG:4326,-9999.0,-9999.0,0.9584158658981323,0,0,256016,256016,424080,512032,120.73948311639313
data,temp16,2020,temp16_2020_20200524.tif,/Users/sammit/Desktop/Projects/Prometheus/data_processed_normalized/temp16/2020/temp16_2020_20200524.tif,True,,float32,465,912,EPSG:4326,-9999.0,-9999.0,0.9817538857460022,0,0,256016,256016,424080,512032,120.73948311639313
data,temp16,2021,temp16_2021_20210101.tif,/Users/sammit/Desktop/Projects/Prometheus/data_processed_normalized/temp16/2021/temp16_2021_20210101.tif,True,,float32,465,912,EPSG:4326,-9999.0,-9999.0,0.7429185509681702,0,0,256016,256016,424080,512032,120.73948311639313
data,temp16,2021,temp16_2021_20210117.tif,/Users/sammit/Desktop/Projects/Prometheus/data_processed_normalized/temp16/2021/temp16_2021_20210117.tif,True,,float32,465,912,EPSG:4326,-9999.0,-9999.0,0.7188221216201782,0,0,256016,256016,424080,512032,120.73948311639313
data,temp16,2021,temp16_2021_20210202.tif,/Users/sammit/Desktop/Projects/Prometheus/data_processed_normalized/temp16/2021/temp16_2021_20210202.tif,True,,float32,465,912,EPSG:4326,-9999.0,-9999.0,0.7607489228248596,0,0,256016,256016,424080,512032,120.73948311639313
data,temp16,2021,temp16_2021_20210218.tif,/Users/sammit/Desktop/Projects/Prometheus/data_processed_normalized/temp16/2021/temp16_2021_20210218.tif,True,,float32,465,912,EPSG:4326,-9999.0,-9999.0,0.8283761143684387,0,0,256016,256016,424080,512032,120.73948311639313
data,temp16,2021,temp16_2021_20210306.tif,/Users/sammit/Desktop/Projects/Prometheus/data_processed_normalized/temp16/2021/temp16_2021_20210306.tif,True,,float32,465,912,EPSG:4326,-9999.0,-9999.0,0.8801564574241638,0,0,256016,256016,424080,512032,120.73948311639313
data,temp16,2021,temp16_2021_20210322.tif,/Users/sammit/Desktop/Projects/Prometheus/data_processed_normalized/temp16/2021/temp16_2021_20210322.tif,True,,float32,465,912,EPSG:4326,-9999.0,-9999.0,0.9154551029205322,0,0,256016,256016,424080,512032,120.73948311639313
data,temp16,2021,temp16_2021_20210407.tif,/Users/sammit/Desktop/Projects/Prometheus/data_processed_normalized/temp16/2021/temp16_2021_20210407.tif,True,,float32,465,912,EPSG:4326,-9999.0,-9999.0,0.9462119936943054,0,0,256016,256016,424080,512032,120.73948311639313
data,temp16,2021,temp16_2021_20210423.tif,/Users/sammit/Desktop/Projects/Prometheus/data_processed_normalized/temp16/2021/temp16_2021_20210423.tif,True,,float32,465,912,EPSG:4326,-9999.0,-9999.0,0.9423925280570984,0,0,256016,256016,424080,512032,120.73948311639313
data,temp16,2021,temp16_2021_20210509.tif,/Users/sammit/Desktop/Projects/Prometheus/data_processed_normalized/temp16/2021/temp16_2021_20210509.tif,True,,float32,465,912,EPSG:4326,-9999.0,-9999.0,0.9129375219345093,0,0,256016,256016,424080,512032,120.73948311639313
data,temp16,2021,temp16_2021_20210525.tif,/Users/sammit/Desktop/Projects/Prometheus/data_processed_normalized/temp16/2021/temp16_2021_20210525.tif,True,,float32,465,912,EPSG:4326,-9999.0,-9999.0,0.917312741279602,0,0,256016,256016,424080,512032,120.73948311639313
data,temp16,2022,temp16_2022_20220101.tif,/Users/sammit/Desktop/Projects/Prometheus/data_processed_normalized/temp16/2022/temp16_2022_20220101.tif,True,,float32,465,912,EPSG:4326,-9999.0,-9999.0,0.7274389863014221,0,0,256016,256016,424080,512032,120.73948311639313
data,temp16,2022,temp16_2022_20220117.tif,/Users/sammit/Desktop/Projects/Prometheus/data_processed_normalized/temp16/2022/temp16_2022_20220117.tif,True,,float32,465,912,EPSG:4326,-9999.0,-9999.0,0.706277072429657,0,0,256016,256016,424080,512032,120.73948311639313
data,temp16,2022,temp16_2022_20220202.tif,/Users/sammit/Desktop/Projects/Prometheus/data_processed_normalized/temp16/2022/temp16_2022_20220202.tif,True,,float32,465,912,EPSG:4326,-9999.0,-9999.0,0.718468964099884,0,0,256016,256016,424080,512032,120.73948311639313
data,temp16,2022,temp16_2022_20220218.tif,/Users/sammit/Desktop/Projects/Prometheus/data_processed_normalized/temp16/2022/temp16_2022_20220218.tif,True,,float32,465,912,EPSG:4326,-9999.0,-9999.0,0.7815726399421692,0,0,256016,256016,424080,512032,120.73948311639313
data,temp16,2022,temp16_2022_20220306.tif,/Users/sammit/Desktop/Projects/Prometheus/data_processed_normalized/temp16/2022/temp16_2022_20220306.tif,True,,float32,465,912,EPSG:4326,-9999.0,-9999.0,0.8911181092262268,0,0,256016,256016,424080,512032,120.73948311639313
data,temp16,2022,temp16_2022_20220322.tif,/Users/sammit/Desktop/Projects/Prometheus/data_processed_normalized/temp16/2022/temp16_2022_20220322.tif,True,,float32,465,912,EPSG:4326,-9999.0,-9999.0,0.9293266534805298,0,0,256016,256016,424080,512032,120.73948311639313
data,temp16,2022,temp16_2022_20220407.tif,/Users/sammit/Desktop/Projects/Prometheus/data_processed_normalized/temp16/2022/temp16_2022_20220407.tif,True,,float32,465,912,EPSG:4326,-9999.0,-9999.0,0.9578924775123596,0,0,256016,256016,424080,512032,120.73948311639313
data,temp16,2022,temp16_2022_20220423.tif,/Users/sammit/Desktop/Projects/Prometheus/data_processed_normalized/temp16/2022/temp16_2022_20220423.tif,True,,float32,465,912,EPSG:4326,-9999.0,-9999.0,0.9522411227226257,0,0,256016,256016,424080,512032,120.73948311639313
data,temp16,2022,temp16_2022_20220509.tif,/Users/sammit/Desktop/Projects/Prometheus/data_processed_normalized/temp16/2022/temp16_2022_20220509.tif,True,,float32,465,912,EPSG:4326,-9999.0,-9999.0,0.9671586155891418,0,0,256016,256016,424080,512032,120.73948311639313
data,temp16,2022,temp16_2022_20220525.tif,/Users/sammit/Desktop/Projects/Prometheus/data_processed_normalized/temp16/2022/temp16_2022_20220525.tif,True,,float32,465,912,EPSG:4326,-9999.0,-9999.0,0.9482071399688721,0,0,256016,256016,424080,512032,120.73948311639313
data,temp16,2023,temp16_2023_20230101.tif,/Users/sammit/Desktop/Projects/Prometheus/data_processed_normalized/temp16/2023/temp16_2023_20230101.tif,True,,float32,465,912,EPSG:4326,-9999.0,-9999.0,0.7096983790397644,0,0,256016,256016,424080,512032,120.73948311639313
data,temp16,2023,temp16_2023_20230117.tif,/Users/sammit/Desktop/Projects/Prometheus/data_processed_normalized/temp16/2023/temp16_2023_20230117.tif,True,,float32,465,912,EPSG:4326,-9999.0,-9999.0,0.7407176494598389,0,0,256016,256016,424080,512032,120.73948311639313
data,temp16,2023,temp16_2023_20230202.tif,/Users/sammit/Desktop/Projects/Prometheus/data_processed_normalized/temp16/2023/temp16_2023_20230202.tif,True,,float32,465,912,EPSG:4326,-9999.0,-9999.0,0.7712467312812805,0,0,256016,256016,424080,512032,120.73948311639313
data,temp16,2023,temp16_2023_20230218.tif,/Users/sammit/Desktop/Projects/Prometheus/data_processed_normalized/temp16/2023/temp16_2023_20230218.tif,True,,float32,465,912,EPSG:4326,-9999.0,-9999.0,0.8402479887008667,0,0,256016,256016,424080,512032,120.73948311639313
data,temp16,2023,temp16_2023_20230306.tif,/Users/sammit/Desktop/Projects/Prometheus/data_processed_normalized/temp16/2023/temp16_2023_20230306.tif,True,,float32,465,912,EPSG:4326,-9999.0,-9999.0,0.8450883030891418,0,0,256016,256016,424080,512032,120.73948311639313
data,temp16,2023,temp16_2023_20230322.tif,/Users/sammit/Desktop/Projects/Prometheus/data_processed_normalized/temp16/2023/temp16_2023_20230322.tif,True,,float32,465,912,EPSG:4326,-9999.0,-9999.0,0.8731472492218018,0,0,256016,256016,424080,512032,120.73948311639313
data,temp16,2023,temp16_2023_20230407.tif,/Users/sammit/Desktop/Projects/Prometheus/data_processed_normalized/temp16/2023/temp16_2023_20230407.tif,True,,float32,465,912,EPSG:4326,-9999.0,-9999.0,0.9703739881515503,0,0,256016,256016,424080,512032,120.73948311639313
data,temp16,2023,temp16_2023_20230423.tif,/Users/sammit/Desktop/Projects/Prometheus/data_processed_normalized/temp16/2023/temp16_2023_20230423.tif,True,,float32,465,912,EPSG:4326,-9999.0,-9999.0,0.9265093207359314,0,0,256016,256016,424080,512032,120.73948311639313
data,temp16,2023,temp16_2023_20230509.tif,/Users/sammit/Desktop/Projects/Prometheus/data_processed_normalized/temp16/2023/temp16_2023_20230509.tif,True,,float32,465,912,EPSG:4326,-9999.0,-9999.0,0.9836922287940979,0,0,256016,256016,424080,512032,120.73948311639313
data,temp16,2023,temp16_2023_20230525.tif,/Users/sammit/Desktop/Projects/Prometheus/data_processed_normalized/temp16/2023/temp16_2023_20230525.tif,True,,float32,465,912,EPSG:4326,-9999.0,-9999.0,0.9406277537345886,0,0,256016,256016,424080,512032,120.73948311639313
data,temp16,2024,temp16_2024_20240101.tif,/Users/sammit/Desktop/Projects/Prometheus/data_processed_normalized/temp16/2024/temp16_2024_20240101.tif,True,,float32,465,912,EPSG:4326,-9999.0,-9999.0,0.7345855236053467,0,0,256016,256016,424080,512032,120.73948311639313
data,temp16,2024,temp16_2024_20240117.tif,/Users/sammit/Desktop/Projects/Prometheus/data_processed_normalized/temp16/2024/temp16_2024_20240117.tif,True,,float32,465,912,EPSG:4326,-9999.0,-9999.0,0.7160757780075073,0,0,256016,256016,424080,512032,120.73948311639313
data,temp16,2024,temp16_2024_20240202.tif,/Users/sammit/Desktop/Projects/Prometheus/data_processed_normalized/temp16/2024/temp16_2024_20240202.tif,True,,float32,465,912,EPSG:4326,-9999.0,-9999.0,0.7488846778869629,0,0,256016,256016,424080,512032,120.73948311639313
data,temp16,2024,temp16_2024_20240218.tif,/Users/sammit/Desktop/Projects/Prometheus/data_processed_normalized/temp16/2024/temp16_2024_20240218.tif,True,,float32,465,912,EPSG:4326,-9999.0,-9999.0,0.7936474084854126,0,0,256016,256016,424080,512032,120.73948311639313
data,temp16,2024,temp16_2024_20240305.tif,/Users/sammit/Desktop/Projects/Prometheus/data_processed_normalized/temp16/2024/temp16_2024_20240305.tif,True,,float32,465,912,EPSG:4326,-9999.0,-9999.0,0.8474757671356201,0,0,256016,256016,424080,512032,120.73948311639313
data,temp16,2024,temp16_2024_20240321.tif,/Users/sammit/Desktop/Projects/Prometheus/data_processed_normalized/temp16/2024/temp16_2024_20240321.tif,True,,float32,465,912,EPSG:4326,-9999.0,-9999.0,0.9059118628501892,0,0,256016,256016,424080,512032,120.73948311639313
data,temp16,2024,temp16_2024_20240406.tif,/Users/sammit/Desktop/Projects/Prometheus/data_processed_normalized/temp16/2024/temp16_2024_20240406.tif,True,,float32,465,912,EPSG:4326,-9999.0,-9999.0,0.9646466970443726,0,0,256016,256016,424080,512032,120.73948311639313
data,temp16,2024,temp16_2024_20240422.tif,/Users/sammit/Desktop/Projects/Prometheus/data_processed_normalized/temp16/2024/temp16_2024_20240422.tif,True,,float32,465,912,EPSG:4326,-9999.0,-9999.0,0.9936487078666687,0,0,256016,256016,424080,512032,120.73948311639313
data,temp16,2024,temp16_2024_20240508.tif,/Users/sammit/Desktop/Projects/Prometheus/data_processed_normalized/temp16/2024/temp16_2024_20240508.tif,True,,float32,465,912,EPSG:4326,-9999.0,-9999.0,0.9717278480529785,0,0,256016,256016,424080,512032,120.73948311639313
data,temp16,2024,temp16_2024_20240524.tif,/Users/sammit/Desktop/Projects/Prometheus/data_processed_normalized/temp16/2024/temp16_2024_20240524.tif,True,,float32,465,912,EPSG:4326,-9999.0,-9999.0,1.0,0,0,256016,256016,424080,512032,120.73948311639313
data,temp16,2025,temp16_2025_20250101.tif,/Users/sammit/Desktop/Projects/Prometheus/data_processed_normalized/temp16/2025/temp16_2025_20250101.tif,True,,float32,465,912,EPSG:4326,-9999.0,-9999.0,0.7371315360069275,0,0,256016,256016,424080,512032,120.73948311639313
data,temp16,2025,temp16_2025_20250117.tif,/Users/sammit/Desktop/Projects/Prometheus/data_processed_normalized/temp16/2025/temp16_2025_20250117.tif,True,,float32,465,912,EPSG:4326,-9999.0,-9999.0,0.7466647624969482,0,0,256016,256016,424080,512032,120.73948311639313
data,temp16,2025,temp16_2025_20250202.tif,/Users/sammit/Desktop/Projects/Prometheus/data_processed_normalized/temp16/2025/temp16_2025_20250202.tif,True,,float32,465,912,EPSG:4326,-9999.0,-9999.0,0.768822193145752,0,0,256016,256016,424080,512032,120.73948311639313
data,temp16,2025,temp16_2025_20250218.tif,/Users/sammit/Desktop/Projects/Prometheus/data_processed_normalized/temp16/2025/temp16_2025_20250218.tif,True,,float32,465,912,EPSG:4326,-9999.0,-9999.0,0.8209448456764221,0,0,256016,256016,424080,512032,120.73948311639313
data,temp16,2025,temp16_2025_20250306.tif,/Users/sammit/Desktop/Projects/Prometheus/data_processed_normalized/temp16/2025/temp16_2025_20250306.tif,True,,float32,465,912,EPSG:4326,-9999.0,-9999.0,0.8651880621910095,0,0,256016,256016,424080,512032,120.73948311639313
data,temp16,2025,temp16_2025_20250322.tif,/Users/sammit/Desktop/Projects/Prometheus/data_processed_normalized/temp16/2025/temp16_2025_20250322.tif,True,,float32,465,912,EPSG:4326,-9999.0,-9999.0,0.9096771478652954,0,0,256016,256016,424080,512032,120.73948311639313
data,temp16,2025,temp16_2025_20250407.tif,/Users/sammit/Desktop/Projects/Prometheus/data_processed_normalized/temp16/2025/temp16_2025_20250407.tif,True,,float32,465,912,EPSG:4326,-9999.0,-9999.0,0.921112060546875,0,0,256016,256016,424080,512032,120.73948311639313
data,temp16,2025,temp16_2025_20250423.tif,/Users/sammit/Desktop/Projects/Prometheus/data_processed_normalized/temp16/2025/temp16_2025_20250423.tif,True,,float32,465,912,EPSG:4326,-9999.0,-9999.0,0.9428746700286865,0,0,256016,256016,424080,512032,120.73948311639313
data,temp16,2025,temp16_2025_20250509.tif,/Users/sammit/Desktop/Projects/Prometheus/data_processed_normalized/temp16/2025/temp16_2025_20250509.tif,True,,float32,465,912,EPSG:4326,-9999.0,-9999.0,0.9594131708145142,0,0,256016,256016,424080,512032,120.73948311639313
data,temp16,2025,temp16_2025_20250525.tif,/Users/sammit/Desktop/Projects/Prometheus/data_processed_normalized/temp16/2025/temp16_2025_20250525.tif,True,,float32,465,912,EPSG:4326,-9999.0,-9999.0,0.9794207215309143,0,0,256016,256016,424080,512032,120.73948311639313
data,vpd16,2018,vpd16_2018_20180101.tif,/Users/sammit/Desktop/Projects/Prometheus/data_processed_normalized/vpd16/2018/vpd16_2018_20180101.tif,True,,float32,465,912,EPSG:4326,-9999.0,-9999.0,0.17538896203041077,0,0,256016,256016,424080,512032,120.73948311639313
data,vpd16,2018,vpd16_2018_20180117.tif,/Users/sammit/Desktop/Projects/Prometheus/data_processed_normalized/vpd16/2018/vpd16_2018_20180117.tif,True,,float32,465,912,EPSG:4326,-9999.0,-9999.0,0.17178857326507568,0,0,256016,256016,424080,512032,120.73948311639313
data,vpd16,2018,vpd16_2018_20180202.tif,/Users/sammit/Desktop/Projects/Prometheus/data_processed_normalized/vpd16/2018/vpd16_2018_20180202.tif,True,,float32,465,912,EPSG:4326,-9999.0,-9999.0,0.2516137659549713,0,0,256016,256016,424080,512032,120.73948311639313
data,vpd16,2018,vpd16_2018_20180218.tif,/Users/sammit/Desktop/Projects/Prometheus/data_processed_normalized/vpd16/2018/vpd16_2018_20180218.tif,True,,float32,465,912,EPSG:4326,-9999.0,-9999.0,0.3702329099178314,0,0,256016,256016,424080,512032,120.73948311639313
data,vpd16,2018,vpd16_2018_20180306.tif,/Users/sammit/Desktop/Projects/Prometheus/data_processed_normalized/vpd16/2018/vpd16_2018_20180306.tif,True,,float32,465,912,EPSG:4326,-9999.0,-9999.0,0.5887188911437988,0,0,256016,256016,424080,512032,120.73948311639313
data,vpd16,2018,vpd16_2018_20180322.tif,/Users/sammit/Desktop/Projects/Prometheus/data_processed_normalized/vpd16/2018/vpd16_2018_20180322.tif,True,,float32,465,912,EPSG:4326,-9999.0,-9999.0,0.6626776456832886,0,0,256016,256016,424080,512032,120.73948311639313
data,vpd16,2018,vpd16_2018_20180407.tif,/Users/sammit/Desktop/Projects/Prometheus/data_processed_normalized/vpd16/2018/vpd16_2018_20180407.tif,True,,float32,465,912,EPSG:4326,-9999.0,-9999.0,0.6473162770271301,0,0,256016,256016,424080,512032,120.73948311639313
data,vpd16,2018,vpd16_2018_20180423.tif,/Users/sammit/Desktop/Projects/Prometheus/data_processed_normalized/vpd16/2018/vpd16_2018_20180423.tif,True,,float32,465,912,EPSG:4326,-9999.0,-9999.0,0.6462746262550354,0,0,256016,256016,424080,512032,120.73948311639313
data,vpd16,2018,vpd16_2018_20180509.tif,/Users/sammit/Desktop/Projects/Prometheus/data_processed_normalized/vpd16/2018/vpd16_2018_20180509.tif,True,,float32,465,912,EPSG:4326,-9999.0,-9999.0,0.6723825335502625,0,0,256016,256016,424080,512032,120.73948311639313
data,vpd16,2018,vpd16_2018_20180525.tif,/Users/sammit/Desktop/Projects/Prometheus/data_processed_normalized/vpd16/2018/vpd16_2018_20180525.tif,True,,float32,465,912,EPSG:4326,-9999.0,-9999.0,0.8340338468551636,0,0,256016,256016,424080,512032,120.73948311639313
data,vpd16,2019,vpd16_2019_20190101.tif,/Users/sammit/Desktop/Projects/Prometheus/data_processed_normalized/vpd16/2019/vpd16_2019_20190101.tif,True,,float32,465,912,EPSG:4326,-9999.0,-9999.0,0.22483128309249878,0,0,256016,256016,424080,512032,120.73948311639313
data,vpd16,2019,vpd16_2019_20190117.tif,/Users/sammit/Desktop/Projects/Prometheus/data_processed_normalized/vpd16/2019/vpd16_2019_20190117.tif,True,,float32,465,912,EPSG:4326,-9999.0,-9999.0,0.23336520791053772,0,0,256016,256016,424080,512032,120.73948311639313
data,vpd16,2019,vpd16_2019_20190202.tif,/Users/sammit/Desktop/Projects/Prometheus/data_processed_normalized/vpd16/2019/vpd16_2019_20190202.tif,True,,float32,465,912,EPSG:4326,-9999.0,-9999.0,0.20816688239574432,0,0,256016,256016,424080,512032,120.73948311639313
data,vpd16,2019,vpd16_2019_20190218.tif,/Users/sammit/Desktop/Projects/Prometheus/data_processed_normalized/vpd16/2019/vpd16_2019_20190218.tif,True,,float32,465,912,EPSG:4326,-9999.0,-9999.0,0.2567260265350342,0,0,256016,256016,424080,512032,120.73948311639313
data,vpd16,2019,vpd16_2019_20190306.tif,/Users/sammit/Desktop/Projects/Prometheus/data_processed_normalized/vpd16/2019/vpd16_2019_20190306.tif,True,,float32,465,912,EPSG:4326,-9999.0,-9999.0,0.5586865544319153,0,0,256016,256016,424080,512032,120.73948311639313
data,vpd16,2019,vpd16_2019_20190322.tif,/Users/sammit/Desktop/Projects/Prometheus/data_processed_normalized/vpd16/2019/vpd16_2019_20190322.tif,True,,float32,465,912,EPSG:4326,-9999.0,-9999.0,0.5148213505744934,0,0,256016,256016,424080,512032,120.73948311639313
data,vpd16,2019,vpd16_2019_20190407.tif,/Users/sammit/Desktop/Projects/Prometheus/data_processed_normalized/vpd16/2019/vpd16_2019_20190407.tif,True,,float32,465,912,EPSG:4326,-9999.0,-9999.0,0.596052348613739,0,0,256016,256016,424080,512032,120.73948311639313
data,vpd16,2019,vpd16_2019_20190423.tif,/Users/sammit/Desktop/Projects/Prometheus/data_processed_normalized/vpd16/2019/vpd16_2019_20190423.tif,True,,float32,465,912,EPSG:4326,-9999.0,-9999.0,0.8554410338401794,0,0,256016,256016,424080,512032,120.73948311639313
data,vpd16,2019,vpd16_2019_20190509.tif,/Users/sammit/Desktop/Projects/Prometheus/data_processed_normalized/vpd16/2019/vpd16_2019_20190509.tif,True,,float32,465,912,EPSG:4326,-9999.0,-9999.0,0.8642746806144714,0,0,256016,256016,424080,512032,120.73948311639313
data,vpd16,2019,vpd16_2019_20190525.tif,/Users/sammit/Desktop/Projects/Prometheus/data_processed_normalized/vpd16/2019/vpd16_2019_20190525.tif,True,,float32,465,912,EPSG:4326,-9999.0,-9999.0,1.0,0,0,256016,256016,424080,512032,120.73948311639313
data,vpd16,2020,vpd16_2020_20200101.tif,/Users/sammit/Desktop/Projects/Prometheus/data_processed_normalized/vpd16/2020/vpd16_2020_20200101.tif,True,,float32,465,912,EPSG:4326,-9999.0,-9999.0,0.14876708388328552,0,0,256016,256016,424080,512032,120.73948311639313
data,vpd16,2020,vpd16_2020_20200117.tif,/Users/sammit/Desktop/Projects/Prometheus/data_processed_normalized/vpd16/2020/vpd16_2020_20200117.tif,True,,float32,465,912,EPSG:4326,-9999.0,-9999.0,0.14257797598838806,0,0,256016,256016,424080,512032,120.73948311639313
data,vpd16,2020,vpd16_2020_20200202.tif,/Users/sammit/Desktop/Projects/Prometheus/data_processed_normalized/vpd16/2020/vpd16_2020_20200202.tif,True,,float32,465,912,EPSG:4326,-9999.0,-9999.0,0.2551249861717224,0,0,256016,256016,424080,512032,120.73948311639313
data,vpd16,2020,vpd16_2020_20200218.tif,/Users/sammit/Desktop/Projects/Prometheus/data_processed_normalized/vpd16/2020/vpd16_2020_20200218.tif,True,,float32,465,912,EPSG:4326,-9999.0,-9999.0,0.2634296119213104,0,0,256016,256016,424080,512032,120.73948311639313
data,vpd16,2020,vpd16_2020_20200305.tif,/Users/sammit/Desktop/Projects/Prometheus/data_processed_normalized/vpd16/2020/vpd16_2020_20200305.tif,True,,float32,465,912,EPSG:4326,-9999.0,-9999.0,0.3545507490634918,0,0,256016,256016,424080,512032,120.73948311639313
data,vpd16,2020,vpd16_2020_20200321.tif,/Users/sammit/Desktop/Projects/Prometheus/data_processed_normalized/vpd16/2020/vpd16_2020_20200321.tif,True,,float32,465,912,EPSG:4326,-9999.0,-9999.0,0.6053785681724548,0,0,256016,256016,424080,512032,120.73948311639313
data,vpd16,2020,vpd16_2020_20200406.tif,/Users/sammit/Desktop/Projects/Prometheus/data_processed_normalized/vpd16/2020/vpd16_2020_20200406.tif,True,,float32,465,912,EPSG:4326,-9999.0,-9999.0,0.6509955525398254,0,0,256016,256016,424080,512032,120.73948311639313
data,vpd16,2020,vpd16_2020_20200422.tif,/Users/sammit/Desktop/Projects/Prometheus/data_processed_normalized/vpd16/2020/vpd16_2020_20200422.tif,True,,float32,465,912,EPSG:4326,-9999.0,-9999.0,0.39981213212013245,0,0,256016,256016,424080,512032,120.73948311639313
data,vpd16,2020,vpd16_2020_20200508.tif,/Users/sammit/Desktop/Projects/Prometheus/data_processed_normalized/vpd16/2020/vpd16_2020_20200508.tif,True,,float32,465,912,EPSG:4326,-9999.0,-9999.0,0.6021567583084106,0,0,256016,256016,424080,512032,120.73948311639313
data,vpd16,2020,vpd16_2020_20200524.tif,/Users/sammit/Desktop/Projects/Prometheus/data_processed_normalized/vpd16/2020/vpd16_2020_20200524.tif,True,,float32,465,912,EPSG:4326,-9999.0,-9999.0,0.6703298687934875,0,0,256016,256016,424080,512032,120.73948311639313
data,vpd16,2021,vpd16_2021_20210101.tif,/Users/sammit/Desktop/Projects/Prometheus/data_processed_normalized/vpd16/2021/vpd16_2021_20210101.tif,True,,float32,465,912,EPSG:4326,-9999.0,-9999.0,0.1964394599199295,0,0,256016,256016,424080,512032,120.73948311639313
data,vpd16,2021,vpd16_2021_20210117.tif,/Users/sammit/Desktop/Projects/Prometheus/data_processed_normalized/vpd16/2021/vpd16_2021_20210117.tif,True,,float32,465,912,EPSG:4326,-9999.0,-9999.0,0.15978926420211792,0,0,256016,256016,424080,512032,120.73948311639313
data,vpd16,2021,vpd16_2021_20210202.tif,/Users/sammit/Desktop/Projects/Prometheus/data_processed_normalized/vpd16/2021/vpd16_2021_20210202.tif,True,,float32,465,912,EPSG:4326,-9999.0,-9999.0,0.2508658766746521,0,0,256016,256016,424080,512032,120.73948311639313
data,vpd16,2021,vpd16_2021_20210218.tif,/Users/sammit/Desktop/Projects/Prometheus/data_processed_normalized/vpd16/2021/vpd16_2021_20210218.tif,True,,float32,465,912,EPSG:4326,-9999.0,-9999.0,0.42124345898628235,0,0,256016,256016,424080,512032,120.73948311639313
data,vpd16,2021,vpd16_2021_20210306.tif,/Users/sammit/Desktop/Projects/Prometheus/data_processed_normalized/vpd16/2021/vpd16_2021_20210306.tif,True,,float32,465,912,EPSG:4326,-9999.0,-9999.0,0.5363888144493103,0,0,256016,256016,424080,512032,120.73948311639313
data,vpd16,2021,vpd16_2021_20210322.tif,/Users/sammit/Desktop/Projects/Prometheus/data_processed_normalized/vpd16/2021/vpd16_2021_20210322.tif,True,,float32,465,912,EPSG:4326,-9999.0,-9999.0,0.7611467242240906,0,0,256016,256016,424080,512032,120.73948311639313
data,vpd16,2021,vpd16_2021_20210407.tif,/Users/sammit/Desktop/Projects/Prometheus/data_processed_normalized/vpd16/2021/vpd16_2021_20210407.tif,True,,float32,465,912,EPSG:4326,-9999.0,-9999.0,0.8069362044334412,0,0,256016,256016,424080,512032,120.73948311639313
data,vpd16,2021,vpd16_2021_20210423.tif,/Users/sammit/Desktop/Projects/Prometheus/data_processed_normalized/vpd16/2021/vpd16_2021_20210423.tif,True,,float32,465,912,EPSG:4326,-9999.0,-9999.0,0.6753499507904053,0,0,256016,256016,424080,512032,120.73948311639313
data,vpd16,2021,vpd16_2021_20210509.tif,/Users/sammit/Desktop/Projects/Prometheus/data_processed_normalized/vpd16/2021/vpd16_2021_20210509.tif,True,,float32,465,912,EPSG:4326,-9999.0,-9999.0,0.3472171425819397,0,0,256016,256016,424080,512032,120.73948311639313
data,vpd16,2021,vpd16_2021_20210525.tif,/Users/sammit/Desktop/Projects/Prometheus/data_processed_normalized/vpd16/2021/vpd16_2021_20210525.tif,True,,float32,465,912,EPSG:4326,-9999.0,-9999.0,0.2998636066913605,0,0,256016,256016,424080,512032,120.73948311639313
data,vpd16,2022,vpd16_2022_20220101.tif,/Users/sammit/Desktop/Projects/Prometheus/data_processed_normalized/vpd16/2022/vpd16_2022_20220101.tif,True,,float32,465,912,EPSG:4326,-9999.0,-9999.0,0.14665479958057404,0,0,256016,256016,424080,512032,120.73948311639313
data,vpd16,2022,vpd16_2022_20220117.tif,/Users/sammit/Desktop/Projects/Prometheus/data_processed_normalized/vpd16/2022/vpd16_2022_20220117.tif,True,,float32,465,912,EPSG:4326,-9999.0,-9999.0,0.15567605197429657,0,0,256016,256016,424080,512032,120.73948311639313
data,vpd16,2022,vpd16_2022_20220202.tif,/Users/sammit/Desktop/Projects/Prometheus/data_processed_normalized/vpd16/2022/vpd16_2022_20220202.tif,True,,float32,465,912,EPSG:4326,-9999.0,-9999.0,0.16091467440128326,0,0,256016,256016,424080,512032,120.73948311639313
data,vpd16,2022,vpd16_2022_20220218.tif,/Users/sammit/Desktop/Projects/Prometheus/data_processed_normalized/vpd16/2022/vpd16_2022_20220218.tif,True,,float32,465,912,EPSG:4326,-9999.0,-9999.0,0.29702240228652954,0,0,256016,256016,424080,512032,120.73948311639313
data,vpd16,2022,vpd16_2022_20220306.tif,/Users/sammit/Desktop/Projects/Prometheus/data_processed_normalized/vpd16/2022/vpd16_2022_20220306.tif,True,,float32,465,912,EPSG:4326,-9999.0,-9999.0,0.5216659903526306,0,0,256016,256016,424080,512032,120.73948311639313
data,vpd16,2022,vpd16_2022_20220322.tif,/Users/sammit/Desktop/Projects/Prometheus/data_processed_normalized/vpd16/2022/vpd16_2022_20220322.tif,True,,float32,465,912,EPSG:4326,-9999.0,-9999.0,0.6109421849250793,0,0,256016,256016,424080,512032,120.73948311639313
data,vpd16,2022,vpd16_2022_20220407.tif,/Users/sammit/Desktop/Projects/Prometheus/data_processed_normalized/vpd16/2022/vpd16_2022_20220407.tif,True,,float32,465,912,EPSG:4326,-9999.0,-9999.0,0.7140564322471619,0,0,256016,256016,424080,512032,120.73948311639313
data,vpd16,2022,vpd16_2022_20220423.tif,/Users/sammit/Desktop/Projects/Prometheus/data_processed_normalized/vpd16/2022/vpd16_2022_20220423.tif,True,,float32,465,912,EPSG:4326,-9999.0,-9999.0,0.6660470366477966,0,0,256016,256016,424080,512032,120.73948311639313
data,vpd16,2022,vpd16_2022_20220509.tif,/Users/sammit/Desktop/Projects/Prometheus/data_processed_normalized/vpd16/2022/vpd16_2022_20220509.tif,True,,float32,465,912,EPSG:4326,-9999.0,-9999.0,0.5763649940490723,0,0,256016,256016,424080,512032,120.73948311639313
data,vpd16,2022,vpd16_2022_20220525.tif,/Users/sammit/Desktop/Projects/Prometheus/data_processed_normalized/vpd16/2022/vpd16_2022_20220525.tif,True,,float32,465,912,EPSG:4326,-9999.0,-9999.0,0.5549521446228027,0,0,256016,256016,424080,512032,120.73948311639313
data,vpd16,2023,vpd16_2023_20230101.tif,/Users/sammit/Desktop/Projects/Prometheus/data_processed_normalized/vpd16/2023/vpd16_2023_20230101.tif,True,,float32,465,912,EPSG:4326,-9999.0,-9999.0,0.16570204496383667,0,0,256016,256016,424080,512032,120.73948311639313
data,vpd16,2023,vpd16_2023_20230117.tif,/Users/sammit/Desktop/Projects/Prometheus/data_processed_normalized/vpd16/2023/vpd16_2023_20230117.tif,True,,float32,465,912,EPSG:4326,-9999.0,-9999.0,0.18956446647644043,0,0,256016,256016,424080,512032,120.73948311639313
data,vpd16,2023,vpd16_2023_20230202.tif,/Users/sammit/Desktop/Projects/Prometheus/data_processed_normalized/vpd16/2023/vpd16_2023_20230202.tif,True,,float32,465,912,EPSG:4326,-9999.0,-9999.0,0.2407446950674057,0,0,256016,256016,424080,512032,120.73948311639313
data,vpd16,2023,vpd16_2023_20230218.tif,/Users/sammit/Desktop/Projects/Prometheus/data_processed_normalized/vpd16/2023/vpd16_2023_20230218.tif,True,,float32,465,912,EPSG:4326,-9999.0,-9999.0,0.3694203197956085,0,0,256016,256016,424080,512032,120.73948311639313
data,vpd16,2023,vpd16_2023_20230306.tif,/Users/sammit/Desktop/Projects/Prometheus/data_processed_normalized/vpd16/2023/vpd16_2023_20230306.tif,True,,float32,465,912,EPSG:4326,-9999.0,-9999.0,0.3958589434623718,0,0,256016,256016,424080,512032,120.73948311639313
data,vpd16,2023,vpd16_2023_20230322.tif,/Users/sammit/Desktop/Projects/Prometheus/data_processed_normalized/vpd16/2023/vpd16_2023_20230322.tif,True,,float32,465,912,EPSG:4326,-9999.0,-9999.0,0.5060380101203918,0,0,256016,256016,424080,512032,120.73948311639313
data,vpd16,2023,vpd16_2023_20230407.tif,/Users/sammit/Desktop/Projects/Prometheus/data_processed_normalized/vpd16/2023/vpd16_2023_20230407.tif,True,,float32,465,912,EPSG:4326,-9999.0,-9999.0,0.9997219443321228,0,0,256016,256016,424080,512032,120.73948311639313
data,vpd16,2023,vpd16_2023_20230423.tif,/Users/sammit/Desktop/Projects/Prometheus/data_processed_normalized/vpd16/2023/vpd16_2023_20230423.tif,True,,float32,465,912,EPSG:4326,-9999.0,-9999.0,0.6065837144851685,0,0,256016,256016,424080,512032,120.73948311639313
data,vpd16,2023,vpd16_2023_20230509.tif,/Users/sammit/Desktop/Projects/Prometheus/data_processed_normalized/vpd16/2023/vpd16_2023_20230509.tif,True,,float32,465,912,EPSG:4326,-9999.0,-9999.0,0.8707130551338196,0,0,256016,256016,424080,512032,120.73948311639313
data,vpd16,2023,vpd16_2023_20230525.tif,/Users/sammit/Desktop/Projects/Prometheus/data_processed_normalized/vpd16/2023/vpd16_2023_20230525.tif,True,,float32,465,912,EPSG:4326,-9999.0,-9999.0,0.5426356196403503,0,0,256016,256016,424080,512032,120.73948311639313
data,vpd16,2024,vpd16_2024_20240101.tif,/Users/sammit/Desktop/Projects/Prometheus/data_processed_normalized/vpd16/2024/vpd16_2024_20240101.tif,True,,float32,465,912,EPSG:4326,-9999.0,-9999.0,0.17491653561592102,0,0,256016,256016,424080,512032,120.73948311639313
data,vpd16,2024,vpd16_2024_20240117.tif,/Users/sammit/Desktop/Projects/Prometheus/data_processed_normalized/vpd16/2024/vpd16_2024_20240117.tif,True,,float32,465,912,EPSG:4326,-9999.0,-9999.0,0.1569695621728897,0,0,256016,256016,424080,512032,120.73948311639313
data,vpd16,2024,vpd16_2024_20240202.tif,/Users/sammit/Desktop/Projects/Prometheus/data_processed_normalized/vpd16/2024/vpd16_2024_20240202.tif,True,,float32,465,912,EPSG:4326,-9999.0,-9999.0,0.21799419820308685,0,0,256016,256016,424080,512032,120.73948311639313
data,vpd16,2024,vpd16_2024_20240218.tif,/Users/sammit/Desktop/Projects/Prometheus/data_processed_normalized/vpd16/2024/vpd16_2024_20240218.tif,True,,float32,465,912,EPSG:4326,-9999.0,-9999.0,0.3373779058456421,0,0,256016,256016,424080,512032,120.73948311639313
data,vpd16,2024,vpd16_2024_20240305.tif,/Users/sammit/Desktop/Projects/Prometheus/data_processed_normalized/vpd16/2024/vpd16_2024_20240305.tif,True,,float32,465,912,EPSG:4326,-9999.0,-9999.0,0.5247929096221924,0,0,256016,256016,424080,512032,120.73948311639313
data,vpd16,2024,vpd16_2024_20240321.tif,/Users/sammit/Desktop/Projects/Prometheus/data_processed_normalized/vpd16/2024/vpd16_2024_20240321.tif,True,,float32,465,912,EPSG:4326,-9999.0,-9999.0,0.5959686636924744,0,0,256016,256016,424080,512032,120.73948311639313
data,vpd16,2024,vpd16_2024_20240406.tif,/Users/sammit/Desktop/Projects/Prometheus/data_processed_normalized/vpd16/2024/vpd16_2024_20240406.tif,True,,float32,465,912,EPSG:4326,-9999.0,-9999.0,0.9651334881782532,0,0,256016,256016,424080,512032,120.73948311639313
data,vpd16,2024,vpd16_2024_20240422.tif,/Users/sammit/Desktop/Projects/Prometheus/data_processed_normalized/vpd16/2024/vpd16_2024_20240422.tif,True,,float32,465,912,EPSG:4326,-9999.0,-9999.0,1.0,0,0,256016,256016,424080,512032,120.73948311639313
data,vpd16,2024,vpd16_2024_20240508.tif,/Users/sammit/Desktop/Projects/Prometheus/data_processed_normalized/vpd16/2024/vpd16_2024_20240508.tif,True,,float32,465,912,EPSG:4326,-9999.0,-9999.0,0.7238050699234009,0,0,256016,256016,424080,512032,120.73948311639313
data,vpd16,2024,vpd16_2024_20240524.tif,/Users/sammit/Desktop/Projects/Prometheus/data_processed_normalized/vpd16/2024/vpd16_2024_20240524.tif,True,,float32,465,912,EPSG:4326,-9999.0,-9999.0,0.8958112001419067,0,0,256016,256016,424080,512032,120.73948311639313
data,vpd16,2025,vpd16_2025_20250101.tif,/Users/sammit/Desktop/Projects/Prometheus/data_processed_normalized/vpd16/2025/vpd16_2025_20250101.tif,True,,float32,465,912,EPSG:4326,-9999.0,-9999.0,0.192438006401062,0,0,256016,256016,424080,512032,120.73948311639313
data,vpd16,2025,vpd16_2025_20250117.tif,/Users/sammit/Desktop/Projects/Prometheus/data_processed_normalized/vpd16/2025/vpd16_2025_20250117.tif,True,,float32,465,912,EPSG:4326,-9999.0,-9999.0,0.20024210214614868,0,0,256016,256016,424080,512032,120.73948311639313
data,vpd16,2025,vpd16_2025_20250202.tif,/Users/sammit/Desktop/Projects/Prometheus/data_processed_normalized/vpd16/2025/vpd16_2025_20250202.tif,True,,float32,465,912,EPSG:4326,-9999.0,-9999.0,0.22929111123085022,0,0,256016,256016,424080,512032,120.73948311639313
data,vpd16,2025,vpd16_2025_20250218.tif,/Users/sammit/Desktop/Projects/Prometheus/data_processed_normalized/vpd16/2025/vpd16_2025_20250218.tif,True,,float32,465,912,EPSG:4326,-9999.0,-9999.0,0.3466450273990631,0,0,256016,256016,424080,512032,120.73948311639313
data,vpd16,2025,vpd16_2025_20250306.tif,/Users/sammit/Desktop/Projects/Prometheus/data_processed_normalized/vpd16/2025/vpd16_2025_20250306.tif,True,,float32,465,912,EPSG:4326,-9999.0,-9999.0,0.47536006569862366,0,0,256016,256016,424080,512032,120.73948311639313
data,vpd16,2025,vpd16_2025_20250322.tif,/Users/sammit/Desktop/Projects/Prometheus/data_processed_normalized/vpd16/2025/vpd16_2025_20250322.tif,True,,float32,465,912,EPSG:4326,-9999.0,-9999.0,0.6991713643074036,0,0,256016,256016,424080,512032,120.73948311639313
data,vpd16,2025,vpd16_2025_20250407.tif,/Users/sammit/Desktop/Projects/Prometheus/data_processed_normalized/vpd16/2025/vpd16_2025_20250407.tif,True,,float32,465,912,EPSG:4326,-9999.0,-9999.0,0.5412135124206543,0,0,256016,256016,424080,512032,120.73948311639313
data,vpd16,2025,vpd16_2025_20250423.tif,/Users/sammit/Desktop/Projects/Prometheus/data_processed_normalized/vpd16/2025/vpd16_2025_20250423.tif,True,,float32,465,912,EPSG:4326,-9999.0,-9999.0,0.6612616777420044,0,0,256016,256016,424080,512032,120.73948311639313
data,vpd16,2025,vpd16_2025_20250509.tif,/Users/sammit/Desktop/Projects/Prometheus/data_processed_normalized/vpd16/2025/vpd16_2025_20250509.tif,True,,float32,465,912,EPSG:4326,-9999.0,-9999.0,0.5903475284576416,0,0,256016,256016,424080,512032,120.73948311639313
data,vpd16,2025,vpd16_2025_20250525.tif,/Users/sammit/Desktop/Projects/Prometheus/data_processed_normalized/vpd16/2025/vpd16_2025_20250525.tif,True,,float32,465,912,EPSG:4326,-9999.0,-9999.0,0.5861572027206421,0,0,256016,256016,424080,512032,120.73948311639313
fire,fire16,2018,fire16_2018_20180101.tif,/Users/sammit/Desktop/Projects/Prometheus/data_processed/fire16/2018/fire16_2018_20180101.tif,True,,uint8,465,912,EPSG:4326,0.0,0.0,1.0,0,0,423957,0,424080,423957,99.9709960384833
fire,fire16,2018,fire16_2018_20180117.tif,/Users/sammit/Desktop/Projects/Prometheus/data_processed/fire16/2018/fire16_2018_20180117.tif,True,,uint8,465,912,EPSG:4326,0.0,0.0,1.0,0,0,423956,0,424080,423956,99.97076023391813
fire,fire16,2018,fire16_2018_20180202.tif,/Users/sammit/Desktop/Projects/Prometheus/data_processed/fire16/2018/fire16_2018_20180202.tif,True,,uint8,465,912,EPSG:4326,0.0,0.0,1.0,0,0,423970,0,424080,423970,99.9740614978306
fire,fire16,2018,fire16_2018_20180218.tif,/Users/sammit/Desktop/Projects/Prometheus/data_processed/fire16/2018/fire16_2018_20180218.tif,True,,uint8,465,912,EPSG:4326,0.0,0.0,1.0,0,0,424007,0,424080,424007,99.98278626674212
fire,fire16,2018,fire16_2018_20180306.tif,/Users/sammit/Desktop/Projects/Prometheus/data_processed/fire16/2018/fire16_2018_20180306.tif,True,,uint8,465,912,EPSG:4326,0.0,0.0,1.0,0,0,423716,0,424080,423716,99.9141671382758
fire,fire16,2018,fire16_2018_20180322.tif,/Users/sammit/Desktop/Projects/Prometheus/data_processed/fire16/2018/fire16_2018_20180322.tif,True,,uint8,465,912,EPSG:4326,0.0,0.0,1.0,0,0,423645,0,424080,423645,99.89742501414827
fire,fire16,2018,fire16_2018_20180407.tif,/Users/sammit/Desktop/Projects/Prometheus/data_processed/fire16/2018/fire16_2018_20180407.tif,True,,uint8,465,912,EPSG:4326,0.0,0.0,1.0,0,0,423912,0,424080,423912,99.96038483305037
fire,fire16,2018,fire16_2018_20180423.tif,/Users/sammit/Desktop/Projects/Prometheus/data_processed/fire16/2018/fire16_2018_20180423.tif,True,,uint8,465,912,EPSG:4326,0.0,0.0,1.0,0,0,423803,0,424080,423803,99.93468213544614
fire,fire16,2018,fire16_2018_20180509.tif,/Users/sammit/Desktop/Projects/Prometheus/data_processed/fire16/2018/fire16_2018_20180509.tif,True,,uint8,465,912,EPSG:4326,0.0,0.0,1.0,0,0,423986,0,424080,423986,99.97783437087342
fire,fire16,2018,fire16_2018_20180525.tif,/Users/sammit/Desktop/Projects/Prometheus/data_processed/fire16/2018/fire16_2018_20180525.tif,True,,uint8,465,912,EPSG:4326,0.0,0.0,1.0,0,0,424014,0,424080,424014,99.98443689869836
fire,fire16,2019,fire16_2019_20190101.tif,/Users/sammit/Desktop/Projects/Prometheus/data_processed/fire16/2019/fire16_2019_20190101.tif,True,,uint8,465,912,EPSG:4326,0.0,0.0,1.0,0,0,424038,0,424080,424038,99.99009620826259
fire,fire16,2019,fire16_2019_20190117.tif,/Users/sammit/Desktop/Projects/Prometheus/data_processed/fire16/2019/fire16_2019_20190117.tif,True,,uint8,465,912,EPSG:4326,0.0,0.0,1.0,0,0,424049,0,424080,424049,99.99269005847954
fire,fire16,2019,fire16_2019_20190202.tif,/Users/sammit/Desktop/Projects/Prometheus/data_processed/fire16/2019/fire16_2019_20190202.tif,True,,uint8,465,912,EPSG:4326,0.0,0.0,1.0,0,0,424037,0,424080,424037,99.98986040369742
fire,fire16,2019,fire16_2019_20190218.tif,/Users/sammit/Desktop/Projects/Prometheus/data_processed/fire16/2019/fire16_2019_20190218.tif,True,,uint8,465,912,EPSG:4326,0.0,0.0,1.0,0,0,424037,0,424080,424037,99.98986040369742
fire,fire16,2019,fire16_2019_20190306.tif,/Users/sammit/Desktop/Projects/Prometheus/data_processed/fire16/2019/fire16_2019_20190306.tif,True,,uint8,465,912,EPSG:4326,0.0,0.0,1.0,0,0,423882,0,424080,423882,99.95331069609507
fire,fire16,2019,fire16_2019_20190322.tif,/Users/sammit/Desktop/Projects/Prometheus/data_processed/fire16/2019/fire16_2019_20190322.tif,True,,uint8,465,912,EPSG:4326,0.0,0.0,1.0,0,0,423816,0,424080,423816,99.93774759479344
fire,fire16,2019,fire16_2019_20190407.tif,/Users/sammit/Desktop/Projects/Prometheus/data_processed/fire16/2019/fire16_2019_20190407.tif,True,,uint8,465,912,EPSG:4326,0.0,0.0,1.0,0,0,423863,0,424080,423863,99.94883040935673
fire,fire16,2019,fire16_2019_20190423.tif,/Users/sammit/Desktop/Projects/Prometheus/data_processed/fire16/2019/fire16_2019_20190423.tif,True,,uint8,465,912,EPSG:4326,0.0,0.0,1.0,0,0,423224,0,424080,423224,99.79815129220901
fire,fire16,2019,fire16_2019_20190509.tif,/Users/sammit/Desktop/Projects/Prometheus/data_processed/fire16/2019/fire16_2019_20190509.tif,True,,uint8,465,912,EPSG:4326,0.0,0.0,1.0,0,0,423333,0,424080,423333,99.82385398981324
fire,fire16,2019,fire16_2019_20190525.tif,/Users/sammit/Desktop/Projects/Prometheus/data_processed/fire16/2019/fire16_2019_20190525.tif,True,,uint8,465,912,EPSG:4326,0.0,0.0,1.0,0,0,423889,0,424080,423889,99.95496132805131
fire,fire16,2020,fire16_2020_20200101.tif,/Users/sammit/Desktop/Projects/Prometheus/data_processed/fire16/2020/fire16_2020_20200101.tif,True,,uint8,465,912,EPSG:4326,0.0,0.0,1.0,0,0,424079,0,424080,424079,99.99976419543482
fire,fire16,2020,fire16_2020_20200117.tif,/Users/sammit/Desktop/Projects/Prometheus/data_processed/fire16/2020/fire16_2020_20200117.tif,True,,uint8,465,912,EPSG:4326,0.0,0.0,1.0,0,0,424064,0,424080,424064,99.99622712695718
fire,fire16,2020,fire16_2020_20200202.tif,/Users/sammit/Desktop/Projects/Prometheus/data_processed/fire16/2020/fire16_2020_20200202.tif,True,,uint8,465,912,EPSG:4326,0.0,0.0,1.0,0,0,424030,0,424080,424030,99.98820977174118
fire,fire16,2020,fire16_2020_20200218.tif,/Users/sammit/Desktop/Projects/Prometheus/data_processed/fire16/2020/fire16_2020_20200218.tif,True,,uint8,465,912,EPSG:4326,0.0,0.0,1.0,0,0,424047,0,424080,424047,99.99221844934918
fire,fire16,2020,fire16_2020_20200305.tif,/Users/sammit/Desktop/Projects/Prometheus/data_processed/fire16/2020/fire16_2020_20200305.tif,True,,uint8,465,912,EPSG:4326,0.0,0.0,1.0,0,0,424029,0,424080,424029,99.987973967176
fire,fire16,2020,fire16_2020_20200321.tif,/Users/sammit/Desktop/Projects/Prometheus/data_processed/fire16/2020/fire16_2020_20200321.tif,True,,uint8,465,912,EPSG:4326,0.0,0.0,1.0,0,0,423953,0,424080,423953,99.9700528202226
fire,fire16,2020,fire16_2020_20200406.tif,/Users/sammit/Desktop/Projects/Prometheus/data_processed/fire16/2020/fire16_2020_20200406.tif,True,,uint8,465,912,EPSG:4326,0.0,0.0,1.0,0,0,423840,0,424080,423840,99.94340690435767
fire,fire16,2020,fire16_2020_20200422.tif,/Users/sammit/Desktop/Projects/Prometheus/data_processed/fire16/2020/fire16_2020_20200422.tif,True,,uint8,465,912,EPSG:4326,0.0,0.0,1.0,0,0,424069,0,424080,424069,99.99740614978306
fire,fire16,2020,fire16_2020_20200508.tif,/Users/sammit/Desktop/Projects/Prometheus/data_processed/fire16/2020/fire16_2020_20200508.tif,True,,uint8,465,912,EPSG:4326,0.0,0.0,1.0,0,0,424071,0,424080,424071,99.99787775891342
fire,fire16,2020,fire16_2020_20200524.tif,/Users/sammit/Desktop/Projects/Prometheus/data_processed/fire16/2020/fire16_2020_20200524.tif,True,,uint8,465,912,EPSG:4326,0.0,0.0,1.0,0,0,424072,0,424080,424072,99.99811356347858
fire,fire16,2021,fire16_2021_20210101.tif,/Users/sammit/Desktop/Projects/Prometheus/data_processed/fire16/2021/fire16_2021_20210101.tif,True,,uint8,465,912,EPSG:4326,0.0,0.0,1.0,0,0,423958,0,424080,423958,99.97123184304849
fire,fire16,2021,fire16_2021_20210117.tif,/Users/sammit/Desktop/Projects/Prometheus/data_processed/fire16/2021/fire16_2021_20210117.tif,True,,uint8,465,912,EPSG:4326,0.0,0.0,1.0,0,0,423975,0,424080,423975,99.97524052065648
fire,fire16,2021,fire16_2021_20210202.tif,/Users/sammit/Desktop/Projects/Prometheus/data_processed/fire16/2021/fire16_2021_20210202.tif,True,,uint8,465,912,EPSG:4326,0.0,0.0,1.0,0,0,424018,0,424080,424018,99.98538011695906
fire,fire16,2021,fire16_2021_20210218.tif,/Users/sammit/Desktop/Projects/Prometheus/data_processed/fire16/2021/fire16_2021_20210218.tif,True,,uint8,465,912,EPSG:4326,0.0,0.0,1.0,0,0,423810,0,424080,423810,99.93633276740238
fire,fire16,2021,fire16_2021_20210306.tif,/Users/sammit/Desktop/Projects/Prometheus/data_processed/fire16/2021/fire16_2021_20210306.tif,True,,uint8,465,912,EPSG:4326,0.0,0.0,1.0,0,0,423706,0,424080,423706,99.91180909262404
fire,fire16,2021,fire16_2021_20210322.tif,/Users/sammit/Desktop/Projects/Prometheus/data_processed/fire16/2021/fire16_2021_20210322.tif,True,,uint8,465,912,EPSG:4326,0.0,0.0,1.0,0,0,421762,0,424080,421762,99.45340501792114
fire,fire16,2021,fire16_2021_20210407.tif,/Users/sammit/Desktop/Projects/Prometheus/data_processed/fire16/2021/fire16_2021_20210407.tif,True,,uint8,465,912,EPSG:4326,0.0,0.0,1.0,0,0,422513,0,424080,422513,99.63049424636861
fire,fire16,2021,fire16_2021_20210423.tif,/Users/sammit/Desktop/Projects/Prometheus/data_processed/fire16/2021/fire16_2021_20210423.tif,True,,uint8,465,912,EPSG:4326,0.0,0.0,1.0,0,0,423636,0,424080,423636,99.89530277306169
fire,fire16,2021,fire16_2021_20210509.tif,/Users/sammit/Desktop/Projects/Prometheus/data_processed/fire16/2021/fire16_2021_20210509.tif,True,,uint8,465,912,EPSG:4326,0.0,0.0,1.0,0,0,424069,0,424080,424069,99.99740614978306
fire,fire16,2021,fire16_2021_20210525.tif,/Users/sammit/Desktop/Projects/Prometheus/data_processed/fire16/2021/fire16_2021_20210525.tif,True,,uint8,465,912,EPSG:4326,0.0,0.0,1.0,0,0,424077,0,424080,424077,99.99929258630448
fire,fire16,2022,fire16_2022_20220101.tif,/Users/sammit/Desktop/Projects/Prometheus/data_processed/fire16/2022/fire16_2022_20220101.tif,True,,uint8,465,912,EPSG:4326,0.0,0.0,1.0,0,0,424079,0,424080,424079,99.99976419543482
fire,fire16,2022,fire16_2022_20220117.tif,/Users/sammit/Desktop/Projects/Prometheus/data_processed/fire16/2022/fire16_2022_20220117.tif,True,,uint8,465,912,EPSG:4326,0.0,0.0,1.0,0,0,424069,0,424080,424069,99.99740614978306
fire,fire16,2022,fire16_2022_20220202.tif,/Users/sammit/Desktop/Projects/Prometheus/data_processed/fire16/2022/fire16_2022_20220202.tif,True,,uint8,465,912,EPSG:4326,0.0,0.0,1.0,0,0,424059,0,424080,424059,99.9950481041313
fire,fire16,2022,fire16_2022_20220218.tif,/Users/sammit/Desktop/Projects/Prometheus/data_processed/fire16/2022/fire16_2022_20220218.tif,True,,uint8,465,912,EPSG:4326,0.0,0.0,1.0,0,0,424034,0,424080,424034,99.98915299000188
fire,fire16,2022,fire16_2022_20220306.tif,/Users/sammit/Desktop/Projects/Prometheus/data_processed/fire16/2022/fire16_2022_20220306.tif,True,,uint8,465,912,EPSG:4326,0.0,0.0,1.0,0,0,423931,0,424080,423931,99.96486511978873
fire,fire16,2022,fire16_2022_20220322.tif,/Users/sammit/Desktop/Projects/Prometheus/data_processed/fire16/2022/fire16_2022_20220322.tif,True,,uint8,465,912,EPSG:4326,0.0,0.0,1.0,0,0,423938,0,424080,423938,99.96651575174495
fire,fire16,2022,fire16_2022_20220407.tif,/Users/sammit/Desktop/Projects/Prometheus/data_processed/fire16/2022/fire16_2022_20220407.tif,True,,uint8,465,912,EPSG:4326,0.0,0.0,1.0,0,0,423846,0,424080,423846,99.94482173174873
fire,fire16,2022,fire16_2022_20220423.tif,/Users/sammit/Desktop/Projects/Prometheus/data_processed/fire16/2022/fire16_2022_20220423.tif,True,,uint8,465,912,EPSG:4326,0.0,0.0,1.0,0,0,423610,0,424080,423610,99.8891718543671
fire,fire16,2022,fire16_2022_20220509.tif,/Users/sammit/Desktop/Projects/Prometheus/data_processed/fire16/2022/fire16_2022_20220509.tif,True,,uint8,465,912,EPSG:4326,0.0,0.0,1.0,0,0,424053,0,424080,424053,99.99363327674024
fire,fire16,2022,fire16_2022_20220525.tif,/Users/sammit/Desktop/Projects/Prometheus/data_processed/fire16/2022/fire16_2022_20220525.tif,True,,uint8,465,912,EPSG:4326,0.0,0.0,1.0,0,0,424063,0,424080,424063,99.995991322392
fire,fire16,2023,fire16_2023_20230101.tif,/Users/sammit/Desktop/Projects/Prometheus/data_processed/fire16/2023/fire16_2023_20230101.tif,True,,uint8,465,912,EPSG:4326,0.0,0.0,1.0,0,0,423971,0,424080,423971,99.97429730239577
fire,fire16,2023,fire16_2023_20230117.tif,/Users/sammit/Desktop/Projects/Prometheus/data_processed/fire16/2023/fire16_2023_20230117.tif,True,,uint8,465,912,EPSG:4326,0.0,0.0,1.0,0,0,423976,0,424080,423976,99.97547632522166
fire,fire16,2023,fire16_2023_20230202.tif,/Users/sammit/Desktop/Projects/Prometheus/data_processed/fire16/2023/fire16_2023_20230202.tif,True,,uint8,465,912,EPSG:4326,0.0,0.0,1.0,0,0,423930,0,424080,423930,99.96462931522355
fire,fire16,2023,fire16_2023_20230218.tif,/Users/sammit/Desktop/Projects/Prometheus/data_processed/fire16/2023/fire16_2023_20230218.tif,True,,uint8,465,912,EPSG:4326,0.0,0.0,1.0,0,0,423979,0,424080,423979,99.97618373891719
fire,fire16,2023,fire16_2023_20230306.tif,/Users/sammit/Desktop/Projects/Prometheus/data_processed/fire16/2023/fire16_2023_20230306.tif,True,,uint8,465,912,EPSG:4326,0.0,0.0,1.0,0,0,423756,0,424080,423756,99.92359932088286
fire,fire16,2023,fire16_2023_20230322.tif,/Users/sammit/Desktop/Projects/Prometheus/data_processed/fire16/2023/fire16_2023_20230322.tif,True,,uint8,465,912,EPSG:4326,0.0,0.0,1.0,0,0,423915,0,424080,423915,99.96109224674589
fire,fire16,2023,fire16_2023_20230407.tif,/Users/sammit/Desktop/Projects/Prometheus/data_processed/fire16/2023/fire16_2023_20230407.tif,True,,uint8,465,912,EPSG:4326,0.0,0.0,1.0,0,0,423073,0,424080,423073,99.76254480286738
fire,fire16,2023,fire16_2023_20230423.tif,/Users/sammit/Desktop/Projects/Prometheus/data_processed/fire16/2023/fire16_2023_20230423.tif,True,,uint8,465,912,EPSG:4326,0.0,0.0,1.0,0,0,423874,0,424080,423874,99.95142425957367
fire,fire16,2023,fire16_2023_20230509.tif,/Users/sammit/Desktop/Projects/Prometheus/data_processed/fire16/2023/fire16_2023_20230509.tif,True,,uint8,465,912,EPSG:4326,0.0,0.0,1.0,0,0,423570,0,424080,423570,99.87973967176005
fire,fire16,2023,fire16_2023_20230525.tif,/Users/sammit/Desktop/Projects/Prometheus/data_processed/fire16/2023/fire16_2023_20230525.tif,True,,uint8,465,912,EPSG:4326,0.0,0.0,1.0,0,0,423991,0,424080,423991,99.9790133936993
fire,fire16,2024,fire16_2024_20240101.tif,/Users/sammit/Desktop/Projects/Prometheus/data_processed/fire16/2024/fire16_2024_20240101.tif,True,,uint8,465,912,EPSG:4326,0.0,0.0,1.0,0,0,424008,0,424080,424008,99.9830220713073
fire,fire16,2024,fire16_2024_20240117.tif,/Users/sammit/Desktop/Projects/Prometheus/data_processed/fire16/2024/fire16_2024_20240117.tif,True,,uint8,465,912,EPSG:4326,0.0,0.0,1.0,0,0,424051,0,424080,424051,99.99316166760988
fire,fire16,2024,fire16_2024_20240202.tif,/Users/sammit/Desktop/Projects/Prometheus/data_processed/fire16/2024/fire16_2024_20240202.tif,True,,uint8,465,912,EPSG:4326,0.0,0.0,1.0,0,0,423998,0,424080,423998,99.98066402565554
fire,fire16,2024,fire16_2024_20240218.tif,/Users/sammit/Desktop/Projects/Prometheus/data_processed/fire16/2024/fire16_2024_20240218.tif,True,,uint8,465,912,EPSG:4326,0.0,0.0,1.0,0,0,423990,0,424080,423990,99.97877758913413
fire,fire16,2024,fire16_2024_20240305.tif,/Users/sammit/Desktop/Projects/Prometheus/data_processed/fire16/2024/fire16_2024_20240305.tif,True,,uint8,465,912,EPSG:4326,0.0,0.0,1.0,0,0,423619,0,424080,423619,99.89129409545369
fire,fire16,2024,fire16_2024_20240321.tif,/Users/sammit/Desktop/Projects/Prometheus/data_processed/fire16/2024/fire16_2024_20240321.tif,True,,uint8,465,912,EPSG:4326,0.0,0.0,1.0,0,0,423848,0,424080,423848,99.94529334087908
fire,fire16,2024,fire16_2024_20240406.tif,/Users/sammit/Desktop/Projects/Prometheus/data_processed/fire16/2024/fire16_2024_20240406.tif,True,,uint8,465,912,EPSG:4326,0.0,0.0,1.0,0,0,422654,0,424080,422654,99.66374269005848
fire,fire16,2024,fire16_2024_20240422.tif,/Users/sammit/Desktop/Projects/Prometheus/data_processed/fire16/2024/fire16_2024_20240422.tif,True,,uint8,465,912,EPSG:4326,0.0,0.0,1.0,0,0,422014,0,424080,422014,99.5128277683456
fire,fire16,2024,fire16_2024_20240508.tif,/Users/sammit/Desktop/Projects/Prometheus/data_processed/fire16/2024/fire16_2024_20240508.tif,True,,uint8,465,912,EPSG:4326,0.0,0.0,1.0,0,0,424035,0,424080,424035,99.98938879456706
fire,fire16,2024,fire16_2024_20240524.tif,/Users/sammit/Desktop/Projects/Prometheus/data_processed/fire16/2024/fire16_2024_20240524.tif,True,,uint8,465,912,EPSG:4326,0.0,0.0,1.0,0,0,424071,0,424080,424071,99.99787775891342
fire,fire16,2025,fire16_2025_20250101.tif,/Users/sammit/Desktop/Projects/Prometheus/data_processed/fire16/2025/fire16_2025_20250101.tif,True,,uint8,465,912,EPSG:4326,0.0,0.0,1.0,0,0,424040,0,424080,424040,99.99056781739294
fire,fire16,2025,fire16_2025_20250117.tif,/Users/sammit/Desktop/Projects/Prometheus/data_processed/fire16/2025/fire16_2025_20250117.tif,True,,uint8,465,912,EPSG:4326,0.0,0.0,1.0,0,0,423989,0,424080,423989,99.97854178456895
fire,fire16,2025,fire16_2025_20250202.tif,/Users/sammit/Desktop/Projects/Prometheus/data_processed/fire16/2025/fire16_2025_20250202.tif,True,,uint8,465,912,EPSG:4326,0.0,0.0,1.0,0,0,423944,0,424080,423944,99.96793057913601
fire,fire16,2025,fire16_2025_20250218.tif,/Users/sammit/Desktop/Projects/Prometheus/data_processed/fire16/2025/fire16_2025_20250218.tif,True,,uint8,465,912,EPSG:4326,0.0,0.0,1.0,0,0,424023,0,424080,424023,99.98655913978494
fire,fire16,2025,fire16_2025_20250306.tif,/Users/sammit/Desktop/Projects/Prometheus/data_processed/fire16/2025/fire16_2025_20250306.tif,True,,uint8,465,912,EPSG:4326,0.0,0.0,1.0,0,0,423904,0,424080,423904,99.95849839652895
fire,fire16,2025,fire16_2025_20250322.tif,/Users/sammit/Desktop/Projects/Prometheus/data_processed/fire16/2025/fire16_2025_20250322.tif,True,,uint8,465,912,EPSG:4326,0.0,0.0,1.0,0,0,423034,0,424080,423034,99.7533484248255
fire,fire16,2025,fire16_2025_20250407.tif,/Users/sammit/Desktop/Projects/Prometheus/data_processed/fire16/2025/fire16_2025_20250407.tif,True,,uint8,465,912,EPSG:4326,0.0,0.0,1.0,0,0,423993,0,424080,423993,99.97948500282965
fire,fire16,2025,fire16_2025_20250423.tif,/Users/sammit/Desktop/Projects/Prometheus/data_processed/fire16/2025/fire16_2025_20250423.tif,True,,uint8,465,912,EPSG:4326,0.0,0.0,1.0,0,0,423850,0,424080,423850,99.94576495000943
fire,fire16,2025,fire16_2025_20250509.tif,/Users/sammit/Desktop/Projects/Prometheus/data_processed/fire16/2025/fire16_2025_20250509.tif,True,,uint8,465,912,EPSG:4326,0.0,0.0,1.0,0,0,424037,0,424080,424037,99.98986040369742
fire,fire16,2025,fire16_2025_20250525.tif,/Users/sammit/Desktop/Projects/Prometheus/data_processed/fire16/2025/fire16_2025_20250525.tif,True,,uint8,465,912,EPSG:4326,0.0,0.0,1.0,0,0,424074,0,424080,424074,99.99858517260894
