{
  "type": "FeatureCollection",
  "features": [
    {
      "type": "Feature",
      "geometry": {
        "type": "Polygon",
        "coordinates": [
          [
            [
              81.454738,
              30.511279
            ],
            [
              81.742199,
              30.511279
            ],
            [
              81.742199,
              30.223818
            ],
            [
              81.454738,
              30.223818
            ],
            [
              81.454738,
              30.511279
            ]
          ]
        ]
      },
      "properties": {
        "patch_id": "P0000",
        "center_lat": 30.367548,
        "center_lon": 81.598469,
        "valid_ratio": 0.6357
      }
    },
    {
      "type": "Feature",
      "geometry": {
        "type": "Polygon",
        "coordinates": [
          [
            [
              81.742199,
              30.511279
            ],
            [
              82.02966,
              30.511279
            ],
            [
              82.02966,
              30.223818
            ],
            [
              81.742199,
              30.223818
            ],
            [
              81.742199,
              30.511279
            ]
          ]
        ]
      },
      "properties": {
        "patch_id": "P0001",
        "center_lat": 30.367548,
        "center_lon": 81.88593,
        "valid_ratio": 0.4746
      }
    },
    {
      "type": "Feature",
      "geometry": {
        "type": "Polygon",
        "coordinates": [
          [
            [
              80.879817,
              30.223818
            ],
            [
              81.167277,
              30.223818
            ],
            [
              81.167277,
              29.936357
            ],
            [
              80.879817,
              29.936357
            ],
            [
              80.879817,
              30.223818
            ]
          ]
        ]
      },
      "properties": {
        "patch_id": "P0002",
        "center_lat": 30.080087,
        "center_lon": 81.023547,
        "valid_ratio": 0.7227
      }
    },
    {
      "type": "Feature",
      "geometry": {
        "type": "Polygon",
        "coordinates": [
          [
            [
              81.167277,
              30.223818
            ],
            [
              81.454738,
              30.223818
            ],
            [
              81.454738,
              29.936357
            ],
            [
              81.167277,
              29.936357
            ],
            [
              81.167277,
              30.223818
            ]
          ]
        ]
      },
      "properties": {
        "patch_id": "P0003",
        "center_lat": 30.080087,
        "center_lon": 81.311008,
        "valid_ratio": 0.6279
      }
    },
    {
      "type": "Feature",
      "geometry": {
        "type": "Polygon",
        "coordinates": [
          [
            [
              81.454738,
              30.223818
            ],
            [
              81.742199,
              30.223818
            ],
            [
              81.742199,
              29.936357
            ],
            [
              81.454738,
              29.936357
            ],
            [
              81.454738,
              30.223818
            ]
          ]
        ]
      },
      "properties": {
        "patch_id": "P0004",
        "center_lat": 30.080087,
        "center_lon": 81.598469,
        "valid_ratio": 1.0
      }
    },
    {
      "type": "Feature",
      "geometry": {
        "type": "Polygon",
        "coordinates": [
          [
            [
              81.742199,
              30.223818
            ],
            [
              82.02966,
              30.223818
            ],
            [
              82.02966,
              29.936357
            ],
            [
              81.742199,
              29.936357
            ],
            [
              81.742199,
              30.223818
            ]
          ]
        ]
      },
      "properties": {
        "patch_id": "P0005",
        "center_lat": 30.080087,
        "center_lon": 81.88593,
        "valid_ratio": 1.0
      }
    },
    {
      "type": "Feature",
      "geometry": {
        "type": "Polygon",
        "coordinates": [
          [
            [
              82.02966,
              30.223818
            ],
            [
              82.317121,
              30.223818
            ],
            [
              82.317121,
              29.936357
            ],
            [
              82.02966,
              29.936357
            ],
            [
              82.02966,
              30.223818
            ]
          ]
        ]
      },
      "properties": {
        "patch_id": "P0006",
        "center_lat": 30.080087,
        "center_lon": 82.173391,
        "valid_ratio": 0.7256
      }
    },
    {
      "type": "Feature",
      "geometry": {
        "type": "Polygon",
        "coordinates": [
          [
            [
              80.304895,
              29.936357
            ],
            [
              80.592356,
              29.936357
            ],
            [
              80.592356,
              29.648896
            ],
            [
              80.304895,
              29.648896
            ],
            [
              80.304895,
              29.936357
            ]
          ]
        ]
      },
      "properties": {
        "patch_id": "P0007",
        "center_lat": 29.792626,
        "center_lon": 80.448625,
        "valid_ratio": 0.4189
      }
    },
    {
      "type": "Feature",
      "geometry": {
        "type": "Polygon",
        "coordinates": [
          [
            [
              80.592356,
              29.936357
            ],
            [
              80.879817,
              29.936357
            ],
            [
              80.879817,
              29.648896
            ],
            [
              80.592356,
              29.648896
            ],
            [
              80.592356,
              29.936357
            ]
          ]
        ]
      },
      "properties": {
        "patch_id": "P0008",
        "center_lat": 29.792626,
        "center_lon": 80.736086,
        "valid_ratio": 1.0
      }
    },
    {
      "type": "Feature",
      "geometry": {
        "type": "Polygon",
        "coordinates": [
          [
            [
              80.879817,
              29.936357
            ],
            [
              81.167277,
              29.936357
            ],
            [
              81.167277,
              29.648896
            ],
            [
              80.879817,
              29.648896
            ],
            [
              80.879817,
              29.936357
            ]
          ]
        ]
      },
      "properties": {
        "patch_id": "P0009",
        "center_lat": 29.792626,
        "center_lon": 81.023547,
        "valid_ratio": 1.0
      }
    },
    {
      "type": "Feature",
      "geometry": {
        "type": "Polygon",
        "coordinates": [
          [
            [
              81.167277,
              29.936357
            ],
            [
              81.454738,
              29.936357
            ],
            [
              81.454738,
              29.648896
            ],
            [
              81.167277,
              29.648896
            ],
            [
              81.167277,
              29.936357
            ]
          ]
        ]
      },
      "properties": {
        "patch_id": "P0010",
        "center_lat": 29.792626,
        "center_lon": 81.311008,
        "valid_ratio": 1.0
      }
    },
    {
      "type": "Feature",
      "geometry": {
        "type": "Polygon",
        "coordinates": [
          [
            [
              81.454738,
              29.936357
            ],
            [
              81.742199,
              29.936357
            ],
            [
              81.742199,
              29.648896
            ],
            [
              81.454738,
              29.648896
            ],
            [
              81.454738,
              29.936357
            ]
          ]
        ]
      },
      "properties": {
        "patch_id": "P0011",
        "center_lat": 29.792626,
        "center_lon": 81.598469,
        "valid_ratio": 1.0
      }
    },
    {
      "type": "Feature",
      "geometry": {
        "type": "Polygon",
        "coordinates": [
          [
            [
              81.742199,
              29.936357
            ],
            [
              82.02966,
              29.936357
            ],
            [
              82.02966,
              29.648896
            ],
            [
              81.742199,
              29.648896
            ],
            [
              81.742199,
              29.936357
            ]
          ]
        ]
      },
      "properties": {
        "patch_id": "P0012",
        "center_lat": 29.792626,
        "center_lon": 81.88593,
        "valid_ratio": 1.0
      }
    },
    {
      "type": "Feature",
      "geometry": {
        "type": "Polygon",
        "coordinates": [
          [
            [
              82.02966,
              29.936357
            ],
            [
              82.317121,
              29.936357
            ],
            [
              82.317121,
              29.648896
            ],
            [
              82.02966,
              29.648896
            ],
            [
              82.02966,
              29.936357
            ]
          ]
        ]
      },
      "properties": {
        "patch_id": "P0013",
        "center_lat": 29.792626,
        "center_lon": 82.173391,
        "valid_ratio": 1.0
      }
    },
    {
      "type": "Feature",
      "geometry": {
        "type": "Polygon",
        "coordinates": [
          [
            [
              82.317121,
              29.936357
            ],
            [
              82.604582,
              29.936357
            ],
            [
              82.604582,
              29.648896
            ],
            [
              82.317121,
              29.648896
            ],
            [
              82.317121,
              29.936357
            ]
          ]
        ]
      },
      "properties": {
        "patch_id": "P0014",
        "center_lat": 29.792626,
        "center_lon": 82.460852,
        "valid_ratio": 0.9941
      }
    },
    {
      "type": "Feature",
      "geometry": {
        "type": "Polygon",
        "coordinates": [
          [
            [
              82.604582,
              29.936357
            ],
            [
              82.892043,
              29.936357
            ],
            [
              82.892043,
              29.648896
            ],
            [
              82.604582,
              29.648896
            ],
            [
              82.604582,
              29.936357
            ]
          ]
        ]
      },
      "properties": {
        "patch_id": "P0015",
        "center_lat": 29.792626,
        "center_lon": 82.748312,
        "valid_ratio": 0.4277
      }
    },
    {
      "type": "Feature",
      "geometry": {
        "type": "Polygon",
        "coordinates": [
          [
            [
              80.304895,
              29.648896
            ],
            [
              80.592356,
              29.648896
            ],
            [
              80.592356,
              29.361435
            ],
            [
              80.304895,
              29.361435
            ],
            [
              80.304895,
              29.648896
            ]
          ]
        ]
      },
      "properties": {
        "patch_id": "P0016",
        "center_lat": 29.505166,
        "center_lon": 80.448625,
        "valid_ratio": 0.8447
      }
    },
    {
      "type": "Feature",
      "geometry": {
        "type": "Polygon",
        "coordinates": [
          [
            [
              80.592356,
              29.648896
            ],
            [
              80.879817,
              29.648896
            ],
            [
              80.879817,
              29.361435
            ],
            [
              80.592356,
              29.361435
            ],
            [
              80.592356,
              29.648896
            ]
          ]
        ]
      },
      "properties": {
        "patch_id": "P0017",
        "center_lat": 29.505166,
        "center_lon": 80.736086,
        "valid_ratio": 1.0
      }
    },
    {
      "type": "Feature",
      "geometry": {
        "type": "Polygon",
        "coordinates": [
          [
            [
              80.879817,
              29.648896
            ],
            [
              81.167277,
              29.648896
            ],
            [
              81.167277,
              29.361435
            ],
            [
              80.879817,
              29.361435
            ],
            [
              80.879817,
              29.648896
            ]
          ]
        ]
      },
      "properties": {
        "patch_id": "P0018",
        "center_lat": 29.505166,
        "center_lon": 81.023547,
        "valid_ratio": 1.0
      }
    },
    {
      "type": "Feature",
      "geometry": {
        "type": "Polygon",
        "coordinates": [
          [
            [
              81.167277,
              29.648896
            ],
            [
              81.454738,
              29.648896
            ],
            [
              81.454738,
              29.361435
            ],
            [
              81.167277,
              29.361435
            ],
            [
              81.167277,
              29.648896
            ]
          ]
        ]
      },
      "properties": {
        "patch_id": "P0019",
        "center_lat": 29.505166,
        "center_lon": 81.311008,
        "valid_ratio": 1.0
      }
    },
    {
      "type": "Feature",
      "geometry": {
        "type": "Polygon",
        "coordinates": [
          [
            [
              81.454738,
              29.648896
            ],
            [
              81.742199,
              29.648896
            ],
            [
              81.742199,
              29.361435
            ],
            [
              81.454738,
              29.361435
            ],
            [
              81.454738,
              29.648896
            ]
          ]
        ]
      },
      "properties": {
        "patch_id": "P0020",
        "center_lat": 29.505166,
        "center_lon": 81.598469,
        "valid_ratio": 1.0
      }
    },
    {
      "type": "Feature",
      "geometry": {
        "type": "Polygon",
        "coordinates": [
          [
            [
              81.742199,
              29.648896
            ],
            [
              82.02966,
              29.648896
            ],
            [
              82.02966,
              29.361435
            ],
            [
              81.742199,
              29.361435
            ],
            [
              81.742199,
              29.648896
            ]
          ]
        ]
      },
      "properties": {
        "patch_id": "P0021",
        "center_lat": 29.505166,
        "center_lon": 81.88593,
        "valid_ratio": 1.0
      }
    },
    {
      "type": "Feature",
      "geometry": {
        "type": "Polygon",
        "coordinates": [
          [
            [
              82.02966,
              29.648896
            ],
            [
              82.317121,
              29.648896
            ],
            [
              82.317121,
              29.361435
            ],
            [
              82.02966,
              29.361435
            ],
            [
              82.02966,
              29.648896
            ]
          ]
        ]
      },
      "properties": {
        "patch_id": "P0022",
        "center_lat": 29.505166,
        "center_lon": 82.173391,
        "valid_ratio": 1.0
      }
    },
    {
      "type": "Feature",
      "geometry": {
        "type": "Polygon",
        "coordinates": [
          [
            [
              82.317121,
              29.648896
            ],
            [
              82.604582,
              29.648896
            ],
            [
              82.604582,
              29.361435
            ],
            [
              82.317121,
              29.361435
            ],
            [
              82.317121,
              29.648896
            ]
          ]
        ]
      },
      "properties": {
        "patch_id": "P0023",
        "center_lat": 29.505166,
        "center_lon": 82.460852,
        "valid_ratio": 1.0
      }
    },
    {
      "type": "Feature",
      "geometry": {
        "type": "Polygon",
        "coordinates": [
          [
            [
              82.604582,
              29.648896
            ],
            [
              82.892043,
              29.648896
            ],
            [
              82.892043,
              29.361435
            ],
            [
              82.604582,
              29.361435
            ],
            [
              82.604582,
              29.648896
            ]
          ]
        ]
      },
      "properties": {
        "patch_id": "P0024",
        "center_lat": 29.505166,
        "center_lon": 82.748312,
        "valid_ratio": 1.0
      }
    },
    {
      "type": "Feature",
      "geometry": {
        "type": "Polygon",
        "coordinates": [
          [
            [
              82.892043,
              29.648896
            ],
            [
              83.179504,
              29.648896
            ],
            [
              83.179504,
              29.361435
            ],
            [
              82.892043,
              29.361435
            ],
            [
              82.892043,
              29.648896
            ]
          ]
        ]
      },
      "properties": {
        "patch_id": "P0025",
        "center_lat": 29.505166,
        "center_lon": 83.035773,
        "valid_ratio": 0.9443
      }
    },
    {
      "type": "Feature",
      "geometry": {
        "type": "Polygon",
        "coordinates": [
          [
            [
              83.179504,
              29.648896
            ],
            [
              83.466965,
              29.648896
            ],
            [
              83.466965,
              29.361435
            ],
            [
              83.179504,
              29.361435
            ],
            [
              83.179504,
              29.648896
            ]
          ]
        ]
      },
      "properties": {
        "patch_id": "P0026",
        "center_lat": 29.505166,
        "center_lon": 83.323234,
        "valid_ratio": 0.4434
      }
    },
    {
      "type": "Feature",
      "geometry": {
        "type": "Polygon",
        "coordinates": [
          [
            [
              80.304895,
              29.361435
            ],
            [
              80.592356,
              29.361435
            ],
            [
              80.592356,
              29.073974
            ],
            [
              80.304895,
              29.073974
            ],
            [
              80.304895,
              29.361435
            ]
          ]
        ]
      },
      "properties": {
        "patch_id": "P0027",
        "center_lat": 29.217705,
        "center_lon": 80.448625,
        "valid_ratio": 0.9912
      }
    },
    {
      "type": "Feature",
      "geometry": {
        "type": "Polygon",
        "coordinates": [
          [
            [
              80.592356,
              29.361435
            ],
            [
              80.879817,
              29.361435
            ],
            [
              80.879817,
              29.073974
            ],
            [
              80.592356,
              29.073974
            ],
            [
              80.592356,
              29.361435
            ]
          ]
        ]
      },
      "properties": {
        "patch_id": "P0028",
        "center_lat": 29.217705,
        "center_lon": 80.736086,
        "valid_ratio": 1.0
      }
    },
    {
      "type": "Feature",
      "geometry": {
        "type": "Polygon",
        "coordinates": [
          [
            [
              80.879817,
              29.361435
            ],
            [
              81.167277,
              29.361435
            ],
            [
              81.167277,
              29.073974
            ],
            [
              80.879817,
              29.073974
            ],
            [
              80.879817,
              29.361435
            ]
          ]
        ]
      },
      "properties": {
        "patch_id": "P0029",
        "center_lat": 29.217705,
        "center_lon": 81.023547,
        "valid_ratio": 1.0
      }
    },
    {
      "type": "Feature",
      "geometry": {
        "type": "Polygon",
        "coordinates": [
          [
            [
              81.167277,
              29.361435
            ],
            [
              81.454738,
              29.361435
            ],
            [
              81.454738,
              29.073974
            ],
            [
              81.167277,
              29.073974
            ],
            [
              81.167277,
              29.361435
            ]
          ]
        ]
      },
      "properties": {
        "patch_id": "P0030",
        "center_lat": 29.217705,
        "center_lon": 81.311008,
        "valid_ratio": 1.0
      }
    },
    {
      "type": "Feature",
      "geometry": {
        "type": "Polygon",
        "coordinates": [
          [
            [
              81.454738,
              29.361435
            ],
            [
              81.742199,
              29.361435
            ],
            [
              81.742199,
              29.073974
            ],
            [
              81.454738,
              29.073974
            ],
            [
              81.454738,
              29.361435
            ]
          ]
        ]
      },
      "properties": {
        "patch_id": "P0031",
        "center_lat": 29.217705,
        "center_lon": 81.598469,
        "valid_ratio": 1.0
      }
    },
    {
      "type": "Feature",
      "geometry": {
        "type": "Polygon",
        "coordinates": [
          [
            [
              81.742199,
              29.361435
            ],
            [
              82.02966,
              29.361435
            ],
            [
              82.02966,
              29.073974
            ],
            [
              81.742199,
              29.073974
            ],
            [
              81.742199,
              29.361435
            ]
          ]
        ]
      },
      "properties": {
        "patch_id": "P0032",
        "center_lat": 29.217705,
        "center_lon": 81.88593,
        "valid_ratio": 1.0
      }
    },
    {
      "type": "Feature",
      "geometry": {
        "type": "Polygon",
        "coordinates": [
          [
            [
              82.02966,
              29.361435
            ],
            [
              82.317121,
              29.361435
            ],
            [
              82.317121,
              29.073974
            ],
            [
              82.02966,
              29.073974
            ],
            [
              82.02966,
              29.361435
            ]
          ]
        ]
      },
      "properties": {
        "patch_id": "P0033",
        "center_lat": 29.217705,
        "center_lon": 82.173391,
        "valid_ratio": 1.0
      }
    },
    {
      "type": "Feature",
      "geometry": {
        "type": "Polygon",
        "coordinates": [
          [
            [
              82.317121,
              29.361435
            ],
            [
              82.604582,
              29.361435
            ],
            [
              82.604582,
              29.073974
            ],
            [
              82.317121,
              29.073974
            ],
            [
              82.317121,
              29.361435
            ]
          ]
        ]
      },
      "properties": {
        "patch_id": "P0034",
        "center_lat": 29.217705,
        "center_lon": 82.460852,
        "valid_ratio": 1.0
      }
    },
    {
      "type": "Feature",
      "geometry": {
        "type": "Polygon",
        "coordinates": [
          [
            [
              82.604582,
              29.361435
            ],
            [
              82.892043,
              29.361435
            ],
            [
              82.892043,
              29.073974
            ],
            [
              82.604582,
              29.073974
            ],
            [
              82.604582,
              29.361435
            ]
          ]
        ]
      },
      "properties": {
        "patch_id": "P0035",
        "center_lat": 29.217705,
        "center_lon": 82.748312,
        "valid_ratio": 1.0
      }
    },
    {
      "type": "Feature",
      "geometry": {
        "type": "Polygon",
        "coordinates": [
          [
            [
              82.892043,
              29.361435
            ],
            [
              83.179504,
              29.361435
            ],
            [
              83.179504,
              29.073974
            ],
            [
              82.892043,
              29.073974
            ],
            [
              82.892043,
              29.361435
            ]
          ]
        ]
      },
      "properties": {
        "patch_id": "P0036",
        "center_lat": 29.217705,
        "center_lon": 83.035773,
        "valid_ratio": 1.0
      }
    },
    {
      "type": "Feature",
      "geometry": {
        "type": "Polygon",
        "coordinates": [
          [
            [
              83.179504,
              29.361435
            ],
            [
              83.466965,
              29.361435
            ],
            [
              83.466965,
              29.073974
            ],
            [
              83.179504,
              29.073974
            ],
            [
              83.179504,
              29.361435
            ]
          ]
        ]
      },
      "properties": {
        "patch_id": "P0037",
        "center_lat": 29.217705,
        "center_lon": 83.323234,
        "valid_ratio": 0.9824
      }
    },
    {
      "type": "Feature",
      "geometry": {
        "type": "Polygon",
        "coordinates": [
          [
            [
              83.466965,
              29.361435
            ],
            [
              83.754426,
              29.361435
            ],
            [
              83.754426,
              29.073974
            ],
            [
              83.466965,
              29.073974
            ],
            [
              83.466965,
              29.361435
            ]
          ]
        ]
      },
      "properties": {
        "patch_id": "P0038",
        "center_lat": 29.217705,
        "center_lon": 83.610695,
        "valid_ratio": 0.4893
      }
    },
    {
      "type": "Feature",
      "geometry": {
        "type": "Polygon",
        "coordinates": [
          [
            [
              83.754426,
              29.361435
            ],
            [
              84.041886,
              29.361435
            ],
            [
              84.041886,
              29.073974
            ],
            [
              83.754426,
              29.073974
            ],
            [
              83.754426,
              29.361435
            ]
          ]
        ]
      },
      "properties": {
        "patch_id": "P0039",
        "center_lat": 29.217705,
        "center_lon": 83.898156,
        "valid_ratio": 0.7734
      }
    },
    {
      "type": "Feature",
      "geometry": {
        "type": "Polygon",
        "coordinates": [
          [
            [
              84.041886,
              29.361435
            ],
            [
              84.329347,
              29.361435
            ],
            [
              84.329347,
              29.073974
            ],
            [
              84.041886,
              29.073974
            ],
            [
              84.041886,
              29.361435
            ]
          ]
        ]
      },
      "properties": {
        "patch_id": "P0040",
        "center_lat": 29.217705,
        "center_lon": 84.185617,
        "valid_ratio": 0.3408
      }
    },
    {
      "type": "Feature",
      "geometry": {
        "type": "Polygon",
        "coordinates": [
          [
            [
              80.017434,
              29.073974
            ],
            [
              80.304895,
              29.073974
            ],
            [
              80.304895,
              28.786513
            ],
            [
              80.017434,
              28.786513
            ],
            [
              80.017434,
              29.073974
            ]
          ]
        ]
      },
      "properties": {
        "patch_id": "P0041",
        "center_lat": 28.930244,
        "center_lon": 80.161164,
        "valid_ratio": 0.6924
      }
    },
    {
      "type": "Feature",
      "geometry": {
        "type": "Polygon",
        "coordinates": [
          [
            [
              80.304895,
              29.073974
            ],
            [
              80.592356,
              29.073974
            ],
            [
              80.592356,
              28.786513
            ],
            [
              80.304895,
              28.786513
            ],
            [
              80.304895,
              29.073974
            ]
          ]
        ]
      },
      "properties": {
        "patch_id": "P0042",
        "center_lat": 28.930244,
        "center_lon": 80.448625,
        "valid_ratio": 1.0
      }
    },
    {
      "type": "Feature",
      "geometry": {
        "type": "Polygon",
        "coordinates": [
          [
            [
              80.592356,
              29.073974
            ],
            [
              80.879817,
              29.073974
            ],
            [
              80.879817,
              28.786513
            ],
            [
              80.592356,
              28.786513
            ],
            [
              80.592356,
              29.073974
            ]
          ]
        ]
      },
      "properties": {
        "patch_id": "P0043",
        "center_lat": 28.930244,
        "center_lon": 80.736086,
        "valid_ratio": 1.0
      }
    },
    {
      "type": "Feature",
      "geometry": {
        "type": "Polygon",
        "coordinates": [
          [
            [
              80.879817,
              29.073974
            ],
            [
              81.167277,
              29.073974
            ],
            [
              81.167277,
              28.786513
            ],
            [
              80.879817,
              28.786513
            ],
            [
              80.879817,
              29.073974
            ]
          ]
        ]
      },
      "properties": {
        "patch_id": "P0044",
        "center_lat": 28.930244,
        "center_lon": 81.023547,
        "valid_ratio": 1.0
      }
    },
    {
      "type": "Feature",
      "geometry": {
        "type": "Polygon",
        "coordinates": [
          [
            [
              81.167277,
              29.073974
            ],
            [
              81.454738,
              29.073974
            ],
            [
              81.454738,
              28.786513
            ],
            [
              81.167277,
              28.786513
            ],
            [
              81.167277,
              29.073974
            ]
          ]
        ]
      },
      "properties": {
        "patch_id": "P0045",
        "center_lat": 28.930244,
        "center_lon": 81.311008,
        "valid_ratio": 1.0
      }
    },
    {
      "type": "Feature",
      "geometry": {
        "type": "Polygon",
        "coordinates": [
          [
            [
              81.454738,
              29.073974
            ],
            [
              81.742199,
              29.073974
            ],
            [
              81.742199,
              28.786513
            ],
            [
              81.454738,
              28.786513
            ],
            [
              81.454738,
              29.073974
            ]
          ]
        ]
      },
      "properties": {
        "patch_id": "P0046",
        "center_lat": 28.930244,
        "center_lon": 81.598469,
        "valid_ratio": 1.0
      }
    },
    {
      "type": "Feature",
      "geometry": {
        "type": "Polygon",
        "coordinates": [
          [
            [
              81.742199,
              29.073974
            ],
            [
              82.02966,
              29.073974
            ],
            [
              82.02966,
              28.786513
            ],
            [
              81.742199,
              28.786513
            ],
            [
              81.742199,
              29.073974
            ]
          ]
        ]
      },
      "properties": {
        "patch_id": "P0047",
        "center_lat": 28.930244,
        "center_lon": 81.88593,
        "valid_ratio": 1.0
      }
    },
    {
      "type": "Feature",
      "geometry": {
        "type": "Polygon",
        "coordinates": [
          [
            [
              82.02966,
              29.073974
            ],
            [
              82.317121,
              29.073974
            ],
            [
              82.317121,
              28.786513
            ],
            [
              82.02966,
              28.786513
            ],
            [
              82.02966,
              29.073974
            ]
          ]
        ]
      },
      "properties": {
        "patch_id": "P0048",
        "center_lat": 28.930244,
        "center_lon": 82.173391,
        "valid_ratio": 1.0
      }
    },
    {
      "type": "Feature",
      "geometry": {
        "type": "Polygon",
        "coordinates": [
          [
            [
              82.317121,
              29.073974
            ],
            [
              82.604582,
              29.073974
            ],
            [
              82.604582,
              28.786513
            ],
            [
              82.317121,
              28.786513
            ],
            [
              82.317121,
              29.073974
            ]
          ]
        ]
      },
      "properties": {
        "patch_id": "P0049",
        "center_lat": 28.930244,
        "center_lon": 82.460852,
        "valid_ratio": 1.0
      }
    },
    {
      "type": "Feature",
      "geometry": {
        "type": "Polygon",
        "coordinates": [
          [
            [
              82.604582,
              29.073974
            ],
            [
              82.892043,
              29.073974
            ],
            [
              82.892043,
              28.786513
            ],
            [
              82.604582,
              28.786513
            ],
            [
              82.604582,
              29.073974
            ]
          ]
        ]
      },
      "properties": {
        "patch_id": "P0050",
        "center_lat": 28.930244,
        "center_lon": 82.748312,
        "valid_ratio": 1.0
      }
    },
    {
      "type": "Feature",
      "geometry": {
        "type": "Polygon",
        "coordinates": [
          [
            [
              82.892043,
              29.073974
            ],
            [
              83.179504,
              29.073974
            ],
            [
              83.179504,
              28.786513
            ],
            [
              82.892043,
              28.786513
            ],
            [
              82.892043,
              29.073974
            ]
          ]
        ]
      },
      "properties": {
        "patch_id": "P0051",
        "center_lat": 28.930244,
        "center_lon": 83.035773,
        "valid_ratio": 1.0
      }
    },
    {
      "type": "Feature",
      "geometry": {
        "type": "Polygon",
        "coordinates": [
          [
            [
              83.179504,
              29.073974
            ],
            [
              83.466965,
              29.073974
            ],
            [
              83.466965,
              28.786513
            ],
            [
              83.179504,
              28.786513
            ],
            [
              83.179504,
              29.073974
            ]
          ]
        ]
      },
      "properties": {
        "patch_id": "P0052",
        "center_lat": 28.930244,
        "center_lon": 83.323234,
        "valid_ratio": 1.0
      }
    },
    {
      "type": "Feature",
      "geometry": {
        "type": "Polygon",
        "coordinates": [
          [
            [
              83.466965,
              29.073974
            ],
            [
              83.754426,
              29.073974
            ],
            [
              83.754426,
              28.786513
            ],
            [
              83.466965,
              28.786513
            ],
            [
              83.466965,
              29.073974
            ]
          ]
        ]
      },
      "properties": {
        "patch_id": "P0053",
        "center_lat": 28.930244,
        "center_lon": 83.610695,
        "valid_ratio": 1.0
      }
    },
    {
      "type": "Feature",
      "geometry": {
        "type": "Polygon",
        "coordinates": [
          [
            [
              83.754426,
              29.073974
            ],
            [
              84.041886,
              29.073974
            ],
            [
              84.041886,
              28.786513
            ],
            [
              83.754426,
              28.786513
            ],
            [
              83.754426,
              29.073974
            ]
          ]
        ]
      },
      "properties": {
        "patch_id": "P0054",
        "center_lat": 28.930244,
        "center_lon": 83.898156,
        "valid_ratio": 1.0
      }
    },
    {
      "type": "Feature",
      "geometry": {
        "type": "Polygon",
        "coordinates": [
          [
            [
              84.041886,
              29.073974
            ],
            [
              84.329347,
              29.073974
            ],
            [
              84.329347,
              28.786513
            ],
            [
              84.041886,
              28.786513
            ],
            [
              84.041886,
              29.073974
            ]
          ]
        ]
      },
      "properties": {
        "patch_id": "P0055",
        "center_lat": 28.930244,
        "center_lon": 84.185617,
        "valid_ratio": 0.7715
      }
    },
    {
      "type": "Feature",
      "geometry": {
        "type": "Polygon",
        "coordinates": [
          [
            [
              80.304895,
              28.786513
            ],
            [
              80.592356,
              28.786513
            ],
            [
              80.592356,
              28.499052
            ],
            [
              80.304895,
              28.499052
            ],
            [
              80.304895,
              28.786513
            ]
          ]
        ]
      },
      "properties": {
        "patch_id": "P0056",
        "center_lat": 28.642783,
        "center_lon": 80.448625,
        "valid_ratio": 0.5146
      }
    },
    {
      "type": "Feature",
      "geometry": {
        "type": "Polygon",
        "coordinates": [
          [
            [
              80.592356,
              28.786513
            ],
            [
              80.879817,
              28.786513
            ],
            [
              80.879817,
              28.499052
            ],
            [
              80.592356,
              28.499052
            ],
            [
              80.592356,
              28.786513
            ]
          ]
        ]
      },
      "properties": {
        "patch_id": "P0057",
        "center_lat": 28.642783,
        "center_lon": 80.736086,
        "valid_ratio": 0.7471
      }
    },
    {
      "type": "Feature",
      "geometry": {
        "type": "Polygon",
        "coordinates": [
          [
            [
              80.879817,
              28.786513
            ],
            [
              81.167277,
              28.786513
            ],
            [
              81.167277,
              28.499052
            ],
            [
              80.879817,
              28.499052
            ],
            [
              80.879817,
              28.786513
            ]
          ]
        ]
      },
      "properties": {
        "patch_id": "P0058",
        "center_lat": 28.642783,
        "center_lon": 81.023547,
        "valid_ratio": 0.998
      }
    },
    {
      "type": "Feature",
      "geometry": {
        "type": "Polygon",
        "coordinates": [
          [
            [
              81.167277,
              28.786513
            ],
            [
              81.454738,
              28.786513
            ],
            [
              81.454738,
              28.499052
            ],
            [
              81.167277,
              28.499052
            ],
            [
              81.167277,
              28.786513
            ]
          ]
        ]
      },
      "properties": {
        "patch_id": "P0059",
        "center_lat": 28.642783,
        "center_lon": 81.311008,
        "valid_ratio": 1.0
      }
    },
    {
      "type": "Feature",
      "geometry": {
        "type": "Polygon",
        "coordinates": [
          [
            [
              81.454738,
              28.786513
            ],
            [
              81.742199,
              28.786513
            ],
            [
              81.742199,
              28.499052
            ],
            [
              81.454738,
              28.499052
            ],
            [
              81.454738,
              28.786513
            ]
          ]
        ]
      },
      "properties": {
        "patch_id": "P0060",
        "center_lat": 28.642783,
        "center_lon": 81.598469,
        "valid_ratio": 1.0
      }
    },
    {
      "type": "Feature",
      "geometry": {
        "type": "Polygon",
        "coordinates": [
          [
            [
              81.742199,
              28.786513
            ],
            [
              82.02966,
              28.786513
            ],
            [
              82.02966,
              28.499052
            ],
            [
              81.742199,
              28.499052
            ],
            [
              81.742199,
              28.786513
            ]
          ]
        ]
      },
      "properties": {
        "patch_id": "P0061",
        "center_lat": 28.642783,
        "center_lon": 81.88593,
        "valid_ratio": 1.0
      }
    },
    {
      "type": "Feature",
      "geometry": {
        "type": "Polygon",
        "coordinates": [
          [
            [
              82.02966,
              28.786513
            ],
            [
              82.317121,
              28.786513
            ],
            [
              82.317121,
              28.499052
            ],
            [
              82.02966,
              28.499052
            ],
            [
              82.02966,
              28.786513
            ]
          ]
        ]
      },
      "properties": {
        "patch_id": "P0062",
        "center_lat": 28.642783,
        "center_lon": 82.173391,
        "valid_ratio": 1.0
      }
    },
    {
      "type": "Feature",
      "geometry": {
        "type": "Polygon",
        "coordinates": [
          [
            [
              82.317121,
              28.786513
            ],
            [
              82.604582,
              28.786513
            ],
            [
              82.604582,
              28.499052
            ],
            [
              82.317121,
              28.499052
            ],
            [
              82.317121,
              28.786513
            ]
          ]
        ]
      },
      "properties": {
        "patch_id": "P0063",
        "center_lat": 28.642783,
        "center_lon": 82.460852,
        "valid_ratio": 1.0
      }
    },
    {
      "type": "Feature",
      "geometry": {
        "type": "Polygon",
        "coordinates": [
          [
            [
              82.604582,
              28.786513
            ],
            [
              82.892043,
              28.786513
            ],
            [
              82.892043,
              28.499052
            ],
            [
              82.604582,
              28.499052
            ],
            [
              82.604582,
              28.786513
            ]
          ]
        ]
      },
      "properties": {
        "patch_id": "P0064",
        "center_lat": 28.642783,
        "center_lon": 82.748312,
        "valid_ratio": 1.0
      }
    },
    {
      "type": "Feature",
      "geometry": {
        "type": "Polygon",
        "coordinates": [
          [
            [
              82.892043,
              28.786513
            ],
            [
              83.179504,
              28.786513
            ],
            [
              83.179504,
              28.499052
            ],
            [
              82.892043,
              28.499052
            ],
            [
              82.892043,
              28.786513
            ]
          ]
        ]
      },
      "properties": {
        "patch_id": "P0065",
        "center_lat": 28.642783,
        "center_lon": 83.035773,
        "valid_ratio": 1.0
      }
    },
    {
      "type": "Feature",
      "geometry": {
        "type": "Polygon",
        "coordinates": [
          [
            [
              83.179504,
              28.786513
            ],
            [
              83.466965,
              28.786513
            ],
            [
              83.466965,
              28.499052
            ],
            [
              83.179504,
              28.499052
            ],
            [
              83.179504,
              28.786513
            ]
          ]
        ]
      },
      "properties": {
        "patch_id": "P0066",
        "center_lat": 28.642783,
        "center_lon": 83.323234,
        "valid_ratio": 1.0
      }
    },
    {
      "type": "Feature",
      "geometry": {
        "type": "Polygon",
        "coordinates": [
          [
            [
              83.466965,
              28.786513
            ],
            [
              83.754426,
              28.786513
            ],
            [
              83.754426,
              28.499052
            ],
            [
              83.466965,
              28.499052
            ],
            [
              83.466965,
              28.786513
            ]
          ]
        ]
      },
      "properties": {
        "patch_id": "P0067",
        "center_lat": 28.642783,
        "center_lon": 83.610695,
        "valid_ratio": 1.0
      }
    },
    {
      "type": "Feature",
      "geometry": {
        "type": "Polygon",
        "coordinates": [
          [
            [
              83.754426,
              28.786513
            ],
            [
              84.041886,
              28.786513
            ],
            [
              84.041886,
              28.499052
            ],
            [
              83.754426,
              28.499052
            ],
            [
              83.754426,
              28.786513
            ]
          ]
        ]
      },
      "properties": {
        "patch_id": "P0068",
        "center_lat": 28.642783,
        "center_lon": 83.898156,
        "valid_ratio": 1.0
      }
    },
    {
      "type": "Feature",
      "geometry": {
        "type": "Polygon",
        "coordinates": [
          [
            [
              84.041886,
              28.786513
            ],
            [
              84.329347,
              28.786513
            ],
            [
              84.329347,
              28.499052
            ],
            [
              84.041886,
              28.499052
            ],
            [
              84.041886,
              28.786513
            ]
          ]
        ]
      },
      "properties": {
        "patch_id": "P0069",
        "center_lat": 28.642783,
        "center_lon": 84.185617,
        "valid_ratio": 1.0
      }
    },
    {
      "type": "Feature",
      "geometry": {
        "type": "Polygon",
        "coordinates": [
          [
            [
              84.329347,
              28.786513
            ],
            [
              84.616808,
              28.786513
            ],
            [
              84.616808,
              28.499052
            ],
            [
              84.329347,
              28.499052
            ],
            [
              84.329347,
              28.786513
            ]
          ]
        ]
      },
      "properties": {
        "patch_id": "P0070",
        "center_lat": 28.642783,
        "center_lon": 84.473078,
        "valid_ratio": 0.8584
      }
    },
    {
      "type": "Feature",
      "geometry": {
        "type": "Polygon",
        "coordinates": [
          [
            [
              84.616808,
              28.786513
            ],
            [
              84.904269,
              28.786513
            ],
            [
              84.904269,
              28.499052
            ],
            [
              84.616808,
              28.499052
            ],
            [
              84.616808,
              28.786513
            ]
          ]
        ]
      },
      "properties": {
        "patch_id": "P0071",
        "center_lat": 28.642783,
        "center_lon": 84.760539,
        "valid_ratio": 0.4463
      }
    },
    {
      "type": "Feature",
      "geometry": {
        "type": "Polygon",
        "coordinates": [
          [
            [
              84.904269,
              28.786513
            ],
            [
              85.19173,
              28.786513
            ],
            [
              85.19173,
              28.499052
            ],
            [
              84.904269,
              28.499052
            ],
            [
              84.904269,
              28.786513
            ]
          ]
        ]
      },
      "properties": {
        "patch_id": "P0072",
        "center_lat": 28.642783,
        "center_lon": 85.048,
        "valid_ratio": 0.457
      }
    },
    {
      "type": "Feature",
      "geometry": {
        "type": "Polygon",
        "coordinates": [
          [
            [
              81.167277,
              28.499052
            ],
            [
              81.454738,
              28.499052
            ],
            [
              81.454738,
              28.211591
            ],
            [
              81.167277,
              28.211591
            ],
            [
              81.167277,
              28.499052
            ]
          ]
        ]
      },
      "properties": {
        "patch_id": "P0073",
        "center_lat": 28.355322,
        "center_lon": 81.311008,
        "valid_ratio": 0.8447
      }
    },
    {
      "type": "Feature",
      "geometry": {
        "type": "Polygon",
        "coordinates": [
          [
            [
              81.454738,
              28.499052
            ],
            [
              81.742199,
              28.499052
            ],
            [
              81.742199,
              28.211591
            ],
            [
              81.454738,
              28.211591
            ],
            [
              81.454738,
              28.499052
            ]
          ]
        ]
      },
      "properties": {
        "patch_id": "P0074",
        "center_lat": 28.355322,
        "center_lon": 81.598469,
        "valid_ratio": 1.0
      }
    },
    {
      "type": "Feature",
      "geometry": {
        "type": "Polygon",
        "coordinates": [
          [
            [
              81.742199,
              28.499052
            ],
            [
              82.02966,
              28.499052
            ],
            [
              82.02966,
              28.211591
            ],
            [
              81.742199,
              28.211591
            ],
            [
              81.742199,
              28.499052
            ]
          ]
        ]
      },
      "properties": {
        "patch_id": "P0075",
        "center_lat": 28.355322,
        "center_lon": 81.88593,
        "valid_ratio": 1.0
      }
    },
    {
      "type": "Feature",
      "geometry": {
        "type": "Polygon",
        "coordinates": [
          [
            [
              82.02966,
              28.499052
            ],
            [
              82.317121,
              28.499052
            ],
            [
              82.317121,
              28.211591
            ],
            [
              82.02966,
              28.211591
            ],
            [
              82.02966,
              28.499052
            ]
          ]
        ]
      },
      "properties": {
        "patch_id": "P0076",
        "center_lat": 28.355322,
        "center_lon": 82.173391,
        "valid_ratio": 1.0
      }
    },
    {
      "type": "Feature",
      "geometry": {
        "type": "Polygon",
        "coordinates": [
          [
            [
              82.317121,
              28.499052
            ],
            [
              82.604582,
              28.499052
            ],
            [
              82.604582,
              28.211591
            ],
            [
              82.317121,
              28.211591
            ],
            [
              82.317121,
              28.499052
            ]
          ]
        ]
      },
      "properties": {
        "patch_id": "P0077",
        "center_lat": 28.355322,
        "center_lon": 82.460852,
        "valid_ratio": 1.0
      }
    },
    {
      "type": "Feature",
      "geometry": {
        "type": "Polygon",
        "coordinates": [
          [
            [
              82.604582,
              28.499052
            ],
            [
              82.892043,
              28.499052
            ],
            [
              82.892043,
              28.211591
            ],
            [
              82.604582,
              28.211591
            ],
            [
              82.604582,
              28.499052
            ]
          ]
        ]
      },
      "properties": {
        "patch_id": "P0078",
        "center_lat": 28.355322,
        "center_lon": 82.748312,
        "valid_ratio": 1.0
      }
    },
    {
      "type": "Feature",
      "geometry": {
        "type": "Polygon",
        "coordinates": [
          [
            [
              82.892043,
              28.499052
            ],
            [
              83.179504,
              28.499052
            ],
            [
              83.179504,
              28.211591
            ],
            [
              82.892043,
              28.211591
            ],
            [
              82.892043,
              28.499052
            ]
          ]
        ]
      },
      "properties": {
        "patch_id": "P0079",
        "center_lat": 28.355322,
        "center_lon": 83.035773,
        "valid_ratio": 1.0
      }
    },
    {
      "type": "Feature",
      "geometry": {
        "type": "Polygon",
        "coordinates": [
          [
            [
              83.179504,
              28.499052
            ],
            [
              83.466965,
              28.499052
            ],
            [
              83.466965,
              28.211591
            ],
            [
              83.179504,
              28.211591
            ],
            [
              83.179504,
              28.499052
            ]
          ]
        ]
      },
      "properties": {
        "patch_id": "P0080",
        "center_lat": 28.355322,
        "center_lon": 83.323234,
        "valid_ratio": 1.0
      }
    },
    {
      "type": "Feature",
      "geometry": {
        "type": "Polygon",
        "coordinates": [
          [
            [
              83.466965,
              28.499052
            ],
            [
              83.754426,
              28.499052
            ],
            [
              83.754426,
              28.211591
            ],
            [
              83.466965,
              28.211591
            ],
            [
              83.466965,
              28.499052
            ]
          ]
        ]
      },
      "properties": {
        "patch_id": "P0081",
        "center_lat": 28.355322,
        "center_lon": 83.610695,
        "valid_ratio": 1.0
      }
    },
    {
      "type": "Feature",
      "geometry": {
        "type": "Polygon",
        "coordinates": [
          [
            [
              83.754426,
              28.499052
            ],
            [
              84.041886,
              28.499052
            ],
            [
              84.041886,
              28.211591
            ],
            [
              83.754426,
              28.211591
            ],
            [
              83.754426,
              28.499052
            ]
          ]
        ]
      },
      "properties": {
        "patch_id": "P0082",
        "center_lat": 28.355322,
        "center_lon": 83.898156,
        "valid_ratio": 1.0
      }
    },
    {
      "type": "Feature",
      "geometry": {
        "type": "Polygon",
        "coordinates": [
          [
            [
              84.041886,
              28.499052
            ],
            [
              84.329347,
              28.499052
            ],
            [
              84.329347,
              28.211591
            ],
            [
              84.041886,
              28.211591
            ],
            [
              84.041886,
              28.499052
            ]
          ]
        ]
      },
      "properties": {
        "patch_id": "P0083",
        "center_lat": 28.355322,
        "center_lon": 84.185617,
        "valid_ratio": 1.0
      }
    },
    {
      "type": "Feature",
      "geometry": {
        "type": "Polygon",
        "coordinates": [
          [
            [
              84.329347,
              28.499052
            ],
            [
              84.616808,
              28.499052
            ],
            [
              84.616808,
              28.211591
            ],
            [
              84.329347,
              28.211591
            ],
            [
              84.329347,
              28.499052
            ]
          ]
        ]
      },
      "properties": {
        "patch_id": "P0084",
        "center_lat": 28.355322,
        "center_lon": 84.473078,
        "valid_ratio": 1.0
      }
    },
    {
      "type": "Feature",
      "geometry": {
        "type": "Polygon",
        "coordinates": [
          [
            [
              84.616808,
              28.499052
            ],
            [
              84.904269,
              28.499052
            ],
            [
              84.904269,
              28.211591
            ],
            [
              84.616808,
              28.211591
            ],
            [
              84.616808,
              28.499052
            ]
          ]
        ]
      },
      "properties": {
        "patch_id": "P0085",
        "center_lat": 28.355322,
        "center_lon": 84.760539,
        "valid_ratio": 1.0
      }
    },
    {
      "type": "Feature",
      "geometry": {
        "type": "Polygon",
        "coordinates": [
          [
            [
              84.904269,
              28.499052
            ],
            [
              85.19173,
              28.499052
            ],
            [
              85.19173,
              28.211591
            ],
            [
              84.904269,
              28.211591
            ],
            [
              84.904269,
              28.499052
            ]
          ]
        ]
      },
      "properties": {
        "patch_id": "P0086",
        "center_lat": 28.355322,
        "center_lon": 85.048,
        "valid_ratio": 0.8564
      }
    },
    {
      "type": "Feature",
      "geometry": {
        "type": "Polygon",
        "coordinates": [
          [
            [
              85.19173,
              28.499052
            ],
            [
              85.479191,
              28.499052
            ],
            [
              85.479191,
              28.211591
            ],
            [
              85.19173,
              28.211591
            ],
            [
              85.19173,
              28.499052
            ]
          ]
        ]
      },
      "properties": {
        "patch_id": "P0087",
        "center_lat": 28.355322,
        "center_lon": 85.33546,
        "valid_ratio": 0.3154
      }
    },
    {
      "type": "Feature",
      "geometry": {
        "type": "Polygon",
        "coordinates": [
          [
            [
              85.479191,
              28.499052
            ],
            [
              85.766652,
              28.499052
            ],
            [
              85.766652,
              28.211591
            ],
            [
              85.479191,
              28.211591
            ],
            [
              85.479191,
              28.499052
            ]
          ]
        ]
      },
      "properties": {
        "patch_id": "P0088",
        "center_lat": 28.355322,
        "center_lon": 85.622921,
        "valid_ratio": 0.3418
      }
    },
    {
      "type": "Feature",
      "geometry": {
        "type": "Polygon",
        "coordinates": [
          [
            [
              81.454738,
              28.211591
            ],
            [
              81.742199,
              28.211591
            ],
            [
              81.742199,
              27.924131
            ],
            [
              81.454738,
              27.924131
            ],
            [
              81.454738,
              28.211591
            ]
          ]
        ]
      },
      "properties": {
        "patch_id": "P0089",
        "center_lat": 28.067861,
        "center_lon": 81.598469,
        "valid_ratio": 0.6426
      }
    },
    {
      "type": "Feature",
      "geometry": {
        "type": "Polygon",
        "coordinates": [
          [
            [
              81.742199,
              28.211591
            ],
            [
              82.02966,
              28.211591
            ],
            [
              82.02966,
              27.924131
            ],
            [
              81.742199,
              27.924131
            ],
            [
              81.742199,
              28.211591
            ]
          ]
        ]
      },
      "properties": {
        "patch_id": "P0090",
        "center_lat": 28.067861,
        "center_lon": 81.88593,
        "valid_ratio": 0.9932
      }
    },
    {
      "type": "Feature",
      "geometry": {
        "type": "Polygon",
        "coordinates": [
          [
            [
              82.02966,
              28.211591
            ],
            [
              82.317121,
              28.211591
            ],
            [
              82.317121,
              27.924131
            ],
            [
              82.02966,
              27.924131
            ],
            [
              82.02966,
              28.211591
            ]
          ]
        ]
      },
      "properties": {
        "patch_id": "P0091",
        "center_lat": 28.067861,
        "center_lon": 82.173391,
        "valid_ratio": 1.0
      }
    },
    {
      "type": "Feature",
      "geometry": {
        "type": "Polygon",
        "coordinates": [
          [
            [
              82.317121,
              28.211591
            ],
            [
              82.604582,
              28.211591
            ],
            [
              82.604582,
              27.924131
            ],
            [
              82.317121,
              27.924131
            ],
            [
              82.317121,
              28.211591
            ]
          ]
        ]
      },
      "properties": {
        "patch_id": "P0092",
        "center_lat": 28.067861,
        "center_lon": 82.460852,
        "valid_ratio": 1.0
      }
    },
    {
      "type": "Feature",
      "geometry": {
        "type": "Polygon",
        "coordinates": [
          [
            [
              82.604582,
              28.211591
            ],
            [
              82.892043,
              28.211591
            ],
            [
              82.892043,
              27.924131
            ],
            [
              82.604582,
              27.924131
            ],
            [
              82.604582,
              28.211591
            ]
          ]
        ]
      },
      "properties": {
        "patch_id": "P0093",
        "center_lat": 28.067861,
        "center_lon": 82.748312,
        "valid_ratio": 1.0
      }
    },
    {
      "type": "Feature",
      "geometry": {
        "type": "Polygon",
        "coordinates": [
          [
            [
              82.892043,
              28.211591
            ],
            [
              83.179504,
              28.211591
            ],
            [
              83.179504,
              27.924131
            ],
            [
              82.892043,
              27.924131
            ],
            [
              82.892043,
              28.211591
            ]
          ]
        ]
      },
      "properties": {
        "patch_id": "P0094",
        "center_lat": 28.067861,
        "center_lon": 83.035773,
        "valid_ratio": 1.0
      }
    },
    {
      "type": "Feature",
      "geometry": {
        "type": "Polygon",
        "coordinates": [
          [
            [
              83.179504,
              28.211591
            ],
            [
              83.466965,
              28.211591
            ],
            [
              83.466965,
              27.924131
            ],
            [
              83.179504,
              27.924131
            ],
            [
              83.179504,
              28.211591
            ]
          ]
        ]
      },
      "properties": {
        "patch_id": "P0095",
        "center_lat": 28.067861,
        "center_lon": 83.323234,
        "valid_ratio": 1.0
      }
    },
    {
      "type": "Feature",
      "geometry": {
        "type": "Polygon",
        "coordinates": [
          [
            [
              83.466965,
              28.211591
            ],
            [
              83.754426,
              28.211591
            ],
            [
              83.754426,
              27.924131
            ],
            [
              83.466965,
              27.924131
            ],
            [
              83.466965,
              28.211591
            ]
          ]
        ]
      },
      "properties": {
        "patch_id": "P0096",
        "center_lat": 28.067861,
        "center_lon": 83.610695,
        "valid_ratio": 1.0
      }
    },
    {
      "type": "Feature",
      "geometry": {
        "type": "Polygon",
        "coordinates": [
          [
            [
              83.754426,
              28.211591
            ],
            [
              84.041886,
              28.211591
            ],
            [
              84.041886,
              27.924131
            ],
            [
              83.754426,
              27.924131
            ],
            [
              83.754426,
              28.211591
            ]
          ]
        ]
      },
      "properties": {
        "patch_id": "P0097",
        "center_lat": 28.067861,
        "center_lon": 83.898156,
        "valid_ratio": 1.0
      }
    },
    {
      "type": "Feature",
      "geometry": {
        "type": "Polygon",
        "coordinates": [
          [
            [
              84.041886,
              28.211591
            ],
            [
              84.329347,
              28.211591
            ],
            [
              84.329347,
              27.924131
            ],
            [
              84.041886,
              27.924131
            ],
            [
              84.041886,
              28.211591
            ]
          ]
        ]
      },
      "properties": {
        "patch_id": "P0098",
        "center_lat": 28.067861,
        "center_lon": 84.185617,
        "valid_ratio": 1.0
      }
    },
    {
      "type": "Feature",
      "geometry": {
        "type": "Polygon",
        "coordinates": [
          [
            [
              84.329347,
              28.211591
            ],
            [
              84.616808,
              28.211591
            ],
            [
              84.616808,
              27.924131
            ],
            [
              84.329347,
              27.924131
            ],
            [
              84.329347,
              28.211591
            ]
          ]
        ]
      },
      "properties": {
        "patch_id": "P0099",
        "center_lat": 28.067861,
        "center_lon": 84.473078,
        "valid_ratio": 1.0
      }
    },
    {
      "type": "Feature",
      "geometry": {
        "type": "Polygon",
        "coordinates": [
          [
            [
              84.616808,
              28.211591
            ],
            [
              84.904269,
              28.211591
            ],
            [
              84.904269,
              27.924131
            ],
            [
              84.616808,
              27.924131
            ],
            [
              84.616808,
              28.211591
            ]
          ]
        ]
      },
      "properties": {
        "patch_id": "P0100",
        "center_lat": 28.067861,
        "center_lon": 84.760539,
        "valid_ratio": 1.0
      }
    },
    {
      "type": "Feature",
      "geometry": {
        "type": "Polygon",
        "coordinates": [
          [
            [
              84.904269,
              28.211591
            ],
            [
              85.19173,
              28.211591
            ],
            [
              85.19173,
              27.924131
            ],
            [
              84.904269,
              27.924131
            ],
            [
              84.904269,
              28.211591
            ]
          ]
        ]
      },
      "properties": {
        "patch_id": "P0101",
        "center_lat": 28.067861,
        "center_lon": 85.048,
        "valid_ratio": 1.0
      }
    },
    {
      "type": "Feature",
      "geometry": {
        "type": "Polygon",
        "coordinates": [
          [
            [
              85.19173,
              28.211591
            ],
            [
              85.479191,
              28.211591
            ],
            [
              85.479191,
              27.924131
            ],
            [
              85.19173,
              27.924131
            ],
            [
              85.19173,
              28.211591
            ]
          ]
        ]
      },
      "properties": {
        "patch_id": "P0102",
        "center_lat": 28.067861,
        "center_lon": 85.33546,
        "valid_ratio": 1.0
      }
    },
    {
      "type": "Feature",
      "geometry": {
        "type": "Polygon",
        "coordinates": [
          [
            [
              85.479191,
              28.211591
            ],
            [
              85.766652,
              28.211591
            ],
            [
              85.766652,
              27.924131
            ],
            [
              85.479191,
              27.924131
            ],
            [
              85.479191,
              28.211591
            ]
          ]
        ]
      },
      "properties": {
        "patch_id": "P0103",
        "center_lat": 28.067861,
        "center_lon": 85.622921,
        "valid_ratio": 1.0
      }
    },
    {
      "type": "Feature",
      "geometry": {
        "type": "Polygon",
        "coordinates": [
          [
            [
              85.766652,
              28.211591
            ],
            [
              86.054113,
              28.211591
            ],
            [
              86.054113,
              27.924131
            ],
            [
              85.766652,
              27.924131
            ],
            [
              85.766652,
              28.211591
            ]
          ]
        ]
      },
      "properties": {
        "patch_id": "P0104",
        "center_lat": 28.067861,
        "center_lon": 85.910382,
        "valid_ratio": 0.4736
      }
    },
    {
      "type": "Feature",
      "geometry": {
        "type": "Polygon",
        "coordinates": [
          [
            [
              86.054113,
              28.211591
            ],
            [
              86.341574,
              28.211591
            ],
            [
              86.341574,
              27.924131
            ],
            [
              86.054113,
              27.924131
            ],
            [
              86.054113,
              28.211591
            ]
          ]
        ]
      },
      "properties": {
        "patch_id": "P0105",
        "center_lat": 28.067861,
        "center_lon": 86.197843,
        "valid_ratio": 0.3242
      }
    },
    {
      "type": "Feature",
      "geometry": {
        "type": "Polygon",
        "coordinates": [
          [
            [
              86.629034,
              28.211591
            ],
            [
              86.916495,
              28.211591
            ],
            [
              86.916495,
              27.924131
            ],
            [
              86.629034,
              27.924131
            ],
            [
              86.629034,
              28.211591
            ]
          ]
        ]
      },
      "properties": {
        "patch_id": "P0106",
        "center_lat": 28.067861,
        "center_lon": 86.772765,
        "valid_ratio": 0.4287
      }
    },
    {
      "type": "Feature",
      "geometry": {
        "type": "Polygon",
        "coordinates": [
          [
            [
              82.317121,
              27.924131
            ],
            [
              82.604582,
              27.924131
            ],
            [
              82.604582,
              27.63667
            ],
            [
              82.317121,
              27.63667
            ],
            [
              82.317121,
              27.924131
            ]
          ]
        ]
      },
      "properties": {
        "patch_id": "P0107",
        "center_lat": 27.7804,
        "center_lon": 82.460852,
        "valid_ratio": 0.7705
      }
    },
    {
      "type": "Feature",
      "geometry": {
        "type": "Polygon",
        "coordinates": [
          [
            [
              82.604582,
              27.924131
            ],
            [
              82.892043,
              27.924131
            ],
            [
              82.892043,
              27.63667
            ],
            [
              82.604582,
              27.63667
            ],
            [
              82.604582,
              27.924131
            ]
          ]
        ]
      },
      "properties": {
        "patch_id": "P0108",
        "center_lat": 27.7804,
        "center_lon": 82.748312,
        "valid_ratio": 0.8994
      }
    },
    {
      "type": "Feature",
      "geometry": {
        "type": "Polygon",
        "coordinates": [
          [
            [
              82.892043,
              27.924131
            ],
            [
              83.179504,
              27.924131
            ],
            [
              83.179504,
              27.63667
            ],
            [
              82.892043,
              27.63667
            ],
            [
              82.892043,
              27.924131
            ]
          ]
        ]
      },
      "properties": {
        "patch_id": "P0109",
        "center_lat": 27.7804,
        "center_lon": 83.035773,
        "valid_ratio": 1.0
      }
    },
    {
      "type": "Feature",
      "geometry": {
        "type": "Polygon",
        "coordinates": [
          [
            [
              83.179504,
              27.924131
            ],
            [
              83.466965,
              27.924131
            ],
            [
              83.466965,
              27.63667
            ],
            [
              83.179504,
              27.63667
            ],
            [
              83.179504,
              27.924131
            ]
          ]
        ]
      },
      "properties": {
        "patch_id": "P0110",
        "center_lat": 27.7804,
        "center_lon": 83.323234,
        "valid_ratio": 1.0
      }
    },
    {
      "type": "Feature",
      "geometry": {
        "type": "Polygon",
        "coordinates": [
          [
            [
              83.466965,
              27.924131
            ],
            [
              83.754426,
              27.924131
            ],
            [
              83.754426,
              27.63667
            ],
            [
              83.466965,
              27.63667
            ],
            [
              83.466965,
              27.924131
            ]
          ]
        ]
      },
      "properties": {
        "patch_id": "P0111",
        "center_lat": 27.7804,
        "center_lon": 83.610695,
        "valid_ratio": 1.0
      }
    },
    {
      "type": "Feature",
      "geometry": {
        "type": "Polygon",
        "coordinates": [
          [
            [
              83.754426,
              27.924131
            ],
            [
              84.041886,
              27.924131
            ],
            [
              84.041886,
              27.63667
            ],
            [
              83.754426,
              27.63667
            ],
            [
              83.754426,
              27.924131
            ]
          ]
        ]
      },
      "properties": {
        "patch_id": "P0112",
        "center_lat": 27.7804,
        "center_lon": 83.898156,
        "valid_ratio": 1.0
      }
    },
    {
      "type": "Feature",
      "geometry": {
        "type": "Polygon",
        "coordinates": [
          [
            [
              84.041886,
              27.924131
            ],
            [
              84.329347,
              27.924131
            ],
            [
              84.329347,
              27.63667
            ],
            [
              84.041886,
              27.63667
            ],
            [
              84.041886,
              27.924131
            ]
          ]
        ]
      },
      "properties": {
        "patch_id": "P0113",
        "center_lat": 27.7804,
        "center_lon": 84.185617,
        "valid_ratio": 1.0
      }
    },
    {
      "type": "Feature",
      "geometry": {
        "type": "Polygon",
        "coordinates": [
          [
            [
              84.329347,
              27.924131
            ],
            [
              84.616808,
              27.924131
            ],
            [
              84.616808,
              27.63667
            ],
            [
              84.329347,
              27.63667
            ],
            [
              84.329347,
              27.924131
            ]
          ]
        ]
      },
      "properties": {
        "patch_id": "P0114",
        "center_lat": 27.7804,
        "center_lon": 84.473078,
        "valid_ratio": 1.0
      }
    },
    {
      "type": "Feature",
      "geometry": {
        "type": "Polygon",
        "coordinates": [
          [
            [
              84.616808,
              27.924131
            ],
            [
              84.904269,
              27.924131
            ],
            [
              84.904269,
              27.63667
            ],
            [
              84.616808,
              27.63667
            ],
            [
              84.616808,
              27.924131
            ]
          ]
        ]
      },
      "properties": {
        "patch_id": "P0115",
        "center_lat": 27.7804,
        "center_lon": 84.760539,
        "valid_ratio": 1.0
      }
    },
    {
      "type": "Feature",
      "geometry": {
        "type": "Polygon",
        "coordinates": [
          [
            [
              84.904269,
              27.924131
            ],
            [
              85.19173,
              27.924131
            ],
            [
              85.19173,
              27.63667
            ],
            [
              84.904269,
              27.63667
            ],
            [
              84.904269,
              27.924131
            ]
          ]
        ]
      },
      "properties": {
        "patch_id": "P0116",
        "center_lat": 27.7804,
        "center_lon": 85.048,
        "valid_ratio": 1.0
      }
    },
    {
      "type": "Feature",
      "geometry": {
        "type": "Polygon",
        "coordinates": [
          [
            [
              85.19173,
              27.924131
            ],
            [
              85.479191,
              27.924131
            ],
            [
              85.479191,
              27.63667
            ],
            [
              85.19173,
              27.63667
            ],
            [
              85.19173,
              27.924131
            ]
          ]
        ]
      },
      "properties": {
        "patch_id": "P0117",
        "center_lat": 27.7804,
        "center_lon": 85.33546,
        "valid_ratio": 1.0
      }
    },
    {
      "type": "Feature",
      "geometry": {
        "type": "Polygon",
        "coordinates": [
          [
            [
              85.479191,
              27.924131
            ],
            [
              85.766652,
              27.924131
            ],
            [
              85.766652,
              27.63667
            ],
            [
              85.479191,
              27.63667
            ],
            [
              85.479191,
              27.924131
            ]
          ]
        ]
      },
      "properties": {
        "patch_id": "P0118",
        "center_lat": 27.7804,
        "center_lon": 85.622921,
        "valid_ratio": 1.0
      }
    },
    {
      "type": "Feature",
      "geometry": {
        "type": "Polygon",
        "coordinates": [
          [
            [
              85.766652,
              27.924131
            ],
            [
              86.054113,
              27.924131
            ],
            [
              86.054113,
              27.63667
            ],
            [
              85.766652,
              27.63667
            ],
            [
              85.766652,
              27.924131
            ]
          ]
        ]
      },
      "properties": {
        "patch_id": "P0119",
        "center_lat": 27.7804,
        "center_lon": 85.910382,
        "valid_ratio": 0.9854
      }
    },
    {
      "type": "Feature",
      "geometry": {
        "type": "Polygon",
        "coordinates": [
          [
            [
              86.054113,
              27.924131
            ],
            [
              86.341574,
              27.924131
            ],
            [
              86.341574,
              27.63667
            ],
            [
              86.054113,
              27.63667
            ],
            [
              86.054113,
              27.924131
            ]
          ]
        ]
      },
      "properties": {
        "patch_id": "P0120",
        "center_lat": 27.7804,
        "center_lon": 86.197843,
        "valid_ratio": 0.9902
      }
    },
    {
      "type": "Feature",
      "geometry": {
        "type": "Polygon",
        "coordinates": [
          [
            [
              86.341574,
              27.924131
            ],
            [
              86.629034,
              27.924131
            ],
            [
              86.629034,
              27.63667
            ],
            [
              86.341574,
              27.63667
            ],
            [
              86.341574,
              27.924131
            ]
          ]
        ]
      },
      "properties": {
        "patch_id": "P0121",
        "center_lat": 27.7804,
        "center_lon": 86.485304,
        "valid_ratio": 0.9873
      }
    },
    {
      "type": "Feature",
      "geometry": {
        "type": "Polygon",
        "coordinates": [
          [
            [
              86.629034,
              27.924131
            ],
            [
              86.916495,
              27.924131
            ],
            [
              86.916495,
              27.63667
            ],
            [
              86.629034,
              27.63667
            ],
            [
              86.629034,
              27.924131
            ]
          ]
        ]
      },
      "properties": {
        "patch_id": "P0122",
        "center_lat": 27.7804,
        "center_lon": 86.772765,
        "valid_ratio": 1.0
      }
    },
    {
      "type": "Feature",
      "geometry": {
        "type": "Polygon",
        "coordinates": [
          [
            [
              86.916495,
              27.924131
            ],
            [
              87.203956,
              27.924131
            ],
            [
              87.203956,
              27.63667
            ],
            [
              86.916495,
              27.63667
            ],
            [
              86.916495,
              27.924131
            ]
          ]
        ]
      },
      "properties": {
        "patch_id": "P0123",
        "center_lat": 27.7804,
        "center_lon": 87.060226,
        "valid_ratio": 0.876
      }
    },
    {
      "type": "Feature",
      "geometry": {
        "type": "Polygon",
        "coordinates": [
          [
            [
              87.203956,
              27.924131
            ],
            [
              87.491417,
              27.924131
            ],
            [
              87.491417,
              27.63667
            ],
            [
              87.203956,
              27.63667
            ],
            [
              87.203956,
              27.924131
            ]
          ]
        ]
      },
      "properties": {
        "patch_id": "P0124",
        "center_lat": 27.7804,
        "center_lon": 87.347687,
        "valid_ratio": 0.6797
      }
    },
    {
      "type": "Feature",
      "geometry": {
        "type": "Polygon",
        "coordinates": [
          [
            [
              87.491417,
              27.924131
            ],
            [
              87.778878,
              27.924131
            ],
            [
              87.778878,
              27.63667
            ],
            [
              87.491417,
              27.63667
            ],
            [
              87.491417,
              27.924131
            ]
          ]
        ]
      },
      "properties": {
        "patch_id": "P0125",
        "center_lat": 27.7804,
        "center_lon": 87.635148,
        "valid_ratio": 0.6719
      }
    },
    {
      "type": "Feature",
      "geometry": {
        "type": "Polygon",
        "coordinates": [
          [
            [
              87.778878,
              27.924131
            ],
            [
              88.066339,
              27.924131
            ],
            [
              88.066339,
              27.63667
            ],
            [
              87.778878,
              27.63667
            ],
            [
              87.778878,
              27.924131
            ]
          ]
        ]
      },
      "properties": {
        "patch_id": "P0126",
        "center_lat": 27.7804,
        "center_lon": 87.922608,
        "valid_ratio": 0.9238
      }
    },
    {
      "type": "Feature",
      "geometry": {
        "type": "Polygon",
        "coordinates": [
          [
            [
              82.892043,
              27.63667
            ],
            [
              83.179504,
              27.63667
            ],
            [
              83.179504,
              27.349209
            ],
            [
              82.892043,
              27.349209
            ],
            [
              82.892043,
              27.63667
            ]
          ]
        ]
      },
      "properties": {
        "patch_id": "P0127",
        "center_lat": 27.492939,
        "center_lon": 83.035773,
        "valid_ratio": 0.6152
      }
    },
    {
      "type": "Feature",
      "geometry": {
        "type": "Polygon",
        "coordinates": [
          [
            [
              83.179504,
              27.63667
            ],
            [
              83.466965,
              27.63667
            ],
            [
              83.466965,
              27.349209
            ],
            [
              83.179504,
              27.349209
            ],
            [
              83.179504,
              27.63667
            ]
          ]
        ]
      },
      "properties": {
        "patch_id": "P0128",
        "center_lat": 27.492939,
        "center_lon": 83.323234,
        "valid_ratio": 0.8164
      }
    },
    {
      "type": "Feature",
      "geometry": {
        "type": "Polygon",
        "coordinates": [
          [
            [
              83.466965,
              27.63667
            ],
            [
              83.754426,
              27.63667
            ],
            [
              83.754426,
              27.349209
            ],
            [
              83.466965,
              27.349209
            ],
            [
              83.466965,
              27.63667
            ]
          ]
        ]
      },
      "properties": {
        "patch_id": "P0129",
        "center_lat": 27.492939,
        "center_lon": 83.610695,
        "valid_ratio": 0.6396
      }
    },
    {
      "type": "Feature",
      "geometry": {
        "type": "Polygon",
        "coordinates": [
          [
            [
              83.754426,
              27.63667
            ],
            [
              84.041886,
              27.63667
            ],
            [
              84.041886,
              27.349209
            ],
            [
              83.754426,
              27.349209
            ],
            [
              83.754426,
              27.63667
            ]
          ]
        ]
      },
      "properties": {
        "patch_id": "P0130",
        "center_lat": 27.492939,
        "center_lon": 83.898156,
        "valid_ratio": 0.7686
      }
    },
    {
      "type": "Feature",
      "geometry": {
        "type": "Polygon",
        "coordinates": [
          [
            [
              84.041886,
              27.63667
            ],
            [
              84.329347,
              27.63667
            ],
            [
              84.329347,
              27.349209
            ],
            [
              84.041886,
              27.349209
            ],
            [
              84.041886,
              27.63667
            ]
          ]
        ]
      },
      "properties": {
        "patch_id": "P0131",
        "center_lat": 27.492939,
        "center_lon": 84.185617,
        "valid_ratio": 0.6348
      }
    },
    {
      "type": "Feature",
      "geometry": {
        "type": "Polygon",
        "coordinates": [
          [
            [
              84.329347,
              27.63667
            ],
            [
              84.616808,
              27.63667
            ],
            [
              84.616808,
              27.349209
            ],
            [
              84.329347,
              27.349209
            ],
            [
              84.329347,
              27.63667
            ]
          ]
        ]
      },
      "properties": {
        "patch_id": "P0132",
        "center_lat": 27.492939,
        "center_lon": 84.473078,
        "valid_ratio": 0.9697
      }
    },
    {
      "type": "Feature",
      "geometry": {
        "type": "Polygon",
        "coordinates": [
          [
            [
              84.616808,
              27.63667
            ],
            [
              84.904269,
              27.63667
            ],
            [
              84.904269,
              27.349209
            ],
            [
              84.616808,
              27.349209
            ],
            [
              84.616808,
              27.63667
            ]
          ]
        ]
      },
      "properties": {
        "patch_id": "P0133",
        "center_lat": 27.492939,
        "center_lon": 84.760539,
        "valid_ratio": 1.0
      }
    },
    {
      "type": "Feature",
      "geometry": {
        "type": "Polygon",
        "coordinates": [
          [
            [
              84.904269,
              27.63667
            ],
            [
              85.19173,
              27.63667
            ],
            [
              85.19173,
              27.349209
            ],
            [
              84.904269,
              27.349209
            ],
            [
              84.904269,
              27.63667
            ]
          ]
        ]
      },
      "properties": {
        "patch_id": "P0134",
        "center_lat": 27.492939,
        "center_lon": 85.048,
        "valid_ratio": 1.0
      }
    },
    {
      "type": "Feature",
      "geometry": {
        "type": "Polygon",
        "coordinates": [
          [
            [
              85.19173,
              27.63667
            ],
            [
              85.479191,
              27.63667
            ],
            [
              85.479191,
              27.349209
            ],
            [
              85.19173,
              27.349209
            ],
            [
              85.19173,
              27.63667
            ]
          ]
        ]
      },
      "properties": {
        "patch_id": "P0135",
        "center_lat": 27.492939,
        "center_lon": 85.33546,
        "valid_ratio": 1.0
      }
    },
    {
      "type": "Feature",
      "geometry": {
        "type": "Polygon",
        "coordinates": [
          [
            [
              85.479191,
              27.63667
            ],
            [
              85.766652,
              27.63667
            ],
            [
              85.766652,
              27.349209
            ],
            [
              85.479191,
              27.349209
            ],
            [
              85.479191,
              27.63667
            ]
          ]
        ]
      },
      "properties": {
        "patch_id": "P0136",
        "center_lat": 27.492939,
        "center_lon": 85.622921,
        "valid_ratio": 1.0
      }
    },
    {
      "type": "Feature",
      "geometry": {
        "type": "Polygon",
        "coordinates": [
          [
            [
              85.766652,
              27.63667
            ],
            [
              86.054113,
              27.63667
            ],
            [
              86.054113,
              27.349209
            ],
            [
              85.766652,
              27.349209
            ],
            [
              85.766652,
              27.63667
            ]
          ]
        ]
      },
      "properties": {
        "patch_id": "P0137",
        "center_lat": 27.492939,
        "center_lon": 85.910382,
        "valid_ratio": 1.0
      }
    },
    {
      "type": "Feature",
      "geometry": {
        "type": "Polygon",
        "coordinates": [
          [
            [
              86.054113,
              27.63667
            ],
            [
              86.341574,
              27.63667
            ],
            [
              86.341574,
              27.349209
            ],
            [
              86.054113,
              27.349209
            ],
            [
              86.054113,
              27.63667
            ]
          ]
        ]
      },
      "properties": {
        "patch_id": "P0138",
        "center_lat": 27.492939,
        "center_lon": 86.197843,
        "valid_ratio": 1.0
      }
    },
    {
      "type": "Feature",
      "geometry": {
        "type": "Polygon",
        "coordinates": [
          [
            [
              86.341574,
              27.63667
            ],
            [
              86.629034,
              27.63667
            ],
            [
              86.629034,
              27.349209
            ],
            [
              86.341574,
              27.349209
            ],
            [
              86.341574,
              27.63667
            ]
          ]
        ]
      },
      "properties": {
        "patch_id": "P0139",
        "center_lat": 27.492939,
        "center_lon": 86.485304,
        "valid_ratio": 1.0
      }
    },
    {
      "type": "Feature",
      "geometry": {
        "type": "Polygon",
        "coordinates": [
          [
            [
              86.629034,
              27.63667
            ],
            [
              86.916495,
              27.63667
            ],
            [
              86.916495,
              27.349209
            ],
            [
              86.629034,
              27.349209
            ],
            [
              86.629034,
              27.63667
            ]
          ]
        ]
      },
      "properties": {
        "patch_id": "P0140",
        "center_lat": 27.492939,
        "center_lon": 86.772765,
        "valid_ratio": 1.0
      }
    },
    {
      "type": "Feature",
      "geometry": {
        "type": "Polygon",
        "coordinates": [
          [
            [
              86.916495,
              27.63667
            ],
            [
              87.203956,
              27.63667
            ],
            [
              87.203956,
              27.349209
            ],
            [
              86.916495,
              27.349209
            ],
            [
              86.916495,
              27.63667
            ]
          ]
        ]
      },
      "properties": {
        "patch_id": "P0141",
        "center_lat": 27.492939,
        "center_lon": 87.060226,
        "valid_ratio": 1.0
      }
    },
    {
      "type": "Feature",
      "geometry": {
        "type": "Polygon",
        "coordinates": [
          [
            [
              87.203956,
              27.63667
            ],
            [
              87.491417,
              27.63667
            ],
            [
              87.491417,
              27.349209
            ],
            [
              87.203956,
              27.349209
            ],
            [
              87.203956,
              27.63667
            ]
          ]
        ]
      },
      "properties": {
        "patch_id": "P0142",
        "center_lat": 27.492939,
        "center_lon": 87.347687,
        "valid_ratio": 1.0
      }
    },
    {
      "type": "Feature",
      "geometry": {
        "type": "Polygon",
        "coordinates": [
          [
            [
              87.491417,
              27.63667
            ],
            [
              87.778878,
              27.63667
            ],
            [
              87.778878,
              27.349209
            ],
            [
              87.491417,
              27.349209
            ],
            [
              87.491417,
              27.63667
            ]
          ]
        ]
      },
      "properties": {
        "patch_id": "P0143",
        "center_lat": 27.492939,
        "center_lon": 87.635148,
        "valid_ratio": 1.0
      }
    },
    {
      "type": "Feature",
      "geometry": {
        "type": "Polygon",
        "coordinates": [
          [
            [
              87.778878,
              27.63667
            ],
            [
              88.066339,
              27.63667
            ],
            [
              88.066339,
              27.349209
            ],
            [
              87.778878,
              27.349209
            ],
            [
              87.778878,
              27.63667
            ]
          ]
        ]
      },
      "properties": {
        "patch_id": "P0144",
        "center_lat": 27.492939,
        "center_lon": 87.922608,
        "valid_ratio": 0.9834
      }
    },
    {
      "type": "Feature",
      "geometry": {
        "type": "Polygon",
        "coordinates": [
          [
            [
              84.616808,
              27.349209
            ],
            [
              84.904269,
              27.349209
            ],
            [
              84.904269,
              27.061748
            ],
            [
              84.616808,
              27.061748
            ],
            [
              84.616808,
              27.349209
            ]
          ]
        ]
      },
      "properties": {
        "patch_id": "P0145",
        "center_lat": 27.205478,
        "center_lon": 84.760539,
        "valid_ratio": 0.8125
      }
    },
    {
      "type": "Feature",
      "geometry": {
        "type": "Polygon",
        "coordinates": [
          [
            [
              84.904269,
              27.349209
            ],
            [
              85.19173,
              27.349209
            ],
            [
              85.19173,
              27.061748
            ],
            [
              84.904269,
              27.061748
            ],
            [
              84.904269,
              27.349209
            ]
          ]
        ]
      },
      "properties": {
        "patch_id": "P0146",
        "center_lat": 27.205478,
        "center_lon": 85.048,
        "valid_ratio": 1.0
      }
    },
    {
      "type": "Feature",
      "geometry": {
        "type": "Polygon",
        "coordinates": [
          [
            [
              85.19173,
              27.349209
            ],
            [
              85.479191,
              27.349209
            ],
            [
              85.479191,
              27.061748
            ],
            [
              85.19173,
              27.061748
            ],
            [
              85.19173,
              27.349209
            ]
          ]
        ]
      },
      "properties": {
        "patch_id": "P0147",
        "center_lat": 27.205478,
        "center_lon": 85.33546,
        "valid_ratio": 1.0
      }
    },
    {
      "type": "Feature",
      "geometry": {
        "type": "Polygon",
        "coordinates": [
          [
            [
              85.479191,
              27.349209
            ],
            [
              85.766652,
              27.349209
            ],
            [
              85.766652,
              27.061748
            ],
            [
              85.479191,
              27.061748
            ],
            [
              85.479191,
              27.349209
            ]
          ]
        ]
      },
      "properties": {
        "patch_id": "P0148",
        "center_lat": 27.205478,
        "center_lon": 85.622921,
        "valid_ratio": 1.0
      }
    },
    {
      "type": "Feature",
      "geometry": {
        "type": "Polygon",
        "coordinates": [
          [
            [
              85.766652,
              27.349209
            ],
            [
              86.054113,
              27.349209
            ],
            [
              86.054113,
              27.061748
            ],
            [
              85.766652,
              27.061748
            ],
            [
              85.766652,
              27.349209
            ]
          ]
        ]
      },
      "properties": {
        "patch_id": "P0149",
        "center_lat": 27.205478,
        "center_lon": 85.910382,
        "valid_ratio": 1.0
      }
    },
    {
      "type": "Feature",
      "geometry": {
        "type": "Polygon",
        "coordinates": [
          [
            [
              86.054113,
              27.349209
            ],
            [
              86.341574,
              27.349209
            ],
            [
              86.341574,
              27.061748
            ],
            [
              86.054113,
              27.061748
            ],
            [
              86.054113,
              27.349209
            ]
          ]
        ]
      },
      "properties": {
        "patch_id": "P0150",
        "center_lat": 27.205478,
        "center_lon": 86.197843,
        "valid_ratio": 1.0
      }
    },
    {
      "type": "Feature",
      "geometry": {
        "type": "Polygon",
        "coordinates": [
          [
            [
              86.341574,
              27.349209
            ],
            [
              86.629034,
              27.349209
            ],
            [
              86.629034,
              27.061748
            ],
            [
              86.341574,
              27.061748
            ],
            [
              86.341574,
              27.349209
            ]
          ]
        ]
      },
      "properties": {
        "patch_id": "P0151",
        "center_lat": 27.205478,
        "center_lon": 86.485304,
        "valid_ratio": 1.0
      }
    },
    {
      "type": "Feature",
      "geometry": {
        "type": "Polygon",
        "coordinates": [
          [
            [
              86.629034,
              27.349209
            ],
            [
              86.916495,
              27.349209
            ],
            [
              86.916495,
              27.061748
            ],
            [
              86.629034,
              27.061748
            ],
            [
              86.629034,
              27.349209
            ]
          ]
        ]
      },
      "properties": {
        "patch_id": "P0152",
        "center_lat": 27.205478,
        "center_lon": 86.772765,
        "valid_ratio": 1.0
      }
    },
    {
      "type": "Feature",
      "geometry": {
        "type": "Polygon",
        "coordinates": [
          [
            [
              86.916495,
              27.349209
            ],
            [
              87.203956,
              27.349209
            ],
            [
              87.203956,
              27.061748
            ],
            [
              86.916495,
              27.061748
            ],
            [
              86.916495,
              27.349209
            ]
          ]
        ]
      },
      "properties": {
        "patch_id": "P0153",
        "center_lat": 27.205478,
        "center_lon": 87.060226,
        "valid_ratio": 1.0
      }
    },
    {
      "type": "Feature",
      "geometry": {
        "type": "Polygon",
        "coordinates": [
          [
            [
              87.203956,
              27.349209
            ],
            [
              87.491417,
              27.349209
            ],
            [
              87.491417,
              27.061748
            ],
            [
              87.203956,
              27.061748
            ],
            [
              87.203956,
              27.349209
            ]
          ]
        ]
      },
      "properties": {
        "patch_id": "P0154",
        "center_lat": 27.205478,
        "center_lon": 87.347687,
        "valid_ratio": 1.0
      }
    },
    {
      "type": "Feature",
      "geometry": {
        "type": "Polygon",
        "coordinates": [
          [
            [
              87.491417,
              27.349209
            ],
            [
              87.778878,
              27.349209
            ],
            [
              87.778878,
              27.061748
            ],
            [
              87.491417,
              27.061748
            ],
            [
              87.491417,
              27.349209
            ]
          ]
        ]
      },
      "properties": {
        "patch_id": "P0155",
        "center_lat": 27.205478,
        "center_lon": 87.635148,
        "valid_ratio": 1.0
      }
    },
    {
      "type": "Feature",
      "geometry": {
        "type": "Polygon",
        "coordinates": [
          [
            [
              87.778878,
              27.349209
            ],
            [
              88.066339,
              27.349209
            ],
            [
              88.066339,
              27.061748
            ],
            [
              87.778878,
              27.061748
            ],
            [
              87.778878,
              27.349209
            ]
          ]
        ]
      },
      "properties": {
        "patch_id": "P0156",
        "center_lat": 27.205478,
        "center_lon": 87.922608,
        "valid_ratio": 0.8711
      }
    },
    {
      "type": "Feature",
      "geometry": {
        "type": "Polygon",
        "coordinates": [
          [
            [
              84.904269,
              27.061748
            ],
            [
              85.19173,
              27.061748
            ],
            [
              85.19173,
              26.774287
            ],
            [
              84.904269,
              26.774287
            ],
            [
              84.904269,
              27.061748
            ]
          ]
        ]
      },
      "properties": {
        "patch_id": "P0157",
        "center_lat": 26.918017,
        "center_lon": 85.048,
        "valid_ratio": 0.5879
      }
    },
    {
      "type": "Feature",
      "geometry": {
        "type": "Polygon",
        "coordinates": [
          [
            [
              85.19173,
              27.061748
            ],
            [
              85.479191,
              27.061748
            ],
            [
              85.479191,
              26.774287
            ],
            [
              85.19173,
              26.774287
            ],
            [
              85.19173,
              27.061748
            ]
          ]
        ]
      },
      "properties": {
        "patch_id": "P0158",
        "center_lat": 26.918017,
        "center_lon": 85.33546,
        "valid_ratio": 0.9863
      }
    },
    {
      "type": "Feature",
      "geometry": {
        "type": "Polygon",
        "coordinates": [
          [
            [
              85.479191,
              27.061748
            ],
            [
              85.766652,
              27.061748
            ],
            [
              85.766652,
              26.774287
            ],
            [
              85.479191,
              26.774287
            ],
            [
              85.479191,
              27.061748
            ]
          ]
        ]
      },
      "properties": {
        "patch_id": "P0159",
        "center_lat": 26.918017,
        "center_lon": 85.622921,
        "valid_ratio": 0.8096
      }
    },
    {
      "type": "Feature",
      "geometry": {
        "type": "Polygon",
        "coordinates": [
          [
            [
              85.766652,
              27.061748
            ],
            [
              86.054113,
              27.061748
            ],
            [
              86.054113,
              26.774287
            ],
            [
              85.766652,
              26.774287
            ],
            [
              85.766652,
              27.061748
            ]
          ]
        ]
      },
      "properties": {
        "patch_id": "P0160",
        "center_lat": 26.918017,
        "center_lon": 85.910382,
        "valid_ratio": 1.0
      }
    },
    {
      "type": "Feature",
      "geometry": {
        "type": "Polygon",
        "coordinates": [
          [
            [
              86.054113,
              27.061748
            ],
            [
              86.341574,
              27.061748
            ],
            [
              86.341574,
              26.774287
            ],
            [
              86.054113,
              26.774287
            ],
            [
              86.054113,
              27.061748
            ]
          ]
        ]
      },
      "properties": {
        "patch_id": "P0161",
        "center_lat": 26.918017,
        "center_lon": 86.197843,
        "valid_ratio": 1.0
      }
    },
    {
      "type": "Feature",
      "geometry": {
        "type": "Polygon",
        "coordinates": [
          [
            [
              86.341574,
              27.061748
            ],
            [
              86.629034,
              27.061748
            ],
            [
              86.629034,
              26.774287
            ],
            [
              86.341574,
              26.774287
            ],
            [
              86.341574,
              27.061748
            ]
          ]
        ]
      },
      "properties": {
        "patch_id": "P0162",
        "center_lat": 26.918017,
        "center_lon": 86.485304,
        "valid_ratio": 1.0
      }
    },
    {
      "type": "Feature",
      "geometry": {
        "type": "Polygon",
        "coordinates": [
          [
            [
              86.629034,
              27.061748
            ],
            [
              86.916495,
              27.061748
            ],
            [
              86.916495,
              26.774287
            ],
            [
              86.629034,
              26.774287
            ],
            [
              86.629034,
              27.061748
            ]
          ]
        ]
      },
      "properties": {
        "patch_id": "P0163",
        "center_lat": 26.918017,
        "center_lon": 86.772765,
        "valid_ratio": 1.0
      }
    },
    {
      "type": "Feature",
      "geometry": {
        "type": "Polygon",
        "coordinates": [
          [
            [
              86.916495,
              27.061748
            ],
            [
              87.203956,
              27.061748
            ],
            [
              87.203956,
              26.774287
            ],
            [
              86.916495,
              26.774287
            ],
            [
              86.916495,
              27.061748
            ]
          ]
        ]
      },
      "properties": {
        "patch_id": "P0164",
        "center_lat": 26.918017,
        "center_lon": 87.060226,
        "valid_ratio": 1.0
      }
    },
    {
      "type": "Feature",
      "geometry": {
        "type": "Polygon",
        "coordinates": [
          [
            [
              87.203956,
              27.061748
            ],
            [
              87.491417,
              27.061748
            ],
            [
              87.491417,
              26.774287
            ],
            [
              87.203956,
              26.774287
            ],
            [
              87.203956,
              27.061748
            ]
          ]
        ]
      },
      "properties": {
        "patch_id": "P0165",
        "center_lat": 26.918017,
        "center_lon": 87.347687,
        "valid_ratio": 1.0
      }
    },
    {
      "type": "Feature",
      "geometry": {
        "type": "Polygon",
        "coordinates": [
          [
            [
              87.491417,
              27.061748
            ],
            [
              87.778878,
              27.061748
            ],
            [
              87.778878,
              26.774287
            ],
            [
              87.491417,
              26.774287
            ],
            [
              87.491417,
              27.061748
            ]
          ]
        ]
      },
      "properties": {
        "patch_id": "P0166",
        "center_lat": 26.918017,
        "center_lon": 87.635148,
        "valid_ratio": 1.0
      }
    },
    {
      "type": "Feature",
      "geometry": {
        "type": "Polygon",
        "coordinates": [
          [
            [
              87.778878,
              27.061748
            ],
            [
              88.066339,
              27.061748
            ],
            [
              88.066339,
              26.774287
            ],
            [
              87.778878,
              26.774287
            ],
            [
              87.778878,
              27.061748
            ]
          ]
        ]
      },
      "properties": {
        "patch_id": "P0167",
        "center_lat": 26.918017,
        "center_lon": 87.922608,
        "valid_ratio": 0.9873
      }
    },
    {
      "type": "Feature",
      "geometry": {
        "type": "Polygon",
        "coordinates": [
          [
            [
              85.766652,
              26.774287
            ],
            [
              86.054113,
              26.774287
            ],
            [
              86.054113,
              26.486826
            ],
            [
              85.766652,
              26.486826
            ],
            [
              85.766652,
              26.774287
            ]
          ]
        ]
      },
      "properties": {
        "patch_id": "P0168",
        "center_lat": 26.630557,
        "center_lon": 85.910382,
        "valid_ratio": 0.541
      }
    },
    {
      "type": "Feature",
      "geometry": {
        "type": "Polygon",
        "coordinates": [
          [
            [
              86.054113,
              26.774287
            ],
            [
              86.341574,
              26.774287
            ],
            [
              86.341574,
              26.486826
            ],
            [
              86.054113,
              26.486826
            ],
            [
              86.054113,
              26.774287
            ]
          ]
        ]
      },
      "properties": {
        "patch_id": "P0169",
        "center_lat": 26.630557,
        "center_lon": 86.197843,
        "valid_ratio": 0.5469
      }
    },
    {
      "type": "Feature",
      "geometry": {
        "type": "Polygon",
        "coordinates": [
          [
            [
              86.341574,
              26.774287
            ],
            [
              86.629034,
              26.774287
            ],
            [
              86.629034,
              26.486826
            ],
            [
              86.341574,
              26.486826
            ],
            [
              86.341574,
              26.774287
            ]
          ]
        ]
      },
      "properties": {
        "patch_id": "P0170",
        "center_lat": 26.630557,
        "center_lon": 86.485304,
        "valid_ratio": 0.7861
      }
    },
    {
      "type": "Feature",
      "geometry": {
        "type": "Polygon",
        "coordinates": [
          [
            [
              86.629034,
              26.774287
            ],
            [
              86.916495,
              26.774287
            ],
            [
              86.916495,
              26.486826
            ],
            [
              86.629034,
              26.486826
            ],
            [
              86.629034,
              26.774287
            ]
          ]
        ]
      },
      "properties": {
        "patch_id": "P0171",
        "center_lat": 26.630557,
        "center_lon": 86.772765,
        "valid_ratio": 1.0
      }
    },
    {
      "type": "Feature",
      "geometry": {
        "type": "Polygon",
        "coordinates": [
          [
            [
              86.916495,
              26.774287
            ],
            [
              87.203956,
              26.774287
            ],
            [
              87.203956,
              26.486826
            ],
            [
              86.916495,
              26.486826
            ],
            [
              86.916495,
              26.774287
            ]
          ]
        ]
      },
      "properties": {
        "patch_id": "P0172",
        "center_lat": 26.630557,
        "center_lon": 87.060226,
        "valid_ratio": 0.9043
      }
    },
    {
      "type": "Feature",
      "geometry": {
        "type": "Polygon",
        "coordinates": [
          [
            [
              87.203956,
              26.774287
            ],
            [
              87.491417,
              26.774287
            ],
            [
              87.491417,
              26.486826
            ],
            [
              87.203956,
              26.486826
            ],
            [
              87.203956,
              26.774287
            ]
          ]
        ]
      },
      "properties": {
        "patch_id": "P0173",
        "center_lat": 26.630557,
        "center_lon": 87.347687,
        "valid_ratio": 1.0
      }
    },
    {
      "type": "Feature",
      "geometry": {
        "type": "Polygon",
        "coordinates": [
          [
            [
              87.491417,
              26.774287
            ],
            [
              87.778878,
              26.774287
            ],
            [
              87.778878,
              26.486826
            ],
            [
              87.491417,
              26.486826
            ],
            [
              87.491417,
              26.774287
            ]
          ]
        ]
      },
      "properties": {
        "patch_id": "P0174",
        "center_lat": 26.630557,
        "center_lon": 87.635148,
        "valid_ratio": 1.0
      }
    },
    {
      "type": "Feature",
      "geometry": {
        "type": "Polygon",
        "coordinates": [
          [
            [
              87.778878,
              26.774287
            ],
            [
              88.066339,
              26.774287
            ],
            [
              88.066339,
              26.486826
            ],
            [
              87.778878,
              26.486826
            ],
            [
              87.778878,
              26.774287
            ]
          ]
        ]
      },
      "properties": {
        "patch_id": "P0175",
        "center_lat": 26.630557,
        "center_lon": 87.922608,
        "valid_ratio": 1.0
      }
    }
  ]
}