{
"type": "FeatureCollection",
"name": "districts_77",
"crs": { "type": "name", "properties": { "name": "urn:ogc:def:crs:OGC:1.3:CRS84" } },
"features": [
{ "type": "Feature", "properties": { "district_id": 1, "name": "Jumla" }, "geometry": { "type": "Polygon", "coordinates": [ [ [ 81.8451757, 29.2581649 ], [ 81.8462449, 29.2665323 ], [ 81.8536836, 29.2669474 ], [ 81.8564884, 29.2740271 ], [ 81.8761609, 29.2714225 ], [ 81.8800769, 29.2738582 ], [ 81.8795712, 29.2801793 ], [ 81.8832322, 29.2877344 ], [ 81.8865577, 29.2879544 ], [ 81.8920574, 29.2918744 ], [ 81.8983514, 29.3007959 ], [ 81.895891, 29.3073574 ], [ 81.9043633, 29.3143245 ], [ 81.9068038, 29.3216245 ], [ 81.9143695, 29.3222933 ], [ 81.9301942, 29.3328343 ], [ 81.9307358, 29.3382811 ], [ 81.9287073, 29.3424077 ], [ 81.9300805, 29.3453423 ], [ 81.9247293, 29.3542493 ], [ 81.9251781, 29.360985 ], [ 81.927671, 29.3652435 ], [ 81.926275, 29.379582 ], [ 81.923433, 29.3844914 ], [ 81.9285187, 29.3891834 ], [ 81.9309618, 29.3955258 ], [ 81.927671, 29.4027366 ], [ 81.9275215, 29.4120752 ], [ 81.9300643, 29.4159406 ], [ 81.9307456, 29.4400946 ], [ 81.9365221, 29.4447278 ], [ 81.9574391, 29.444476 ], [ 81.9713996, 29.4558158 ], [ 81.9726629, 29.4637151 ], [ 81.978979, 29.464515 ], [ 81.9789418, 29.4729547 ], [ 81.9887563, 29.473465 ], [ 81.9981797, 29.4714797 ], [ 82.0068147, 29.474462 ], [ 82.0127238, 29.4625046 ], [ 82.020759, 29.4703139 ], [ 82.0257784, 29.4692487 ], [ 82.0344988, 29.4802026 ], [ 82.043157, 29.4847031 ], [ 82.0523134, 29.4838355 ], [ 82.0571097, 29.4791181 ], [ 82.0675969, 29.4842885 ], [ 82.0836732, 29.4823714 ], [ 82.0864481, 29.4800709 ], [ 82.0945744, 29.4636974 ], [ 82.1024848, 29.4584137 ], [ 82.1052313, 29.4591915 ], [ 82.1110692, 29.4650396 ], [ 82.1208912, 29.4681074 ], [ 82.1243267, 29.4673405 ], [ 82.1281145, 29.47083 ], [ 82.131539, 29.4684811 ], [ 82.1322134, 29.4640313 ], [ 82.1423851, 29.4594598 ], [ 82.1447195, 29.4478008 ], [ 82.1381359, 29.4391833 ], [ 82.1425173, 29.4299231 ], [ 82.1509263, 29.4282956 ], [ 82.160659, 29.4170648 ], [ 82.166592, 29.4146096 ], [ 82.1711079, 29.4164815 ], [ 82.1750564, 29.4154667 ], [ 82.1780843, 29.4129411 ], [ 82.1803879, 29.4069041 ], [ 82.1843744, 29.4064428 ], [ 82.1934374, 29.4113807 ], [ 82.19981, 29.409143 ], [ 82.2104734, 29.4111365 ], [ 82.2136353, 29.4068501 ], [ 82.2217788, 29.4196551 ], [ 82.2232774, 29.4264138 ], [ 82.2213272, 29.4279425 ], [ 82.2240212, 29.43075 ], [ 82.230001, 29.4309398 ], [ 82.2347661, 29.4338693 ], [ 82.2365257, 29.4373547 ], [ 82.2397297, 29.4388462 ], [ 82.2456511, 29.4353581 ], [ 82.2467878, 29.4326864 ], [ 82.250167, 29.4340426 ], [ 82.2511013, 29.436104 ], [ 82.2587454, 29.4376625 ], [ 82.2625113, 29.4434544 ], [ 82.2675339, 29.4448004 ], [ 82.2699344, 29.441358 ], [ 82.2768935, 29.4409467 ], [ 82.2836194, 29.442934 ], [ 82.2865977, 29.440439 ], [ 82.2910455, 29.4409664 ], [ 82.3000922, 29.4484572 ], [ 82.2976257, 29.4549772 ], [ 82.3024706, 29.4610366 ], [ 82.3000041, 29.4694731 ], [ 82.3067661, 29.477871 ], [ 82.3023797, 29.4808828 ], [ 82.3024706, 29.4950852 ], [ 82.3070513, 29.4951619 ], [ 82.310663, 29.5029823 ], [ 82.3180075, 29.5058204 ], [ 82.3388544, 29.5048375 ], [ 82.3456374, 29.4944871 ], [ 82.3702144, 29.49073 ], [ 82.3848806, 29.5024288 ], [ 82.4110853, 29.4637672 ], [ 82.4101483, 29.4592853 ], [ 82.4119093, 29.4541367 ], [ 82.4106138, 29.4507114 ], [ 82.4170012, 29.4496334 ], [ 82.4180623, 29.4479122 ], [ 82.4265416, 29.4488629 ], [ 82.4325159, 29.4451501 ], [ 82.4432457, 29.4465495 ], [ 82.4478664, 29.4498856 ], [ 82.4524529, 29.4584012 ], [ 82.4528336, 29.4642332 ], [ 82.4615371, 29.4711613 ], [ 82.466918, 29.4724656 ], [ 82.4715938, 29.4758273 ], [ 82.4749712, 29.4804258 ], [ 82.4779343, 29.4800302 ], [ 82.4804429, 29.4824198 ], [ 82.4800794, 29.4857429 ], [ 82.4851876, 29.4857587 ], [ 82.4875692, 29.4877699 ], [ 82.4885854, 29.491406 ], [ 82.4957508, 29.4929719 ], [ 82.5014357, 29.4828149 ], [ 82.4998761, 29.4798419 ], [ 82.5001778, 29.474461 ], [ 82.5054463, 29.4704345 ], [ 82.5054362, 29.4684282 ], [ 82.5028397, 29.4664809 ], [ 82.5013021, 29.4620927 ], [ 82.5018343, 29.4578649 ], [ 82.5001636, 29.4556886 ], [ 82.504853, 29.4399335 ], [ 82.5099947, 29.4364855 ], [ 82.5111516, 29.4337988 ], [ 82.5122571, 29.4205877 ], [ 82.5164657, 29.4192653 ], [ 82.5318158, 29.4215806 ], [ 82.5423359, 29.4203825 ], [ 82.5589347, 29.4115737 ], [ 82.5568489, 29.4008967 ], [ 82.5521951, 29.39019 ], [ 82.5528132, 29.3880359 ], [ 82.5479301, 29.378002 ], [ 82.548725, 29.3756999 ], [ 82.5567376, 29.3726874 ], [ 82.5626076, 29.3665815 ], [ 82.5680579, 29.3646946 ], [ 82.5681692, 29.3602285 ], [ 82.5710778, 29.3561407 ], [ 82.5700996, 29.3458891 ], [ 82.5747147, 29.3386781 ], [ 82.5743148, 29.3364278 ], [ 82.5811471, 29.33611 ], [ 82.5902655, 29.3251088 ], [ 82.5908488, 29.3115119 ], [ 82.5884044, 29.3029881 ], [ 82.5902637, 29.298727 ], [ 82.5808966, 29.29262 ], [ 82.5599053, 29.2892305 ], [ 82.5564395, 29.2866751 ], [ 82.5501678, 29.2789851 ], [ 82.5518158, 29.2658421 ], [ 82.5466112, 29.2593683 ], [ 82.5351262, 29.2519648 ], [ 82.5346926, 29.2480688 ], [ 82.5373027, 29.2476248 ], [ 82.540484, 29.2431994 ], [ 82.5361575, 29.2374652 ], [ 82.5362047, 29.2350834 ], [ 82.5372482, 29.2316593 ], [ 82.5430836, 29.2271697 ], [ 82.5437016, 29.2239334 ], [ 82.5420656, 29.2222993 ], [ 82.5453559, 29.2195229 ], [ 82.5433351, 29.214694 ], [ 82.5445197, 29.2107012 ], [ 82.5486099, 29.2103204 ], [ 82.5500823, 29.2066551 ], [ 82.5546179, 29.203298 ], [ 82.561219, 29.2035472 ], [ 82.5649463, 29.201469 ], [ 82.571367, 29.194181 ], [ 82.5753518, 29.1954939 ], [ 82.5794395, 29.1938219 ], [ 82.5831543, 29.1892547 ], [ 82.5828132, 29.1862609 ], [ 82.5788139, 29.1835549 ], [ 82.5787048, 29.1794124 ], [ 82.5730149, 29.1744286 ], [ 82.5722787, 29.1717541 ], [ 82.5600266, 29.1709713 ], [ 82.5568834, 29.1664647 ], [ 82.5472942, 29.1635439 ], [ 82.5311005, 29.1639348 ], [ 82.5133664, 29.1559016 ], [ 82.5044198, 29.1598642 ], [ 82.4912395, 29.1616701 ], [ 82.4838016, 29.1598193 ], [ 82.4701504, 29.163299 ], [ 82.4615637, 29.1559128 ], [ 82.4469603, 29.1573915 ], [ 82.4337842, 29.146221 ], [ 82.4345623, 29.1417503 ], [ 82.4290019, 29.1371724 ], [ 82.417513, 29.1359974 ], [ 82.4159843, 29.1329576 ], [ 82.417244, 29.1277477 ], [ 82.4141068, 29.1234666 ], [ 82.4185801, 29.1195139 ], [ 82.416176, 29.114546 ], [ 82.4175247, 29.111421 ], [ 82.4145815, 29.1059618 ], [ 82.4144553, 29.0990552 ], [ 82.4115487, 29.096282 ], [ 82.4031829, 29.0974956 ], [ 82.3752541, 29.1106465 ], [ 82.3649419, 29.1119768 ], [ 82.3505787, 29.1170262 ], [ 82.3419096, 29.1145148 ], [ 82.3376631, 29.1152821 ], [ 82.3196928, 29.1086021 ], [ 82.313003, 29.1144467 ], [ 82.3002052, 29.120037 ], [ 82.285619, 29.1161575 ], [ 82.2839737, 29.124786 ], [ 82.2780872, 29.1279227 ], [ 82.2733107, 29.1227893 ], [ 82.2645473, 29.1217321 ], [ 82.2651424, 29.1152617 ], [ 82.2696384, 29.113791 ], [ 82.264176, 29.1096943 ], [ 82.2612335, 29.1038032 ], [ 82.2586205, 29.1026056 ], [ 82.254261, 29.1090492 ], [ 82.2381568, 29.1018102 ], [ 82.2353752, 29.1016914 ], [ 82.2321973, 29.1053993 ], [ 82.2292569, 29.1063185 ], [ 82.224582, 29.1052604 ], [ 82.2246709, 29.0971588 ], [ 82.2204841, 29.0910571 ], [ 82.2122639, 29.0876613 ], [ 82.2042219, 29.0899224 ], [ 82.2006395, 29.0892732 ], [ 82.2027387, 29.0802807 ], [ 82.1840562, 29.0650067 ], [ 82.180802, 29.063407 ], [ 82.1681966, 29.0687492 ], [ 82.1664069, 29.0640857 ], [ 82.1581744, 29.058069 ], [ 82.156877, 29.0542515 ], [ 82.1551785, 29.0529073 ], [ 82.1507934, 29.0533191 ], [ 82.1501713, 29.0500249 ], [ 82.147168, 29.048854 ], [ 82.1488205, 29.0411925 ], [ 82.1466275, 29.0385643 ], [ 82.1458297, 29.0308046 ], [ 82.13637, 29.0330393 ], [ 82.135836, 29.0293552 ], [ 82.1256119, 29.0210922 ], [ 82.1242142, 29.0165072 ], [ 82.1182076, 29.0153708 ], [ 82.1173013, 29.0073121 ], [ 82.1226041, 28.9942435 ], [ 82.1159141, 28.9930444 ], [ 82.0952155, 28.9791156 ], [ 82.0940265, 28.9742956 ], [ 82.0726842, 28.9712903 ], [ 82.0673667, 28.9738 ], [ 82.0627489, 28.974004 ], [ 82.0609064, 28.9763912 ], [ 82.0496148, 28.9809138 ], [ 82.0458401, 28.987347 ], [ 82.0416871, 28.9891461 ], [ 82.0432441, 29.0056666 ], [ 82.0109787, 29.0315018 ], [ 82.0158718, 29.051655 ], [ 82.0116324, 29.055746 ], [ 82.0150278, 29.0616729 ], [ 82.0110391, 29.0733523 ], [ 82.0164239, 29.0750953 ], [ 82.0185705, 29.0858432 ], [ 82.0143415, 29.0950073 ], [ 81.9770349, 29.1101247 ], [ 81.9706405, 29.1175166 ], [ 81.9561517, 29.1292001 ], [ 81.947805, 29.1292033 ], [ 81.9518078, 29.1403473 ], [ 81.9397978, 29.1500165 ], [ 81.9358508, 29.1503412 ], [ 81.9347683, 29.1537103 ], [ 81.9239425, 29.1580284 ], [ 81.9022038, 29.1578543 ], [ 81.8928302, 29.1727443 ], [ 81.901522, 29.1828214 ], [ 81.9007099, 29.1850952 ], [ 81.9076437, 29.18692 ], [ 81.9106255, 29.2005723 ], [ 81.9085779, 29.2056482 ], [ 81.9060754, 29.2056134 ], [ 81.9015742, 29.21367 ], [ 81.8937892, 29.2139788 ], [ 81.8898188, 29.2186173 ], [ 81.8800832, 29.2231699 ], [ 81.8755506, 29.2272309 ], [ 81.8691912, 29.225548 ], [ 81.8672062, 29.2268405 ], [ 81.8564272, 29.241302 ], [ 81.848168, 29.2449918 ], [ 81.8489436, 29.2494214 ], [ 81.8451757, 29.2581649 ] ] ] } },
{ "type": "Feature", "properties": { "district_id": 2, "name": "Nawalparasi W" }, "geometry": { "type": "Polygon", "coordinates": [ [ [ 83.5716571, 27.6090959 ], [ 83.5725603, 27.616082 ], [ 83.5767084, 27.6181298 ], [ 83.5786488, 27.6164842 ], [ 83.5808342, 27.6170014 ], [ 83.5882911, 27.6236824 ], [ 83.5881315, 27.6260385 ], [ 83.5908802, 27.6258152 ], [ 83.5920329, 27.6304971 ], [ 83.5981277, 27.6302254 ], [ 83.5962698, 27.6340029 ], [ 83.6008318, 27.63605 ], [ 83.5983392, 27.6415858 ], [ 83.6026969, 27.6488783 ], [ 83.6091035, 27.649493 ], [ 83.6105149, 27.6524266 ], [ 83.6203637, 27.6606052 ], [ 83.6304145, 27.6646773 ], [ 83.6286087, 27.6698639 ], [ 83.6316549, 27.6769408 ], [ 83.6341442, 27.6777628 ], [ 83.6320178, 27.6793694 ], [ 83.6325916, 27.6823734 ], [ 83.6343973, 27.6834345 ], [ 83.6326506, 27.6852427 ], [ 83.6342033, 27.688508 ], [ 83.6325072, 27.6896288 ], [ 83.6333989, 27.6933441 ], [ 83.6381806, 27.6909732 ], [ 83.6530845, 27.691047 ], [ 83.6567689, 27.6879196 ], [ 83.6584571, 27.682966 ], [ 83.6702301, 27.6731466 ], [ 83.6744945, 27.6725304 ], [ 83.6749401, 27.6708947 ], [ 83.6802853, 27.6685591 ], [ 83.6835339, 27.6642148 ], [ 83.6896589, 27.6631954 ], [ 83.6923934, 27.6653849 ], [ 83.6956859, 27.6614744 ], [ 83.6979369, 27.6626656 ], [ 83.7011929, 27.6610983 ], [ 83.7027219, 27.6619133 ], [ 83.7051002, 27.6585779 ], [ 83.7144154, 27.6619384 ], [ 83.7202904, 27.6693861 ], [ 83.7246649, 27.671668 ], [ 83.7318531, 27.6688968 ], [ 83.7397921, 27.669178 ], [ 83.7435281, 27.6664648 ], [ 83.7572392, 27.6668453 ], [ 83.7580985, 27.6634206 ], [ 83.7626191, 27.6606907 ], [ 83.7685033, 27.6660512 ], [ 83.7835033, 27.6664648 ], [ 83.7995121, 27.6648931 ], [ 83.8114909, 27.6615279 ], [ 83.8096134, 27.6561113 ], [ 83.8124351, 27.653612 ], [ 83.80868, 27.648309 ], [ 83.8062445, 27.6478338 ], [ 83.8087014, 27.6459046 ], [ 83.8080148, 27.6427777 ], [ 83.8111028, 27.6395145 ], [ 83.8100836, 27.6356366 ], [ 83.8066181, 27.633422 ], [ 83.8030722, 27.6336976 ], [ 83.8015541, 27.6312073 ], [ 83.8055345, 27.621502 ], [ 83.7976561, 27.621201 ], [ 83.8001716, 27.6128429 ], [ 83.7980902, 27.6104472 ], [ 83.790859, 27.6078802 ], [ 83.7909663, 27.6052752 ], [ 83.8010037, 27.5961893 ], [ 83.806644, 27.5968298 ], [ 83.8095306, 27.5953622 ], [ 83.8078675, 27.5887066 ], [ 83.815226, 27.5895482 ], [ 83.8206012, 27.5926956 ], [ 83.8270663, 27.5906885 ], [ 83.8303828, 27.587144 ], [ 83.8331405, 27.5881171 ], [ 83.8361365, 27.5857922 ], [ 83.8415847, 27.5725403 ], [ 83.8316223, 27.5654825 ], [ 83.8325956, 27.5594909 ], [ 83.8372996, 27.5514136 ], [ 83.8360038, 27.545024 ], [ 83.8379719, 27.5451907 ], [ 83.8421294, 27.5495712 ], [ 83.8409811, 27.5541332 ], [ 83.8435272, 27.5583383 ], [ 83.8470441, 27.5602633 ], [ 83.8505695, 27.5589648 ], [ 83.8540864, 27.5499959 ], [ 83.8584463, 27.5454961 ], [ 83.8619206, 27.5453451 ], [ 83.8721733, 27.5396068 ], [ 83.8819831, 27.527797 ], [ 83.881569, 27.5214279 ], [ 83.8775778, 27.5184212 ], [ 83.8756767, 27.5103769 ], [ 83.8806222, 27.5080587 ], [ 83.886549, 27.5091463 ], [ 83.8929526, 27.5056116 ], [ 83.8977553, 27.4996295 ], [ 83.8920329, 27.4995993 ], [ 83.8865149, 27.4957319 ], [ 83.8837218, 27.4963966 ], [ 83.8816781, 27.4934658 ], [ 83.874457, 27.4897795 ], [ 83.877761, 27.4853678 ], [ 83.8851718, 27.4814248 ], [ 83.8862504, 27.4721035 ], [ 83.8834306, 27.4638702 ], [ 83.8898378, 27.461709 ], [ 83.887472, 27.4574374 ], [ 83.8882173, 27.4465977 ], [ 83.8971454, 27.4380314 ], [ 83.8738678, 27.4345924 ], [ 83.8629271, 27.4280262 ], [ 83.8599693, 27.4202812 ], [ 83.8645899, 27.400097 ], [ 83.8655768, 27.3742768 ], [ 83.8557792, 27.3518667 ], [ 83.8293821, 27.3704445 ], [ 83.614844, 27.4690235 ], [ 83.6141575, 27.4726669 ], [ 83.6111877, 27.4757559 ], [ 83.6129019, 27.4782365 ], [ 83.6100384, 27.485528 ], [ 83.6109897, 27.4896662 ], [ 83.6068947, 27.4908913 ], [ 83.6030798, 27.4968369 ], [ 83.5977151, 27.4971783 ], [ 83.5984781, 27.4996884 ], [ 83.5940354, 27.4993372 ], [ 83.593002, 27.5020271 ], [ 83.5949723, 27.5012989 ], [ 83.5962181, 27.5038089 ], [ 83.5940548, 27.5073725 ], [ 83.5942383, 27.5108674 ], [ 83.5989707, 27.5114071 ], [ 83.5967976, 27.512375 ], [ 83.5984202, 27.5152873 ], [ 83.5969811, 27.5161524 ], [ 83.598198, 27.519433 ], [ 83.5970198, 27.5184993 ], [ 83.5935719, 27.5215057 ], [ 83.5909449, 27.5209319 ], [ 83.5895836, 27.5243238 ], [ 83.591687, 27.5246955 ], [ 83.5902573, 27.5263484 ], [ 83.5938652, 27.5274834 ], [ 83.5904294, 27.528041 ], [ 83.586582, 27.5315922 ], [ 83.5916046, 27.5341875 ], [ 83.5896135, 27.5381898 ], [ 83.5904369, 27.5433103 ], [ 83.5960952, 27.5464126 ], [ 83.5960128, 27.5487155 ], [ 83.5917799, 27.548971 ], [ 83.5910048, 27.553154 ], [ 83.5931718, 27.5557986 ], [ 83.5925243, 27.5586521 ], [ 83.5950602, 27.5616079 ], [ 83.5940763, 27.5642064 ], [ 83.5963132, 27.5662348 ], [ 83.5959855, 27.572709 ], [ 83.5944819, 27.575368 ], [ 83.590659, 27.576222 ], [ 83.5884445, 27.5736552 ], [ 83.5805741, 27.5746509 ], [ 83.5806189, 27.5812589 ], [ 83.5830377, 27.5821946 ], [ 83.5803935, 27.5835754 ], [ 83.5820887, 27.5845393 ], [ 83.5826851, 27.5887652 ], [ 83.5798666, 27.5903135 ], [ 83.5802725, 27.5935121 ], [ 83.575656, 27.597218 ], [ 83.5716571, 27.6090959 ] ] ] } },
{ "type": "Feature", "properties": { "district_id": 3, "name": "Nawalpur District" }, "geometry": { "type": "Polygon", "coordinates": [ [ [ 83.6768916, 27.7186678 ], [ 83.6817834, 27.7216307 ], [ 83.6911927, 27.7192272 ], [ 83.6937439, 27.7170931 ], [ 83.7148795, 27.7157359 ], [ 83.7231612, 27.7098061 ], [ 83.7287593, 27.7091673 ], [ 83.7331987, 27.7147095 ], [ 83.7388093, 27.715237 ], [ 83.7457851, 27.7196524 ], [ 83.7565093, 27.7207105 ], [ 83.7601901, 27.7226058 ], [ 83.7834789, 27.7245954 ], [ 83.8029097, 27.7203222 ], [ 83.8108461, 27.7142488 ], [ 83.8160752, 27.7135821 ], [ 83.8202516, 27.7107909 ], [ 83.8245917, 27.7140972 ], [ 83.8281742, 27.7141868 ], [ 83.8347703, 27.7137673 ], [ 83.8382089, 27.7109213 ], [ 83.8457584, 27.7094552 ], [ 83.8491834, 27.7114647 ], [ 83.8444074, 27.715539 ], [ 83.8438246, 27.7276579 ], [ 83.8415737, 27.7308516 ], [ 83.8438859, 27.7349286 ], [ 83.8518346, 27.7331914 ], [ 83.8679366, 27.7346309 ], [ 83.8744783, 27.7333952 ], [ 83.8769087, 27.7361212 ], [ 83.8798749, 27.7332006 ], [ 83.8838765, 27.7347003 ], [ 83.8885768, 27.7302762 ], [ 83.8926648, 27.731536 ], [ 83.89715, 27.7299392 ], [ 83.8989871, 27.7322831 ], [ 83.9026614, 27.7304666 ], [ 83.904515, 27.7359161 ], [ 83.907792, 27.7342754 ], [ 83.9065673, 27.7317851 ], [ 83.9126579, 27.7313895 ], [ 83.9155543, 27.7284449 ], [ 83.9189968, 27.7299832 ], [ 83.9213635, 27.7265844 ], [ 83.923995, 27.7268041 ], [ 83.9244088, 27.7302322 ], [ 83.9275865, 27.734334 ], [ 83.9503601, 27.7474296 ], [ 83.9596731, 27.7463532 ], [ 83.9601529, 27.74829 ], [ 83.9658465, 27.7471196 ], [ 83.9709373, 27.749885 ], [ 83.9737343, 27.7473889 ], [ 83.9772452, 27.7473889 ], [ 83.9801124, 27.7492946 ], [ 83.9895802, 27.7486525 ], [ 83.9943667, 27.7514903 ], [ 83.9926361, 27.7534168 ], [ 83.9928383, 27.7612431 ], [ 83.9996784, 27.7756187 ], [ 84.000299, 27.7884311 ], [ 84.0067829, 27.7974818 ], [ 84.0120493, 27.8007325 ], [ 84.0152559, 27.8117259 ], [ 84.0204989, 27.8154212 ], [ 84.0198201, 27.817481 ], [ 84.022149, 27.8191578 ], [ 84.0246651, 27.8181538 ], [ 84.0273802, 27.8203377 ], [ 84.0258705, 27.8218178 ], [ 84.0254024, 27.8289178 ], [ 84.0282638, 27.8303616 ], [ 84.0256072, 27.8312516 ], [ 84.0248056, 27.8355206 ], [ 84.0201595, 27.8408501 ], [ 84.0225644, 27.8437218 ], [ 84.0223596, 27.8482179 ], [ 84.0284447, 27.856579 ], [ 84.0314384, 27.8561956 ], [ 84.0345721, 27.8580627 ], [ 84.0411745, 27.8559212 ], [ 84.0384494, 27.8514439 ], [ 84.0418612, 27.8499261 ], [ 84.0431486, 27.8516336 ], [ 84.0422259, 27.8548209 ], [ 84.049779, 27.8559591 ], [ 84.0515171, 27.849319 ], [ 84.0533625, 27.8488067 ], [ 84.0678678, 27.8564145 ], [ 84.0694557, 27.8581408 ], [ 84.0700136, 27.8640027 ], [ 84.0747375, 27.8652778 ], [ 84.0764112, 27.8632101 ], [ 84.0789647, 27.8641206 ], [ 84.0779132, 27.870077 ], [ 84.0976972, 27.8661883 ], [ 84.1007227, 27.8670799 ], [ 84.101109, 27.8642913 ], [ 84.09553, 27.8604214 ], [ 84.0956478, 27.8582355 ], [ 84.1022248, 27.8546163 ], [ 84.1069026, 27.86137 ], [ 84.1094346, 27.8619011 ], [ 84.1129751, 27.8524725 ], [ 84.1165156, 27.850784 ], [ 84.119348, 27.8511255 ], [ 84.1213221, 27.8539523 ], [ 84.1198844, 27.8594729 ], [ 84.1255278, 27.8599282 ], [ 84.1296691, 27.8543697 ], [ 84.126944, 27.8513342 ], [ 84.1210646, 27.849418 ], [ 84.1211934, 27.8474638 ], [ 84.1265149, 27.8451681 ], [ 84.1434021, 27.8501769 ], [ 84.1501398, 27.8472931 ], [ 84.1556329, 27.8480709 ], [ 84.1563625, 27.8458321 ], [ 84.1543455, 27.8425877 ], [ 84.1559548, 27.8394191 ], [ 84.1630358, 27.8417718 ], [ 84.1630144, 27.8467428 ], [ 84.1702456, 27.8458321 ], [ 84.1736574, 27.8525863 ], [ 84.1923255, 27.8465152 ], [ 84.2033548, 27.852131 ], [ 84.2076249, 27.8489247 ], [ 84.2060155, 27.8423221 ], [ 84.2087192, 27.8388498 ], [ 84.2120237, 27.840197 ], [ 84.210071, 27.8434605 ], [ 84.2110796, 27.8456614 ], [ 84.2179889, 27.8465531 ], [ 84.2255849, 27.8361365 ], [ 84.2287821, 27.8408421 ], [ 84.2273445, 27.8450732 ], [ 84.2309494, 27.8465911 ], [ 84.2352623, 27.8442763 ], [ 84.2411203, 27.8465911 ], [ 84.2455835, 27.8457752 ], [ 84.2525358, 27.8386222 ], [ 84.2651529, 27.8391345 ], [ 84.2666978, 27.8384324 ], [ 84.2656464, 27.835036 ], [ 84.2672557, 27.8323415 ], [ 84.2698736, 27.8332143 ], [ 84.2698092, 27.8356621 ], [ 84.2713112, 27.836497 ], [ 84.2912454, 27.8381288 ], [ 84.3007941, 27.8216768 ], [ 84.3057937, 27.8193615 ], [ 84.3056221, 27.817217 ], [ 84.3003864, 27.8146929 ], [ 84.3023605, 27.8099292 ], [ 84.2976398, 27.8067217 ], [ 84.2994208, 27.7941183 ], [ 84.3003864, 27.7916506 ], [ 84.3137664, 27.78537 ], [ 84.3183235, 27.7748902 ], [ 84.3151869, 27.7644432 ], [ 84.3222251, 27.758443 ], [ 84.3249168, 27.7488719 ], [ 84.3331899, 27.7491194 ], [ 84.3406787, 27.7443338 ], [ 84.3430175, 27.7507905 ], [ 84.3525662, 27.7491954 ], [ 84.3615784, 27.7547782 ], [ 84.3613209, 27.7592026 ], [ 84.3688311, 27.7760058 ], [ 84.3777146, 27.7793661 ], [ 84.3869994, 27.777408 ], [ 84.3987507, 27.7713655 ], [ 84.4048819, 27.762414 ], [ 84.4107898, 27.759815 ], [ 84.4174848, 27.7592017 ], [ 84.4189478, 27.7576013 ], [ 84.4199557, 27.7531448 ], [ 84.4170491, 27.7511968 ], [ 84.4188878, 27.7483238 ], [ 84.4223077, 27.7486229 ], [ 84.4244029, 27.7465294 ], [ 84.4213615, 27.7426891 ], [ 84.4252581, 27.7338601 ], [ 84.4315978, 27.7080483 ], [ 84.4288248, 27.7043753 ], [ 84.4096018, 27.6971674 ], [ 84.3905421, 27.6874045 ], [ 84.3819055, 27.680247 ], [ 84.3753817, 27.6820173 ], [ 84.3672558, 27.687399 ], [ 84.3583624, 27.6990424 ], [ 84.3452344, 27.702714 ], [ 84.3251891, 27.6932054 ], [ 84.3233069, 27.6872302 ], [ 84.3094634, 27.6772256 ], [ 84.2961496, 27.6699349 ], [ 84.2715068, 27.6630445 ], [ 84.2626126, 27.6567305 ], [ 84.2585686, 27.6509768 ], [ 84.2548806, 27.6508635 ], [ 84.2510416, 27.6540485 ], [ 84.2361275, 27.6504079 ], [ 84.2281453, 27.6449338 ], [ 84.2068593, 27.6392312 ], [ 84.2017094, 27.6345929 ], [ 84.1865174, 27.6261522 ], [ 84.1354481, 27.5850039 ], [ 84.1261784, 27.5712337 ], [ 84.1254918, 27.5654512 ], [ 84.1192261, 27.5599728 ], [ 84.1190888, 27.5558665 ], [ 84.1080398, 27.551255 ], [ 84.0894429, 27.5545702 ], [ 84.079229, 27.5596684 ], [ 84.0751092, 27.5596684 ], [ 84.0709035, 27.5575378 ], [ 84.0677277, 27.5517546 ], [ 84.0627495, 27.5517546 ], [ 84.0509907, 27.5567008 ], [ 84.0461842, 27.5547224 ], [ 84.038202, 27.5395023 ], [ 84.0265221, 27.536903 ], [ 84.0155358, 27.5391101 ], [ 84.0068669, 27.5445895 ], [ 83.9995713, 27.5458072 ], [ 83.993649, 27.5433719 ], [ 83.9834351, 27.5442851 ], [ 83.9767403, 27.5487751 ], [ 83.9672989, 27.5506014 ], [ 83.955915, 27.547455 ], [ 83.9543385, 27.5427631 ], [ 83.9487595, 27.5400994 ], [ 83.9313359, 27.5455028 ], [ 83.926186, 27.5452745 ], [ 83.9220662, 27.5427631 ], [ 83.9193619, 27.5379668 ], [ 83.91957, 27.5273152 ], [ 83.9224099, 27.5246192 ], [ 83.9217093, 27.5208358 ], [ 83.9233573, 27.5166702 ], [ 83.9298396, 27.5132009 ], [ 83.9380794, 27.5143427 ], [ 83.946553, 27.5190318 ], [ 83.9508961, 27.5262382 ], [ 83.9541705, 27.5278099 ], [ 83.965513, 27.5223353 ], [ 83.9690407, 27.5179433 ], [ 83.9698825, 27.513602 ], [ 83.9649701, 27.5050782 ], [ 83.9402423, 27.4933175 ], [ 83.9385901, 27.4895753 ], [ 83.9396694, 27.4837638 ], [ 83.9449835, 27.4694837 ], [ 83.9394668, 27.4548108 ], [ 83.9340205, 27.4485451 ], [ 83.9282137, 27.4467061 ], [ 83.916394, 27.4394916 ], [ 83.9032679, 27.4375567 ], [ 83.8971454, 27.4380314 ], [ 83.8882173, 27.4465977 ], [ 83.887472, 27.4574374 ], [ 83.8898378, 27.461709 ], [ 83.8834306, 27.4638702 ], [ 83.8862504, 27.4721035 ], [ 83.8851718, 27.4814248 ], [ 83.877761, 27.4853678 ], [ 83.874457, 27.4897795 ], [ 83.8816781, 27.4934658 ], [ 83.8837218, 27.4963966 ], [ 83.8865149, 27.4957319 ], [ 83.8920329, 27.4995993 ], [ 83.8977553, 27.4996295 ], [ 83.8929526, 27.5056116 ], [ 83.886549, 27.5091463 ], [ 83.8806222, 27.5080587 ], [ 83.8756767, 27.5103769 ], [ 83.8775778, 27.5184212 ], [ 83.881569, 27.5214279 ], [ 83.8819831, 27.527797 ], [ 83.8721733, 27.5396068 ], [ 83.8619206, 27.5453451 ], [ 83.8584463, 27.5454961 ], [ 83.8540864, 27.5499959 ], [ 83.8505695, 27.5589648 ], [ 83.8470441, 27.5602633 ], [ 83.8435272, 27.5583383 ], [ 83.8409811, 27.5541332 ], [ 83.8421294, 27.5495712 ], [ 83.8379719, 27.5451907 ], [ 83.8360038, 27.545024 ], [ 83.8372996, 27.5514136 ], [ 83.8325956, 27.5594909 ], [ 83.8316223, 27.5654825 ], [ 83.8415847, 27.5725403 ], [ 83.8361365, 27.5857922 ], [ 83.8331405, 27.5881171 ], [ 83.8303828, 27.587144 ], [ 83.8270663, 27.5906885 ], [ 83.8206012, 27.5926956 ], [ 83.815226, 27.5895482 ], [ 83.8078675, 27.5887066 ], [ 83.8095306, 27.5953622 ], [ 83.806644, 27.5968298 ], [ 83.8010037, 27.5961893 ], [ 83.7968406, 27.5987852 ], [ 83.7903011, 27.6068344 ], [ 83.8001716, 27.6128429 ], [ 83.7976561, 27.621201 ], [ 83.8055345, 27.621502 ], [ 83.8015541, 27.6312073 ], [ 83.8030722, 27.6336976 ], [ 83.8066181, 27.633422 ], [ 83.8100836, 27.6356366 ], [ 83.8111028, 27.6395145 ], [ 83.8080148, 27.6427777 ], [ 83.8087014, 27.6459046 ], [ 83.8062445, 27.6478338 ], [ 83.80868, 27.648309 ], [ 83.8124351, 27.653612 ], [ 83.8096134, 27.6561113 ], [ 83.8114909, 27.6615279 ], [ 83.7995121, 27.6648931 ], [ 83.7835033, 27.6664648 ], [ 83.7685033, 27.6660512 ], [ 83.7626191, 27.6606907 ], [ 83.7580985, 27.6634206 ], [ 83.7572392, 27.6668453 ], [ 83.7435281, 27.6664648 ], [ 83.7397921, 27.669178 ], [ 83.7318531, 27.6688968 ], [ 83.7246649, 27.671668 ], [ 83.7202904, 27.6693861 ], [ 83.7144154, 27.6619384 ], [ 83.7100975, 27.6610732 ], [ 83.7076909, 27.6586908 ], [ 83.7051002, 27.6585779 ], [ 83.7027219, 27.6619133 ], [ 83.7011929, 27.6610983 ], [ 83.6979369, 27.6626656 ], [ 83.6956859, 27.6614744 ], [ 83.6997171, 27.6771839 ], [ 83.7024554, 27.6791727 ], [ 83.7035904, 27.683391 ], [ 83.7010747, 27.6885791 ], [ 83.6898038, 27.6981779 ], [ 83.6894562, 27.7094609 ], [ 83.6823452, 27.7184917 ], [ 83.6768916, 27.7186678 ] ] ] } },
{ "type": "Feature", "properties": { "district_id": 4, "name": "अछाम" }, "geometry": { "type": "Polygon", "coordinates": [ [ [ 81.0265094, 29.1951176 ], [ 81.0399631, 29.1999642 ], [ 81.0479979, 29.1979351 ], [ 81.063991, 29.1988746 ], [ 81.073591, 29.2019503 ], [ 81.0753562, 29.2061326 ], [ 81.0860499, 29.2091305 ], [ 81.090793, 29.2151095 ], [ 81.1015428, 29.2157208 ], [ 81.1135432, 29.2277191 ], [ 81.1150512, 29.2341357 ], [ 81.1126216, 29.2403401 ], [ 81.1095514, 29.2431569 ], [ 81.0973369, 29.2475911 ], [ 81.0981379, 29.2540311 ], [ 81.1000727, 29.2557038 ], [ 81.0997161, 29.261732 ], [ 81.1116021, 29.2794805 ], [ 81.1116021, 29.2844575 ], [ 81.1190913, 29.2930889 ], [ 81.1187347, 29.2968211 ], [ 81.1228359, 29.3008642 ], [ 81.1280962, 29.3007865 ], [ 81.1357343, 29.3052166 ], [ 81.1345155, 29.3096497 ], [ 81.1362962, 29.3212158 ], [ 81.1408038, 29.3340224 ], [ 81.1445306, 29.3527053 ], [ 81.1503775, 29.3621715 ], [ 81.1543572, 29.3628852 ], [ 81.1523958, 29.3648277 ], [ 81.1532001, 29.3823044 ], [ 81.1610525, 29.3863933 ], [ 81.177138, 29.3848503 ], [ 81.1791755, 29.3803789 ], [ 81.1848101, 29.3772554 ], [ 81.1863142, 29.374815 ], [ 81.1902823, 29.3742396 ], [ 81.200884, 29.364774 ], [ 81.2065689, 29.3654317 ], [ 81.210411, 29.3623107 ], [ 81.216647, 29.3633717 ], [ 81.2220407, 29.3621732 ], [ 81.2296041, 29.3576246 ], [ 81.2351536, 29.3572525 ], [ 81.2364476, 29.3532502 ], [ 81.2425915, 29.3540263 ], [ 81.248983, 29.3506272 ], [ 81.2518645, 29.3441619 ], [ 81.2543368, 29.34441 ], [ 81.2549093, 29.3412769 ], [ 81.2589717, 29.3379329 ], [ 81.2585441, 29.3313762 ], [ 81.255425, 29.3279441 ], [ 81.2528272, 29.3279435 ], [ 81.2597389, 29.3177022 ], [ 81.2610803, 29.3132417 ], [ 81.2645665, 29.3112565 ], [ 81.2645177, 29.3079732 ], [ 81.2683907, 29.3062778 ], [ 81.2693156, 29.3036875 ], [ 81.2678215, 29.3017021 ], [ 81.2699381, 29.3017176 ], [ 81.2719303, 29.3042924 ], [ 81.2750963, 29.3046337 ], [ 81.281962, 29.3096125 ], [ 81.2948473, 29.3099578 ], [ 81.2955156, 29.3146065 ], [ 81.2990556, 29.3149222 ], [ 81.298368, 29.3184283 ], [ 81.3009293, 29.3184283 ], [ 81.3024234, 29.3223984 ], [ 81.304239, 29.3205949 ], [ 81.308002, 29.3228133 ], [ 81.3087377, 29.3253294 ], [ 81.3173643, 29.3235615 ], [ 81.3185916, 29.3223519 ], [ 81.317471, 29.3192037 ], [ 81.3203522, 29.3184652 ], [ 81.3227004, 29.3138814 ], [ 81.3280186, 29.3151842 ], [ 81.3299216, 29.3140408 ], [ 81.33253, 29.3044941 ], [ 81.3361764, 29.3017641 ], [ 81.3405026, 29.3018543 ], [ 81.3397159, 29.2980104 ], [ 81.3429531, 29.2921158 ], [ 81.3480758, 29.2913557 ], [ 81.3536075, 29.284685 ], [ 81.3664358, 29.2837058 ], [ 81.3727121, 29.2917323 ], [ 81.3765757, 29.2921908 ], [ 81.3820232, 29.2963309 ], [ 81.3819371, 29.3026642 ], [ 81.3886152, 29.2984079 ], [ 81.3950591, 29.2898449 ], [ 81.3966187, 29.2840749 ], [ 81.4047917, 29.2843866 ], [ 81.416238, 29.2769087 ], [ 81.4264755, 29.2854156 ], [ 81.4427154, 29.2870117 ], [ 81.4582474, 29.2796139 ], [ 81.4661787, 29.2718425 ], [ 81.4769355, 29.2663813 ], [ 81.4872596, 29.2653139 ], [ 81.4912819, 29.2629618 ], [ 81.4942212, 29.2560979 ], [ 81.492229, 29.2538881 ], [ 81.4995125, 29.2387959 ], [ 81.4915063, 29.2350924 ], [ 81.4862399, 29.2291311 ], [ 81.4827546, 29.2057362 ], [ 81.4806329, 29.2029197 ], [ 81.4834618, 29.1942768 ], [ 81.4902457, 29.1869325 ], [ 81.4903679, 29.1815522 ], [ 81.4868441, 29.1750095 ], [ 81.4899653, 29.1699954 ], [ 81.495128, 29.1688033 ], [ 81.4962826, 29.155961 ], [ 81.4989678, 29.1516839 ], [ 81.5106046, 29.1521214 ], [ 81.5209742, 29.1545055 ], [ 81.5249103, 29.1530824 ], [ 81.5332271, 29.1464289 ], [ 81.5334599, 29.1415124 ], [ 81.5358936, 29.1363553 ], [ 81.5515389, 29.1295687 ], [ 81.5666963, 29.1264853 ], [ 81.5554604, 29.1229382 ], [ 81.5495794, 29.1191747 ], [ 81.5358301, 29.1061914 ], [ 81.5229003, 29.10405 ], [ 81.5178734, 29.095746 ], [ 81.5146472, 29.095309 ], [ 81.5115461, 29.0916375 ], [ 81.508695, 29.0902388 ], [ 81.5001418, 29.0911349 ], [ 81.4687007, 29.0775371 ], [ 81.4672296, 29.0675514 ], [ 81.4641034, 29.0654091 ], [ 81.460127, 29.0654091 ], [ 81.4437984, 29.0533621 ], [ 81.4426821, 29.0463412 ], [ 81.4387071, 29.0400813 ], [ 81.4323001, 29.0374425 ], [ 81.425191, 29.0229077 ], [ 81.4161013, 29.0219645 ], [ 81.4135017, 29.015887 ], [ 81.419426, 29.0063449 ], [ 81.4149695, 28.9984879 ], [ 81.4104424, 28.9970958 ], [ 81.4149695, 28.9942652 ], [ 81.420143, 28.9877687 ], [ 81.420823, 28.9839322 ], [ 81.4248196, 28.980993 ], [ 81.4253148, 28.9761353 ], [ 81.4219368, 28.9700921 ], [ 81.4242714, 28.9659243 ], [ 81.4284272, 28.9643306 ], [ 81.4307085, 28.9585283 ], [ 81.4320348, 28.9570429 ], [ 81.4381182, 28.9569965 ], [ 81.4419557, 28.9603387 ], [ 81.4436711, 28.9593794 ], [ 81.4443784, 28.9407172 ], [ 81.450621, 28.9407636 ], [ 81.4550032, 28.9349829 ], [ 81.4552719, 28.9308121 ], [ 81.4598605, 28.9306998 ], [ 81.4628408, 28.9283048 ], [ 81.4668551, 28.9289548 ], [ 81.4737873, 28.916572 ], [ 81.4809638, 28.9086389 ], [ 81.4838503, 28.9019237 ], [ 81.4903923, 28.8954111 ], [ 81.5014452, 28.8889905 ], [ 81.5090424, 28.8901222 ], [ 81.5104331, 28.883425 ], [ 81.5154337, 28.8736386 ], [ 81.5221007, 28.8700923 ], [ 81.5270346, 28.860258 ], [ 81.5313366, 28.8568964 ], [ 81.5377866, 28.8428327 ], [ 81.5379635, 28.8362645 ], [ 81.5432687, 28.8306255 ], [ 81.5518456, 28.815349 ], [ 81.551948, 28.8094895 ], [ 81.5567848, 28.7977657 ], [ 81.5802366, 28.7791662 ], [ 81.581732, 28.7744509 ], [ 81.5808312, 28.7583139 ], [ 81.5779204, 28.7553072 ], [ 81.5672697, 28.7545515 ], [ 81.5463966, 28.7488554 ], [ 81.5205568, 28.7485208 ], [ 81.5197547, 28.7512518 ], [ 81.5287851, 28.7557927 ], [ 81.5354418, 28.7626331 ], [ 81.5278314, 28.7745363 ], [ 81.5177038, 28.7773137 ], [ 81.5158856, 28.779558 ], [ 81.5157915, 28.7860244 ], [ 81.5186901, 28.7962397 ], [ 81.5231309, 28.7989271 ], [ 81.5222901, 28.8038821 ], [ 81.5160912, 28.807685 ], [ 81.5112677, 28.8086688 ], [ 81.4978478, 28.8219601 ], [ 81.4940629, 28.8332863 ], [ 81.4903696, 28.8371426 ], [ 81.4900286, 28.8414261 ], [ 81.4806701, 28.8434169 ], [ 81.4726504, 28.8498034 ], [ 81.4627098, 28.8531067 ], [ 81.4627981, 28.8557533 ], [ 81.4670529, 28.8607485 ], [ 81.465594, 28.8702379 ], [ 81.4626395, 28.874396 ], [ 81.4633254, 28.8817876 ], [ 81.4668074, 28.8851599 ], [ 81.467335, 28.8902873 ], [ 81.4646971, 28.8938903 ], [ 81.4420637, 28.8998949 ], [ 81.4311846, 28.9102096 ], [ 81.4241732, 28.9096672 ], [ 81.4186939, 28.9111071 ], [ 81.4144551, 28.9143499 ], [ 81.4034703, 28.9088828 ], [ 81.3948889, 28.9085511 ], [ 81.3856566, 28.8990657 ], [ 81.374846, 28.8931132 ], [ 81.3567924, 28.8899016 ], [ 81.3468469, 28.8903676 ], [ 81.3414669, 28.8935725 ], [ 81.3370439, 28.9006375 ], [ 81.3367308, 28.9071471 ], [ 81.3336748, 28.9087853 ], [ 81.3239459, 28.9078172 ], [ 81.3160024, 28.9206202 ], [ 81.3105806, 28.9198476 ], [ 81.3024957, 28.9258216 ], [ 81.283998, 28.9226244 ], [ 81.2814795, 28.9191174 ], [ 81.2759158, 28.9166588 ], [ 81.2724282, 28.9072702 ], [ 81.2656706, 28.9025203 ], [ 81.2616639, 28.9023169 ], [ 81.2514621, 28.9139456 ], [ 81.2462701, 28.9153315 ], [ 81.2407387, 28.9138809 ], [ 81.2384429, 28.9070909 ], [ 81.2364744, 28.9061352 ], [ 81.2039917, 28.9081741 ], [ 81.192904, 28.9164361 ], [ 81.183909, 28.914923 ], [ 81.1698406, 28.9206038 ], [ 81.1558827, 28.9329982 ], [ 81.1463031, 28.938083 ], [ 81.1416669, 28.9461193 ], [ 81.1310203, 28.9502076 ], [ 81.1249053, 28.9600058 ], [ 81.1152763, 28.9653883 ], [ 81.1031839, 28.9651218 ], [ 81.102083, 28.9709692 ], [ 81.1058657, 28.9733408 ], [ 81.1046048, 28.9752161 ], [ 81.1058026, 28.9776979 ], [ 81.1188527, 28.9747748 ], [ 81.1316961, 28.9813305 ], [ 81.1359831, 28.989575 ], [ 81.1429494, 28.9899059 ], [ 81.1500487, 29.0062035 ], [ 81.1472364, 29.0095907 ], [ 81.143927, 29.0203251 ], [ 81.1453934, 29.0347805 ], [ 81.136252, 29.0422766 ], [ 81.1351803, 29.0500478 ], [ 81.1315868, 29.0519767 ], [ 81.1316498, 29.0595818 ], [ 81.1220672, 29.0640455 ], [ 81.1194824, 29.072366 ], [ 81.1219993, 29.0744495 ], [ 81.1254897, 29.0745687 ], [ 81.1288958, 29.0820776 ], [ 81.1147198, 29.0854279 ], [ 81.1110976, 29.0841569 ], [ 81.1093944, 29.0857539 ], [ 81.10971, 29.0976022 ], [ 81.1015085, 29.1009766 ], [ 81.0988764, 29.1061683 ], [ 81.0930764, 29.1088949 ], [ 81.0796165, 29.1240135 ], [ 81.07451, 29.126244 ], [ 81.0712317, 29.1307597 ], [ 81.0724295, 29.133348 ], [ 81.0715154, 29.1345595 ], [ 81.0650116, 29.135926 ], [ 81.0673442, 29.143283 ], [ 81.0649485, 29.145981 ], [ 81.0558071, 29.1486239 ], [ 81.0552398, 29.1520926 ], [ 81.0582659, 29.1527533 ], [ 81.0593376, 29.1552309 ], [ 81.0573577, 29.1612414 ], [ 81.0507006, 29.1615071 ], [ 81.0486832, 29.1637643 ], [ 81.0487462, 29.1708106 ], [ 81.0433245, 29.1748291 ], [ 81.044144, 29.1817646 ], [ 81.0457832, 29.1833608 ], [ 81.0353179, 29.1894702 ], [ 81.0327757, 29.1860983 ], [ 81.030374, 29.1859092 ], [ 81.0266826, 29.1890942 ], [ 81.0266826, 29.1927129 ], [ 81.0281956, 29.1930982 ], [ 81.0265094, 29.1951176 ] ] ] } },
{ "type": "Feature", "properties": { "district_id": 5, "name": "अर्घाखाँची" }, "geometry": { "type": "Polygon", "coordinates": [ [ [ 82.7458524, 27.826044 ], [ 82.7589577, 27.8368412 ], [ 82.7810306, 27.8436326 ], [ 82.7898985, 27.8522675 ], [ 82.7916812, 27.8559619 ], [ 82.8044848, 27.8558179 ], [ 82.807281, 27.8576313 ], [ 82.8076979, 27.8594369 ], [ 82.8006747, 27.8602567 ], [ 82.7923679, 27.8638916 ], [ 82.7919404, 27.8655852 ], [ 82.8034284, 27.8686981 ], [ 82.8074338, 27.8672583 ], [ 82.8091954, 27.8684392 ], [ 82.810046, 27.8713673 ], [ 82.804375, 27.8723391 ], [ 82.8045805, 27.8772424 ], [ 82.820481, 27.8967145 ], [ 82.8205348, 27.9002776 ], [ 82.8245227, 27.9040815 ], [ 82.8232336, 27.9049403 ], [ 82.8241262, 27.9056014 ], [ 82.8340806, 27.906648 ], [ 82.8483674, 27.9015407 ], [ 82.8552514, 27.9049491 ], [ 82.8615398, 27.9034694 ], [ 82.8628328, 27.9077801 ], [ 82.8671897, 27.9094201 ], [ 82.8773855, 27.9007992 ], [ 82.8804496, 27.9061961 ], [ 82.888355, 27.906689 ], [ 82.8905894, 27.9121019 ], [ 82.8956721, 27.9141609 ], [ 82.9000507, 27.909398 ], [ 82.9122967, 27.9042873 ], [ 82.9158759, 27.9041668 ], [ 82.9190894, 27.9063731 ], [ 82.9220597, 27.9113738 ], [ 82.9255293, 27.9129124 ], [ 82.9266303, 27.9146773 ], [ 82.9252476, 27.9165666 ], [ 82.9288452, 27.9233853 ], [ 82.9392645, 27.9262488 ], [ 82.9427011, 27.9305571 ], [ 82.9458551, 27.9312079 ], [ 82.9533871, 27.9298322 ], [ 82.9543381, 27.9275098 ], [ 82.9609192, 27.9266647 ], [ 82.9612089, 27.9285844 ], [ 82.9630014, 27.9287603 ], [ 82.9682159, 27.9260408 ], [ 82.9721087, 27.9284404 ], [ 82.9772525, 27.9264003 ], [ 82.9841546, 27.9302145 ], [ 82.9884403, 27.9250329 ], [ 82.990957, 27.9259928 ], [ 82.991522, 27.9298262 ], [ 82.9982537, 27.9325196 ], [ 83.0022008, 27.9288083 ], [ 83.0039042, 27.9322908 ], [ 83.00883, 27.9245632 ], [ 83.0096358, 27.9201877 ], [ 83.0143825, 27.9228103 ], [ 83.0158733, 27.9284985 ], [ 83.0130578, 27.9324578 ], [ 83.0157375, 27.9364369 ], [ 83.0124539, 27.9416446 ], [ 83.0175304, 27.9470061 ], [ 83.0138652, 27.9492666 ], [ 83.0172679, 27.9519807 ], [ 83.0164473, 27.956851 ], [ 83.0109353, 27.9620222 ], [ 83.0082606, 27.9674147 ], [ 83.0009247, 27.9706543 ], [ 82.9992203, 27.9778588 ], [ 82.9963159, 27.9779744 ], [ 82.9939103, 27.9759236 ], [ 82.9893892, 27.9766402 ], [ 82.9855979, 27.9819814 ], [ 82.9830613, 27.9810769 ], [ 82.9806199, 27.9834117 ], [ 82.9756777, 27.9841689 ], [ 82.976297, 27.9895532 ], [ 82.969446, 27.993352 ], [ 82.9676433, 27.9932126 ], [ 82.9651617, 27.98773 ], [ 82.9606035, 27.99199 ], [ 82.9522511, 27.99365 ], [ 82.9541998, 27.9978658 ], [ 82.9605565, 27.9989291 ], [ 82.9655211, 28.0037567 ], [ 82.9688346, 28.0024076 ], [ 82.9683625, 28.0062426 ], [ 82.9735594, 28.0060377 ], [ 82.9720191, 28.0146726 ], [ 82.9750702, 28.0146511 ], [ 82.9738275, 28.017606 ], [ 82.9755977, 28.0184483 ], [ 82.9767738, 28.0231039 ], [ 82.9742301, 28.0292829 ], [ 82.9751273, 28.0306283 ], [ 82.9720687, 28.0329231 ], [ 82.9727671, 28.034642 ], [ 82.970463, 28.0385609 ], [ 82.9606842, 28.0411256 ], [ 82.961472, 28.0469342 ], [ 82.9644918, 28.0533235 ], [ 82.9669955, 28.0533959 ], [ 82.9718342, 28.059921 ], [ 82.9760502, 28.0617681 ], [ 82.9752558, 28.0662719 ], [ 82.9839944, 28.0713986 ], [ 82.9964488, 28.0948233 ], [ 83.0016283, 28.0954403 ], [ 83.0021596, 28.1012094 ], [ 83.0004743, 28.1070684 ], [ 83.0024493, 28.1139568 ], [ 83.0043324, 28.1117764 ], [ 83.0103671, 28.1105595 ], [ 83.012282, 28.1078349 ], [ 83.0209476, 28.105413 ], [ 83.027352, 28.0994501 ], [ 83.0306192, 28.0991642 ], [ 83.0396301, 28.1054398 ], [ 83.0424061, 28.1010651 ], [ 83.0451071, 28.1009539 ], [ 83.0506332, 28.1067029 ], [ 83.0485511, 28.1110989 ], [ 83.0527033, 28.1109966 ], [ 83.0566835, 28.1067552 ], [ 83.0605561, 28.1070289 ], [ 83.0634552, 28.1099369 ], [ 83.0685579, 28.1094454 ], [ 83.0703095, 28.1082256 ], [ 83.0663623, 28.1053151 ], [ 83.0669021, 28.096562 ], [ 83.073193, 28.0909697 ], [ 83.0854287, 28.096878 ], [ 83.0905956, 28.0977585 ], [ 83.0984574, 28.0951398 ], [ 83.0999488, 28.0934072 ], [ 83.0966239, 28.089891 ], [ 83.0965279, 28.0816812 ], [ 83.1021802, 28.0777255 ], [ 83.1096781, 28.0816489 ], [ 83.1157845, 28.0813381 ], [ 83.1229301, 28.0848529 ], [ 83.1247964, 28.0842851 ], [ 83.1268817, 28.0775564 ], [ 83.124683, 28.0705455 ], [ 83.1291669, 28.0676147 ], [ 83.1336339, 28.0671949 ], [ 83.1373045, 28.0626322 ], [ 83.1501917, 28.0604075 ], [ 83.1559541, 28.0612397 ], [ 83.1583531, 28.0656924 ], [ 83.1703897, 28.0751215 ], [ 83.1708007, 28.0791624 ], [ 83.1749695, 28.0805093 ], [ 83.1820961, 28.087575 ], [ 83.1860764, 28.0840273 ], [ 83.1925254, 28.0836174 ], [ 83.1947635, 28.0813188 ], [ 83.1955786, 28.0748107 ], [ 83.2010666, 28.0729625 ], [ 83.2049951, 28.067371 ], [ 83.2110852, 28.0663752 ], [ 83.2154688, 28.059447 ], [ 83.2191265, 28.0592453 ], [ 83.219845, 28.05449 ], [ 83.2277483, 28.0508296 ], [ 83.2306222, 28.046391 ], [ 83.232843, 28.0399056 ], [ 83.2333691, 28.0215683 ], [ 83.2368377, 28.0184508 ], [ 83.2397243, 28.0080941 ], [ 83.2441788, 28.0085826 ], [ 83.2433325, 28.0065089 ], [ 83.2456741, 27.9980129 ], [ 83.2494171, 27.9978906 ], [ 83.2499598, 27.9957395 ], [ 83.2518249, 27.9956158 ], [ 83.2521564, 27.9871969 ], [ 83.2536503, 27.9860895 ], [ 83.2629685, 27.9893113 ], [ 83.263386, 27.9858011 ], [ 83.2686204, 27.9831514 ], [ 83.2799226, 27.9677227 ], [ 83.3010708, 27.9674002 ], [ 83.3012653, 27.9641761 ], [ 83.298537, 27.959847 ], [ 83.3026564, 27.9558153 ], [ 83.2973701, 27.950806 ], [ 83.2917911, 27.9503266 ], [ 83.2935527, 27.9465503 ], [ 83.29114, 27.9440378 ], [ 83.2838733, 27.9426764 ], [ 83.2823758, 27.9367426 ], [ 83.2795704, 27.9363677 ], [ 83.2785096, 27.9339933 ], [ 83.2796301, 27.9271055 ], [ 83.2869022, 27.9246828 ], [ 83.2928666, 27.9248494 ], [ 83.2962143, 27.9270574 ], [ 83.3008113, 27.9264325 ], [ 83.306045, 27.9288279 ], [ 83.3080017, 27.9281197 ], [ 83.3090514, 27.9184954 ], [ 83.3065742, 27.9145246 ], [ 83.2976553, 27.9107474 ], [ 83.2984855, 27.9081484 ], [ 83.3012014, 27.9062596 ], [ 83.3058544, 27.9065265 ], [ 83.3114921, 27.9018957 ], [ 83.3092408, 27.888768 ], [ 83.3156801, 27.8857546 ], [ 83.3178978, 27.8825255 ], [ 83.3203828, 27.8826266 ], [ 83.320849, 27.8784725 ], [ 83.3251505, 27.8772208 ], [ 83.3295271, 27.8791076 ], [ 83.3307113, 27.8771849 ], [ 83.3307032, 27.8753138 ], [ 83.3273399, 27.8733257 ], [ 83.3274043, 27.869863 ], [ 83.3174989, 27.8596318 ], [ 83.3130245, 27.8593275 ], [ 83.3103202, 27.8567192 ], [ 83.3073208, 27.8564149 ], [ 83.3027973, 27.8586754 ], [ 83.3038242, 27.8544837 ], [ 83.3100445, 27.8516757 ], [ 83.2981482, 27.8445016 ], [ 83.296847, 27.8404259 ], [ 83.2932584, 27.8386748 ], [ 83.2907973, 27.8350148 ], [ 83.2919372, 27.8309041 ], [ 83.2881854, 27.826991 ], [ 83.2828827, 27.8258565 ], [ 83.2625626, 27.8276754 ], [ 83.2497337, 27.8322025 ], [ 83.2305265, 27.8232845 ], [ 83.2388591, 27.8186351 ], [ 83.240882, 27.8149709 ], [ 83.2426865, 27.814889 ], [ 83.2433096, 27.8115064 ], [ 83.2456483, 27.8114866 ], [ 83.2458479, 27.809063 ], [ 83.2477913, 27.8087707 ], [ 83.2472302, 27.8052945 ], [ 83.249369, 27.8043465 ], [ 83.2457841, 27.7976674 ], [ 83.2451172, 27.7899489 ], [ 83.2506733, 27.7906992 ], [ 83.2552953, 27.7890789 ], [ 83.2582454, 27.7839459 ], [ 83.2566843, 27.7761699 ], [ 83.2578521, 27.7735922 ], [ 83.2554673, 27.7713734 ], [ 83.2556438, 27.7670653 ], [ 83.2537964, 27.7630145 ], [ 83.2474391, 27.7581065 ], [ 83.2482176, 27.7537149 ], [ 83.2458822, 27.750701 ], [ 83.2420549, 27.7521936 ], [ 83.2404331, 27.750213 ], [ 83.2374491, 27.7498111 ], [ 83.2265144, 27.7621319 ], [ 83.2190535, 27.7618559 ], [ 83.2165547, 27.7599005 ], [ 83.2097828, 27.7589544 ], [ 83.2012312, 27.7601381 ], [ 83.1863622, 27.7537052 ], [ 83.1779146, 27.7586386 ], [ 83.1739765, 27.7570148 ], [ 83.1420842, 27.7609185 ], [ 83.1370984, 27.7646931 ], [ 83.1269199, 27.7689057 ], [ 83.1214997, 27.7617627 ], [ 83.1194579, 27.7653172 ], [ 83.1143424, 27.7661506 ], [ 83.1084321, 27.7704435 ], [ 83.1036544, 27.768507 ], [ 83.0998097, 27.7694613 ], [ 83.0936816, 27.7828316 ], [ 83.0893521, 27.7820885 ], [ 83.0905839, 27.7778252 ], [ 83.08951, 27.7714985 ], [ 83.0859113, 27.7747087 ], [ 83.0834385, 27.7697854 ], [ 83.0775128, 27.7677209 ], [ 83.0742816, 27.7645588 ], [ 83.0716253, 27.7655197 ], [ 83.0663876, 27.7643276 ], [ 83.0678286, 27.7628837 ], [ 83.066243, 27.7579221 ], [ 83.0605272, 27.7602735 ], [ 83.0617617, 27.7635967 ], [ 83.058512, 27.7642017 ], [ 83.0524956, 27.7568103 ], [ 83.0513566, 27.7625477 ], [ 83.0495459, 27.7634006 ], [ 83.0502278, 27.7686585 ], [ 83.0482024, 27.7698095 ], [ 83.0468882, 27.7737891 ], [ 83.0436463, 27.774952 ], [ 83.03318, 27.7839886 ], [ 83.03318, 27.7936351 ], [ 83.0278748, 27.7969709 ], [ 83.0231435, 27.7972809 ], [ 83.0204566, 27.8042046 ], [ 83.0213674, 27.8086146 ], [ 83.0165762, 27.8100029 ], [ 83.0197976, 27.8168207 ], [ 83.0196246, 27.8206016 ], [ 83.0108724, 27.8117109 ], [ 83.0039708, 27.7983441 ], [ 82.9956182, 27.7928072 ], [ 82.9735322, 27.7947383 ], [ 82.968503, 27.7928261 ], [ 82.9606865, 27.7959695 ], [ 82.958744, 27.7929397 ], [ 82.9529015, 27.7901188 ], [ 82.9501408, 27.792031 ], [ 82.9429286, 27.7906489 ], [ 82.9350744, 27.7854801 ], [ 82.9290984, 27.7843637 ], [ 82.9253582, 27.7876385 ], [ 82.9225547, 27.7873356 ], [ 82.9203718, 27.7847607 ], [ 82.9182745, 27.7851393 ], [ 82.9138872, 27.7888881 ], [ 82.9066108, 27.7884905 ], [ 82.9025073, 27.7926722 ], [ 82.89627, 27.7934908 ], [ 82.8893779, 27.7913501 ], [ 82.8774788, 27.7935462 ], [ 82.8724282, 27.7922588 ], [ 82.865942, 27.7931573 ], [ 82.8605384, 27.7904233 ], [ 82.844376, 27.7934145 ], [ 82.8414393, 27.7902898 ], [ 82.83305, 27.7910471 ], [ 82.828941, 27.7936977 ], [ 82.8266297, 27.7919559 ], [ 82.8164427, 27.796121 ], [ 82.8130185, 27.7932433 ], [ 82.8057891, 27.7951267 ], [ 82.7987161, 27.7946149 ], [ 82.7974742, 27.7967928 ], [ 82.798669, 27.8024132 ], [ 82.7934662, 27.805897 ], [ 82.7895008, 27.8054235 ], [ 82.7866759, 27.8029626 ], [ 82.7879599, 27.7956552 ], [ 82.786164, 27.7948365 ], [ 82.7781284, 27.8036849 ], [ 82.7719336, 27.8058707 ], [ 82.76914, 27.8103649 ], [ 82.7588301, 27.8115086 ], [ 82.7558611, 27.8133909 ], [ 82.7458524, 27.826044 ] ] ] } },
{ "type": "Feature", "properties": { "district_id": 6, "name": "इलाम जिल्ला" }, "geometry": { "type": "Polygon", "coordinates": [ [ [ 87.5994711, 26.862131 ], [ 87.6097524, 26.8621615 ], [ 87.6116239, 26.8638525 ], [ 87.6142074, 26.8626183 ], [ 87.6309645, 26.8628401 ], [ 87.6365254, 26.8608499 ], [ 87.6412595, 26.8625005 ], [ 87.6469301, 26.8680932 ], [ 87.6543963, 26.8685372 ], [ 87.6701935, 26.8737252 ], [ 87.6741466, 26.8770594 ], [ 87.688114, 26.8812116 ], [ 87.6884354, 26.8944163 ], [ 87.6901712, 26.8999683 ], [ 87.6939924, 26.9078717 ], [ 87.6981294, 26.9120077 ], [ 87.6938483, 26.9227445 ], [ 87.6954467, 26.9255075 ], [ 87.7061791, 26.9294571 ], [ 87.6980545, 26.9363435 ], [ 87.6885824, 26.9415233 ], [ 87.6854979, 26.945205 ], [ 87.6802072, 26.9469229 ], [ 87.6770688, 26.9522277 ], [ 87.6803631, 26.9539148 ], [ 87.6829419, 26.9622778 ], [ 87.690074, 26.9748679 ], [ 87.6979535, 26.9759536 ], [ 87.704618, 26.9811963 ], [ 87.7054609, 26.9860376 ], [ 87.7184631, 27.0004917 ], [ 87.7261726, 27.0024317 ], [ 87.732518, 27.006498 ], [ 87.7393481, 27.0198245 ], [ 87.7445799, 27.0215141 ], [ 87.7546068, 27.0205311 ], [ 87.763917, 27.0133508 ], [ 87.7711196, 27.0144848 ], [ 87.7778788, 27.0127944 ], [ 87.7966377, 27.0272987 ], [ 87.8174949, 27.0340249 ], [ 87.8245413, 27.0415651 ], [ 87.8408297, 27.0478721 ], [ 87.8452731, 27.0560427 ], [ 87.8520937, 27.0626871 ], [ 87.8614868, 27.0631195 ], [ 87.8651106, 27.0679122 ], [ 87.8731061, 27.0716895 ], [ 87.874553, 27.0755974 ], [ 87.8804199, 27.0780608 ], [ 87.8811247, 27.0824472 ], [ 87.8897433, 27.0847259 ], [ 87.8960744, 27.0929956 ], [ 87.900216, 27.0930368 ], [ 87.9009393, 27.0917461 ], [ 87.9047763, 27.0940299 ], [ 87.9143756, 27.0945584 ], [ 87.9175383, 27.0999444 ], [ 87.9274812, 27.1027488 ], [ 87.9435877, 27.0997676 ], [ 87.9456972, 27.1035403 ], [ 87.9516919, 27.1063122 ], [ 87.9604075, 27.1036374 ], [ 87.9620284, 27.1012434 ], [ 87.9740067, 27.1039816 ], [ 87.9807211, 27.1021185 ], [ 87.9885337, 27.1058343 ], [ 87.9951097, 27.1036422 ], [ 88.0018491, 27.1051374 ], [ 88.0117355, 27.0975669 ], [ 88.0158324, 27.0885891 ], [ 88.0209652, 27.0878841 ], [ 88.0207881, 27.0825967 ], [ 88.0159091, 27.0771787 ], [ 88.0161241, 27.0739778 ], [ 88.0184102, 27.070428 ], [ 88.021071, 27.0694475 ], [ 88.0274323, 27.0511865 ], [ 88.0348337, 27.0433978 ], [ 88.037493, 27.0367855 ], [ 88.0456338, 27.0368583 ], [ 88.0577246, 27.0319261 ], [ 88.0595565, 27.0292725 ], [ 88.0691575, 27.0314787 ], [ 88.077487, 27.0355148 ], [ 88.0828777, 27.0291537 ], [ 88.0835609, 27.0229641 ], [ 88.0884592, 27.0155326 ], [ 88.088162, 27.0084995 ], [ 88.0921216, 27.0046811 ], [ 88.0990258, 27.0039031 ], [ 88.1042486, 26.9976464 ], [ 88.1086733, 26.9952651 ], [ 88.1101259, 26.9917994 ], [ 88.1149399, 26.9889682 ], [ 88.1195963, 26.9874692 ], [ 88.1288783, 26.9879003 ], [ 88.1341503, 26.9867008 ], [ 88.1354044, 26.9850549 ], [ 88.1304191, 26.9807585 ], [ 88.122421, 26.9685237 ], [ 88.1229742, 26.9602592 ], [ 88.1203237, 26.9506055 ], [ 88.1285661, 26.9396286 ], [ 88.1376163, 26.9335047 ], [ 88.1392436, 26.9289814 ], [ 88.1458994, 26.9211818 ], [ 88.1438696, 26.9177665 ], [ 88.1448761, 26.9157458 ], [ 88.138671, 26.9054853 ], [ 88.139015, 26.9020129 ], [ 88.1362424, 26.8988756 ], [ 88.1463519, 26.8889838 ], [ 88.1522701, 26.8853843 ], [ 88.1572679, 26.885014 ], [ 88.1573816, 26.8832645 ], [ 88.1618301, 26.8808093 ], [ 88.1664804, 26.8706314 ], [ 88.171693, 26.869503 ], [ 88.173383, 26.8656669 ], [ 88.1716736, 26.860485 ], [ 88.1743646, 26.8597497 ], [ 88.1733068, 26.8555979 ], [ 88.1745756, 26.8535681 ], [ 88.1672748, 26.8499869 ], [ 88.1675969, 26.8474798 ], [ 88.1705302, 26.8453798 ], [ 88.1674069, 26.8379059 ], [ 88.1741051, 26.8336831 ], [ 88.171826, 26.8299747 ], [ 88.1723809, 26.8261548 ], [ 88.1787949, 26.8157543 ], [ 88.178248, 26.804955 ], [ 88.1847152, 26.7833546 ], [ 88.1774509, 26.7819779 ], [ 88.1736638, 26.783512 ], [ 88.1735677, 26.7807038 ], [ 88.1666491, 26.7848402 ], [ 88.1657399, 26.7836903 ], [ 88.1600958, 26.7900024 ], [ 88.1611741, 26.7942834 ], [ 88.1588245, 26.7993375 ], [ 88.1521994, 26.8060434 ], [ 88.1503123, 26.8059994 ], [ 88.1546751, 26.7957822 ], [ 88.1494938, 26.7879713 ], [ 88.1485696, 26.7775868 ], [ 88.1449521, 26.7695956 ], [ 88.1440226, 26.7687705 ], [ 88.1430636, 26.7700846 ], [ 88.1359362, 26.7658505 ], [ 88.1311294, 26.7783843 ], [ 88.1312881, 26.7714404 ], [ 88.1255431, 26.7662177 ], [ 88.1266205, 26.7624908 ], [ 88.125259, 26.7588148 ], [ 88.1189837, 26.7540044 ], [ 88.1179606, 26.7480844 ], [ 88.1145812, 26.7488328 ], [ 88.1118236, 26.7462013 ], [ 88.1073292, 26.7470375 ], [ 88.1020033, 26.750876 ], [ 88.1027062, 26.7527832 ], [ 88.0987051, 26.7563319 ], [ 88.0971641, 26.7729151 ], [ 88.0957312, 26.7751839 ], [ 88.0980562, 26.776439 ], [ 88.0945417, 26.7816764 ], [ 88.0950553, 26.7845967 ], [ 88.0925411, 26.7852483 ], [ 88.0942984, 26.7886512 ], [ 88.0926492, 26.7901716 ], [ 88.0967586, 26.7949498 ], [ 88.0936225, 26.8011275 ], [ 88.0911056, 26.8010059 ], [ 88.0849443, 26.7905335 ], [ 88.0815108, 26.7887718 ], [ 88.0769956, 26.7832924 ], [ 88.0752057, 26.7882054 ], [ 88.0675337, 26.7916026 ], [ 88.0605858, 26.772174 ], [ 88.0605807, 26.7657086 ], [ 88.0590988, 26.7651258 ], [ 88.0555302, 26.7546975 ], [ 88.04915, 26.7521627 ], [ 88.0467168, 26.749652 ], [ 88.0460515, 26.7454908 ], [ 88.0444016, 26.7482026 ], [ 88.0444953, 26.7532593 ], [ 88.0389773, 26.759692 ], [ 88.0359713, 26.7601711 ], [ 88.0351368, 26.7644669 ], [ 88.0317051, 26.7652425 ], [ 88.0286224, 26.7638435 ], [ 88.0272855, 26.766611 ], [ 88.0269449, 26.7785015 ], [ 88.0244243, 26.7755062 ], [ 88.0253525, 26.7736588 ], [ 88.0207627, 26.7734003 ], [ 88.0201581, 26.7697966 ], [ 88.007568, 26.766843 ], [ 88.0036678, 26.7709119 ], [ 88.0040648, 26.774753 ], [ 88.0059477, 26.7767207 ], [ 88.0046465, 26.7801201 ], [ 88.0046505, 26.7768026 ], [ 88.0010349, 26.7748103 ], [ 87.9979916, 26.7692436 ], [ 87.99908, 26.7657446 ], [ 87.9972783, 26.7541472 ], [ 87.9959158, 26.7528393 ], [ 87.9908832, 26.7554094 ], [ 87.988022, 26.7525884 ], [ 87.981414, 26.7527024 ], [ 87.9783995, 26.759447 ], [ 87.9802729, 26.7635604 ], [ 87.9781185, 26.7648377 ], [ 87.9785102, 26.7670882 ], [ 87.9754616, 26.7717336 ], [ 87.9778397, 26.7740289 ], [ 87.9788342, 26.7783095 ], [ 87.9754843, 26.7787768 ], [ 87.9718681, 26.7725699 ], [ 87.9634455, 26.7776553 ], [ 87.9643234, 26.7839352 ], [ 87.966018, 26.7856229 ], [ 87.9651664, 26.7907235 ], [ 87.9601091, 26.7862877 ], [ 87.9585051, 26.7824278 ], [ 87.9577434, 26.7685869 ], [ 87.9545677, 26.7685773 ], [ 87.9511237, 26.7652725 ], [ 87.9477427, 26.7670004 ], [ 87.9496431, 26.7631459 ], [ 87.9541353, 26.7622175 ], [ 87.9546282, 26.7541297 ], [ 87.9580331, 26.7501649 ], [ 87.9483986, 26.7397695 ], [ 87.9501259, 26.7374028 ], [ 87.9503727, 26.7284627 ], [ 87.9462771, 26.7266152 ], [ 87.9425728, 26.7286544 ], [ 87.9354823, 26.7265515 ], [ 87.9279803, 26.7188378 ], [ 87.9285593, 26.7158713 ], [ 87.9268732, 26.7158713 ], [ 87.9265497, 26.7121593 ], [ 87.9334983, 26.7087058 ], [ 87.9323232, 26.7066519 ], [ 87.9345542, 26.7046284 ], [ 87.9328341, 26.7025897 ], [ 87.9367171, 26.7014334 ], [ 87.9339581, 26.6991968 ], [ 87.9362145, 26.6977435 ], [ 87.9338445, 26.6953467 ], [ 87.9359848, 26.6932323 ], [ 87.9338559, 26.6884544 ], [ 87.9304668, 26.6937801 ], [ 87.925102, 26.697234 ], [ 87.9200012, 26.6964105 ], [ 87.9154625, 26.6928063 ], [ 87.9082414, 26.6940387 ], [ 87.9031469, 26.6911729 ], [ 87.8950594, 26.6911934 ], [ 87.8913807, 26.6867045 ], [ 87.8873955, 26.6866893 ], [ 87.885505, 26.6887892 ], [ 87.8783534, 26.6844461 ], [ 87.8686312, 26.6920551 ], [ 87.8639946, 26.6908923 ], [ 87.8618088, 26.6876944 ], [ 87.8648097, 26.6842402 ], [ 87.8647556, 26.6786601 ], [ 87.8675132, 26.6716786 ], [ 87.8562862, 26.675837 ], [ 87.8503425, 26.6761438 ], [ 87.8453643, 26.6744373 ], [ 87.8410942, 26.6769874 ], [ 87.8380258, 26.6833529 ], [ 87.8337342, 26.6878008 ], [ 87.8289251, 26.6904247 ], [ 87.8148515, 26.6939356 ], [ 87.8091223, 26.6919993 ], [ 87.8072769, 26.689162 ], [ 87.8031548, 26.6879828 ], [ 87.7915752, 26.6800235 ], [ 87.793175, 26.6752546 ], [ 87.7888141, 26.6665531 ], [ 87.7793241, 26.6644208 ], [ 87.7716786, 26.666058 ], [ 87.7650697, 26.6650801 ], [ 87.7594907, 26.6683015 ], [ 87.7570606, 26.6723838 ], [ 87.7404363, 26.6783104 ], [ 87.7294787, 26.6871713 ], [ 87.7160174, 26.6943861 ], [ 87.7088645, 26.6972162 ], [ 87.708636, 26.6946162 ], [ 87.7074451, 26.6956801 ], [ 87.7049346, 26.69984 ], [ 87.707091, 26.7116575 ], [ 87.7010185, 26.7283993 ], [ 87.7015872, 26.7325101 ], [ 87.7004003, 26.7339151 ], [ 87.69839, 26.7333341 ], [ 87.6870624, 26.7501791 ], [ 87.6907411, 26.7531507 ], [ 87.6902537, 26.7568034 ], [ 87.6879506, 26.7561715 ], [ 87.6852204, 26.7577598 ], [ 87.6823385, 26.7532179 ], [ 87.6794466, 26.7546736 ], [ 87.6753877, 26.7525178 ], [ 87.6728887, 26.7538903 ], [ 87.6720178, 26.7572047 ], [ 87.6630001, 26.7609433 ], [ 87.6735568, 26.771711 ], [ 87.6790742, 26.7816672 ], [ 87.6785277, 26.7846755 ], [ 87.6708115, 26.7909446 ], [ 87.661341, 26.7924919 ], [ 87.6559037, 26.7984313 ], [ 87.6559719, 26.8016194 ], [ 87.6609999, 26.8059871 ], [ 87.6612593, 26.8084364 ], [ 87.6591717, 26.8089087 ], [ 87.6613926, 26.8150449 ], [ 87.6559774, 26.818852 ], [ 87.6523426, 26.8190493 ], [ 87.6515, 26.8254118 ], [ 87.6476953, 26.8311517 ], [ 87.6419848, 26.8304105 ], [ 87.6350709, 26.8377887 ], [ 87.6342236, 26.8406921 ], [ 87.6310527, 26.8391741 ], [ 87.6219153, 26.8430325 ], [ 87.6139604, 26.849374 ], [ 87.6143057, 26.8512454 ], [ 87.6069227, 26.8542648 ], [ 87.5994711, 26.862131 ] ] ] } },
{ "type": "Feature", "properties": { "district_id": 7, "name": "उदयपुर जिल्ला" }, "geometry": { "type": "Polygon", "coordinates": [ [ [ 86.1555064, 26.9194379 ], [ 86.1571285, 26.9211735 ], [ 86.1558713, 26.926115 ], [ 86.1575708, 26.9298728 ], [ 86.1580896, 26.926719 ], [ 86.1668874, 26.9231732 ], [ 86.1860275, 26.9073372 ], [ 86.1910486, 26.9042756 ], [ 86.1996393, 26.9056958 ], [ 86.2046063, 26.8997246 ], [ 86.2150397, 26.8970323 ], [ 86.2164206, 26.8928049 ], [ 86.2222332, 26.8887782 ], [ 86.2235738, 26.8896114 ], [ 86.2222872, 26.8991942 ], [ 86.2239301, 26.9032447 ], [ 86.2381297, 26.9036062 ], [ 86.2426736, 26.9063042 ], [ 86.2461477, 26.9152161 ], [ 86.2529719, 26.9111038 ], [ 86.2577536, 26.9117343 ], [ 86.2597132, 26.9145316 ], [ 86.261563, 26.9266691 ], [ 86.2724429, 26.9305228 ], [ 86.2787583, 26.9356253 ], [ 86.2778328, 26.9377979 ], [ 86.2828522, 26.9486724 ], [ 86.2928287, 26.95066 ], [ 86.3126253, 26.9629265 ], [ 86.3290676, 26.965943 ], [ 86.3469375, 26.9623234 ], [ 86.3513302, 26.9628449 ], [ 86.3557343, 26.9673099 ], [ 86.3661608, 26.9804596 ], [ 86.3683759, 26.9969594 ], [ 86.3671728, 27.0005486 ], [ 86.3718634, 27.0026803 ], [ 86.3745124, 27.0071945 ], [ 86.3723377, 27.0106094 ], [ 86.3740292, 27.0129291 ], [ 86.3719453, 27.0165439 ], [ 86.3755133, 27.0206556 ], [ 86.3740069, 27.0240341 ], [ 86.3794002, 27.0290863 ], [ 86.3794495, 27.0320983 ], [ 86.3823004, 27.0306786 ], [ 86.3789499, 27.0347293 ], [ 86.367141, 27.037514 ], [ 86.3633909, 27.0432589 ], [ 86.3643031, 27.0475525 ], [ 86.3631172, 27.0544427 ], [ 86.3600156, 27.0551208 ], [ 86.3570719, 27.0587234 ], [ 86.3511185, 27.0617598 ], [ 86.3505758, 27.0669547 ], [ 86.3479263, 27.0645553 ], [ 86.3459592, 27.0654039 ], [ 86.3468511, 27.0706741 ], [ 86.3506844, 27.0694857 ], [ 86.3513951, 27.0738826 ], [ 86.3551063, 27.0754326 ], [ 86.3534675, 27.0770361 ], [ 86.3551391, 27.0817077 ], [ 86.3581403, 27.084156 ], [ 86.3586437, 27.0919722 ], [ 86.3568886, 27.094322 ], [ 86.3624846, 27.0996771 ], [ 86.3559742, 27.1002611 ], [ 86.354767, 27.1044163 ], [ 86.3410506, 27.1066271 ], [ 86.3322192, 27.1000194 ], [ 86.3276929, 27.100677 ], [ 86.3229441, 27.0992485 ], [ 86.317014, 27.1022681 ], [ 86.3110553, 27.1031032 ], [ 86.3062915, 27.1090253 ], [ 86.3130984, 27.1110104 ], [ 86.3263289, 27.11058 ], [ 86.3285788, 27.115582 ], [ 86.3311151, 27.1172289 ], [ 86.3322224, 27.1216174 ], [ 86.3336893, 27.1217438 ], [ 86.3349148, 27.1267597 ], [ 86.3365852, 27.1265449 ], [ 86.3347019, 27.1280315 ], [ 86.3364622, 27.129257 ], [ 86.3341672, 27.1301835 ], [ 86.3358565, 27.1315227 ], [ 86.3349903, 27.1340453 ], [ 86.3377161, 27.1337883 ], [ 86.3383975, 27.1359865 ], [ 86.3363817, 27.1361338 ], [ 86.3365615, 27.1382267 ], [ 86.3410897, 27.1408015 ], [ 86.3407436, 27.1448815 ], [ 86.3426077, 27.1469591 ], [ 86.3443104, 27.1463762 ], [ 86.3446785, 27.1435976 ], [ 86.3573998, 27.1426484 ], [ 86.3587047, 27.1390873 ], [ 86.3618098, 27.1398912 ], [ 86.3632686, 27.142178 ], [ 86.3676352, 27.1402084 ], [ 86.3701691, 27.1466273 ], [ 86.3734131, 27.1477294 ], [ 86.3700655, 27.1514136 ], [ 86.3733353, 27.1545075 ], [ 86.373496, 27.1580947 ], [ 86.379362, 27.1640515 ], [ 86.377911, 27.1651027 ], [ 86.383093, 27.1733688 ], [ 86.3848705, 27.1731106 ], [ 86.3844714, 27.1758859 ], [ 86.3897507, 27.1798678 ], [ 86.3999896, 27.1767426 ], [ 86.4002345, 27.1724609 ], [ 86.4020083, 27.1703221 ], [ 86.4119059, 27.1689902 ], [ 86.41601, 27.1666467 ], [ 86.4194338, 27.1589818 ], [ 86.4199473, 27.1498712 ], [ 86.4283237, 27.1464345 ], [ 86.4321005, 27.1490362 ], [ 86.4372149, 27.1477346 ], [ 86.4382423, 27.146604 ], [ 86.4372961, 27.1442945 ], [ 86.4338954, 27.1405172 ], [ 86.4271852, 27.1376376 ], [ 86.4268537, 27.13233 ], [ 86.4319709, 27.1306959 ], [ 86.4411336, 27.1337121 ], [ 86.4455787, 27.1327421 ], [ 86.4477416, 27.1299987 ], [ 86.4478608, 27.125891 ], [ 86.4548265, 27.1191608 ], [ 86.460089, 27.118706 ], [ 86.4601344, 27.1058341 ], [ 86.4661902, 27.1023204 ], [ 86.4701914, 27.1044142 ], [ 86.4751118, 27.1024648 ], [ 86.4784912, 27.1076149 ], [ 86.4843037, 27.1101417 ], [ 86.4897343, 27.104903 ], [ 86.4921168, 27.1044383 ], [ 86.5026604, 27.1144733 ], [ 86.5060939, 27.1126685 ], [ 86.5113966, 27.1125619 ], [ 86.5195843, 27.1176737 ], [ 86.5245858, 27.1259511 ], [ 86.5346158, 27.1361527 ], [ 86.5469707, 27.1372834 ], [ 86.5491876, 27.1408441 ], [ 86.5551083, 27.1405794 ], [ 86.5605964, 27.1453188 ], [ 86.5714104, 27.1478448 ], [ 86.5774662, 27.1519584 ], [ 86.5847656, 27.1520546 ], [ 86.5898482, 27.1501782 ], [ 86.5970936, 27.1441159 ], [ 86.605907, 27.1398096 ], [ 86.6165858, 27.1398577 ], [ 86.6282919, 27.1344926 ], [ 86.6498118, 27.1305949 ], [ 86.6549214, 27.1246518 ], [ 86.669331, 27.1195988 ], [ 86.6686822, 27.1174572 ], [ 86.6714938, 27.1136311 ], [ 86.6750084, 27.1118263 ], [ 86.6816319, 27.1034756 ], [ 86.6900939, 27.1022242 ], [ 86.6991776, 27.0926935 ], [ 86.7001779, 27.0908161 ], [ 86.6981503, 27.0873742 ], [ 86.6991404, 27.0853675 ], [ 86.7108675, 27.0734808 ], [ 86.7093688, 27.0688706 ], [ 86.7131497, 27.0646545 ], [ 86.7203368, 27.0623493 ], [ 86.7189402, 27.0605596 ], [ 86.7205071, 27.0543108 ], [ 86.7269107, 27.0455134 ], [ 86.725957, 27.0400223 ], [ 86.7314409, 27.0347129 ], [ 86.739718, 27.0320733 ], [ 86.7475863, 27.0230314 ], [ 86.7472797, 27.0162343 ], [ 86.7490868, 27.0100366 ], [ 86.7532406, 27.0071001 ], [ 86.7542624, 26.9992095 ], [ 86.7520825, 26.9882831 ], [ 86.7563402, 26.9866744 ], [ 86.7549777, 26.9733486 ], [ 86.7606661, 26.970404 ], [ 86.760632, 26.9661235 ], [ 86.7641063, 26.9577746 ], [ 86.7633883, 26.947917 ], [ 86.7609726, 26.9414393 ], [ 86.7636466, 26.9386611 ], [ 86.7640704, 26.9337925 ], [ 86.7606854, 26.9251023 ], [ 86.7662054, 26.9136945 ], [ 86.7683619, 26.9006925 ], [ 86.7738821, 26.8966418 ], [ 86.7711085, 26.8866029 ], [ 86.7719246, 26.8848881 ], [ 86.779713, 26.8877703 ], [ 86.7827976, 26.8852919 ], [ 86.7847502, 26.8805646 ], [ 86.7907852, 26.8802919 ], [ 86.8066049, 26.872368 ], [ 86.8131065, 26.8749041 ], [ 86.821931, 26.872033 ], [ 86.828824, 26.8759226 ], [ 86.8348189, 26.8754972 ], [ 86.8371351, 26.8837003 ], [ 86.8468428, 26.8881662 ], [ 86.8520883, 26.8879232 ], [ 86.8621706, 26.8952444 ], [ 86.8672459, 26.8937255 ], [ 86.873343, 26.897067 ], [ 86.8823694, 26.8974619 ], [ 86.8854009, 26.8990415 ], [ 86.8889774, 26.8968848 ], [ 86.8919067, 26.8981606 ], [ 86.9013419, 26.8969152 ], [ 86.9062127, 26.8985555 ], [ 86.9103683, 26.8961557 ], [ 86.9152732, 26.8962469 ], [ 86.9195309, 26.9009856 ], [ 86.9259686, 26.9049041 ], [ 86.9283189, 26.9047218 ], [ 86.9309417, 26.9073948 ], [ 86.9359828, 26.9042662 ], [ 86.9587372, 26.9040125 ], [ 86.9659546, 26.9001129 ], [ 86.9724992, 26.9019691 ], [ 86.9753745, 26.9065041 ], [ 86.9774559, 26.9067337 ], [ 86.9790867, 26.9048968 ], [ 86.9774559, 26.8999216 ], [ 86.97943, 26.8964388 ], [ 86.9920901, 26.8917885 ], [ 86.9931415, 26.890047 ], [ 86.9982055, 26.8893581 ], [ 87.0010594, 26.886583 ], [ 87.0033553, 26.8870806 ], [ 87.0050934, 26.8919225 ], [ 87.0147064, 26.8923052 ], [ 87.0197061, 26.8960752 ], [ 87.0264652, 26.8979314 ], [ 87.0276669, 26.9007061 ], [ 87.0326665, 26.9037296 ], [ 87.0388678, 26.901816 ], [ 87.0416787, 26.9064467 ], [ 87.0433095, 26.9064659 ], [ 87.0498541, 26.9023518 ], [ 87.0548537, 26.9045524 ], [ 87.0590809, 26.9103884 ], [ 87.0632652, 26.9109816 ], [ 87.0652393, 26.9073078 ], [ 87.0760325, 26.9083411 ], [ 87.0832422, 26.912321 ], [ 87.0854095, 26.9102545 ], [ 87.0936921, 26.9099483 ], [ 87.0921043, 26.9156693 ], [ 87.0935634, 26.9169704 ], [ 87.1110943, 26.9182332 ], [ 87.1142486, 26.9230545 ], [ 87.1259001, 26.9242024 ], [ 87.1374229, 26.9277991 ], [ 87.1421436, 26.9277418 ], [ 87.1497181, 26.9248338 ], [ 87.1567786, 26.9124492 ], [ 87.162593, 26.909282 ], [ 87.1671971, 26.902371 ], [ 87.1682271, 26.8908126 ], [ 87.1652748, 26.8785077 ], [ 87.1518844, 26.8696149 ], [ 87.1494811, 26.8457243 ], [ 87.141413, 26.8356153 ], [ 87.1441456, 26.8202843 ], [ 87.1428873, 26.816025 ], [ 87.1347182, 26.8106451 ], [ 87.1274576, 26.78901 ], [ 87.1065137, 26.7554979 ], [ 87.0991563, 26.7509964 ], [ 87.0691818, 26.7509964 ], [ 87.0662525, 26.7457647 ], [ 87.0634787, 26.7444399 ], [ 87.0481997, 26.752213 ], [ 87.044596, 26.756703 ], [ 87.039793, 26.7555952 ], [ 87.0342343, 26.7503272 ], [ 87.0352324, 26.7462444 ], [ 87.0341527, 26.744408 ], [ 87.028048, 26.7426307 ], [ 87.025854, 26.7377872 ], [ 87.0199424, 26.7346588 ], [ 87.0165896, 26.7273859 ], [ 87.0119226, 26.7226137 ], [ 87.0132897, 26.7161397 ], [ 87.0102705, 26.7095663 ], [ 87.0034253, 26.7085834 ], [ 87.0002389, 26.7107111 ], [ 87.0008612, 26.7073758 ], [ 86.9952178, 26.7024398 ], [ 86.9876376, 26.708649 ], [ 86.9840951, 26.709501 ], [ 86.9836183, 26.7149778 ], [ 86.974694, 26.7194807 ], [ 86.9725519, 26.7222054 ], [ 86.9714821, 26.729814 ], [ 86.9664181, 26.7360999 ], [ 86.9518269, 26.7324971 ], [ 86.9457329, 26.7324971 ], [ 86.9351683, 26.7384858 ], [ 86.9249618, 26.7506633 ], [ 86.9282234, 26.7583275 ], [ 86.9265926, 26.7626192 ], [ 86.9219578, 26.7668341 ], [ 86.9158638, 26.7611631 ], [ 86.9084824, 26.7590172 ], [ 86.9100658, 26.7541815 ], [ 86.9084437, 26.7522019 ], [ 86.9088257, 26.7474442 ], [ 86.9116581, 26.7403924 ], [ 86.9073623, 26.7389718 ], [ 86.9073082, 26.7360262 ], [ 86.9035774, 26.7359779 ], [ 86.9049832, 26.7345292 ], [ 86.9038477, 26.7308108 ], [ 86.9014146, 26.7317766 ], [ 86.901739, 26.7295069 ], [ 86.8984407, 26.7282996 ], [ 86.8983326, 26.7257884 ], [ 86.8943855, 26.7248708 ], [ 86.8894643, 26.7196534 ], [ 86.8851828, 26.7118515 ], [ 86.8716825, 26.7131562 ], [ 86.8669124, 26.7102094 ], [ 86.8659782, 26.7006092 ], [ 86.8626833, 26.7018545 ], [ 86.8593482, 26.7007212 ], [ 86.8588108, 26.6978252 ], [ 86.8513066, 26.6964363 ], [ 86.851454, 26.6932806 ], [ 86.8483196, 26.6911925 ], [ 86.8455827, 26.6935162 ], [ 86.8422427, 26.6905504 ], [ 86.8405859, 26.6915914 ], [ 86.842184, 26.6948483 ], [ 86.8374822, 26.7101616 ], [ 86.8242912, 26.7142874 ], [ 86.8187416, 26.7094157 ], [ 86.8157137, 26.7102368 ], [ 86.8141158, 26.7079252 ], [ 86.8087387, 26.7093191 ], [ 86.8077654, 26.7123137 ], [ 86.800466, 26.7128932 ], [ 86.792734, 26.7083047 ], [ 86.7891654, 26.7080149 ], [ 86.7815407, 26.7017294 ], [ 86.7755332, 26.7028212 ], [ 86.7715703, 26.6989413 ], [ 86.7684478, 26.6995572 ], [ 86.7646088, 26.6954391 ], [ 86.7596479, 26.6955478 ], [ 86.7529432, 26.6862968 ], [ 86.7528215, 26.6953546 ], [ 86.7489961, 26.6981201 ], [ 86.7467792, 26.6968883 ], [ 86.7456978, 26.699521 ], [ 86.7439676, 26.6998591 ], [ 86.7419805, 26.7021415 ], [ 86.7418724, 26.7052329 ], [ 86.7391283, 26.706211 ], [ 86.7398448, 26.7100992 ], [ 86.7368387, 26.7122603 ], [ 86.7224971, 26.7097055 ], [ 86.7177977, 26.706863 ], [ 86.7147293, 26.7083845 ], [ 86.7055239, 26.7071649 ], [ 86.7023472, 26.6993277 ], [ 86.6985083, 26.6984945 ], [ 86.6902626, 26.6894611 ], [ 86.6842744, 26.6880963 ], [ 86.6703378, 26.6936759 ], [ 86.6708921, 26.6971419 ], [ 86.6687786, 26.7017357 ], [ 86.6651072, 26.7046911 ], [ 86.6564068, 26.6918634 ], [ 86.6522315, 26.6919613 ], [ 86.6491154, 26.6894611 ], [ 86.6417624, 26.6984921 ], [ 86.6346216, 26.6986538 ], [ 86.6317892, 26.6947815 ], [ 86.6279912, 26.6937462 ], [ 86.6274118, 26.6899695 ], [ 86.6166723, 26.6950115 ], [ 86.614141, 26.6942966 ], [ 86.6111448, 26.6890987 ], [ 86.6054546, 26.6924644 ], [ 86.6021824, 26.6999528 ], [ 86.5988932, 26.6977746 ], [ 86.5862409, 26.6967119 ], [ 86.5864031, 26.7006246 ], [ 86.5835104, 26.7017477 ], [ 86.5815144, 26.7071649 ], [ 86.5834474, 26.7124297 ], [ 86.5807034, 26.712804 ], [ 86.5805952, 26.7160762 ], [ 86.5724036, 26.7224513 ], [ 86.5728497, 26.7319047 ], [ 86.5717548, 26.73345 ], [ 86.5742961, 26.7392447 ], [ 86.5628738, 26.7444717 ], [ 86.5532067, 26.7457599 ], [ 86.5594762, 26.7540849 ], [ 86.5595844, 26.7580439 ], [ 86.5628826, 26.7583336 ], [ 86.5679652, 26.7651891 ], [ 86.5680734, 26.7680857 ], [ 86.5722367, 26.768134 ], [ 86.5740211, 26.7730097 ], [ 86.5769189, 26.7746225 ], [ 86.5782814, 26.7845053 ], [ 86.5732061, 26.7844749 ], [ 86.5662916, 26.781495 ], [ 86.5642479, 26.7917116 ], [ 86.5625788, 26.7903434 ], [ 86.5577761, 26.7909211 ], [ 86.5559367, 26.7878121 ], [ 86.551806, 26.7868582 ], [ 86.5503196, 26.7844536 ], [ 86.5491884, 26.7852197 ], [ 86.5482672, 26.7834143 ], [ 86.5493684, 26.7827902 ], [ 86.5477031, 26.7819786 ], [ 86.5431487, 26.7844212 ], [ 86.5407172, 26.7833947 ], [ 86.5402717, 26.7845955 ], [ 86.5381288, 26.7827355 ], [ 86.5364144, 26.7839061 ], [ 86.5377937, 26.787014 ], [ 86.5312538, 26.7885191 ], [ 86.5306712, 26.7912463 ], [ 86.5353061, 26.7959006 ], [ 86.535113, 26.7995972 ], [ 86.5368939, 26.801321 ], [ 86.5396191, 26.7993099 ], [ 86.5425373, 26.8006315 ], [ 86.5459491, 26.8039448 ], [ 86.5445973, 26.8066644 ], [ 86.5477301, 26.8083114 ], [ 86.5497256, 26.8123906 ], [ 86.5534807, 26.8154547 ], [ 86.551571, 26.8248571 ], [ 86.5550042, 26.8315972 ], [ 86.5513993, 26.8322099 ], [ 86.5523435, 26.8355223 ], [ 86.5470434, 26.8375136 ], [ 86.5391899, 26.8353309 ], [ 86.5370227, 26.8315206 ], [ 86.5273453, 26.8318844 ], [ 86.5250279, 26.8332247 ], [ 86.5242125, 26.8320184 ], [ 86.5194918, 26.8320376 ], [ 86.5207149, 26.8359627 ], [ 86.5181829, 26.8439083 ], [ 86.5152646, 26.8438892 ], [ 86.5126039, 26.8400409 ], [ 86.510737, 26.8429319 ], [ 86.512046, 26.8469141 ], [ 86.5063586, 26.8472012 ], [ 86.5054799, 26.8559118 ], [ 86.5031829, 26.8576155 ], [ 86.4957075, 26.8564111 ], [ 86.4931018, 26.8597082 ], [ 86.4944642, 26.8611364 ], [ 86.4929144, 26.8614251 ], [ 86.4905471, 26.8663476 ], [ 86.488282, 26.8668793 ], [ 86.4879925, 26.8694165 ], [ 86.4829019, 26.8696791 ], [ 86.4791503, 26.8726227 ], [ 86.4811717, 26.8737305 ], [ 86.4809554, 26.8760456 ], [ 86.4773327, 26.8835209 ], [ 86.4800903, 26.8860287 ], [ 86.4800903, 26.8888257 ], [ 86.4625716, 26.8876201 ], [ 86.4515986, 26.8896947 ], [ 86.4386727, 26.8953358 ], [ 86.4283994, 26.9027134 ], [ 86.4230465, 26.9033885 ], [ 86.4188831, 26.9064262 ], [ 86.4057982, 26.9077762 ], [ 86.4043383, 26.9099459 ], [ 86.4016889, 26.9085959 ], [ 86.3960656, 26.9098013 ], [ 86.3938487, 26.9079691 ], [ 86.3858464, 26.9082102 ], [ 86.3837065, 26.9096727 ], [ 86.3828185, 26.902617 ], [ 86.3767086, 26.8974575 ], [ 86.3771411, 26.8922978 ], [ 86.3749243, 26.8911887 ], [ 86.3738969, 26.8838585 ], [ 86.3695173, 26.8804344 ], [ 86.3686521, 26.8772031 ], [ 86.3697876, 26.8755151 ], [ 86.3655161, 26.8726212 ], [ 86.3618934, 26.8754186 ], [ 86.3578382, 26.8749845 ], [ 86.3501602, 26.8783606 ], [ 86.3465375, 26.877396 ], [ 86.3404479, 26.8805083 ], [ 86.320638, 26.8786017 ], [ 86.3169613, 26.881206 ], [ 86.3140415, 26.8793251 ], [ 86.310161, 26.8827067 ], [ 86.3069168, 26.8817101 ], [ 86.2983337, 26.8863799 ], [ 86.2939564, 26.8850403 ], [ 86.2863174, 26.8870306 ], [ 86.2821546, 26.8848106 ], [ 86.278421, 26.8852316 ], [ 86.2711399, 26.8827546 ], [ 86.2671343, 26.8775377 ], [ 86.2646452, 26.877576 ], [ 86.2570693, 26.872982 ], [ 86.246796, 26.8641071 ], [ 86.2439126, 26.8642991 ], [ 86.2245036, 26.8824825 ], [ 86.2171765, 26.8827845 ], [ 86.2005543, 26.8901061 ], [ 86.1997028, 26.8892555 ], [ 86.1982722, 26.892263 ], [ 86.1939122, 26.8941768 ], [ 86.1872164, 26.8946053 ], [ 86.1860424, 26.8994406 ], [ 86.1841634, 26.9008028 ], [ 86.1805678, 26.8996094 ], [ 86.1776615, 26.9004894 ], [ 86.1745525, 26.9070591 ], [ 86.1690551, 26.9105109 ], [ 86.1682128, 26.9138453 ], [ 86.1605078, 26.91446 ], [ 86.1555064, 26.9194379 ] ] ] } },
{ "type": "Feature", "properties": { "district_id": 8, "name": "ओखलढुङ्गा जिल्ला" }, "geometry": { "type": "Polygon", "coordinates": [ [ [ 86.2039463, 27.2530127 ], [ 86.2072311, 27.2585884 ], [ 86.2111657, 27.2606963 ], [ 86.2136182, 27.2686261 ], [ 86.2161521, 27.2678099 ], [ 86.2189649, 27.272769 ], [ 86.2237016, 27.2748122 ], [ 86.2238468, 27.2775138 ], [ 86.226218, 27.277333 ], [ 86.231867, 27.2822555 ], [ 86.2329072, 27.2851634 ], [ 86.2410726, 27.2888615 ], [ 86.2378414, 27.2908913 ], [ 86.2352784, 27.2962935 ], [ 86.2378936, 27.3025024 ], [ 86.237273, 27.3058108 ], [ 86.2339649, 27.3072276 ], [ 86.2314928, 27.3143568 ], [ 86.2291365, 27.3150788 ], [ 86.2286199, 27.3200359 ], [ 86.221605, 27.3207734 ], [ 86.2187188, 27.3225991 ], [ 86.2222223, 27.3273415 ], [ 86.2175704, 27.3280352 ], [ 86.2155788, 27.3335169 ], [ 86.2181595, 27.336452 ], [ 86.2167746, 27.3390037 ], [ 86.2181143, 27.3404164 ], [ 86.2165075, 27.3419642 ], [ 86.2184394, 27.3503078 ], [ 86.2170229, 27.3535515 ], [ 86.2217077, 27.3592453 ], [ 86.2188393, 27.3617199 ], [ 86.2247734, 27.3710481 ], [ 86.2218365, 27.3825249 ], [ 86.2259161, 27.3842566 ], [ 86.2247433, 27.3873349 ], [ 86.2275857, 27.3901715 ], [ 86.2264137, 27.393405 ], [ 86.227576, 27.3982449 ], [ 86.2362005, 27.403967 ], [ 86.2363574, 27.4061391 ], [ 86.2343466, 27.4082751 ], [ 86.2374965, 27.4095701 ], [ 86.2376011, 27.4130938 ], [ 86.2410938, 27.4181705 ], [ 86.2432513, 27.4199142 ], [ 86.246471, 27.4190683 ], [ 86.2479339, 27.4202903 ], [ 86.2483326, 27.4253715 ], [ 86.2524453, 27.4284585 ], [ 86.250987, 27.4327308 ], [ 86.2565471, 27.4367647 ], [ 86.2560458, 27.4397554 ], [ 86.2541143, 27.4409626 ], [ 86.2640551, 27.4569504 ], [ 86.2759808, 27.4641485 ], [ 86.2809368, 27.4645094 ], [ 86.2921667, 27.4704608 ], [ 86.2925388, 27.476504 ], [ 86.2947647, 27.4775816 ], [ 86.2949158, 27.4793553 ], [ 86.3046089, 27.4825103 ], [ 86.3060513, 27.4856784 ], [ 86.3164113, 27.4937277 ], [ 86.3188076, 27.4989788 ], [ 86.3242111, 27.4993815 ], [ 86.3258138, 27.5046887 ], [ 86.3285753, 27.5065403 ], [ 86.3297219, 27.5098681 ], [ 86.3330752, 27.510772 ], [ 86.3336176, 27.5149525 ], [ 86.3381974, 27.5199737 ], [ 86.3451885, 27.5230599 ], [ 86.3547426, 27.5245294 ], [ 86.35534, 27.5262709 ], [ 86.3580283, 27.5241766 ], [ 86.3611512, 27.5255816 ], [ 86.3636735, 27.5215288 ], [ 86.3753416, 27.5154367 ], [ 86.3809068, 27.5166339 ], [ 86.386409, 27.5157208 ], [ 86.3979913, 27.5181303 ], [ 86.4023464, 27.5163609 ], [ 86.4107264, 27.5064965 ], [ 86.4116639, 27.5006468 ], [ 86.414077, 27.498977 ], [ 86.415128, 27.4954952 ], [ 86.4229877, 27.4875837 ], [ 86.4286675, 27.4848229 ], [ 86.4320274, 27.4866846 ], [ 86.4397448, 27.485784 ], [ 86.453627, 27.461661 ], [ 86.4543723, 27.4546334 ], [ 86.4672782, 27.4456988 ], [ 86.4659198, 27.4409148 ], [ 86.4601913, 27.43453 ], [ 86.464478, 27.4285922 ], [ 86.4696749, 27.423048 ], [ 86.473296, 27.421453 ], [ 86.4771073, 27.4229543 ], [ 86.4847865, 27.4225835 ], [ 86.4881838, 27.4269665 ], [ 86.4912044, 27.4276882 ], [ 86.502454, 27.4255515 ], [ 86.5050076, 27.4214316 ], [ 86.5051091, 27.4178602 ], [ 86.5096385, 27.4109043 ], [ 86.524274, 27.4028796 ], [ 86.5263528, 27.398426 ], [ 86.5318715, 27.3969374 ], [ 86.535948, 27.3875918 ], [ 86.5420915, 27.3850738 ], [ 86.5478523, 27.3784838 ], [ 86.556287, 27.3736191 ], [ 86.5642976, 27.3657066 ], [ 86.5637569, 27.353523 ], [ 86.5665393, 27.3462234 ], [ 86.5706292, 27.3409043 ], [ 86.5895257, 27.3438402 ], [ 86.5981893, 27.3415414 ], [ 86.6068388, 27.3435741 ], [ 86.6348209, 27.3381965 ], [ 86.6571107, 27.3399204 ], [ 86.6704918, 27.3527551 ], [ 86.6786446, 27.353662 ], [ 86.679919, 27.345946 ], [ 86.677994, 27.3426664 ], [ 86.6804464, 27.3347952 ], [ 86.6833124, 27.3313577 ], [ 86.6831407, 27.3275044 ], [ 86.6805035, 27.3246573 ], [ 86.6833889, 27.3205072 ], [ 86.6824337, 27.315188 ], [ 86.6857749, 27.3117571 ], [ 86.6818981, 27.3063416 ], [ 86.6763912, 27.302223 ], [ 86.6771968, 27.2988558 ], [ 86.6719644, 27.2999106 ], [ 86.6666433, 27.2973373 ], [ 86.6680687, 27.292475 ], [ 86.6714331, 27.2916645 ], [ 86.6728851, 27.2883205 ], [ 86.668414, 27.2838512 ], [ 86.6697155, 27.2805857 ], [ 86.6665739, 27.2777044 ], [ 86.6706436, 27.2731233 ], [ 86.6680598, 27.2686637 ], [ 86.6602292, 27.268919 ], [ 86.6569308, 27.2622969 ], [ 86.6495025, 27.263863 ], [ 86.6430474, 27.2582663 ], [ 86.6340175, 27.2563626 ], [ 86.6299271, 27.2477833 ], [ 86.6223448, 27.247079 ], [ 86.6201336, 27.2447564 ], [ 86.6197985, 27.236456 ], [ 86.6181605, 27.234614 ], [ 86.6141764, 27.2350942 ], [ 86.6117062, 27.2372275 ], [ 86.6067924, 27.2328663 ], [ 86.596894, 27.2345037 ], [ 86.5930007, 27.2273811 ], [ 86.5892438, 27.2239526 ], [ 86.586325, 27.224421 ], [ 86.5828721, 27.2274835 ], [ 86.5760459, 27.2239092 ], [ 86.573257, 27.2272473 ], [ 86.5618003, 27.2233818 ], [ 86.5579667, 27.2268537 ], [ 86.5554965, 27.2264679 ], [ 86.5527165, 27.2218544 ], [ 86.5562287, 27.220717 ], [ 86.5557621, 27.2187602 ], [ 86.5474308, 27.2190201 ], [ 86.5470747, 27.2150368 ], [ 86.5440556, 27.2133598 ], [ 86.5419395, 27.2089189 ], [ 86.5378946, 27.2077975 ], [ 86.5371517, 27.2045146 ], [ 86.5303501, 27.2008399 ], [ 86.5268116, 27.1936662 ], [ 86.5073277, 27.185823 ], [ 86.4910689, 27.1867625 ], [ 86.4827895, 27.1795698 ], [ 86.4732943, 27.1764874 ], [ 86.4710487, 27.1704143 ], [ 86.4657395, 27.166952 ], [ 86.447574, 27.1644733 ], [ 86.4342859, 27.1525811 ], [ 86.4337539, 27.1488773 ], [ 86.4283237, 27.1464345 ], [ 86.4199473, 27.1498712 ], [ 86.4194338, 27.1589818 ], [ 86.41601, 27.1666467 ], [ 86.4119059, 27.1689902 ], [ 86.4020083, 27.1703221 ], [ 86.4002345, 27.1724609 ], [ 86.3999896, 27.1767426 ], [ 86.3838392, 27.1813451 ], [ 86.37892, 27.192698 ], [ 86.3745287, 27.1935283 ], [ 86.3695709, 27.1918792 ], [ 86.3593377, 27.2006548 ], [ 86.3516259, 27.2005833 ], [ 86.3432241, 27.2026201 ], [ 86.3399325, 27.2101767 ], [ 86.3427536, 27.2209615 ], [ 86.3409673, 27.22519 ], [ 86.3419889, 27.2284637 ], [ 86.3333895, 27.2308566 ], [ 86.3284923, 27.2300109 ], [ 86.3147857, 27.2317886 ], [ 86.3091016, 27.2330311 ], [ 86.3044238, 27.2375924 ], [ 86.2948438, 27.2379243 ], [ 86.2878947, 27.2454439 ], [ 86.2846775, 27.2469581 ], [ 86.2803925, 27.2459607 ], [ 86.2756884, 27.2508638 ], [ 86.2669724, 27.2532376 ], [ 86.2669695, 27.2598821 ], [ 86.2654044, 27.2611685 ], [ 86.2619439, 27.2575395 ], [ 86.2587538, 27.2588373 ], [ 86.2571317, 27.257852 ], [ 86.2522113, 27.2501372 ], [ 86.2425869, 27.2466521 ], [ 86.2388831, 27.2409796 ], [ 86.2303671, 27.2372539 ], [ 86.2197153, 27.2403066 ], [ 86.2133891, 27.2454263 ], [ 86.208685, 27.2467963 ], [ 86.2042562, 27.2503527 ], [ 86.2054179, 27.2528486 ], [ 86.2039463, 27.2530127 ] ] ] } },
{ "type": "Feature", "properties": { "district_id": 9, "name": "कञ्चनपुर जिल्ला" }, "geometry": { "type": "Polygon", "coordinates": [ [ [ 80.0570812, 28.9084811 ], [ 80.0586717, 28.916607 ], [ 80.0963099, 28.9749592 ], [ 80.1003072, 28.985913 ], [ 80.117519, 28.9813091 ], [ 80.1266657, 29.006123 ], [ 80.1352114, 29.0073532 ], [ 80.1362518, 29.0096276 ], [ 80.1248054, 29.0130146 ], [ 80.1313082, 29.0304935 ], [ 80.1264348, 29.0316879 ], [ 80.1268465, 29.0341193 ], [ 80.1359582, 29.0593463 ], [ 80.128938, 29.0627042 ], [ 80.1451573, 29.1046845 ], [ 80.1651016, 29.1166251 ], [ 80.1669085, 29.1222891 ], [ 80.1662259, 29.1250036 ], [ 80.1696822, 29.1271658 ], [ 80.1770075, 29.1277504 ], [ 80.1810843, 29.1354536 ], [ 80.1837525, 29.1373657 ], [ 80.1858672, 29.131912 ], [ 80.1860069, 29.122283 ], [ 80.1876528, 29.1169791 ], [ 80.1866007, 29.1146502 ], [ 80.1884027, 29.112423 ], [ 80.1847818, 29.1077074 ], [ 80.1845966, 29.09604 ], [ 80.1862212, 29.0917452 ], [ 80.1851981, 29.0877033 ], [ 80.186232, 29.0862678 ], [ 80.1906083, 29.0858425 ], [ 80.1974167, 29.0781558 ], [ 80.2049721, 29.0743457 ], [ 80.2039615, 29.0720496 ], [ 80.2101446, 29.0675264 ], [ 80.2117428, 29.0569995 ], [ 80.2225401, 29.0565538 ], [ 80.2248137, 29.0549438 ], [ 80.2216149, 29.0517808 ], [ 80.2278359, 29.0456672 ], [ 80.254517, 29.0530947 ], [ 80.2606146, 29.0506847 ], [ 80.2647944, 29.0521701 ], [ 80.2723725, 29.0463005 ], [ 80.2780928, 29.0505579 ], [ 80.2820597, 29.0485663 ], [ 80.2818338, 29.0531703 ], [ 80.2836755, 29.0556361 ], [ 80.2897563, 29.0551111 ], [ 80.3001076, 29.0588167 ], [ 80.3020735, 29.0576778 ], [ 80.3078725, 29.0584669 ], [ 80.3106231, 29.0563168 ], [ 80.3129977, 29.05806 ], [ 80.3149321, 29.0546081 ], [ 80.3251195, 29.0515317 ], [ 80.3274, 29.0532052 ], [ 80.3347437, 29.0516669 ], [ 80.3411756, 29.0544252 ], [ 80.3479714, 29.0542484 ], [ 80.3533715, 29.0496801 ], [ 80.3525598, 29.0477437 ], [ 80.3547025, 29.0450025 ], [ 80.3605267, 29.0484187 ], [ 80.3776464, 29.043592 ], [ 80.3834825, 29.0479369 ], [ 80.3875605, 29.0476282 ], [ 80.3918211, 29.0415057 ], [ 80.3968952, 29.0379819 ], [ 80.4044441, 29.0364432 ], [ 80.410076, 29.0320518 ], [ 80.4146485, 29.032277 ], [ 80.4189618, 29.026588 ], [ 80.4261024, 29.0265904 ], [ 80.4401084, 29.0318491 ], [ 80.4438621, 29.0347504 ], [ 80.4492471, 29.0340609 ], [ 80.4596814, 29.0372722 ], [ 80.4615039, 29.0312495 ], [ 80.4683306, 29.0296384 ], [ 80.4695051, 29.0272183 ], [ 80.4683326, 29.0234203 ], [ 80.4701471, 29.0213358 ], [ 80.4686759, 29.0190903 ], [ 80.478252, 29.0183886 ], [ 80.4749363, 29.009837 ], [ 80.4765849, 29.0077027 ], [ 80.4749875, 29.0046937 ], [ 80.4724142, 29.0038602 ], [ 80.4730683, 28.9992523 ], [ 80.4715816, 28.997181 ], [ 80.4750267, 28.9944363 ], [ 80.480018, 28.994081 ], [ 80.4819135, 28.9973721 ], [ 80.4847962, 28.9983742 ], [ 80.4829011, 28.9945315 ], [ 80.4893846, 28.9829306 ], [ 80.4826022, 28.9695556 ], [ 80.4786514, 28.9548008 ], [ 80.4724695, 28.9474623 ], [ 80.4721566, 28.9445684 ], [ 80.4680771, 28.9385753 ], [ 80.47095, 28.9373757 ], [ 80.4734079, 28.9386403 ], [ 80.4810646, 28.9349509 ], [ 80.4871011, 28.9241169 ], [ 80.4888398, 28.9247673 ], [ 80.4932539, 28.9214642 ], [ 80.5043607, 28.9245032 ], [ 80.5102476, 28.9218427 ], [ 80.5103485, 28.9187691 ], [ 80.5024853, 28.9111125 ], [ 80.5027802, 28.9008589 ], [ 80.506943, 28.895902 ], [ 80.502963, 28.8874444 ], [ 80.5046904, 28.8795426 ], [ 80.5010734, 28.8788256 ], [ 80.4952512, 28.8734192 ], [ 80.4958583, 28.8683244 ], [ 80.5014829, 28.8685819 ], [ 80.500975, 28.8635427 ], [ 80.4972312, 28.8601555 ], [ 80.498474, 28.8580182 ], [ 80.4963066, 28.8575551 ], [ 80.4960162, 28.8537389 ], [ 80.4989782, 28.8526947 ], [ 80.4999488, 28.8479034 ], [ 80.5027981, 28.8465755 ], [ 80.5021611, 28.8434332 ], [ 80.5039816, 28.8400856 ], [ 80.5057279, 28.8425241 ], [ 80.5080914, 28.8393406 ], [ 80.5044691, 28.837409 ], [ 80.5079733, 28.8357382 ], [ 80.5062464, 28.832412 ], [ 80.5121065, 28.8312447 ], [ 80.5151506, 28.8350674 ], [ 80.518467, 28.8310571 ], [ 80.5176666, 28.8273358 ], [ 80.5139818, 28.8241585 ], [ 80.5181815, 28.8197636 ], [ 80.5112035, 28.8172359 ], [ 80.5107054, 28.8149733 ], [ 80.5169924, 28.8104242 ], [ 80.5200842, 28.8110966 ], [ 80.5265772, 28.8053744 ], [ 80.530981, 28.7996934 ], [ 80.530493, 28.7968815 ], [ 80.5355086, 28.7949978 ], [ 80.5388212, 28.7957986 ], [ 80.5368776, 28.7916024 ], [ 80.5446662, 28.7860545 ], [ 80.5499614, 28.773552 ], [ 80.5455603, 28.7701092 ], [ 80.5360979, 28.7713739 ], [ 80.5343717, 28.7694109 ], [ 80.5402372, 28.7621941 ], [ 80.5436366, 28.7520223 ], [ 80.5485094, 28.7502344 ], [ 80.5553415, 28.7547799 ], [ 80.5572489, 28.7539742 ], [ 80.552161, 28.7490684 ], [ 80.5516846, 28.7456699 ], [ 80.5455273, 28.7411482 ], [ 80.5380092, 28.7392731 ], [ 80.5376555, 28.7377742 ], [ 80.5426168, 28.7346316 ], [ 80.5502796, 28.7333981 ], [ 80.5549729, 28.725596 ], [ 80.5558709, 28.7198148 ], [ 80.5497707, 28.7181285 ], [ 80.5501572, 28.711756 ], [ 80.5485329, 28.7101111 ], [ 80.545768, 28.710339 ], [ 80.5416068, 28.7159075 ], [ 80.5373996, 28.7159438 ], [ 80.5380151, 28.7118957 ], [ 80.5423705, 28.706353 ], [ 80.5406405, 28.7022673 ], [ 80.543502, 28.6963213 ], [ 80.5500236, 28.6950063 ], [ 80.5530822, 28.6916125 ], [ 80.5396515, 28.6907478 ], [ 80.5064196, 28.6712922 ], [ 80.5035898, 28.6648644 ], [ 80.5110206, 28.6268992 ], [ 80.5171919, 28.607816 ], [ 80.5215763, 28.5768249 ], [ 80.5256287, 28.573299 ], [ 80.529799, 28.574934 ], [ 80.5307159, 28.572464 ], [ 80.5227197, 28.5527057 ], [ 80.5184017, 28.5507014 ], [ 80.5062307, 28.568937 ], [ 80.4986183, 28.5701778 ], [ 80.499113, 28.5726069 ], [ 80.4948803, 28.576369 ], [ 80.4811354, 28.5856858 ], [ 80.4705074, 28.5829168 ], [ 80.4695805, 28.5839184 ], [ 80.4712138, 28.5850879 ], [ 80.4721359, 28.5914066 ], [ 80.469167, 28.595 ], [ 80.4607964, 28.6141625 ], [ 80.463419, 28.61537 ], [ 80.4632972, 28.6171021 ], [ 80.4603497, 28.6181927 ], [ 80.4620549, 28.6202455 ], [ 80.4564762, 28.6233797 ], [ 80.4515031, 28.6290034 ], [ 80.4425978, 28.6286896 ], [ 80.4372871, 28.6357066 ], [ 80.4150391, 28.6394494 ], [ 80.3858702, 28.6295591 ], [ 80.3833267, 28.6308523 ], [ 80.3768728, 28.6287924 ], [ 80.3733112, 28.6308468 ], [ 80.3714004, 28.6290807 ], [ 80.371043, 28.6332823 ], [ 80.3692511, 28.6347907 ], [ 80.3656567, 28.6360863 ], [ 80.3630915, 28.6344762 ], [ 80.3605804, 28.6360729 ], [ 80.3569008, 28.6415598 ], [ 80.3608182, 28.6449835 ], [ 80.3602665, 28.6460887 ], [ 80.3558109, 28.6467297 ], [ 80.3533445, 28.6502099 ], [ 80.3454534, 28.6554074 ], [ 80.325743, 28.6664896 ], [ 80.3253747, 28.6707952 ], [ 80.3209168, 28.6809994 ], [ 80.3225773, 28.6870064 ], [ 80.3207432, 28.6941691 ], [ 80.3159091, 28.7005622 ], [ 80.3072524, 28.7049233 ], [ 80.2987686, 28.7065427 ], [ 80.2934008, 28.7113695 ], [ 80.2808, 28.7096698 ], [ 80.2751723, 28.7110371 ], [ 80.2671742, 28.7207093 ], [ 80.256259, 28.7293212 ], [ 80.2634901, 28.7353157 ], [ 80.2649698, 28.7435799 ], [ 80.2591895, 28.7517094 ], [ 80.2505879, 28.7577885 ], [ 80.2443663, 28.7552529 ], [ 80.2346053, 28.7587915 ], [ 80.2159235, 28.7554264 ], [ 80.1696957, 28.7837084 ], [ 80.1578061, 28.7951185 ], [ 80.1518794, 28.7977065 ], [ 80.1455894, 28.8074563 ], [ 80.1180415, 28.8289048 ], [ 80.0747654, 28.8244192 ], [ 80.0648132, 28.8375628 ], [ 80.0598003, 28.8999176 ], [ 80.0570812, 28.9084811 ] ] ] } },
{ "type": "Feature", "properties": { "district_id": 10, "name": "कपिलवस्तु" }, "geometry": { "type": "Polygon", "coordinates": [ [ [ 82.6961831, 27.7561735 ], [ 82.7000571, 27.759066 ], [ 82.7096778, 27.7603185 ], [ 82.7120882, 27.7580136 ], [ 82.7245498, 27.7590531 ], [ 82.7238054, 27.7621442 ], [ 82.7254843, 27.764254 ], [ 82.7311319, 27.7669106 ], [ 82.7311552, 27.7748056 ], [ 82.7372998, 27.7768461 ], [ 82.7823974, 27.7779258 ], [ 82.7833819, 27.7698782 ], [ 82.7863115, 27.7725759 ], [ 82.7918353, 27.7727186 ], [ 82.7994114, 27.776127 ], [ 82.801209, 27.7753885 ], [ 82.8035418, 27.7766193 ], [ 82.8053823, 27.7818831 ], [ 82.8029059, 27.7880673 ], [ 82.8056985, 27.7922261 ], [ 82.8034295, 27.7947772 ], [ 82.8057891, 27.7951267 ], [ 82.8130185, 27.7932433 ], [ 82.8164427, 27.796121 ], [ 82.8266297, 27.7919559 ], [ 82.828941, 27.7936977 ], [ 82.83305, 27.7910471 ], [ 82.8414393, 27.7902898 ], [ 82.844376, 27.7934145 ], [ 82.8605384, 27.7904233 ], [ 82.865942, 27.7931573 ], [ 82.8724282, 27.7922588 ], [ 82.8774788, 27.7935462 ], [ 82.8893779, 27.7913501 ], [ 82.89627, 27.7934908 ], [ 82.9025073, 27.7926722 ], [ 82.9066108, 27.7884905 ], [ 82.9138872, 27.7888881 ], [ 82.9182745, 27.7851393 ], [ 82.9203718, 27.7847607 ], [ 82.9225547, 27.7873356 ], [ 82.9253582, 27.7876385 ], [ 82.9290984, 27.7843637 ], [ 82.9350744, 27.7854801 ], [ 82.9429286, 27.7906489 ], [ 82.9501408, 27.792031 ], [ 82.9529015, 27.7901188 ], [ 82.958744, 27.7929397 ], [ 82.9606865, 27.7959695 ], [ 82.968503, 27.7928261 ], [ 82.9735322, 27.7947383 ], [ 82.9956182, 27.7928072 ], [ 83.0039708, 27.7983441 ], [ 83.0108724, 27.8117109 ], [ 83.0196246, 27.8206016 ], [ 83.0197976, 27.8168207 ], [ 83.0165762, 27.8100029 ], [ 83.0213674, 27.8086146 ], [ 83.0204566, 27.8042046 ], [ 83.0231435, 27.7972809 ], [ 83.0278748, 27.7969709 ], [ 83.03318, 27.7936351 ], [ 83.03318, 27.7839886 ], [ 83.0436463, 27.774952 ], [ 83.0468882, 27.7737891 ], [ 83.0482024, 27.7698095 ], [ 83.0502278, 27.7686585 ], [ 83.0495459, 27.7634006 ], [ 83.0513566, 27.7625477 ], [ 83.0524956, 27.7568103 ], [ 83.058512, 27.7642017 ], [ 83.0617617, 27.7635967 ], [ 83.0605272, 27.7602735 ], [ 83.066243, 27.7579221 ], [ 83.0678286, 27.7628837 ], [ 83.0663876, 27.7643276 ], [ 83.0716253, 27.7655197 ], [ 83.0742816, 27.7645588 ], [ 83.0775128, 27.7677209 ], [ 83.0834385, 27.7697854 ], [ 83.0859113, 27.7747087 ], [ 83.08951, 27.7714985 ], [ 83.0905839, 27.7778252 ], [ 83.0893521, 27.7820885 ], [ 83.0936816, 27.7828316 ], [ 83.0998097, 27.7694613 ], [ 83.1036544, 27.768507 ], [ 83.1084321, 27.7704435 ], [ 83.1143424, 27.7661506 ], [ 83.1194579, 27.7653172 ], [ 83.1216305, 27.7617357 ], [ 83.1269199, 27.7689057 ], [ 83.1370984, 27.7646931 ], [ 83.1420842, 27.7609185 ], [ 83.1739765, 27.7570148 ], [ 83.1779146, 27.7586386 ], [ 83.1863622, 27.7537052 ], [ 83.2012312, 27.7601381 ], [ 83.2124817, 27.7594845 ], [ 83.2107924, 27.7532423 ], [ 83.2178621, 27.7360628 ], [ 83.2166685, 27.733772 ], [ 83.2180905, 27.7306863 ], [ 83.2151089, 27.726423 ], [ 83.2226576, 27.7152146 ], [ 83.2214494, 27.7140307 ], [ 83.2217896, 27.7034692 ], [ 83.2248042, 27.7029603 ], [ 83.2236077, 27.7001043 ], [ 83.2267045, 27.6989826 ], [ 83.2261415, 27.6941322 ], [ 83.2289919, 27.6948489 ], [ 83.2270564, 27.6904969 ], [ 83.2281591, 27.6863006 ], [ 83.2266459, 27.6856255 ], [ 83.2271151, 27.6817717 ], [ 83.2259303, 27.6810654 ], [ 83.2281825, 27.6795696 ], [ 83.2284406, 27.6773466 ], [ 83.226857, 27.6760065 ], [ 83.2274318, 27.6735756 ], [ 83.2254377, 27.6721628 ], [ 83.2280652, 27.6697734 ], [ 83.2276664, 27.6667815 ], [ 83.2259421, 27.6663347 ], [ 83.2235621, 27.6610584 ], [ 83.2245745, 27.6489885 ], [ 83.2204938, 27.6456494 ], [ 83.2228329, 27.642681 ], [ 83.2214145, 27.6396169 ], [ 83.2260179, 27.6349582 ], [ 83.2280003, 27.6272055 ], [ 83.2303145, 27.6254859 ], [ 83.2294947, 27.6151809 ], [ 83.2312366, 27.6093913 ], [ 83.2290152, 27.6040525 ], [ 83.2247849, 27.5991347 ], [ 83.2228992, 27.5994679 ], [ 83.2240494, 27.5973199 ], [ 83.2216906, 27.596243 ], [ 83.2195722, 27.5921023 ], [ 83.2191758, 27.5863028 ], [ 83.216869, 27.5847305 ], [ 83.2143152, 27.5852028 ], [ 83.2116445, 27.5752788 ], [ 83.2059327, 27.571097 ], [ 83.2057572, 27.5699622 ], [ 83.2094936, 27.5686489 ], [ 83.2089608, 27.5643632 ], [ 83.2042469, 27.5601403 ], [ 83.2054751, 27.5567817 ], [ 83.2087371, 27.5562171 ], [ 83.2121639, 27.5492662 ], [ 83.2154519, 27.5504934 ], [ 83.2143083, 27.5478201 ], [ 83.2161147, 27.5480506 ], [ 83.2167645, 27.5451468 ], [ 83.2182851, 27.5447493 ], [ 83.2166606, 27.5409466 ], [ 83.220449, 27.5381233 ], [ 83.2210793, 27.5345854 ], [ 83.2228403, 27.5337326 ], [ 83.2244128, 27.5349715 ], [ 83.2233666, 27.5311339 ], [ 83.2248157, 27.5310475 ], [ 83.2236266, 27.5300679 ], [ 83.2248417, 27.5287368 ], [ 83.2235681, 27.5278263 ], [ 83.2280196, 27.525129 ], [ 83.2276462, 27.5222045 ], [ 83.2304648, 27.5218255 ], [ 83.2316305, 27.5183241 ], [ 83.229034, 27.51858 ], [ 83.2322924, 27.5161117 ], [ 83.2312402, 27.5142604 ], [ 83.2329203, 27.5140798 ], [ 83.2291189, 27.5081646 ], [ 83.2311214, 27.5059219 ], [ 83.2293225, 27.5067949 ], [ 83.2263018, 27.50538 ], [ 83.2298399, 27.5008832 ], [ 83.2277219, 27.4968278 ], [ 83.225886, 27.4967 ], [ 83.2279199, 27.4952098 ], [ 83.224308, 27.4953535 ], [ 83.224134, 27.4922559 ], [ 83.221044, 27.4914321 ], [ 83.2227665, 27.4896256 ], [ 83.2215276, 27.4886321 ], [ 83.2228428, 27.4856813 ], [ 83.2197033, 27.4831747 ], [ 83.2212137, 27.4812325 ], [ 83.218719, 27.4795839 ], [ 83.2218161, 27.4793732 ], [ 83.2205264, 27.4736293 ], [ 83.2247266, 27.4719806 ], [ 83.2232926, 27.4685024 ], [ 83.2273824, 27.4690143 ], [ 83.2224356, 27.4545736 ], [ 83.2177942, 27.4532785 ], [ 83.2189651, 27.450884 ], [ 83.2172808, 27.4496717 ], [ 83.2180148, 27.4451876 ], [ 83.2167335, 27.4437945 ], [ 83.219907, 27.4407748 ], [ 83.218746, 27.4399772 ], [ 83.220126, 27.4378033 ], [ 83.2211805, 27.4391678 ], [ 83.2282812, 27.4354908 ], [ 83.2282433, 27.433966 ], [ 83.2294845, 27.435202 ], [ 83.2307938, 27.4298215 ], [ 83.2281676, 27.4297745 ], [ 83.2263325, 27.4274379 ], [ 83.2255717, 27.4287669 ], [ 83.22526, 27.4256507 ], [ 83.2229963, 27.424684 ], [ 83.2231622, 27.4214705 ], [ 83.220746, 27.4198531 ], [ 83.2216564, 27.4182675 ], [ 83.2197941, 27.4194859 ], [ 83.2170217, 27.4178941 ], [ 83.2111298, 27.423513 ], [ 83.195914, 27.4464153 ], [ 83.1878974, 27.4543758 ], [ 83.166027, 27.4574313 ], [ 83.0788822, 27.4529908 ], [ 83.0346267, 27.4487825 ], [ 83.0188691, 27.4539781 ], [ 82.9662276, 27.4642226 ], [ 82.9541429, 27.4677793 ], [ 82.9446468, 27.4769985 ], [ 82.9396135, 27.4910884 ], [ 82.9293481, 27.5012379 ], [ 82.8659177, 27.498594 ], [ 82.8325636, 27.5019968 ], [ 82.8016622, 27.4964151 ], [ 82.7850479, 27.5000575 ], [ 82.7355705, 27.502349 ], [ 82.7350969, 27.5080887 ], [ 82.7376732, 27.5085486 ], [ 82.736541, 27.509524 ], [ 82.7366975, 27.5178366 ], [ 82.7388745, 27.5185847 ], [ 82.7431289, 27.5165459 ], [ 82.7419351, 27.5208117 ], [ 82.7463966, 27.5207301 ], [ 82.7470836, 27.5193356 ], [ 82.7496849, 27.5225175 ], [ 82.7474835, 27.5228384 ], [ 82.7492662, 27.5246662 ], [ 82.7478982, 27.5269447 ], [ 82.7463452, 27.5256829 ], [ 82.7470484, 27.5276939 ], [ 82.7451641, 27.5285033 ], [ 82.7471155, 27.5314107 ], [ 82.7443145, 27.5296208 ], [ 82.74503, 27.5321732 ], [ 82.7420582, 27.5317153 ], [ 82.7444812, 27.5338585 ], [ 82.7438632, 27.5358105 ], [ 82.7406089, 27.536645 ], [ 82.7432519, 27.5411116 ], [ 82.7411765, 27.5424796 ], [ 82.742634, 27.5430148 ], [ 82.7406968, 27.5444711 ], [ 82.7417741, 27.5462553 ], [ 82.7391216, 27.5450681 ], [ 82.7378125, 27.5463747 ], [ 82.7409347, 27.5499107 ], [ 82.7385219, 27.5502405 ], [ 82.7381886, 27.5518318 ], [ 82.7408026, 27.5517165 ], [ 82.7415624, 27.5537552 ], [ 82.7437615, 27.5528962 ], [ 82.7488613, 27.5560693 ], [ 82.7423845, 27.5604413 ], [ 82.7442351, 27.5626601 ], [ 82.7481552, 27.5627297 ], [ 82.7474821, 27.5738822 ], [ 82.7510003, 27.5763176 ], [ 82.7560426, 27.5924351 ], [ 82.7539471, 27.5944067 ], [ 82.7470558, 27.5935589 ], [ 82.7446629, 27.5951887 ], [ 82.7437477, 27.597865 ], [ 82.7485197, 27.6005992 ], [ 82.7392759, 27.6042792 ], [ 82.7350215, 27.6110081 ], [ 82.738247, 27.6149678 ], [ 82.7324289, 27.6182861 ], [ 82.7363224, 27.6198286 ], [ 82.7404262, 27.6253431 ], [ 82.7361927, 27.625477 ], [ 82.7328289, 27.6295148 ], [ 82.7373761, 27.6296773 ], [ 82.7400159, 27.6318026 ], [ 82.7362777, 27.6329561 ], [ 82.7327644, 27.6305798 ], [ 82.7312069, 27.6315336 ], [ 82.7313241, 27.6331858 ], [ 82.7384698, 27.6374099 ], [ 82.7352809, 27.6418366 ], [ 82.7359811, 27.646083 ], [ 82.7338248, 27.6463563 ], [ 82.7318658, 27.6432246 ], [ 82.7298986, 27.6430237 ], [ 82.7302284, 27.6451227 ], [ 82.7324915, 27.6462406 ], [ 82.7309913, 27.6489554 ], [ 82.7316735, 27.6538482 ], [ 82.7276161, 27.651481 ], [ 82.7273607, 27.6575052 ], [ 82.7246063, 27.6590698 ], [ 82.7196055, 27.6549373 ], [ 82.7182998, 27.6565905 ], [ 82.7222399, 27.6598231 ], [ 82.7216144, 27.6622407 ], [ 82.7123703, 27.6629677 ], [ 82.7184667, 27.6672839 ], [ 82.7128616, 27.669541 ], [ 82.7137919, 27.6777237 ], [ 82.7174606, 27.6772122 ], [ 82.7192943, 27.6786587 ], [ 82.7175389, 27.6805526 ], [ 82.7184987, 27.6856867 ], [ 82.7158514, 27.6872305 ], [ 82.7181373, 27.6894353 ], [ 82.7081057, 27.6958789 ], [ 82.708211, 27.6992028 ], [ 82.7043357, 27.7039206 ], [ 82.70883, 27.7204258 ], [ 82.7072933, 27.7333028 ], [ 82.7038488, 27.7388842 ], [ 82.7035919, 27.7432785 ], [ 82.7008402, 27.7463908 ], [ 82.7021795, 27.7503243 ], [ 82.6961831, 27.7561735 ] ] ] } },
{ "type": "Feature", "properties": { "district_id": 11, "name": "काठमाडौं जिल्ला" }, "geometry": { "type": "Polygon", "coordinates": [ [ [ 85.1882351, 27.6814357 ], [ 85.1914959, 27.6852789 ], [ 85.1918243, 27.6897451 ], [ 85.1944611, 27.6942589 ], [ 85.1926376, 27.6978494 ], [ 85.1971724, 27.7067729 ], [ 85.1958937, 27.7092031 ], [ 85.2005518, 27.7075505 ], [ 85.1994238, 27.7116666 ], [ 85.2014232, 27.7134612 ], [ 85.1980099, 27.7169398 ], [ 85.2006842, 27.7174693 ], [ 85.2023263, 27.7208751 ], [ 85.2070299, 27.719411 ], [ 85.2080269, 27.7233152 ], [ 85.2120706, 27.7217851 ], [ 85.2177946, 27.7225638 ], [ 85.2221932, 27.7282951 ], [ 85.2212314, 27.7321574 ], [ 85.2146042, 27.7376598 ], [ 85.2215715, 27.7364244 ], [ 85.22875, 27.740359 ], [ 85.2345997, 27.7412926 ], [ 85.2378302, 27.7458398 ], [ 85.2472025, 27.7450177 ], [ 85.2518323, 27.7483593 ], [ 85.2534396, 27.748541 ], [ 85.2552145, 27.7454287 ], [ 85.2674897, 27.7460747 ], [ 85.2694803, 27.7484823 ], [ 85.2693974, 27.756292 ], [ 85.2709567, 27.7602994 ], [ 85.263774, 27.7667873 ], [ 85.2640228, 27.7711172 ], [ 85.259301, 27.7722067 ], [ 85.2579573, 27.7741881 ], [ 85.2549383, 27.7738505 ], [ 85.2516579, 27.7751757 ], [ 85.2570969, 27.7807633 ], [ 85.2619519, 27.7793301 ], [ 85.2678075, 27.781649 ], [ 85.2839899, 27.8007604 ], [ 85.2915644, 27.8054296 ], [ 85.2918219, 27.8091307 ], [ 85.2986669, 27.812433 ], [ 85.3050184, 27.810649 ], [ 85.3100558, 27.8137924 ], [ 85.3330799, 27.8153557 ], [ 85.3397846, 27.8128211 ], [ 85.344732, 27.8087321 ], [ 85.36178, 27.8141313 ], [ 85.3709647, 27.8092423 ], [ 85.3863905, 27.8128516 ], [ 85.3920917, 27.8175019 ], [ 85.4118054, 27.8099985 ], [ 85.4213064, 27.8098947 ], [ 85.4313068, 27.8131964 ], [ 85.4354285, 27.8109076 ], [ 85.4389856, 27.8134704 ], [ 85.4476186, 27.815483 ], [ 85.4501991, 27.8179106 ], [ 85.4531776, 27.8093616 ], [ 85.4633972, 27.8041903 ], [ 85.4678218, 27.7975244 ], [ 85.4688091, 27.7863054 ], [ 85.4677065, 27.7849564 ], [ 85.4731744, 27.7781419 ], [ 85.4815844, 27.7811428 ], [ 85.4891327, 27.7803041 ], [ 85.4967039, 27.7862968 ], [ 85.5017595, 27.7847489 ], [ 85.5059233, 27.7864801 ], [ 85.5151193, 27.7867707 ], [ 85.5232825, 27.7906197 ], [ 85.5292708, 27.7903996 ], [ 85.531477, 27.7925861 ], [ 85.5401634, 27.7862831 ], [ 85.5508794, 27.7812493 ], [ 85.5590847, 27.7677579 ], [ 85.5654756, 27.7645086 ], [ 85.5659596, 27.760808 ], [ 85.5639465, 27.7550931 ], [ 85.5600125, 27.7576576 ], [ 85.5510615, 27.7576521 ], [ 85.5381544, 27.7549191 ], [ 85.5373746, 27.7508536 ], [ 85.5256216, 27.7374412 ], [ 85.5235067, 27.7297493 ], [ 85.5248089, 27.7254717 ], [ 85.5201616, 27.7283925 ], [ 85.5157703, 27.7282146 ], [ 85.503854, 27.7241086 ], [ 85.4973257, 27.7235931 ], [ 85.486305, 27.7187486 ], [ 85.4794541, 27.7187193 ], [ 85.4752573, 27.7160026 ], [ 85.4697138, 27.7174815 ], [ 85.4686096, 27.7207369 ], [ 85.4634955, 27.7191378 ], [ 85.4588741, 27.7207369 ], [ 85.4567717, 27.7197584 ], [ 85.4533495, 27.7218972 ], [ 85.4509353, 27.7215651 ], [ 85.4458243, 27.7255008 ], [ 85.438673, 27.7248881 ], [ 85.4366905, 27.7280497 ], [ 85.4232116, 27.7241169 ], [ 85.4225637, 27.7222313 ], [ 85.4183603, 27.7206493 ], [ 85.4112489, 27.7143823 ], [ 85.4122737, 27.7122897 ], [ 85.3988938, 27.705653 ], [ 85.3962157, 27.7019921 ], [ 85.3923796, 27.703446 ], [ 85.3900963, 27.6981151 ], [ 85.3911555, 27.6965071 ], [ 85.3759969, 27.6931901 ], [ 85.3662201, 27.6876592 ], [ 85.3614874, 27.6825941 ], [ 85.3556069, 27.6809228 ], [ 85.3554926, 27.6757196 ], [ 85.3517941, 27.6679494 ], [ 85.3477889, 27.66882 ], [ 85.3308588, 27.6796019 ], [ 85.3264146, 27.686279 ], [ 85.3218888, 27.6867028 ], [ 85.3083131, 27.6929791 ], [ 85.3032522, 27.6922256 ], [ 85.2991705, 27.6837303 ], [ 85.2986991, 27.678053 ], [ 85.2918262, 27.6722926 ], [ 85.2929957, 27.6694414 ], [ 85.2977866, 27.6678866 ], [ 85.2963934, 27.6647669 ], [ 85.2970731, 27.6607927 ], [ 85.2943735, 27.6599776 ], [ 85.2932367, 27.6558821 ], [ 85.2871885, 27.6504277 ], [ 85.2874552, 27.6444978 ], [ 85.2831805, 27.6453089 ], [ 85.2823595, 27.6441981 ], [ 85.2857557, 27.6382782 ], [ 85.2929741, 27.633944 ], [ 85.294983, 27.6266815 ], [ 85.2926908, 27.6257086 ], [ 85.2934658, 27.6216601 ], [ 85.2917307, 27.6187334 ], [ 85.2939216, 27.6126353 ], [ 85.290105, 27.611481 ], [ 85.2943936, 27.608072 ], [ 85.2945224, 27.6037746 ], [ 85.2912351, 27.6014395 ], [ 85.2916958, 27.5969921 ], [ 85.2879134, 27.5979938 ], [ 85.2854243, 27.5933157 ], [ 85.283535, 27.5959435 ], [ 85.2799482, 27.5956028 ], [ 85.2816128, 27.5917165 ], [ 85.2794229, 27.5888272 ], [ 85.2841249, 27.5874364 ], [ 85.2848644, 27.5856202 ], [ 85.2804434, 27.5850717 ], [ 85.2766669, 27.5824852 ], [ 85.2680121, 27.5737091 ], [ 85.2664273, 27.5701754 ], [ 85.26293, 27.5706433 ], [ 85.2592235, 27.5774639 ], [ 85.2532883, 27.5787115 ], [ 85.2433886, 27.5776719 ], [ 85.2401277, 27.580375 ], [ 85.2392597, 27.5886712 ], [ 85.2429897, 27.5943056 ], [ 85.2415118, 27.598235 ], [ 85.2377818, 27.6012911 ], [ 85.2372188, 27.6167364 ], [ 85.2359051, 27.6200206 ], [ 85.2283278, 27.6254456 ], [ 85.223331, 27.6258821 ], [ 85.2220173, 27.629166 ], [ 85.2275302, 27.6424046 ], [ 85.2328789, 27.6484103 ], [ 85.2315393, 27.6524816 ], [ 85.2266129, 27.6553699 ], [ 85.2220853, 27.6543725 ], [ 85.2097544, 27.6649441 ], [ 85.2054762, 27.6665692 ], [ 85.2020981, 27.6711816 ], [ 85.1969682, 27.6729855 ], [ 85.1908612, 27.6777467 ], [ 85.1882351, 27.6814357 ] ] ] } },
{ "type": "Feature", "properties": { "district_id": 12, "name": "काभ्रेपलाञ्चोक जिल्ला" }, "geometry": { "type": "Polygon", "coordinates": [ [ [ 85.3867128, 27.5632878 ], [ 85.3907043, 27.5661992 ], [ 85.3930243, 27.5661278 ], [ 85.4019156, 27.5746159 ], [ 85.4027322, 27.5823154 ], [ 85.4057572, 27.586902 ], [ 85.4041953, 27.5884954 ], [ 85.4054988, 27.592768 ], [ 85.4030042, 27.59471 ], [ 85.4045377, 27.5960814 ], [ 85.4044673, 27.600235 ], [ 85.4024715, 27.6026452 ], [ 85.4114032, 27.6034799 ], [ 85.4128614, 27.6073438 ], [ 85.4168536, 27.6069549 ], [ 85.4149424, 27.5987125 ], [ 85.4222615, 27.5929663 ], [ 85.4257157, 27.5940077 ], [ 85.4283347, 27.5973325 ], [ 85.4254184, 27.6006446 ], [ 85.4266359, 27.6036932 ], [ 85.4328083, 27.600883 ], [ 85.4325818, 27.6041072 ], [ 85.4355972, 27.6067667 ], [ 85.4354698, 27.6091754 ], [ 85.4289293, 27.6161876 ], [ 85.4205768, 27.6172915 ], [ 85.419966, 27.6206855 ], [ 85.4258079, 27.6218005 ], [ 85.428318, 27.6250829 ], [ 85.4335358, 27.6233029 ], [ 85.4379979, 27.6241167 ], [ 85.4394582, 27.6276741 ], [ 85.4477608, 27.629481 ], [ 85.4535684, 27.6363613 ], [ 85.4606703, 27.6252711 ], [ 85.4637359, 27.6256031 ], [ 85.4698159, 27.6345658 ], [ 85.4775303, 27.6418384 ], [ 85.4767002, 27.6448352 ], [ 85.4780473, 27.6451371 ], [ 85.4800111, 27.6422303 ], [ 85.4842582, 27.6469374 ], [ 85.4928052, 27.6524375 ], [ 85.4906702, 27.6558254 ], [ 85.4913765, 27.6601994 ], [ 85.4941892, 27.6630047 ], [ 85.4960775, 27.6738492 ], [ 85.498524, 27.6749257 ], [ 85.5017423, 27.6810579 ], [ 85.5030137, 27.6894896 ], [ 85.5059118, 27.6926828 ], [ 85.5189474, 27.6925308 ], [ 85.5214405, 27.6947383 ], [ 85.5205945, 27.6988576 ], [ 85.522514, 27.7030105 ], [ 85.5200673, 27.7103825 ], [ 85.5212154, 27.7145263 ], [ 85.5191461, 27.7184011 ], [ 85.5251155, 27.7256225 ], [ 85.5235067, 27.7297493 ], [ 85.5256216, 27.7374412 ], [ 85.5373746, 27.7508536 ], [ 85.5381544, 27.7549191 ], [ 85.5444767, 27.7565487 ], [ 85.5498782, 27.7570599 ], [ 85.5493324, 27.754645 ], [ 85.5539614, 27.7492885 ], [ 85.5616501, 27.7489401 ], [ 85.5672758, 27.7449132 ], [ 85.5724397, 27.7459275 ], [ 85.5738168, 27.7491676 ], [ 85.5801372, 27.7499658 ], [ 85.5883533, 27.7481956 ], [ 85.5954714, 27.7442887 ], [ 85.6037432, 27.7491972 ], [ 85.6104974, 27.7436171 ], [ 85.6127166, 27.7340407 ], [ 85.6144675, 27.7325648 ], [ 85.623605, 27.7302265 ], [ 85.6304652, 27.7269401 ], [ 85.6362007, 27.7215623 ], [ 85.6440215, 27.7184335 ], [ 85.6535076, 27.7207256 ], [ 85.6578346, 27.7143857 ], [ 85.6656712, 27.7125553 ], [ 85.6698866, 27.708842 ], [ 85.6712873, 27.704849 ], [ 85.680564, 27.6991337 ], [ 85.6796019, 27.6954539 ], [ 85.6818817, 27.6921575 ], [ 85.680782, 27.6858256 ], [ 85.6877397, 27.6843293 ], [ 85.6880669, 27.6813793 ], [ 85.686361, 27.6793223 ], [ 85.6940858, 27.6710623 ], [ 85.6942243, 27.6631408 ], [ 85.6986355, 27.6599879 ], [ 85.7008014, 27.65619 ], [ 85.7059788, 27.6534445 ], [ 85.7063988, 27.6417068 ], [ 85.7081155, 27.653387 ], [ 85.7049434, 27.6564875 ], [ 85.7094388, 27.6549769 ], [ 85.7132474, 27.6621592 ], [ 85.715194, 27.6616945 ], [ 85.7205327, 27.6663483 ], [ 85.7227649, 27.6642798 ], [ 85.7201943, 27.6613798 ], [ 85.7245684, 27.6624962 ], [ 85.7255883, 27.6676785 ], [ 85.7312959, 27.6702959 ], [ 85.7311785, 27.6748676 ], [ 85.7345837, 27.6768028 ], [ 85.7374136, 27.6754231 ], [ 85.7456699, 27.6781195 ], [ 85.7477052, 27.6760783 ], [ 85.749794, 27.6765393 ], [ 85.7512725, 27.6733198 ], [ 85.7542382, 27.6749663 ], [ 85.7589479, 27.6736505 ], [ 85.7601693, 27.6717416 ], [ 85.7665476, 27.6716835 ], [ 85.768862, 27.6678667 ], [ 85.7798112, 27.6687982 ], [ 85.7918521, 27.6651385 ], [ 85.8024163, 27.6661145 ], [ 85.812451, 27.6691766 ], [ 85.8185018, 27.6630311 ], [ 85.8217361, 27.6557762 ], [ 85.8157548, 27.648197 ], [ 85.8172532, 27.6442077 ], [ 85.8235645, 27.6421204 ], [ 85.8423371, 27.6265616 ], [ 85.8500173, 27.6274368 ], [ 85.8569991, 27.6327984 ], [ 85.8646846, 27.6282141 ], [ 85.8668555, 27.6291501 ], [ 85.8684388, 27.6251969 ], [ 85.8711727, 27.6235753 ], [ 85.8718066, 27.6201216 ], [ 85.8755691, 27.6198957 ], [ 85.8751738, 27.6164599 ], [ 85.879097, 27.6170863 ], [ 85.8810653, 27.6144824 ], [ 85.8762841, 27.6123344 ], [ 85.8742005, 27.6129623 ], [ 85.8734071, 27.6106974 ], [ 85.8705906, 27.6092268 ], [ 85.8687562, 27.6030173 ], [ 85.8619938, 27.5932177 ], [ 85.8570956, 27.5928916 ], [ 85.855092, 27.5911501 ], [ 85.8529839, 27.5919431 ], [ 85.850628, 27.5888602 ], [ 85.8512427, 27.5871509 ], [ 85.8463881, 27.5853756 ], [ 85.8467575, 27.5825525 ], [ 85.8452922, 27.5814247 ], [ 85.8469247, 27.5787614 ], [ 85.8412584, 27.5759066 ], [ 85.8395234, 27.5773521 ], [ 85.8374629, 27.5749665 ], [ 85.8322239, 27.5771567 ], [ 85.8295825, 27.5743018 ], [ 85.8279746, 27.5765548 ], [ 85.8263296, 27.5755352 ], [ 85.8273561, 27.5734137 ], [ 85.8240723, 27.5712758 ], [ 85.8229659, 27.567125 ], [ 85.8286369, 27.5466746 ], [ 85.8273258, 27.5421289 ], [ 85.8247099, 27.5395846 ], [ 85.8245553, 27.5357954 ], [ 85.8190142, 27.5295602 ], [ 85.8194471, 27.5255897 ], [ 85.8157117, 27.5243722 ], [ 85.8182782, 27.5224965 ], [ 85.8191255, 27.518065 ], [ 85.8084613, 27.509622 ], [ 85.8048249, 27.5111084 ], [ 85.8048435, 27.5076693 ], [ 85.8005145, 27.5067588 ], [ 85.7976585, 27.4999927 ], [ 85.8016831, 27.4974317 ], [ 85.8032582, 27.4900033 ], [ 85.8088611, 27.4838497 ], [ 85.8067422, 27.479379 ], [ 85.8140212, 27.4727983 ], [ 85.8130553, 27.4687125 ], [ 85.8142498, 27.4631605 ], [ 85.8094693, 27.4625741 ], [ 85.8090703, 27.4552353 ], [ 85.8142629, 27.451913 ], [ 85.8209081, 27.4513351 ], [ 85.8134164, 27.4454194 ], [ 85.8093676, 27.4457786 ], [ 85.8085924, 27.4419916 ], [ 85.8047649, 27.4413702 ], [ 85.8021202, 27.4387088 ], [ 85.7990639, 27.4384924 ], [ 85.7918796, 27.4430507 ], [ 85.7860942, 27.4380617 ], [ 85.7841905, 27.4327878 ], [ 85.7850761, 27.4287971 ], [ 85.7831383, 27.4265378 ], [ 85.7842831, 27.4211715 ], [ 85.7793832, 27.4189763 ], [ 85.773426, 27.3988346 ], [ 85.7592077, 27.4005363 ], [ 85.7537842, 27.4043662 ], [ 85.7479262, 27.4049186 ], [ 85.7438594, 27.4083076 ], [ 85.7387423, 27.4095476 ], [ 85.7346748, 27.4081652 ], [ 85.7283177, 27.4119943 ], [ 85.7158838, 27.4079728 ], [ 85.7122032, 27.403845 ], [ 85.711843, 27.3970632 ], [ 85.7028929, 27.3887993 ], [ 85.6965662, 27.3727615 ], [ 85.6976662, 27.3680951 ], [ 85.695044, 27.3643526 ], [ 85.7041812, 27.3577753 ], [ 85.7054569, 27.3506364 ], [ 85.7040548, 27.3459127 ], [ 85.7005146, 27.3438966 ], [ 85.699124, 27.3407622 ], [ 85.6890018, 27.3368846 ], [ 85.6848683, 27.3398651 ], [ 85.6846427, 27.3415851 ], [ 85.6807044, 27.3427248 ], [ 85.6796799, 27.3451209 ], [ 85.6748205, 27.3433259 ], [ 85.6724706, 27.3443862 ], [ 85.6712863, 27.3435388 ], [ 85.6720994, 27.3411843 ], [ 85.6624463, 27.337473 ], [ 85.6604959, 27.3342375 ], [ 85.6510966, 27.3336948 ], [ 85.6460868, 27.340028 ], [ 85.6419558, 27.3423491 ], [ 85.6434409, 27.3459016 ], [ 85.6396013, 27.3461353 ], [ 85.6391313, 27.3477508 ], [ 85.6415611, 27.3474962 ], [ 85.6418054, 27.3498672 ], [ 85.6391266, 27.3485482 ], [ 85.638088, 27.3522007 ], [ 85.6358933, 27.3534279 ], [ 85.6334072, 27.3528727 ], [ 85.63485, 27.3506771 ], [ 85.6311889, 27.3473918 ], [ 85.622988, 27.3447745 ], [ 85.6145287, 27.3447953 ], [ 85.6117982, 27.3426997 ], [ 85.6059941, 27.3441525 ], [ 85.5994851, 27.3430379 ], [ 85.5977603, 27.344812 ], [ 85.5927129, 27.3434428 ], [ 85.587078, 27.3451794 ], [ 85.5859595, 27.3438185 ], [ 85.5778197, 27.3445741 ], [ 85.5772652, 27.3418356 ], [ 85.5694966, 27.3403536 ], [ 85.5649662, 27.3408211 ], [ 85.5665265, 27.3430838 ], [ 85.5643928, 27.3447578 ], [ 85.5625505, 27.3432842 ], [ 85.5631145, 27.3406625 ], [ 85.5585276, 27.3393433 ], [ 85.5550029, 27.3425369 ], [ 85.5554823, 27.3461437 ], [ 85.5535977, 27.3463357 ], [ 85.5499978, 27.3432382 ], [ 85.5488229, 27.3471456 ], [ 85.5400298, 27.3493914 ], [ 85.5395505, 27.3539538 ], [ 85.536021, 27.3543838 ], [ 85.5333234, 27.3569842 ], [ 85.5275523, 27.3545048 ], [ 85.5232521, 27.3500718 ], [ 85.5132512, 27.3509651 ], [ 85.50357, 27.357339 ], [ 85.51061, 27.3645598 ], [ 85.5091014, 27.3658495 ], [ 85.5062159, 27.3642343 ], [ 85.5053887, 27.3688504 ], [ 85.5014833, 27.3726984 ], [ 85.4964077, 27.3723144 ], [ 85.4945372, 27.3760371 ], [ 85.4906741, 27.3747684 ], [ 85.4878592, 27.3764641 ], [ 85.4839999, 27.3753605 ], [ 85.4782421, 27.3776602 ], [ 85.4742001, 27.3769703 ], [ 85.4695252, 27.388686 ], [ 85.4627621, 27.3869933 ], [ 85.4586093, 27.3951263 ], [ 85.4552475, 27.3938973 ], [ 85.4504223, 27.3878221 ], [ 85.4485318, 27.3874499 ], [ 85.4445057, 27.4005519 ], [ 85.4401765, 27.4029851 ], [ 85.4326513, 27.4034444 ], [ 85.4336005, 27.4078966 ], [ 85.4321846, 27.4102981 ], [ 85.4290522, 27.4102981 ], [ 85.4271537, 27.4057056 ], [ 85.4195324, 27.4027983 ], [ 85.4173843, 27.4121138 ], [ 85.4151632, 27.4143725 ], [ 85.411859, 27.4138354 ], [ 85.4089334, 27.4167954 ], [ 85.4104055, 27.4223678 ], [ 85.4141157, 27.4258957 ], [ 85.4102066, 27.4334089 ], [ 85.4155458, 27.4353294 ], [ 85.4113338, 27.4386997 ], [ 85.4181133, 27.4430223 ], [ 85.4182846, 27.4445277 ], [ 85.4094745, 27.4438433 ], [ 85.4065427, 27.4480366 ], [ 85.4116952, 27.4515291 ], [ 85.4126213, 27.4546824 ], [ 85.4165676, 27.4562138 ], [ 85.4178746, 27.4591115 ], [ 85.4211777, 27.4581263 ], [ 85.4223132, 27.4617887 ], [ 85.4259618, 27.4641901 ], [ 85.4287827, 27.4636909 ], [ 85.4356523, 27.4700737 ], [ 85.4376269, 27.4740688 ], [ 85.4414545, 27.4760795 ], [ 85.443213, 27.4796295 ], [ 85.4386318, 27.4895518 ], [ 85.4388414, 27.5031004 ], [ 85.4424405, 27.5171476 ], [ 85.4406738, 27.5187684 ], [ 85.4379164, 27.5284148 ], [ 85.4403786, 27.5322243 ], [ 85.436796, 27.5421563 ], [ 85.4319608, 27.5392292 ], [ 85.429382, 27.541258 ], [ 85.424175, 27.5413163 ], [ 85.4156468, 27.5487696 ], [ 85.4122078, 27.5484381 ], [ 85.4097318, 27.545159 ], [ 85.403466, 27.545595 ], [ 85.3988325, 27.5546437 ], [ 85.3867128, 27.5632878 ] ] ] } },
{ "type": "Feature", "properties": { "district_id": 13, "name": "कालीकोट" }, "geometry": { "type": "Polygon", "coordinates": [ [ [ 81.4661787, 29.2718425 ], [ 81.4836274, 29.2790356 ], [ 81.4917054, 29.2911441 ], [ 81.5009557, 29.2982777 ], [ 81.5079169, 29.3145329 ], [ 81.516125, 29.3123039 ], [ 81.5179631, 29.3149255 ], [ 81.5237528, 29.3150523 ], [ 81.5287981, 29.3260335 ], [ 81.53258, 29.3265009 ], [ 81.5360274, 29.3309316 ], [ 81.5392482, 29.3310617 ], [ 81.5475626, 29.3382005 ], [ 81.5512455, 29.3474547 ], [ 81.5501959, 29.3493355 ], [ 81.5538162, 29.3536118 ], [ 81.5579918, 29.3569516 ], [ 81.5604831, 29.351526 ], [ 81.5668767, 29.3479171 ], [ 81.5702171, 29.3504992 ], [ 81.5730239, 29.3605502 ], [ 81.5812588, 29.3646829 ], [ 81.5998828, 29.3653379 ], [ 81.6041561, 29.3672583 ], [ 81.6089281, 29.3668195 ], [ 81.6114299, 29.3706168 ], [ 81.6180292, 29.3706673 ], [ 81.6250443, 29.3689374 ], [ 81.6269809, 29.3659414 ], [ 81.6339394, 29.3647696 ], [ 81.6377483, 29.3618888 ], [ 81.6395871, 29.354925 ], [ 81.6418689, 29.3560379 ], [ 81.6442591, 29.3450875 ], [ 81.6414801, 29.3339997 ], [ 81.645282, 29.3286418 ], [ 81.6463245, 29.323109 ], [ 81.6484863, 29.3207909 ], [ 81.6525689, 29.321812 ], [ 81.6572862, 29.3191114 ], [ 81.6640026, 29.3192273 ], [ 81.6700203, 29.3165162 ], [ 81.6786229, 29.3216823 ], [ 81.6827008, 29.3191829 ], [ 81.6905475, 29.3201072 ], [ 81.6955085, 29.3272057 ], [ 81.7023295, 29.3303602 ], [ 81.7157271, 29.3310967 ], [ 81.7304728, 29.3343943 ], [ 81.7388458, 29.3338557 ], [ 81.7434483, 29.337383 ], [ 81.7467878, 29.3421622 ], [ 81.7467841, 29.3464161 ], [ 81.7524716, 29.3525787 ], [ 81.7499789, 29.3537343 ], [ 81.7509023, 29.359312 ], [ 81.7491413, 29.3607532 ], [ 81.7493614, 29.366529 ], [ 81.757538, 29.3778024 ], [ 81.7576884, 29.3820316 ], [ 81.7599862, 29.3835098 ], [ 81.7600935, 29.3859424 ], [ 81.7673693, 29.3864985 ], [ 81.7663642, 29.3906202 ], [ 81.7693922, 29.3923604 ], [ 81.7886692, 29.3881246 ], [ 81.7900725, 29.3955037 ], [ 81.794389, 29.3990773 ], [ 81.7974661, 29.4069112 ], [ 81.7968156, 29.414343 ], [ 81.7989202, 29.4214699 ], [ 81.7990275, 29.4296438 ], [ 81.801973, 29.4315321 ], [ 81.8051321, 29.43913 ], [ 81.8027205, 29.4481576 ], [ 81.8061065, 29.4535054 ], [ 81.8077552, 29.4536567 ], [ 81.8083777, 29.456695 ], [ 81.8234382, 29.4551467 ], [ 81.8283085, 29.457684 ], [ 81.8336679, 29.4561284 ], [ 81.8366725, 29.4605122 ], [ 81.8545374, 29.4617495 ], [ 81.8586788, 29.4592395 ], [ 81.8651954, 29.4598758 ], [ 81.8845886, 29.4437353 ], [ 81.8897954, 29.4440287 ], [ 81.8975576, 29.4477159 ], [ 81.9227903, 29.4447572 ], [ 81.9240856, 29.4403154 ], [ 81.9307456, 29.4400946 ], [ 81.9300643, 29.4159406 ], [ 81.9275215, 29.4120752 ], [ 81.927671, 29.4027366 ], [ 81.9309618, 29.3955258 ], [ 81.9285187, 29.3891834 ], [ 81.923433, 29.3844914 ], [ 81.926275, 29.379582 ], [ 81.927671, 29.3652435 ], [ 81.9251781, 29.360985 ], [ 81.9247293, 29.3542493 ], [ 81.9300805, 29.3453423 ], [ 81.9287073, 29.3424077 ], [ 81.9307358, 29.3382811 ], [ 81.9301942, 29.3328343 ], [ 81.9143695, 29.3222933 ], [ 81.9068038, 29.3216245 ], [ 81.9043633, 29.3143245 ], [ 81.895891, 29.3073574 ], [ 81.8983514, 29.3007959 ], [ 81.8920574, 29.2918744 ], [ 81.8865577, 29.2879544 ], [ 81.8832322, 29.2877344 ], [ 81.8795712, 29.2801793 ], [ 81.8800769, 29.2738582 ], [ 81.8761609, 29.2714225 ], [ 81.8564884, 29.2740271 ], [ 81.8536836, 29.2669474 ], [ 81.8462449, 29.2665323 ], [ 81.8451757, 29.2581649 ], [ 81.8489436, 29.2494214 ], [ 81.848168, 29.2449918 ], [ 81.8564272, 29.241302 ], [ 81.8672062, 29.2268405 ], [ 81.8691912, 29.225548 ], [ 81.8755506, 29.2272309 ], [ 81.8800832, 29.2231699 ], [ 81.8898188, 29.2186173 ], [ 81.8937892, 29.2139788 ], [ 81.9015742, 29.21367 ], [ 81.9060754, 29.2056134 ], [ 81.9085779, 29.2056482 ], [ 81.9106255, 29.2005723 ], [ 81.9076437, 29.18692 ], [ 81.9007099, 29.1850952 ], [ 81.901522, 29.1828214 ], [ 81.8928302, 29.1727443 ], [ 81.9022038, 29.1578543 ], [ 81.9239425, 29.1580284 ], [ 81.9347683, 29.1537103 ], [ 81.9358508, 29.1503412 ], [ 81.9397978, 29.1500165 ], [ 81.9518078, 29.1403473 ], [ 81.947805, 29.1292033 ], [ 81.9561517, 29.1292001 ], [ 81.9706405, 29.1175166 ], [ 81.9770349, 29.1101247 ], [ 82.0143415, 29.0950073 ], [ 82.0185705, 29.0858432 ], [ 82.0164239, 29.0750953 ], [ 82.0110391, 29.0733523 ], [ 82.0150278, 29.0616729 ], [ 82.0116324, 29.055746 ], [ 82.0158718, 29.051655 ], [ 82.0109787, 29.0315018 ], [ 82.0047754, 29.030563 ], [ 81.9970562, 29.014148 ], [ 81.9909797, 29.013285 ], [ 81.987637, 29.0101419 ], [ 81.9857456, 29.0044491 ], [ 81.9611819, 28.9913221 ], [ 81.9587501, 28.9859228 ], [ 81.9463029, 28.982938 ], [ 81.9296256, 28.981765 ], [ 81.920583, 28.9776514 ], [ 81.9163188, 28.9798722 ], [ 81.9096135, 28.9868252 ], [ 81.9008876, 28.9820066 ], [ 81.8965044, 28.9812252 ], [ 81.8886328, 28.9847749 ], [ 81.8811737, 28.9760279 ], [ 81.8780993, 28.9764459 ], [ 81.8737181, 28.9714736 ], [ 81.8644446, 28.9709288 ], [ 81.8618593, 28.9729592 ], [ 81.8484051, 28.9722015 ], [ 81.8461906, 28.9734217 ], [ 81.8414335, 28.981345 ], [ 81.8350769, 28.9816539 ], [ 81.8298212, 28.9849794 ], [ 81.8217196, 28.9831985 ], [ 81.8188094, 28.9846825 ], [ 81.8136275, 28.9921186 ], [ 81.8079135, 28.9947782 ], [ 81.8055658, 28.9985811 ], [ 81.8002004, 28.9996588 ], [ 81.7937559, 29.0055698 ], [ 81.7930331, 29.0119088 ], [ 81.7947958, 29.0140668 ], [ 81.7909767, 29.0123712 ], [ 81.7902939, 29.0140075 ], [ 81.7819725, 29.0177337 ], [ 81.7731443, 29.0176892 ], [ 81.7721161, 29.0199499 ], [ 81.7647128, 29.017869 ], [ 81.7518332, 29.0101806 ], [ 81.7416695, 29.0135369 ], [ 81.7365917, 29.0199881 ], [ 81.7299524, 29.021607 ], [ 81.7204245, 29.019532 ], [ 81.7145948, 29.0208502 ], [ 81.7158161, 29.0229565 ], [ 81.7130956, 29.0291448 ], [ 81.7021134, 29.0319214 ], [ 81.6934234, 29.0471114 ], [ 81.6904978, 29.0490722 ], [ 81.6641423, 29.0445913 ], [ 81.6576564, 29.0406785 ], [ 81.6444571, 29.0400816 ], [ 81.6296269, 29.0463819 ], [ 81.6252742, 29.0412706 ], [ 81.6207894, 29.0415572 ], [ 81.6129827, 29.0337153 ], [ 81.6039755, 29.0398299 ], [ 81.6024893, 29.043076 ], [ 81.5894531, 29.0489459 ], [ 81.5834455, 29.0489693 ], [ 81.5797443, 29.0472812 ], [ 81.569231, 29.0527206 ], [ 81.5664548, 29.0521705 ], [ 81.5641734, 29.0538089 ], [ 81.5618163, 29.0671035 ], [ 81.5648899, 29.0744372 ], [ 81.5671397, 29.0947917 ], [ 81.575352, 29.1025074 ], [ 81.5784526, 29.1085112 ], [ 81.5820519, 29.1271709 ], [ 81.5795801, 29.130566 ], [ 81.580386, 29.1357012 ], [ 81.5681442, 29.1269543 ], [ 81.5578797, 29.1279643 ], [ 81.5358936, 29.1363553 ], [ 81.5334599, 29.1415124 ], [ 81.5332271, 29.1464289 ], [ 81.5249103, 29.1530824 ], [ 81.5209742, 29.1545055 ], [ 81.5106046, 29.1521214 ], [ 81.4989678, 29.1516839 ], [ 81.4962826, 29.155961 ], [ 81.495128, 29.1688033 ], [ 81.4899653, 29.1699954 ], [ 81.4872477, 29.1731738 ], [ 81.487313, 29.177576 ], [ 81.4903679, 29.1815522 ], [ 81.4902457, 29.1869325 ], [ 81.4834618, 29.1942768 ], [ 81.4806329, 29.2029197 ], [ 81.4827546, 29.2057362 ], [ 81.4862399, 29.2291311 ], [ 81.4915063, 29.2350924 ], [ 81.4995125, 29.2387959 ], [ 81.492229, 29.2538881 ], [ 81.4942212, 29.2560979 ], [ 81.4912819, 29.2629618 ], [ 81.4872596, 29.2653139 ], [ 81.4769355, 29.2663813 ], [ 81.4661787, 29.2718425 ] ] ] } },
{ "type": "Feature", "properties": { "district_id": 14, "name": "कास्की" }, "geometry": { "type": "Polygon", "coordinates": [ [ [ 83.6994407, 28.3993114 ], [ 83.7042518, 28.3996342 ], [ 83.7132572, 28.3952967 ], [ 83.7294385, 28.3962261 ], [ 83.737002, 28.3942517 ], [ 83.7602124, 28.3939437 ], [ 83.7619116, 28.3991043 ], [ 83.7614533, 28.4043134 ], [ 83.7560244, 28.4066328 ], [ 83.7529119, 28.4040436 ], [ 83.7459277, 28.4019918 ], [ 83.7380086, 28.4101354 ], [ 83.7372137, 28.4136484 ], [ 83.7317108, 28.4210768 ], [ 83.7361902, 28.4310742 ], [ 83.7369359, 28.4345129 ], [ 83.7355794, 28.4383971 ], [ 83.7522829, 28.4561608 ], [ 83.7538941, 28.461587 ], [ 83.7516731, 28.4718074 ], [ 83.7559217, 28.4760974 ], [ 83.772311, 28.4802817 ], [ 83.7844096, 28.4980043 ], [ 83.8060546, 28.5186453 ], [ 83.8125944, 28.5180064 ], [ 83.8195486, 28.527468 ], [ 83.8262867, 28.5330997 ], [ 83.8267863, 28.5415971 ], [ 83.8204442, 28.5482734 ], [ 83.8167734, 28.5500467 ], [ 83.8139234, 28.5568414 ], [ 83.8093903, 28.5597316 ], [ 83.8036118, 28.5690004 ], [ 83.8037763, 28.5720708 ], [ 83.8004996, 28.5782473 ], [ 83.8015095, 28.581642 ], [ 83.8074653, 28.5901096 ], [ 83.8313295, 28.5970664 ], [ 83.8434599, 28.6048451 ], [ 83.8487245, 28.6039544 ], [ 83.855511, 28.6092143 ], [ 83.8702888, 28.6129452 ], [ 83.874446, 28.6129271 ], [ 83.8866126, 28.6072506 ], [ 83.925118, 28.605734 ], [ 83.9362903, 28.6016043 ], [ 83.9443728, 28.6017257 ], [ 83.9633612, 28.6053998 ], [ 83.9681761, 28.6013294 ], [ 83.9775443, 28.597905 ], [ 83.9854755, 28.5874508 ], [ 83.9911674, 28.5849764 ], [ 84.013365, 28.5871461 ], [ 84.0146435, 28.5829711 ], [ 84.0323208, 28.5722553 ], [ 84.0611954, 28.5633626 ], [ 84.0626884, 28.5596255 ], [ 84.07452, 28.5451349 ], [ 84.0814621, 28.542725 ], [ 84.0857965, 28.5388155 ], [ 84.1152137, 28.5375964 ], [ 84.126219, 28.5342977 ], [ 84.1366802, 28.5390478 ], [ 84.1633724, 28.5118702 ], [ 84.1692269, 28.5113161 ], [ 84.1799409, 28.5054106 ], [ 84.185338, 28.5054586 ], [ 84.188491, 28.4896049 ], [ 84.2182862, 28.4860253 ], [ 84.2225494, 28.4817531 ], [ 84.2270486, 28.4805577 ], [ 84.233308, 28.4841694 ], [ 84.2479499, 28.482157 ], [ 84.2522125, 28.479963 ], [ 84.2618128, 28.4817519 ], [ 84.2657298, 28.4807731 ], [ 84.2730531, 28.4723574 ], [ 84.27848, 28.4709622 ], [ 84.2714054, 28.4625656 ], [ 84.2685847, 28.4557823 ], [ 84.2455277, 28.4413175 ], [ 84.2446868, 28.4265743 ], [ 84.2288797, 28.4155608 ], [ 84.2254268, 28.4017928 ], [ 84.2132268, 28.3882256 ], [ 84.2178804, 28.3772213 ], [ 84.21714, 28.3584527 ], [ 84.2097739, 28.3507549 ], [ 84.2052054, 28.3268128 ], [ 84.1973916, 28.3194316 ], [ 84.1970254, 28.3130193 ], [ 84.1928341, 28.2996202 ], [ 84.1870965, 28.2962344 ], [ 84.1958058, 28.2784622 ], [ 84.2053587, 28.2733435 ], [ 84.2108421, 28.2636715 ], [ 84.2134464, 28.250553 ], [ 84.2125105, 28.2404442 ], [ 84.2143823, 28.2396197 ], [ 84.2114118, 28.238114 ], [ 84.213894, 28.2371819 ], [ 84.2112897, 28.2301193 ], [ 84.2128551, 28.2274805 ], [ 84.2109235, 28.2256736 ], [ 84.2114932, 28.2204747 ], [ 84.2096213, 28.2196141 ], [ 84.2088685, 28.2160285 ], [ 84.2104073, 28.2128875 ], [ 84.2081342, 28.208146 ], [ 84.2038969, 28.2021124 ], [ 84.1948695, 28.1972059 ], [ 84.1926452, 28.1984367 ], [ 84.1898341, 28.1957351 ], [ 84.1932289, 28.1933208 ], [ 84.1943228, 28.1882538 ], [ 84.2052805, 28.1893973 ], [ 84.2090837, 28.1836126 ], [ 84.2181981, 28.1813024 ], [ 84.2133683, 28.1719086 ], [ 84.2197685, 28.1652455 ], [ 84.2185516, 28.158323 ], [ 84.222098, 28.1541763 ], [ 84.2208472, 28.149688 ], [ 84.2269579, 28.143218 ], [ 84.2282944, 28.1395999 ], [ 84.2258263, 28.1358707 ], [ 84.218856, 28.1327165 ], [ 84.2175806, 28.1254082 ], [ 84.2185759, 28.1224304 ], [ 84.2242989, 28.1181525 ], [ 84.2243174, 28.1116061 ], [ 84.2297936, 28.1050678 ], [ 84.2286304, 28.101059 ], [ 84.229678, 28.0995223 ], [ 84.226173, 28.0955208 ], [ 84.2260471, 28.0973204 ], [ 84.2192548, 28.0998891 ], [ 84.2147368, 28.0980597 ], [ 84.2119941, 28.0948233 ], [ 84.2078286, 28.0943856 ], [ 84.1968886, 28.0972964 ], [ 84.1910902, 28.0945496 ], [ 84.1891146, 28.0960069 ], [ 84.1830175, 28.0957816 ], [ 84.178896, 28.0993723 ], [ 84.1788279, 28.1016108 ], [ 84.1706019, 28.0997779 ], [ 84.1669914, 28.10113 ], [ 84.1586292, 28.0970286 ], [ 84.1551038, 28.1001535 ], [ 84.1498071, 28.1014605 ], [ 84.144255, 28.106388 ], [ 84.1417685, 28.1047356 ], [ 84.1321338, 28.1041507 ], [ 84.1207012, 28.1059674 ], [ 84.1169178, 28.1040013 ], [ 84.1127229, 28.1050423 ], [ 84.107739, 28.110277 ], [ 84.1024819, 28.1104861 ], [ 84.0887205, 28.0986046 ], [ 84.0877253, 28.0945077 ], [ 84.0792123, 28.0918886 ], [ 84.0695208, 28.0777267 ], [ 84.0583824, 28.0880427 ], [ 84.0555437, 28.0887105 ], [ 84.0508696, 28.0837937 ], [ 84.0473308, 28.0850226 ], [ 84.0435044, 28.0899073 ], [ 84.0377575, 28.0915239 ], [ 84.0416393, 28.0932777 ], [ 84.0410829, 28.094973 ], [ 84.0390885, 28.0966961 ], [ 84.0363721, 28.0958352 ], [ 84.0316228, 28.0999246 ], [ 84.0283411, 28.1000792 ], [ 84.0274979, 28.0979089 ], [ 84.0292533, 28.0965738 ], [ 84.0267331, 28.095619 ], [ 84.0258632, 28.1008007 ], [ 84.0284337, 28.1044734 ], [ 84.0184108, 28.1042277 ], [ 84.0122339, 28.1057622 ], [ 84.0136238, 28.1096244 ], [ 84.0097192, 28.1094089 ], [ 84.006313, 28.1153106 ], [ 83.9991705, 28.1210342 ], [ 83.9987921, 28.126447 ], [ 84.0023039, 28.1294722 ], [ 84.00205, 28.1313013 ], [ 84.0003775, 28.1310088 ], [ 83.9970533, 28.1339463 ], [ 83.9952012, 28.1332881 ], [ 83.9918562, 28.1359819 ], [ 83.9901423, 28.1342267 ], [ 83.9905293, 28.1371642 ], [ 83.9865762, 28.136445 ], [ 83.9860648, 28.1389924 ], [ 83.983646, 28.1378589 ], [ 83.9823052, 28.1404794 ], [ 83.9796929, 28.1402356 ], [ 83.9801767, 28.1433192 ], [ 83.9701419, 28.1415397 ], [ 83.9688703, 28.1435751 ], [ 83.9613235, 28.1389802 ], [ 83.9600657, 28.1411375 ], [ 83.9557194, 28.1391056 ], [ 83.9497646, 28.1400039 ], [ 83.936968, 28.1380649 ], [ 83.9341036, 28.1440336 ], [ 83.9296436, 28.1451944 ], [ 83.923483, 28.1514262 ], [ 83.9223786, 28.1559306 ], [ 83.9270514, 28.1612855 ], [ 83.923795, 28.1686432 ], [ 83.9070977, 28.1751288 ], [ 83.8985012, 28.1894282 ], [ 83.8903606, 28.1952104 ], [ 83.8764979, 28.1929673 ], [ 83.873613, 28.1974163 ], [ 83.8627864, 28.197941 ], [ 83.8555708, 28.193827 ], [ 83.8467254, 28.1995579 ], [ 83.8466825, 28.202489 ], [ 83.8428845, 28.2041531 ], [ 83.8408889, 28.209618 ], [ 83.8356215, 28.2133432 ], [ 83.8234273, 28.2144086 ], [ 83.8163233, 28.210159 ], [ 83.8095977, 28.2195682 ], [ 83.7987185, 28.2286575 ], [ 83.8093464, 28.2408582 ], [ 83.8223884, 28.2507307 ], [ 83.8205064, 28.2605599 ], [ 83.8116619, 28.260282 ], [ 83.8069037, 28.2619459 ], [ 83.8011536, 28.2606833 ], [ 83.7922933, 28.2631037 ], [ 83.7778508, 28.2707301 ], [ 83.7763901, 28.2680266 ], [ 83.7722231, 28.269279 ], [ 83.7666703, 28.2740448 ], [ 83.7661554, 28.2763834 ], [ 83.7744108, 28.2825437 ], [ 83.7744884, 28.2841574 ], [ 83.7613518, 28.2925902 ], [ 83.7648475, 28.2969993 ], [ 83.7646134, 28.2987721 ], [ 83.7676595, 28.3003352 ], [ 83.7745033, 28.3091432 ], [ 83.7616691, 28.3156255 ], [ 83.7570955, 28.3225695 ], [ 83.7465966, 28.3276874 ], [ 83.7392109, 28.3364719 ], [ 83.7389816, 28.341254 ], [ 83.736664, 28.3440398 ], [ 83.7254248, 28.3489369 ], [ 83.7270529, 28.3561089 ], [ 83.7253977, 28.3586883 ], [ 83.7227077, 28.3589438 ], [ 83.7179528, 28.3671389 ], [ 83.7191328, 28.3719634 ], [ 83.7226913, 28.3749874 ], [ 83.7174331, 28.3760454 ], [ 83.7159118, 28.3788697 ], [ 83.7046962, 28.3867705 ], [ 83.7037559, 28.3925377 ], [ 83.6994407, 28.3993114 ] ] ] } },
{ "type": "Feature", "properties": { "district_id": 15, "name": "कैलाली" }, "geometry": { "type": "Polygon", "coordinates": [ [ [ 80.4680771, 28.9385753 ], [ 80.4721566, 28.9445684 ], [ 80.4724695, 28.9474623 ], [ 80.4786514, 28.9548008 ], [ 80.4826022, 28.9695556 ], [ 80.4893846, 28.9829306 ], [ 80.4828694, 28.9959631 ], [ 80.4847962, 28.9983742 ], [ 80.4889821, 28.9949866 ], [ 80.4960897, 28.9954162 ], [ 80.5016102, 28.9937156 ], [ 80.5032202, 28.9964433 ], [ 80.5119764, 28.9962545 ], [ 80.5191663, 28.9990855 ], [ 80.5187689, 29.004598 ], [ 80.5354303, 29.0147618 ], [ 80.5359419, 29.0175643 ], [ 80.532824, 29.0239371 ], [ 80.5343974, 29.0260557 ], [ 80.5337893, 29.0299129 ], [ 80.5403436, 29.0350697 ], [ 80.540054, 29.0362175 ], [ 80.543762, 29.0359558 ], [ 80.5467846, 29.0384302 ], [ 80.5443412, 29.0490027 ], [ 80.5450801, 29.0503204 ], [ 80.5482023, 29.0500659 ], [ 80.5519862, 29.055382 ], [ 80.5565231, 29.0572215 ], [ 80.5613109, 29.0688988 ], [ 80.566187, 29.0618951 ], [ 80.57019, 29.0652911 ], [ 80.5737811, 29.0637969 ], [ 80.5733509, 29.0611591 ], [ 80.5781101, 29.0614744 ], [ 80.5776037, 29.0592791 ], [ 80.5797266, 29.0579207 ], [ 80.5820438, 29.0577994 ], [ 80.5840435, 29.0598369 ], [ 80.5866781, 29.055689 ], [ 80.5883431, 29.0554343 ], [ 80.5882737, 29.0531419 ], [ 80.59091, 29.0529963 ], [ 80.5928199, 29.0549729 ], [ 80.5970746, 29.0487182 ], [ 80.6075643, 29.0491063 ], [ 80.6108389, 29.0518234 ], [ 80.6095068, 29.0545888 ], [ 80.6118934, 29.0575483 ], [ 80.6160282, 29.0591857 ], [ 80.6203295, 29.0534729 ], [ 80.6223745, 29.0533355 ], [ 80.6237065, 29.0490174 ], [ 80.6313822, 29.0424452 ], [ 80.634306, 29.0358917 ], [ 80.6432159, 29.0286494 ], [ 80.6471097, 29.0258634 ], [ 80.6564893, 29.0221315 ], [ 80.6595896, 29.0229894 ], [ 80.6649459, 29.0196717 ], [ 80.6712529, 29.018112 ], [ 80.6741849, 29.0207246 ], [ 80.6765357, 29.0189757 ], [ 80.6774317, 29.0152469 ], [ 80.6838306, 29.0137537 ], [ 80.6919048, 29.0155459 ], [ 80.6958212, 29.0116644 ], [ 80.7038664, 29.0095364 ], [ 80.7176415, 29.0108407 ], [ 80.7206241, 29.0067907 ], [ 80.7223901, 29.0073399 ], [ 80.7231918, 29.0105348 ], [ 80.7401708, 29.0102087 ], [ 80.7539236, 29.0026205 ], [ 80.7605167, 29.0034785 ], [ 80.7631069, 29.0020026 ], [ 80.7634013, 28.9997716 ], [ 80.7607915, 28.99718 ], [ 80.7615764, 28.9928377 ], [ 80.7603794, 28.9900057 ], [ 80.763905, 28.9873437 ], [ 80.7724243, 28.9851833 ], [ 80.7822758, 28.9852562 ], [ 80.7859943, 28.9808329 ], [ 80.7917748, 28.9793641 ], [ 80.8053935, 28.9714327 ], [ 80.8049226, 28.9596211 ], [ 80.809789, 28.9557752 ], [ 80.8052253, 28.9447268 ], [ 80.8107309, 28.9430002 ], [ 80.8105482, 28.9387034 ], [ 80.8148398, 28.9396742 ], [ 80.8168413, 28.9368579 ], [ 80.8162133, 28.9314827 ], [ 80.8251024, 28.9319127 ], [ 80.8286344, 28.9334576 ], [ 80.829125, 28.9362569 ], [ 80.8320095, 28.9366862 ], [ 80.8313227, 28.9398803 ], [ 80.8394072, 28.9502518 ], [ 80.8369043, 28.95607 ], [ 80.8424683, 28.96009 ], [ 80.8434494, 28.9652062 ], [ 80.8512396, 28.9759529 ], [ 80.8571569, 28.9780204 ], [ 80.8631604, 28.9738029 ], [ 80.8661297, 28.9688502 ], [ 80.873976, 28.9696211 ], [ 80.881581, 28.9676301 ], [ 80.8842497, 28.963939 ], [ 80.8852308, 28.9581188 ], [ 80.8803445, 28.9445152 ], [ 80.8827865, 28.9406782 ], [ 80.8896403, 28.9406905 ], [ 80.8934982, 28.9351411 ], [ 80.8983823, 28.9358696 ], [ 80.8963287, 28.9421838 ], [ 80.8974387, 28.9427181 ], [ 80.8996033, 28.9371325 ], [ 80.9018788, 28.9362582 ], [ 80.9033219, 28.9400953 ], [ 80.9056529, 28.9410667 ], [ 80.9105677, 28.9311251 ], [ 80.9131455, 28.931158 ], [ 80.9243567, 28.9418439 ], [ 80.9313498, 28.944418 ], [ 80.9547712, 28.9350925 ], [ 80.967481, 28.9407753 ], [ 80.9809188, 28.938757 ], [ 80.9859463, 28.9347161 ], [ 80.9988945, 28.9288264 ], [ 81.0065822, 28.9276595 ], [ 81.0208957, 28.9201234 ], [ 81.0294644, 28.9090087 ], [ 81.0395596, 28.8905408 ], [ 81.0488705, 28.8824607 ], [ 81.0514084, 28.8768341 ], [ 81.0575418, 28.8737556 ], [ 81.0702015, 28.8776304 ], [ 81.0725231, 28.8769701 ], [ 81.0739121, 28.8747113 ], [ 81.0710547, 28.8678997 ], [ 81.0718683, 28.8656755 ], [ 81.0769282, 28.8630514 ], [ 81.0897325, 28.8625472 ], [ 81.0916317, 28.8570038 ], [ 81.1011959, 28.8457591 ], [ 81.1035374, 28.8453072 ], [ 81.1125295, 28.8499059 ], [ 81.1259191, 28.8510754 ], [ 81.1268071, 28.8619639 ], [ 81.1345781, 28.8717438 ], [ 81.1409608, 28.8732517 ], [ 81.1451742, 28.8704182 ], [ 81.151914, 28.8484704 ], [ 81.1573112, 28.8439862 ], [ 81.152549, 28.8312973 ], [ 81.1558032, 28.8286898 ], [ 81.1671136, 28.8364774 ], [ 81.1729839, 28.8362963 ], [ 81.1779874, 28.8268819 ], [ 81.2015606, 28.8173551 ], [ 81.2071563, 28.8201368 ], [ 81.2070769, 28.8247263 ], [ 81.195449, 28.8328966 ], [ 81.2002904, 28.8526309 ], [ 81.1983064, 28.8614701 ], [ 81.2027712, 28.8642478 ], [ 81.2048942, 28.8637292 ], [ 81.2076325, 28.8600103 ], [ 81.2074738, 28.8568821 ], [ 81.2053704, 28.8546924 ], [ 81.2064816, 28.8498608 ], [ 81.2120773, 28.8444729 ], [ 81.2234651, 28.838971 ], [ 81.2331745, 28.8313504 ], [ 81.2299427, 28.8273277 ], [ 81.2293729, 28.8174304 ], [ 81.2409171, 28.812762 ], [ 81.2422666, 28.8086328 ], [ 81.238919, 28.8036192 ], [ 81.2268325, 28.7987969 ], [ 81.2257662, 28.7952065 ], [ 81.2323543, 28.786133 ], [ 81.2457462, 28.7812373 ], [ 81.2504045, 28.7745472 ], [ 81.2498433, 28.7684962 ], [ 81.2469112, 28.7613962 ], [ 81.2513586, 28.7548187 ], [ 81.2607874, 28.7501935 ], [ 81.2620783, 28.7457649 ], [ 81.2550628, 28.7360706 ], [ 81.2547822, 28.7323797 ], [ 81.2571394, 28.7289347 ], [ 81.2702724, 28.728541 ], [ 81.2740888, 28.7230287 ], [ 81.2729663, 28.7176146 ], [ 81.2662314, 28.7038319 ], [ 81.2793644, 28.6972353 ], [ 81.2813849, 28.6938876 ], [ 81.2811604, 28.6902444 ], [ 81.2847007, 28.681191 ], [ 81.2878908, 28.6506029 ], [ 81.2843435, 28.6415087 ], [ 81.2706176, 28.6307183 ], [ 81.269216, 28.6186791 ], [ 81.2619022, 28.6131953 ], [ 81.2456208, 28.5915454 ], [ 81.2274983, 28.5740153 ], [ 81.2084555, 28.5615186 ], [ 81.1891758, 28.5454687 ], [ 81.167331, 28.5232716 ], [ 81.1608958, 28.5010291 ], [ 81.1536751, 28.5020245 ], [ 81.1501784, 28.5008432 ], [ 81.1478857, 28.4970197 ], [ 81.1378916, 28.4913241 ], [ 81.1304556, 28.4829862 ], [ 81.1154479, 28.4742747 ], [ 81.1092963, 28.4616919 ], [ 81.0937464, 28.4595235 ], [ 81.090517, 28.4569013 ], [ 81.085291, 28.4390481 ], [ 81.0656111, 28.4226132 ], [ 81.0597678, 28.4076027 ], [ 81.0662304, 28.4011265 ], [ 81.0674764, 28.3943233 ], [ 81.0483477, 28.4092996 ], [ 81.0358242, 28.4137158 ], [ 81.0336375, 28.3990962 ], [ 81.0201466, 28.410472 ], [ 81.0176296, 28.4160792 ], [ 81.0335567, 28.4283103 ], [ 81.0326577, 28.4331396 ], [ 81.0293733, 28.4384486 ], [ 81.019184, 28.4317972 ], [ 81.0131795, 28.4384751 ], [ 81.017859, 28.4518934 ], [ 80.9998991, 28.453914 ], [ 80.9887754, 28.4415504 ], [ 80.9777799, 28.4421979 ], [ 80.9788841, 28.4341014 ], [ 80.9668704, 28.4368635 ], [ 80.9677214, 28.4427396 ], [ 80.9647871, 28.444498 ], [ 80.9796074, 28.4555414 ], [ 80.9682454, 28.4566617 ], [ 80.9643582, 28.4502065 ], [ 80.952251, 28.4479288 ], [ 80.9517662, 28.45498 ], [ 80.9425243, 28.4555045 ], [ 80.9336142, 28.4586105 ], [ 80.9435183, 28.4648123 ], [ 80.9453454, 28.4671666 ], [ 80.9440189, 28.4682007 ], [ 80.933288, 28.4639542 ], [ 80.9310604, 28.4576392 ], [ 80.9276797, 28.4576555 ], [ 80.9189792, 28.4599391 ], [ 80.9192556, 28.4642836 ], [ 80.9141586, 28.4683753 ], [ 80.9157352, 28.4580715 ], [ 80.9055609, 28.466139 ], [ 80.9028982, 28.4780483 ], [ 80.9014816, 28.4860361 ], [ 80.9062446, 28.4895889 ], [ 80.9086471, 28.4976211 ], [ 80.9000002, 28.5009114 ], [ 80.8961435, 28.5069615 ], [ 80.8761722, 28.5108687 ], [ 80.861695, 28.5045043 ], [ 80.8650411, 28.490198 ], [ 80.8554028, 28.4972622 ], [ 80.845495, 28.4955138 ], [ 80.8425457, 28.5023513 ], [ 80.8157576, 28.5212495 ], [ 80.792266, 28.5228729 ], [ 80.7877981, 28.5250243 ], [ 80.7856347, 28.5285541 ], [ 80.7894727, 28.5433554 ], [ 80.7853192, 28.54588 ], [ 80.770278, 28.549722 ], [ 80.7682195, 28.5656789 ], [ 80.7385341, 28.5744088 ], [ 80.7385341, 28.5662026 ], [ 80.7244442, 28.5753332 ], [ 80.7146672, 28.5683948 ], [ 80.7043896, 28.5787407 ], [ 80.6901343, 28.5871642 ], [ 80.6956555, 28.6033549 ], [ 80.6775386, 28.6045227 ], [ 80.6796156, 28.6204443 ], [ 80.6707665, 28.6279115 ], [ 80.6676122, 28.6417542 ], [ 80.650556, 28.634444 ], [ 80.6415008, 28.6431318 ], [ 80.6334942, 28.6374361 ], [ 80.6115483, 28.6391522 ], [ 80.6063128, 28.6524281 ], [ 80.5901967, 28.6477521 ], [ 80.5975941, 28.6560903 ], [ 80.5801427, 28.6609981 ], [ 80.59032, 28.6797325 ], [ 80.5678442, 28.6882622 ], [ 80.5530822, 28.6916125 ], [ 80.5500236, 28.6950063 ], [ 80.543502, 28.6963213 ], [ 80.5406405, 28.7022673 ], [ 80.5423705, 28.706353 ], [ 80.5380151, 28.7118957 ], [ 80.5373996, 28.7159438 ], [ 80.5416068, 28.7159075 ], [ 80.545768, 28.710339 ], [ 80.5485329, 28.7101111 ], [ 80.5501572, 28.711756 ], [ 80.5497707, 28.7181285 ], [ 80.5558709, 28.7198148 ], [ 80.5563182, 28.7215174 ], [ 80.552828, 28.7306702 ], [ 80.5502796, 28.7333981 ], [ 80.5380646, 28.7364058 ], [ 80.5380092, 28.7392731 ], [ 80.5471528, 28.7421477 ], [ 80.5516846, 28.7456699 ], [ 80.552161, 28.7490684 ], [ 80.5572489, 28.7539742 ], [ 80.5553415, 28.7547799 ], [ 80.5485094, 28.7502344 ], [ 80.5436366, 28.7520223 ], [ 80.5402372, 28.7621941 ], [ 80.5343717, 28.7694109 ], [ 80.5360979, 28.7713739 ], [ 80.5455603, 28.7701092 ], [ 80.5499614, 28.773552 ], [ 80.5446662, 28.7860545 ], [ 80.5368776, 28.7916024 ], [ 80.5388212, 28.7957986 ], [ 80.5355086, 28.7949978 ], [ 80.530493, 28.7968815 ], [ 80.530981, 28.7996934 ], [ 80.5265772, 28.8053744 ], [ 80.5200842, 28.8110966 ], [ 80.5169924, 28.8104242 ], [ 80.5107054, 28.8149733 ], [ 80.5112035, 28.8172359 ], [ 80.5181815, 28.8197636 ], [ 80.5139818, 28.8241585 ], [ 80.5176666, 28.8273358 ], [ 80.518467, 28.8310571 ], [ 80.5151506, 28.8350674 ], [ 80.5121065, 28.8312447 ], [ 80.5062464, 28.832412 ], [ 80.5079733, 28.8357382 ], [ 80.5044691, 28.837409 ], [ 80.5080914, 28.8393406 ], [ 80.5057279, 28.8425241 ], [ 80.5039816, 28.8400856 ], [ 80.5021611, 28.8434332 ], [ 80.5027981, 28.8465755 ], [ 80.4999488, 28.8479034 ], [ 80.4989782, 28.8526947 ], [ 80.4960162, 28.8537389 ], [ 80.4963066, 28.8575551 ], [ 80.498474, 28.8580182 ], [ 80.4972312, 28.8601555 ], [ 80.500975, 28.8635427 ], [ 80.5014829, 28.8685819 ], [ 80.4958583, 28.8683244 ], [ 80.4952512, 28.8734192 ], [ 80.5010734, 28.8788256 ], [ 80.5046904, 28.8795426 ], [ 80.502963, 28.8874444 ], [ 80.506943, 28.895902 ], [ 80.5027802, 28.9008589 ], [ 80.5024853, 28.9111125 ], [ 80.5103485, 28.9187691 ], [ 80.5102476, 28.9218427 ], [ 80.5043607, 28.9245032 ], [ 80.4932539, 28.9214642 ], [ 80.4888398, 28.9247673 ], [ 80.4871011, 28.9241169 ], [ 80.4810646, 28.9349509 ], [ 80.4734079, 28.9386403 ], [ 80.47095, 28.9373757 ], [ 80.4680771, 28.9385753 ] ] ] } },
{ "type": "Feature", "properties": { "district_id": 16, "name": "खोटाङ जिल्ला" }, "geometry": { "type": "Polygon", "coordinates": [ [ [ 86.4268537, 27.13233 ], [ 86.4271852, 27.1376376 ], [ 86.4338954, 27.1405172 ], [ 86.4372961, 27.1442945 ], [ 86.4382423, 27.146604 ], [ 86.4337539, 27.1488773 ], [ 86.4334925, 27.1510022 ], [ 86.4428166, 27.16118 ], [ 86.447574, 27.1644733 ], [ 86.4657395, 27.166952 ], [ 86.4710487, 27.1704143 ], [ 86.4732943, 27.1764874 ], [ 86.4827895, 27.1795698 ], [ 86.4910689, 27.1867625 ], [ 86.5073277, 27.185823 ], [ 86.5268116, 27.1936662 ], [ 86.5303501, 27.2008399 ], [ 86.5371517, 27.2045146 ], [ 86.5378946, 27.2077975 ], [ 86.5419395, 27.2089189 ], [ 86.5440556, 27.2133598 ], [ 86.5470747, 27.2150368 ], [ 86.5474308, 27.2190201 ], [ 86.5557621, 27.2187602 ], [ 86.5562287, 27.220717 ], [ 86.5527165, 27.2218544 ], [ 86.5540622, 27.2256728 ], [ 86.5579667, 27.2268537 ], [ 86.5618003, 27.2233818 ], [ 86.573257, 27.2272473 ], [ 86.5760459, 27.2239092 ], [ 86.5828721, 27.2274835 ], [ 86.586325, 27.224421 ], [ 86.5892438, 27.2239526 ], [ 86.5930007, 27.2273811 ], [ 86.596894, 27.2345037 ], [ 86.6067924, 27.2328663 ], [ 86.6117062, 27.2372275 ], [ 86.6141764, 27.2350942 ], [ 86.6181605, 27.234614 ], [ 86.6197985, 27.236456 ], [ 86.6201336, 27.2447564 ], [ 86.6223448, 27.247079 ], [ 86.6299271, 27.2477833 ], [ 86.6340175, 27.2563626 ], [ 86.6430474, 27.2582663 ], [ 86.6495025, 27.263863 ], [ 86.6569308, 27.2622969 ], [ 86.6602292, 27.268919 ], [ 86.6680598, 27.2686637 ], [ 86.6706436, 27.2731233 ], [ 86.6665739, 27.2777044 ], [ 86.6697155, 27.2805857 ], [ 86.668414, 27.2838512 ], [ 86.6728851, 27.2883205 ], [ 86.6714331, 27.2916645 ], [ 86.6680687, 27.292475 ], [ 86.6666433, 27.2973373 ], [ 86.6719644, 27.2999106 ], [ 86.6771968, 27.2988558 ], [ 86.6763912, 27.302223 ], [ 86.6818981, 27.3063416 ], [ 86.6857749, 27.3117571 ], [ 86.6824337, 27.315188 ], [ 86.6833889, 27.3205072 ], [ 86.6805035, 27.3246573 ], [ 86.6832821, 27.3278729 ], [ 86.6832172, 27.3318428 ], [ 86.6804464, 27.3347952 ], [ 86.6778928, 27.3431784 ], [ 86.679919, 27.345946 ], [ 86.678371, 27.3545321 ], [ 86.6802785, 27.3569523 ], [ 86.6790182, 27.3598565 ], [ 86.6802615, 27.3630026 ], [ 86.678862, 27.3666342 ], [ 86.6817772, 27.3702777 ], [ 86.6815651, 27.3772858 ], [ 86.6835151, 27.3801511 ], [ 86.6828633, 27.3833449 ], [ 86.680026, 27.3851576 ], [ 86.6828526, 27.389318 ], [ 86.6819728, 27.3906707 ], [ 86.6883949, 27.39331 ], [ 86.7075459, 27.3949576 ], [ 86.7338101, 27.3945765 ], [ 86.7396036, 27.3970913 ], [ 86.7510762, 27.394525 ], [ 86.755872, 27.3995735 ], [ 86.7585588, 27.3990131 ], [ 86.7705395, 27.4118371 ], [ 86.7855943, 27.4111749 ], [ 86.8029218, 27.4203801 ], [ 86.8203386, 27.439583 ], [ 86.8244189, 27.4394604 ], [ 86.83059, 27.4318167 ], [ 86.8341842, 27.4308536 ], [ 86.8477321, 27.4344527 ], [ 86.8523241, 27.4328149 ], [ 86.8594346, 27.434887 ], [ 86.8711859, 27.4273441 ], [ 86.8802294, 27.4311081 ], [ 86.8850151, 27.4313197 ], [ 86.8894942, 27.4346905 ], [ 86.9062668, 27.433425 ], [ 86.908582, 27.4146789 ], [ 86.9103872, 27.4111109 ], [ 86.9100126, 27.4060308 ], [ 86.9201289, 27.3893074 ], [ 86.9305813, 27.3845837 ], [ 86.9258854, 27.3720369 ], [ 86.9238076, 27.3703732 ], [ 86.9296322, 27.3617822 ], [ 86.9307563, 27.356942 ], [ 86.9340943, 27.3536141 ], [ 86.945982, 27.3518897 ], [ 86.9501375, 27.3413306 ], [ 86.9482641, 27.3361868 ], [ 86.9580058, 27.3284102 ], [ 86.9635579, 27.3203304 ], [ 86.9715625, 27.3136422 ], [ 86.984898, 27.3083602 ], [ 86.9696891, 27.3004462 ], [ 86.9655335, 27.2934238 ], [ 86.9654313, 27.2852204 ], [ 86.9457277, 27.2652795 ], [ 86.9262295, 27.2687414 ], [ 86.9129283, 27.2663864 ], [ 86.8989783, 27.2557642 ], [ 86.8947608, 27.2493711 ], [ 86.9016728, 27.2484387 ], [ 86.9067049, 27.2381853 ], [ 86.9138926, 27.2309399 ], [ 86.9243281, 27.2266129 ], [ 86.9267071, 27.221901 ], [ 86.9297441, 27.2048019 ], [ 86.9290952, 27.1994158 ], [ 86.9163888, 27.1842661 ], [ 86.9160741, 27.1763498 ], [ 86.9130365, 27.1702689 ], [ 86.9210579, 27.1616698 ], [ 86.922757, 27.1563562 ], [ 86.9191344, 27.1456273 ], [ 86.9198373, 27.1405271 ], [ 86.9152954, 27.1281605 ], [ 86.9090233, 27.1274868 ], [ 86.9011831, 27.1219045 ], [ 86.8956089, 27.1152148 ], [ 86.8995147, 27.1122151 ], [ 86.9042728, 27.1047068 ], [ 86.9163304, 27.0988346 ], [ 86.923472, 27.091592 ], [ 86.9460404, 27.0857424 ], [ 86.9484523, 27.0789311 ], [ 86.9568872, 27.0716132 ], [ 86.9642031, 27.0579307 ], [ 86.9617775, 27.0506569 ], [ 86.9541815, 27.0490038 ], [ 86.9523093, 27.0393096 ], [ 86.950133, 27.0373471 ], [ 86.9501438, 27.0298447 ], [ 86.9477809, 27.02816 ], [ 86.9449335, 27.0199495 ], [ 86.9499235, 27.0190088 ], [ 86.9564379, 27.0123329 ], [ 86.9621773, 27.0114149 ], [ 86.9674706, 27.0065384 ], [ 86.9663385, 27.005054 ], [ 86.9683178, 27.0010377 ], [ 86.9658506, 26.9964672 ], [ 86.9654322, 26.9909319 ], [ 86.9588447, 26.9881594 ], [ 86.9566722, 26.9854538 ], [ 86.9582086, 26.9811959 ], [ 86.960218, 26.9823656 ], [ 86.967201, 26.9802852 ], [ 86.9719015, 26.9739106 ], [ 86.9713089, 26.9613648 ], [ 86.9727871, 26.9570918 ], [ 86.9707966, 26.9506289 ], [ 86.9664537, 26.9480177 ], [ 86.9641801, 26.9413907 ], [ 86.9652956, 26.9393107 ], [ 86.9643759, 26.9328729 ], [ 86.965798, 26.9314988 ], [ 86.9641801, 26.9311799 ], [ 86.9648443, 26.9284923 ], [ 86.9633966, 26.9262298 ], [ 86.9609868, 26.9277939 ], [ 86.9609342, 26.9244836 ], [ 86.9555524, 26.9235194 ], [ 86.9552714, 26.9201634 ], [ 86.9570852, 26.9177413 ], [ 86.949813, 26.9085839 ], [ 86.9505531, 26.9046342 ], [ 86.9440215, 26.9033246 ], [ 86.9359828, 26.9042662 ], [ 86.9309417, 26.9073948 ], [ 86.9283189, 26.9047218 ], [ 86.9259686, 26.9049041 ], [ 86.9195309, 26.9009856 ], [ 86.9152732, 26.8962469 ], [ 86.9103683, 26.8961557 ], [ 86.9062127, 26.8985555 ], [ 86.9013419, 26.8969152 ], [ 86.8919067, 26.8981606 ], [ 86.8889774, 26.8968848 ], [ 86.8854009, 26.8990415 ], [ 86.8823694, 26.8974619 ], [ 86.873343, 26.897067 ], [ 86.8672459, 26.8937255 ], [ 86.8621706, 26.8952444 ], [ 86.8520883, 26.8879232 ], [ 86.8468428, 26.8881662 ], [ 86.8371351, 26.8837003 ], [ 86.8348189, 26.8754972 ], [ 86.828824, 26.8759226 ], [ 86.821931, 26.872033 ], [ 86.8131065, 26.8749041 ], [ 86.8066049, 26.872368 ], [ 86.7907852, 26.8802919 ], [ 86.7847502, 26.8805646 ], [ 86.7827976, 26.8852919 ], [ 86.779713, 26.8877703 ], [ 86.7719246, 26.8848881 ], [ 86.7711085, 26.8866029 ], [ 86.7738821, 26.8966418 ], [ 86.7683619, 26.9006925 ], [ 86.7662054, 26.9136945 ], [ 86.7606854, 26.9251023 ], [ 86.7640704, 26.9337925 ], [ 86.7636466, 26.9386611 ], [ 86.7609726, 26.9414393 ], [ 86.7633883, 26.947917 ], [ 86.7641063, 26.9577746 ], [ 86.760632, 26.9661235 ], [ 86.7606661, 26.970404 ], [ 86.7549777, 26.9733486 ], [ 86.7563402, 26.9866744 ], [ 86.7520825, 26.9882831 ], [ 86.7542624, 26.9992095 ], [ 86.7532406, 27.0071001 ], [ 86.7490868, 27.0100366 ], [ 86.7472797, 27.0162343 ], [ 86.7475863, 27.0230314 ], [ 86.739718, 27.0320733 ], [ 86.7314409, 27.0347129 ], [ 86.725957, 27.0400223 ], [ 86.7269107, 27.0455134 ], [ 86.7205071, 27.0543108 ], [ 86.7189402, 27.0605596 ], [ 86.7203368, 27.0623493 ], [ 86.7131497, 27.0646545 ], [ 86.7093688, 27.0688706 ], [ 86.7108675, 27.0734808 ], [ 86.6991404, 27.0853675 ], [ 86.6981503, 27.0873742 ], [ 86.7001779, 27.0908161 ], [ 86.6991776, 27.0926935 ], [ 86.6900939, 27.1022242 ], [ 86.6816319, 27.1034756 ], [ 86.6750084, 27.1118263 ], [ 86.6714938, 27.1136311 ], [ 86.6686822, 27.1174572 ], [ 86.669331, 27.1195988 ], [ 86.6549214, 27.1246518 ], [ 86.6498118, 27.1305949 ], [ 86.6282919, 27.1344926 ], [ 86.6165858, 27.1398577 ], [ 86.605907, 27.1398096 ], [ 86.5970936, 27.1441159 ], [ 86.5898482, 27.1501782 ], [ 86.5847656, 27.1520546 ], [ 86.5774662, 27.1519584 ], [ 86.5714104, 27.1478448 ], [ 86.5605964, 27.1453188 ], [ 86.5551083, 27.1405794 ], [ 86.5491876, 27.1408441 ], [ 86.5469707, 27.1372834 ], [ 86.5346158, 27.1361527 ], [ 86.5245858, 27.1259511 ], [ 86.5195843, 27.1176737 ], [ 86.5113966, 27.1125619 ], [ 86.5060939, 27.1126685 ], [ 86.5026604, 27.1144733 ], [ 86.4921168, 27.1044383 ], [ 86.4897343, 27.104903 ], [ 86.4843037, 27.1101417 ], [ 86.4784912, 27.1076149 ], [ 86.4751118, 27.1024648 ], [ 86.4701914, 27.1044142 ], [ 86.4661902, 27.1023204 ], [ 86.4601344, 27.1058341 ], [ 86.460089, 27.118706 ], [ 86.4548265, 27.1191608 ], [ 86.4478608, 27.125891 ], [ 86.4477416, 27.1299987 ], [ 86.4455787, 27.1327421 ], [ 86.4411336, 27.1337121 ], [ 86.4319709, 27.1306959 ], [ 86.4268537, 27.13233 ] ] ] } },
{ "type": "Feature", "properties": { "district_id": 17, "name": "गुल्मी" }, "geometry": { "type": "Polygon", "coordinates": [ [ [ 83.0218548, 28.2348878 ], [ 83.0298551, 28.2411349 ], [ 83.0368544, 28.2401415 ], [ 83.0430598, 28.2433352 ], [ 83.0505712, 28.2433881 ], [ 83.0708712, 28.2389269 ], [ 83.076055, 28.2332213 ], [ 83.0778574, 28.2338296 ], [ 83.0807946, 28.2408745 ], [ 83.0863739, 28.2472517 ], [ 83.0884212, 28.247617 ], [ 83.094088, 28.2567129 ], [ 83.1013777, 28.2556266 ], [ 83.105834, 28.2516559 ], [ 83.1139107, 28.2530294 ], [ 83.1247505, 28.2580181 ], [ 83.1266424, 28.2518053 ], [ 83.1308316, 28.2498147 ], [ 83.1341579, 28.2507709 ], [ 83.1438819, 28.2613751 ], [ 83.1547632, 28.2703092 ], [ 83.1614738, 28.266864 ], [ 83.1678774, 28.2580701 ], [ 83.178041, 28.2648581 ], [ 83.1802254, 28.2686216 ], [ 83.1848678, 28.2708026 ], [ 83.1895858, 28.2643919 ], [ 83.1935339, 28.2633503 ], [ 83.2036442, 28.2562527 ], [ 83.2062235, 28.2515997 ], [ 83.2158362, 28.2482921 ], [ 83.2155982, 28.2440402 ], [ 83.2195651, 28.2417776 ], [ 83.2223554, 28.2367891 ], [ 83.2257999, 28.2357321 ], [ 83.2257868, 28.2327035 ], [ 83.2331972, 28.2261661 ], [ 83.2336293, 28.2219702 ], [ 83.242883, 28.2193607 ], [ 83.2441313, 28.2171753 ], [ 83.2518228, 28.2141105 ], [ 83.2537508, 28.2115881 ], [ 83.2542148, 28.2066064 ], [ 83.258868, 28.2040262 ], [ 83.2593421, 28.1997867 ], [ 83.2669555, 28.1989195 ], [ 83.2708289, 28.1950416 ], [ 83.2705532, 28.1913736 ], [ 83.273215, 28.1891894 ], [ 83.2730509, 28.1868064 ], [ 83.2775603, 28.1908816 ], [ 83.2799328, 28.1896822 ], [ 83.2896716, 28.1930329 ], [ 83.29772, 28.1925143 ], [ 83.3048566, 28.197676 ], [ 83.3074177, 28.1976937 ], [ 83.3161811, 28.1900704 ], [ 83.3249817, 28.1903926 ], [ 83.3265842, 28.1889643 ], [ 83.3377378, 28.1897914 ], [ 83.3447427, 28.1936482 ], [ 83.350021, 28.1943857 ], [ 83.3527305, 28.198074 ], [ 83.3557014, 28.1974678 ], [ 83.3555669, 28.1956874 ], [ 83.3616405, 28.1925093 ], [ 83.3643887, 28.1891569 ], [ 83.364972, 28.1851685 ], [ 83.3699341, 28.1826875 ], [ 83.3703673, 28.1764216 ], [ 83.3740016, 28.1752192 ], [ 83.384018, 28.1635412 ], [ 83.3900224, 28.1673855 ], [ 83.3958348, 28.1545754 ], [ 83.3995936, 28.1506436 ], [ 83.4063017, 28.148581 ], [ 83.4075572, 28.1453421 ], [ 83.4105909, 28.1445447 ], [ 83.4137376, 28.1376012 ], [ 83.4184666, 28.1368709 ], [ 83.4192836, 28.1283237 ], [ 83.4230499, 28.1254234 ], [ 83.4268419, 28.1254949 ], [ 83.4306841, 28.129019 ], [ 83.436245, 28.1292281 ], [ 83.4375493, 28.1308871 ], [ 83.4389805, 28.1310756 ], [ 83.444837, 28.1250469 ], [ 83.4516216, 28.1266909 ], [ 83.4573484, 28.1324075 ], [ 83.4619085, 28.1299781 ], [ 83.4670534, 28.1325091 ], [ 83.4735243, 28.1323682 ], [ 83.4781396, 28.1289949 ], [ 83.4740975, 28.1193925 ], [ 83.476734, 28.117556 ], [ 83.4833186, 28.1167592 ], [ 83.4851602, 28.1129571 ], [ 83.499597, 28.1174742 ], [ 83.5062518, 28.1262746 ], [ 83.5101088, 28.1263448 ], [ 83.5151993, 28.1223061 ], [ 83.5209152, 28.120069 ], [ 83.524112, 28.1207891 ], [ 83.5315156, 28.1164745 ], [ 83.5388983, 28.1206066 ], [ 83.544506, 28.1210099 ], [ 83.5540523, 28.1175096 ], [ 83.5552988, 28.1061531 ], [ 83.5649207, 28.1012142 ], [ 83.562191, 28.0930434 ], [ 83.5674178, 28.0895507 ], [ 83.5754985, 28.0872968 ], [ 83.5754511, 28.0831177 ], [ 83.5805045, 28.0773946 ], [ 83.5718999, 28.0731016 ], [ 83.5670194, 28.0644858 ], [ 83.5609694, 28.0641942 ], [ 83.5642846, 28.0579702 ], [ 83.5592207, 28.0435923 ], [ 83.5598976, 28.0418915 ], [ 83.563937, 28.0412069 ], [ 83.5642996, 28.0392221 ], [ 83.5616174, 28.0359295 ], [ 83.5691609, 28.0329067 ], [ 83.5753793, 28.0325619 ], [ 83.5786398, 28.0340847 ], [ 83.5835042, 28.0264507 ], [ 83.5904286, 28.0257328 ], [ 83.5912723, 28.0211149 ], [ 83.5959411, 28.0216944 ], [ 83.5989366, 28.0155437 ], [ 83.6048959, 28.0122795 ], [ 83.6033757, 27.9973945 ], [ 83.5944186, 27.9899865 ], [ 83.5841191, 27.9870497 ], [ 83.5845675, 27.9791134 ], [ 83.5794256, 27.9792898 ], [ 83.578541, 27.9754904 ], [ 83.5766664, 27.9744276 ], [ 83.5713465, 27.976075 ], [ 83.5563694, 27.973959 ], [ 83.5549283, 27.9763374 ], [ 83.5498448, 27.976789 ], [ 83.5463528, 27.9711485 ], [ 83.5418424, 27.9716431 ], [ 83.5338183, 27.9681911 ], [ 83.5311511, 27.9647191 ], [ 83.5279668, 27.9668361 ], [ 83.522778, 27.9639915 ], [ 83.5112266, 27.9673819 ], [ 83.5021682, 27.9766515 ], [ 83.4862087, 27.981848 ], [ 83.4824771, 27.9812143 ], [ 83.4779993, 27.9748009 ], [ 83.4755881, 27.9746995 ], [ 83.4659298, 27.963082 ], [ 83.4637596, 27.9553885 ], [ 83.4574531, 27.950742 ], [ 83.4441258, 27.9445653 ], [ 83.4456931, 27.9388679 ], [ 83.4400594, 27.9340534 ], [ 83.439459, 27.9362558 ], [ 83.4342126, 27.9354114 ], [ 83.4327118, 27.9395462 ], [ 83.4272851, 27.9399837 ], [ 83.4245408, 27.9349524 ], [ 83.4182304, 27.9303004 ], [ 83.4096638, 27.9311423 ], [ 83.4065068, 27.9336581 ], [ 83.3993262, 27.9347701 ], [ 83.3979644, 27.942007 ], [ 83.3931567, 27.9448324 ], [ 83.3924878, 27.9480452 ], [ 83.3879157, 27.950009 ], [ 83.3872584, 27.9521085 ], [ 83.3798478, 27.9568075 ], [ 83.3763401, 27.9563883 ], [ 83.3777845, 27.9591768 ], [ 83.3715118, 27.9580286 ], [ 83.3605139, 27.9518135 ], [ 83.3553967, 27.9527248 ], [ 83.3545714, 27.9542923 ], [ 83.3446878, 27.9505011 ], [ 83.3424799, 27.9409315 ], [ 83.3433053, 27.9384707 ], [ 83.3464004, 27.9372675 ], [ 83.3455832, 27.9302438 ], [ 83.3438983, 27.9263479 ], [ 83.3392517, 27.9260438 ], [ 83.336867, 27.9225031 ], [ 83.3256318, 27.9204177 ], [ 83.3090466, 27.9259541 ], [ 83.306045, 27.9288279 ], [ 83.3008113, 27.9264325 ], [ 83.2962143, 27.9270574 ], [ 83.2928666, 27.9248494 ], [ 83.2815104, 27.9256974 ], [ 83.2796301, 27.9271055 ], [ 83.2785096, 27.9339933 ], [ 83.2795704, 27.9363677 ], [ 83.2823758, 27.9367426 ], [ 83.2838733, 27.9426764 ], [ 83.29114, 27.9440378 ], [ 83.2935527, 27.9465503 ], [ 83.2917911, 27.9503266 ], [ 83.2973701, 27.950806 ], [ 83.3026564, 27.9558153 ], [ 83.298537, 27.959847 ], [ 83.3012653, 27.9641761 ], [ 83.3010708, 27.9674002 ], [ 83.2799226, 27.9677227 ], [ 83.2686204, 27.9831514 ], [ 83.263386, 27.9858011 ], [ 83.2629685, 27.9893113 ], [ 83.2536503, 27.9860895 ], [ 83.2521564, 27.9871969 ], [ 83.2518249, 27.9956158 ], [ 83.2499598, 27.9957395 ], [ 83.2494171, 27.9978906 ], [ 83.2456741, 27.9980129 ], [ 83.2433325, 28.0065089 ], [ 83.2441788, 28.0085826 ], [ 83.2397243, 28.0080941 ], [ 83.2368377, 28.0184508 ], [ 83.2333691, 28.0215683 ], [ 83.232843, 28.0399056 ], [ 83.2306222, 28.046391 ], [ 83.2277483, 28.0508296 ], [ 83.219845, 28.05449 ], [ 83.2191265, 28.0592453 ], [ 83.2154688, 28.059447 ], [ 83.2110852, 28.0663752 ], [ 83.2049951, 28.067371 ], [ 83.2010666, 28.0729625 ], [ 83.1955786, 28.0748107 ], [ 83.1947635, 28.0813188 ], [ 83.1925254, 28.0836174 ], [ 83.1860764, 28.0840273 ], [ 83.1820961, 28.087575 ], [ 83.1749695, 28.0805093 ], [ 83.1708007, 28.0791624 ], [ 83.1703897, 28.0751215 ], [ 83.1583531, 28.0656924 ], [ 83.1559541, 28.0612397 ], [ 83.1501917, 28.0604075 ], [ 83.1373045, 28.0626322 ], [ 83.1336339, 28.0671949 ], [ 83.1291669, 28.0676147 ], [ 83.124683, 28.0705455 ], [ 83.1268817, 28.0775564 ], [ 83.1247964, 28.0842851 ], [ 83.1229301, 28.0848529 ], [ 83.1157845, 28.0813381 ], [ 83.1096781, 28.0816489 ], [ 83.1021802, 28.0777255 ], [ 83.0965279, 28.0816812 ], [ 83.0966239, 28.089891 ], [ 83.0999488, 28.0934072 ], [ 83.0984574, 28.0951398 ], [ 83.0905956, 28.0977585 ], [ 83.0854287, 28.096878 ], [ 83.073193, 28.0909697 ], [ 83.0669021, 28.096562 ], [ 83.0663623, 28.1053151 ], [ 83.0699869, 28.1087438 ], [ 83.0634552, 28.1099369 ], [ 83.0605561, 28.1070289 ], [ 83.0566835, 28.1067552 ], [ 83.055042, 28.1080896 ], [ 83.0527033, 28.1109966 ], [ 83.0539867, 28.1145755 ], [ 83.0529177, 28.1209497 ], [ 83.0589366, 28.1273933 ], [ 83.058231, 28.129952 ], [ 83.0528533, 28.1345557 ], [ 83.0514371, 28.1394708 ], [ 83.0494132, 28.1403428 ], [ 83.0523972, 28.1428129 ], [ 83.0555394, 28.1410149 ], [ 83.0568301, 28.1442859 ], [ 83.0485994, 28.1522916 ], [ 83.0415313, 28.1546107 ], [ 83.0425945, 28.1561239 ], [ 83.0375811, 28.1567537 ], [ 83.0374661, 28.1617415 ], [ 83.0398831, 28.1634353 ], [ 83.0420255, 28.1684786 ], [ 83.0342041, 28.1682255 ], [ 83.0297148, 28.1736329 ], [ 83.0295186, 28.1747176 ], [ 83.0331642, 28.1756545 ], [ 83.0371423, 28.1913087 ], [ 83.0348756, 28.1965811 ], [ 83.0357608, 28.2038618 ], [ 83.02774, 28.2184792 ], [ 83.0271496, 28.2356686 ], [ 83.0218548, 28.2348878 ] ] ] } },
{ "type": "Feature", "properties": { "district_id": 18, "name": "गोरखा" }, "geometry": { "type": "Polygon", "coordinates": [ [ [ 84.4186891, 27.9692014 ], [ 84.4215198, 27.9738902 ], [ 84.4208528, 27.9782707 ], [ 84.4269262, 27.9832432 ], [ 84.4272059, 27.9857138 ], [ 84.4361586, 27.9886372 ], [ 84.4396092, 27.9878343 ], [ 84.4373943, 27.9924459 ], [ 84.4431063, 27.9927547 ], [ 84.4527118, 28.0003715 ], [ 84.4529916, 28.003171 ], [ 84.4572814, 28.0045502 ], [ 84.4566753, 28.0088111 ], [ 84.4600558, 28.0142245 ], [ 84.4591233, 28.0185262 ], [ 84.4609418, 28.0214487 ], [ 84.4597661, 28.0245219 ], [ 84.4641334, 28.0280977 ], [ 84.4617204, 28.0298359 ], [ 84.4637628, 28.0354019 ], [ 84.4614314, 28.0392089 ], [ 84.4646488, 28.0397851 ], [ 84.4659544, 28.0417194 ], [ 84.4644156, 28.0441886 ], [ 84.4685656, 28.045629 ], [ 84.4658145, 28.050485 ], [ 84.4682392, 28.0520076 ], [ 84.472656, 28.0510241 ], [ 84.477694, 28.0583161 ], [ 84.4823257, 28.055671 ], [ 84.4871708, 28.0625731 ], [ 84.4856015, 28.0647739 ], [ 84.4882261, 28.0665334 ], [ 84.4868833, 28.069747 ], [ 84.487982, 28.0710755 ], [ 84.4834773, 28.0765994 ], [ 84.4847433, 28.0779703 ], [ 84.4877818, 28.0766983 ], [ 84.4876742, 28.0777927 ], [ 84.4860434, 28.0806136 ], [ 84.4793916, 28.0793451 ], [ 84.4775864, 28.0879471 ], [ 84.4787361, 28.0893592 ], [ 84.4905478, 28.0858131 ], [ 84.4937638, 28.0869002 ], [ 84.4983172, 28.0855404 ], [ 84.5128667, 28.0879287 ], [ 84.5177751, 28.0909519 ], [ 84.5204689, 28.0951147 ], [ 84.526268, 28.0961438 ], [ 84.5349738, 28.1009167 ], [ 84.5408365, 28.0999874 ], [ 84.5471982, 28.1073871 ], [ 84.5509555, 28.1087498 ], [ 84.5492031, 28.1124252 ], [ 84.550881, 28.1150704 ], [ 84.5540694, 28.1160763 ], [ 84.5543344, 28.1189919 ], [ 84.5518512, 28.1203503 ], [ 84.5556913, 28.1211909 ], [ 84.5558432, 28.1247027 ], [ 84.5589655, 28.1249614 ], [ 84.5611344, 28.1278629 ], [ 84.5704183, 28.1285699 ], [ 84.570271, 28.1308475 ], [ 84.5739696, 28.1305795 ], [ 84.5760223, 28.1330612 ], [ 84.5747344, 28.1342292 ], [ 84.5768509, 28.1362065 ], [ 84.5761385, 28.1383039 ], [ 84.5872553, 28.1433207 ], [ 84.585736, 28.1465266 ], [ 84.600755, 28.1518274 ], [ 84.6023041, 28.1557234 ], [ 84.6053231, 28.155895 ], [ 84.6094036, 28.1599886 ], [ 84.6082853, 28.1623325 ], [ 84.6095302, 28.1664249 ], [ 84.6125687, 28.1677828 ], [ 84.613476, 28.1707032 ], [ 84.6117007, 28.1726323 ], [ 84.6159687, 28.1751268 ], [ 84.61931, 28.1798923 ], [ 84.6227715, 28.1803394 ], [ 84.6231848, 28.1841967 ], [ 84.6330813, 28.189177 ], [ 84.6363483, 28.1986088 ], [ 84.6401293, 28.2041369 ], [ 84.6375033, 28.2103955 ], [ 84.6370856, 28.2162856 ], [ 84.6336554, 28.2215299 ], [ 84.6327289, 28.2296423 ], [ 84.6354742, 28.2367407 ], [ 84.6472313, 28.2518823 ], [ 84.6516734, 28.2678675 ], [ 84.6506776, 28.2772565 ], [ 84.6464575, 28.2820878 ], [ 84.6470905, 28.2930317 ], [ 84.6517627, 28.3061029 ], [ 84.6547921, 28.3123713 ], [ 84.6598553, 28.3149324 ], [ 84.6582153, 28.3234149 ], [ 84.6636323, 28.3210808 ], [ 84.6669355, 28.3274318 ], [ 84.6696775, 28.3432029 ], [ 84.6799426, 28.3427827 ], [ 84.6948627, 28.3620056 ], [ 84.6753471, 28.3769718 ], [ 84.6755262, 28.3864756 ], [ 84.6645824, 28.4030887 ], [ 84.654422, 28.4145734 ], [ 84.6467737, 28.4189565 ], [ 84.6350716, 28.4411438 ], [ 84.6182969, 28.449975 ], [ 84.6105953, 28.4480827 ], [ 84.5991463, 28.4506283 ], [ 84.5919848, 28.4664851 ], [ 84.5818515, 28.4738649 ], [ 84.5714907, 28.4775769 ], [ 84.5657738, 28.4839382 ], [ 84.5650881, 28.4964836 ], [ 84.5705411, 28.5076202 ], [ 84.5663088, 28.5197091 ], [ 84.5580556, 28.5306981 ], [ 84.5598479, 28.5469815 ], [ 84.5575771, 28.5534469 ], [ 84.5473654, 28.5545696 ], [ 84.5494534, 28.5666362 ], [ 84.540945, 28.6018261 ], [ 84.5412741, 28.6266225 ], [ 84.5367646, 28.6319996 ], [ 84.5347871, 28.641911 ], [ 84.5312667, 28.6470337 ], [ 84.5219723, 28.6489069 ], [ 84.5187235, 28.6528403 ], [ 84.5208894, 28.6545561 ], [ 84.5229349, 28.66134 ], [ 84.51297, 28.6759094 ], [ 84.5166171, 28.6864033 ], [ 84.5214904, 28.6900186 ], [ 84.5206335, 28.6951737 ], [ 84.501739, 28.6987492 ], [ 84.4908084, 28.7098383 ], [ 84.4885764, 28.7146272 ], [ 84.4823549, 28.7183942 ], [ 84.492981, 28.736746 ], [ 84.502208, 28.744007 ], [ 84.50962, 28.745217 ], [ 84.515217, 28.749301 ], [ 84.524595, 28.741436 ], [ 84.532915, 28.744612 ], [ 84.538058, 28.743402 ], [ 84.542596, 28.744461 ], [ 84.549857, 28.749906 ], [ 84.555302, 28.75157 ], [ 84.557874, 28.745974 ], [ 84.56574, 28.742041 ], [ 84.572244, 28.734931 ], [ 84.586765, 28.735082 ], [ 84.592816, 28.736898 ], [ 84.60522, 28.733419 ], [ 84.613236, 28.736293 ], [ 84.625489, 28.736746 ], [ 84.628968, 28.731906 ], [ 84.635926, 28.730393 ], [ 84.642885, 28.725553 ], [ 84.643792, 28.719956 ], [ 84.64954, 28.717687 ], [ 84.651053, 28.701502 ], [ 84.65786, 28.699989 ], [ 84.666822, 28.693906 ], [ 84.668991, 28.689786 ], [ 84.668124, 28.683931 ], [ 84.678531, 28.678872 ], [ 84.687566, 28.679306 ], [ 84.696673, 28.671572 ], [ 84.704696, 28.671211 ], [ 84.697468, 28.653864 ], [ 84.701371, 28.646926 ], [ 84.6986851, 28.6402585 ], [ 84.6945372, 28.6362557 ], [ 84.713513, 28.633627 ], [ 84.72103, 28.626833 ], [ 84.724933, 28.6204 ], [ 84.731149, 28.620472 ], [ 84.733606, 28.617798 ], [ 84.738707, 28.616861 ], [ 84.746812, 28.618597 ], [ 84.755496, 28.613677 ], [ 84.763311, 28.613242 ], [ 84.767508, 28.610782 ], [ 84.779955, 28.610492 ], [ 84.8568077, 28.570342 ], [ 84.858399, 28.573731 ], [ 84.869254, 28.582415 ], [ 84.878662, 28.580533 ], [ 84.888503, 28.582704 ], [ 84.891253, 28.590085 ], [ 84.898779, 28.590085 ], [ 84.902397, 28.593848 ], [ 84.906305, 28.588783 ], [ 84.911226, 28.589362 ], [ 84.920344, 28.595151 ], [ 84.945093, 28.595006 ], [ 84.947698, 28.589651 ], [ 84.9483409, 28.5803488 ], [ 84.964597, 28.586792 ], [ 84.972148, 28.587215 ], [ 84.974685, 28.589873 ], [ 84.983746, 28.591867 ], [ 84.992687, 28.600626 ], [ 84.986223, 28.604673 ], [ 84.987612, 28.611016 ], [ 85.000298, 28.622916 ], [ 85.009238, 28.637052 ], [ 85.017212, 28.639528 ], [ 85.022045, 28.647925 ], [ 85.027723, 28.652395 ], [ 85.029475, 28.655838 ], [ 85.04065, 28.658255 ], [ 85.041798, 28.668887 ], [ 85.05237, 28.670276 ], [ 85.054061, 28.680364 ], [ 85.058169, 28.682478 ], [ 85.07019, 28.679337 ], [ 85.078224, 28.672692 ], [ 85.088856, 28.671847 ], [ 85.093326, 28.677706 ], [ 85.101965, 28.681753 ], [ 85.111086, 28.683747 ], [ 85.114831, 28.686948 ], [ 85.132229, 28.676015 ], [ 85.136336, 28.66647 ], [ 85.144431, 28.661215 ], [ 85.144371, 28.656443 ], [ 85.154519, 28.649254 ], [ 85.157056, 28.643757 ], [ 85.163097, 28.64279 ], [ 85.178441, 28.645871 ], [ 85.188106, 28.64122 ], [ 85.185025, 28.632038 ], [ 85.192939, 28.630346 ], [ 85.197831, 28.627568 ], [ 85.197348, 28.620923 ], [ 85.192697, 28.611922 ], [ 85.18961, 28.609423 ], [ 85.188163, 28.604791 ], [ 85.17369, 28.5977 ], [ 85.175861, 28.591621 ], [ 85.181795, 28.586555 ], [ 85.181216, 28.579319 ], [ 85.190334, 28.569477 ], [ 85.185702, 28.562096 ], [ 85.188742, 28.555149 ], [ 85.186426, 28.533005 ], [ 85.166308, 28.532715 ], [ 85.165295, 28.527216 ], [ 85.166598, 28.522005 ], [ 85.157046, 28.510572 ], [ 85.156177, 28.501019 ], [ 85.157625, 28.498414 ], [ 85.15227, 28.490454 ], [ 85.147204, 28.48756 ], [ 85.140981, 28.488428 ], [ 85.133599, 28.486836 ], [ 85.124047, 28.489007 ], [ 85.123613, 28.487415 ], [ 85.117968, 28.485389 ], [ 85.117679, 28.481481 ], [ 85.113192, 28.478442 ], [ 85.113337, 28.472652 ], [ 85.110877, 28.468455 ], [ 85.104508, 28.461218 ], [ 85.100166, 28.458613 ], [ 85.1001001, 28.4545547 ], [ 85.104508, 28.446022 ], [ 85.114784, 28.443706 ], [ 85.113192, 28.430246 ], [ 85.117679, 28.415628 ], [ 85.116521, 28.408102 ], [ 85.121442, 28.400287 ], [ 85.126073, 28.397537 ], [ 85.127376, 28.392471 ], [ 85.122455, 28.386827 ], [ 85.122889, 28.374959 ], [ 85.121008, 28.372499 ], [ 85.115653, 28.370472 ], [ 85.114929, 28.364394 ], [ 85.1082748, 28.3463573 ], [ 85.0962927, 28.3442233 ], [ 85.0880016, 28.3463277 ], [ 85.0789792, 28.3453742 ], [ 85.0681448, 28.3400474 ], [ 85.0538172, 28.3278967 ], [ 85.0496703, 28.325644 ], [ 85.0462145, 28.3262031 ], [ 85.0417687, 28.3185403 ], [ 85.0424411, 28.3144455 ], [ 85.0318236, 28.3017279 ], [ 85.0371259, 28.2943133 ], [ 85.0369546, 28.2898737 ], [ 85.0316441, 28.2797078 ], [ 85.0280799, 28.2626748 ], [ 85.0012741, 28.2533233 ], [ 84.9993591, 28.2518974 ], [ 85.0008781, 28.2461887 ], [ 84.9972608, 28.239862 ], [ 84.992839, 28.2414976 ], [ 84.9913309, 28.2441419 ], [ 84.9863416, 28.2394384 ], [ 84.9760656, 28.2246126 ], [ 84.9708562, 28.2232181 ], [ 84.9638332, 28.2174367 ], [ 84.9637013, 28.2148219 ], [ 84.9616241, 28.2127881 ], [ 84.9627122, 28.2073257 ], [ 84.9671009, 28.2040825 ], [ 84.9733021, 28.1893635 ], [ 84.9672404, 28.184891 ], [ 84.96358, 28.1779243 ], [ 84.9645764, 28.1739883 ], [ 84.9601062, 28.1639074 ], [ 84.9571453, 28.147093 ], [ 84.9537414, 28.1425086 ], [ 84.9556288, 28.1412582 ], [ 84.9582479, 28.1337687 ], [ 84.9564808, 28.132517 ], [ 84.9565041, 28.1268834 ], [ 84.9540328, 28.1243338 ], [ 84.9450773, 28.1239438 ], [ 84.9422961, 28.1217313 ], [ 84.9399589, 28.124246 ], [ 84.9346349, 28.1252865 ], [ 84.9312779, 28.1240458 ], [ 84.9288769, 28.1262995 ], [ 84.9200379, 28.1154333 ], [ 84.921429, 28.1067228 ], [ 84.9179965, 28.1035446 ], [ 84.9134438, 28.1030313 ], [ 84.9002917, 28.1068135 ], [ 84.8923086, 28.1000925 ], [ 84.885243, 28.1056346 ], [ 84.8808569, 28.112891 ], [ 84.8726623, 28.1168462 ], [ 84.8692294, 28.1205926 ], [ 84.8621929, 28.1216906 ], [ 84.8589036, 28.1201952 ], [ 84.8545538, 28.1227829 ], [ 84.8494588, 28.1186613 ], [ 84.8435991, 28.1164438 ], [ 84.841994, 28.1147008 ], [ 84.84232, 28.1108388 ], [ 84.8370111, 28.1042658 ], [ 84.8369078, 28.0955504 ], [ 84.8316909, 28.09024 ], [ 84.8315863, 28.0851329 ], [ 84.827746, 28.0751526 ], [ 84.8234481, 28.0653672 ], [ 84.8205935, 28.0632826 ], [ 84.8213921, 28.058238 ], [ 84.8184494, 28.0549702 ], [ 84.8186374, 28.0483016 ], [ 84.8143809, 28.0455812 ], [ 84.8092833, 28.0382529 ], [ 84.8093528, 28.0344936 ], [ 84.8131775, 28.0291968 ], [ 84.8118421, 28.0257188 ], [ 84.8127983, 28.021513 ], [ 84.8095011, 28.0185732 ], [ 84.8096341, 28.0143253 ], [ 84.8132004, 28.0097276 ], [ 84.8110927, 28.0027981 ], [ 84.8010165, 28.0005987 ], [ 84.7971463, 28.0024514 ], [ 84.7968432, 27.9979226 ], [ 84.790525, 27.9983755 ], [ 84.7883801, 27.9962757 ], [ 84.7881236, 27.9892351 ], [ 84.7858388, 27.9881645 ], [ 84.7842768, 27.9832852 ], [ 84.7792875, 27.9821734 ], [ 84.7761244, 27.9773819 ], [ 84.7719206, 27.9776586 ], [ 84.7714704, 27.9763366 ], [ 84.7747179, 27.9741641 ], [ 84.7752774, 27.9719815 ], [ 84.7702171, 27.9678653 ], [ 84.7604029, 27.9674926 ], [ 84.7568125, 27.9630859 ], [ 84.7457345, 27.9603021 ], [ 84.7456412, 27.9532591 ], [ 84.7408151, 27.9483369 ], [ 84.7393463, 27.9363292 ], [ 84.7329582, 27.9333014 ], [ 84.736129, 27.9308296 ], [ 84.7365253, 27.9283783 ], [ 84.7318158, 27.9261124 ], [ 84.7335644, 27.9246498 ], [ 84.7350506, 27.9151431 ], [ 84.7332147, 27.9073447 ], [ 84.7377836, 27.8965939 ], [ 84.7356882, 27.8933173 ], [ 84.7367433, 27.890986 ], [ 84.7496681, 27.8859152 ], [ 84.7459636, 27.8796684 ], [ 84.7513826, 27.8762394 ], [ 84.7557294, 27.8693987 ], [ 84.7553868, 27.8641484 ], [ 84.757715, 27.860565 ], [ 84.7649956, 27.8598801 ], [ 84.7659783, 27.8530277 ], [ 84.7681262, 27.8516238 ], [ 84.7673306, 27.8443785 ], [ 84.7702966, 27.842669 ], [ 84.7704764, 27.8393561 ], [ 84.7759879, 27.8350763 ], [ 84.7731696, 27.8297142 ], [ 84.7745815, 27.8227131 ], [ 84.7825865, 27.8140433 ], [ 84.7791862, 27.8128771 ], [ 84.7752592, 27.8084351 ], [ 84.7684246, 27.8119086 ], [ 84.7700106, 27.8144134 ], [ 84.7652939, 27.8184824 ], [ 84.7623717, 27.8184168 ], [ 84.7566485, 27.8135939 ], [ 84.7559905, 27.8081013 ], [ 84.7532338, 27.8058865 ], [ 84.7400559, 27.8044941 ], [ 84.7376967, 27.8032522 ], [ 84.7371266, 27.7991217 ], [ 84.7302914, 27.7955552 ], [ 84.7275894, 27.8000628 ], [ 84.7223347, 27.8011598 ], [ 84.719068, 27.8037805 ], [ 84.7109483, 27.800564 ], [ 84.7081835, 27.8024234 ], [ 84.70778, 27.807049 ], [ 84.6841333, 27.8106924 ], [ 84.6766508, 27.8155176 ], [ 84.6677392, 27.818539 ], [ 84.6664672, 27.8247515 ], [ 84.661441, 27.828512 ], [ 84.6641096, 27.8408076 ], [ 84.6600074, 27.8499595 ], [ 84.6559662, 27.8522551 ], [ 84.6471612, 27.8536081 ], [ 84.6496558, 27.859256 ], [ 84.6460189, 27.860656 ], [ 84.6348772, 27.860679 ], [ 84.6327609, 27.8695233 ], [ 84.629054, 27.8702859 ], [ 84.6262796, 27.8734598 ], [ 84.6277717, 27.8751498 ], [ 84.6273054, 27.8777877 ], [ 84.6222462, 27.8806111 ], [ 84.619122, 27.880879 ], [ 84.6139527, 27.8764392 ], [ 84.6137662, 27.8729562 ], [ 84.6069818, 27.8714723 ], [ 84.6025987, 27.8761094 ], [ 84.5939121, 27.8770561 ], [ 84.5898936, 27.8799496 ], [ 84.5776769, 27.8717369 ], [ 84.5765, 27.869198 ], [ 84.5775836, 27.8653065 ], [ 84.5729156, 27.8611786 ], [ 84.5592411, 27.8579518 ], [ 84.5511564, 27.8611956 ], [ 84.5473317, 27.8628571 ], [ 84.5524078, 27.870102 ], [ 84.5447929, 27.8697069 ], [ 84.5404456, 27.8773163 ], [ 84.545286, 27.8810654 ], [ 84.5403726, 27.8857896 ], [ 84.5402563, 27.89634 ], [ 84.5412119, 27.9021917 ], [ 84.5454151, 27.9052265 ], [ 84.5374677, 27.9095202 ], [ 84.5403198, 27.9129146 ], [ 84.5382591, 27.9176927 ], [ 84.5364621, 27.918086 ], [ 84.5340552, 27.9137304 ], [ 84.5318626, 27.9129583 ], [ 84.5230922, 27.9155368 ], [ 84.5177838, 27.9127252 ], [ 84.5122775, 27.9176053 ], [ 84.5103817, 27.9137158 ], [ 84.501298, 27.9155368 ], [ 84.4999297, 27.9174888 ], [ 84.5069362, 27.9191931 ], [ 84.507744, 27.9219899 ], [ 84.4952689, 27.927593 ], [ 84.4867389, 27.926642 ], [ 84.4817508, 27.9297663 ], [ 84.4822013, 27.9323101 ], [ 84.473311, 27.9363988 ], [ 84.4736332, 27.9404461 ], [ 84.4635562, 27.9439707 ], [ 84.4586343, 27.942036 ], [ 84.4567536, 27.9434943 ], [ 84.4565671, 27.9476135 ], [ 84.4520922, 27.9499132 ], [ 84.4484529, 27.949962 ], [ 84.4459474, 27.9463548 ], [ 84.4428811, 27.9462674 ], [ 84.4397158, 27.9486266 ], [ 84.4253598, 27.9518505 ], [ 84.4205759, 27.9580484 ], [ 84.422175, 27.9641933 ], [ 84.4186891, 27.9692014 ] ] ] } },
{ "type": "Feature", "properties": { "district_id": 19, "name": "चितवन जिल्ला" }, "geometry": { "type": "Polygon", "coordinates": [ [ [ 83.9193619, 27.5379668 ], [ 83.9220662, 27.5427631 ], [ 83.926186, 27.5452745 ], [ 83.9313359, 27.5455028 ], [ 83.9487595, 27.5400994 ], [ 83.9543385, 27.5427631 ], [ 83.955915, 27.547455 ], [ 83.9672989, 27.5506014 ], [ 83.9767403, 27.5487751 ], [ 83.9834351, 27.5442851 ], [ 83.993649, 27.5433719 ], [ 83.9995713, 27.5458072 ], [ 84.0068669, 27.5445895 ], [ 84.0155358, 27.5391101 ], [ 84.0265221, 27.536903 ], [ 84.038202, 27.5395023 ], [ 84.0461842, 27.5547224 ], [ 84.0509907, 27.5567008 ], [ 84.0627495, 27.5517546 ], [ 84.0677277, 27.5517546 ], [ 84.0709035, 27.5575378 ], [ 84.0751092, 27.5596684 ], [ 84.079229, 27.5596684 ], [ 84.0894429, 27.5545702 ], [ 84.1080398, 27.551255 ], [ 84.1190888, 27.5558665 ], [ 84.1192261, 27.5599728 ], [ 84.1254918, 27.5654512 ], [ 84.1261784, 27.5712337 ], [ 84.1354481, 27.5850039 ], [ 84.1865174, 27.6261522 ], [ 84.2017094, 27.6345929 ], [ 84.2068593, 27.6392312 ], [ 84.2281453, 27.6449338 ], [ 84.2361275, 27.6504079 ], [ 84.2510416, 27.6540485 ], [ 84.2548806, 27.6508635 ], [ 84.2585686, 27.6509768 ], [ 84.2626126, 27.6567305 ], [ 84.2715068, 27.6630445 ], [ 84.2961496, 27.6699349 ], [ 84.3094634, 27.6772256 ], [ 84.3233069, 27.6872302 ], [ 84.3251891, 27.6932054 ], [ 84.3452344, 27.702714 ], [ 84.3583624, 27.6990424 ], [ 84.3672558, 27.687399 ], [ 84.3753817, 27.6820173 ], [ 84.3819055, 27.680247 ], [ 84.3905421, 27.6874045 ], [ 84.4048457, 27.6949085 ], [ 84.4303639, 27.7054471 ], [ 84.4312003, 27.711037 ], [ 84.4222193, 27.7414135 ], [ 84.426131, 27.7426057 ], [ 84.4342452, 27.7412706 ], [ 84.438172, 27.7434992 ], [ 84.4484835, 27.7577206 ], [ 84.450964, 27.7591589 ], [ 84.4568616, 27.7594248 ], [ 84.4636208, 27.7535953 ], [ 84.4679895, 27.7519951 ], [ 84.4717961, 27.7526838 ], [ 84.4703036, 27.761313 ], [ 84.4609706, 27.7737004 ], [ 84.4485695, 27.7783415 ], [ 84.4394065, 27.7782187 ], [ 84.4342635, 27.7830427 ], [ 84.4299717, 27.7913597 ], [ 84.4326265, 27.8136683 ], [ 84.4402269, 27.8165043 ], [ 84.4428837, 27.8212039 ], [ 84.4461599, 27.8233974 ], [ 84.4648966, 27.8188537 ], [ 84.4662421, 27.8199382 ], [ 84.4658878, 27.8247361 ], [ 84.4925852, 27.8192128 ], [ 84.496124, 27.8210135 ], [ 84.5116596, 27.8156061 ], [ 84.5172226, 27.8162277 ], [ 84.5206654, 27.8228025 ], [ 84.5207019, 27.8312432 ], [ 84.5224381, 27.8326965 ], [ 84.5391758, 27.8339063 ], [ 84.5455949, 27.8318333 ], [ 84.5549698, 27.8357782 ], [ 84.5587678, 27.8460412 ], [ 84.5568516, 27.8530155 ], [ 84.557998, 27.8575558 ], [ 84.5729156, 27.8611786 ], [ 84.5775836, 27.8653065 ], [ 84.5765, 27.869198 ], [ 84.5776769, 27.8717369 ], [ 84.5898936, 27.8799496 ], [ 84.5939121, 27.8770561 ], [ 84.6025987, 27.8761094 ], [ 84.6069818, 27.8714723 ], [ 84.6137662, 27.8729562 ], [ 84.6139527, 27.8764392 ], [ 84.619122, 27.880879 ], [ 84.6222462, 27.8806111 ], [ 84.6273054, 27.8777877 ], [ 84.6277717, 27.8751498 ], [ 84.6262796, 27.8734598 ], [ 84.629054, 27.8702859 ], [ 84.6327609, 27.8695233 ], [ 84.6348772, 27.860679 ], [ 84.6460189, 27.860656 ], [ 84.6496558, 27.859256 ], [ 84.6471612, 27.8536081 ], [ 84.6559662, 27.8522551 ], [ 84.6600074, 27.8499595 ], [ 84.6641096, 27.8408076 ], [ 84.6610056, 27.8310506 ], [ 84.661441, 27.828512 ], [ 84.6651325, 27.8259541 ], [ 84.6643549, 27.8242418 ], [ 84.6479616, 27.8220477 ], [ 84.6415033, 27.8231158 ], [ 84.6221695, 27.8161646 ], [ 84.6179835, 27.8093445 ], [ 84.6245944, 27.8096392 ], [ 84.6315072, 27.8064203 ], [ 84.6355162, 27.8073008 ], [ 84.6459763, 27.8003601 ], [ 84.6446224, 27.7937161 ], [ 84.6405186, 27.7929313 ], [ 84.6372613, 27.7946507 ], [ 84.6389742, 27.7864325 ], [ 84.6376895, 27.7830835 ], [ 84.6469404, 27.7847151 ], [ 84.6499444, 27.7799311 ], [ 84.6618978, 27.7812409 ], [ 84.674492, 27.7797792 ], [ 84.6684839, 27.7662614 ], [ 84.676379, 27.7634602 ], [ 84.6814443, 27.7595777 ], [ 84.6815156, 27.757611 ], [ 84.6773245, 27.74775 ], [ 84.6748897, 27.7470959 ], [ 84.675106, 27.7435308 ], [ 84.6692664, 27.7384103 ], [ 84.6753742, 27.730352 ], [ 84.6807448, 27.7311742 ], [ 84.6830774, 27.7264979 ], [ 84.6884168, 27.7254689 ], [ 84.6929315, 27.7214079 ], [ 84.695786, 27.7248045 ], [ 84.7025643, 27.727699 ], [ 84.7081164, 27.7281211 ], [ 84.7149628, 27.7259502 ], [ 84.7247282, 27.729642 ], [ 84.7283331, 27.7268309 ], [ 84.7366544, 27.7321177 ], [ 84.7580014, 27.7350687 ], [ 84.7581941, 27.7328209 ], [ 84.7703576, 27.722246 ], [ 84.7787721, 27.7203545 ], [ 84.7963669, 27.7090174 ], [ 84.7920246, 27.6971135 ], [ 84.7862121, 27.6918472 ], [ 84.7918765, 27.6869402 ], [ 84.7831521, 27.6802426 ], [ 84.779609, 27.6715966 ], [ 84.7749354, 27.6684233 ], [ 84.7696535, 27.6682338 ], [ 84.770282, 27.6619806 ], [ 84.766905, 27.6566248 ], [ 84.7592217, 27.653909 ], [ 84.753587, 27.654622 ], [ 84.7521075, 27.649932 ], [ 84.7437291, 27.6475196 ], [ 84.7425561, 27.6503089 ], [ 84.745911, 27.6532606 ], [ 84.7455018, 27.6557766 ], [ 84.7351973, 27.6569985 ], [ 84.731413, 27.6557566 ], [ 84.7316246, 27.6538216 ], [ 84.7271207, 27.6499836 ], [ 84.7296953, 27.6464865 ], [ 84.7220853, 27.6468908 ], [ 84.717156, 27.6383922 ], [ 84.7185225, 27.6341398 ], [ 84.7228691, 27.6302258 ], [ 84.723089, 27.6266572 ], [ 84.7314198, 27.6243335 ], [ 84.7315148, 27.6169887 ], [ 84.7345551, 27.6161889 ], [ 84.7362147, 27.6046142 ], [ 84.7383749, 27.6038501 ], [ 84.735103, 27.5976062 ], [ 84.7325961, 27.596585 ], [ 84.7338463, 27.5880726 ], [ 84.7308204, 27.5814592 ], [ 84.7218627, 27.5745349 ], [ 84.7104584, 27.5617803 ], [ 84.7010105, 27.5600148 ], [ 84.6903846, 27.5650596 ], [ 84.6799349, 27.5515318 ], [ 84.6834097, 27.5437627 ], [ 84.6808665, 27.5368637 ], [ 84.6820752, 27.5322419 ], [ 84.6785879, 27.5279023 ], [ 84.6808311, 27.5214069 ], [ 84.6800757, 27.5113577 ], [ 84.6871764, 27.503273 ], [ 84.6924203, 27.4921216 ], [ 84.6925146, 27.485985 ], [ 84.695939, 27.4801324 ], [ 84.6940254, 27.4778538 ], [ 84.6966441, 27.4758879 ], [ 84.6903995, 27.4731624 ], [ 84.6929175, 27.4701688 ], [ 84.6926657, 27.4682474 ], [ 84.6860685, 27.4636897 ], [ 84.686364, 27.4618856 ], [ 84.6903424, 27.4625558 ], [ 84.6925079, 27.4596066 ], [ 84.6849539, 27.4569701 ], [ 84.6861053, 27.454405 ], [ 84.6827402, 27.4504866 ], [ 84.6811769, 27.4509818 ], [ 84.6809241, 27.4484168 ], [ 84.6673924, 27.4451934 ], [ 84.6635225, 27.4305825 ], [ 84.656781, 27.4329654 ], [ 84.6471553, 27.4292264 ], [ 84.6422504, 27.4442813 ], [ 84.6346886, 27.445309 ], [ 84.6280125, 27.4509918 ], [ 84.6221641, 27.4503395 ], [ 84.6212001, 27.4518381 ], [ 84.6104845, 27.4523134 ], [ 84.606826, 27.4546794 ], [ 84.6006711, 27.4519536 ], [ 84.5959261, 27.4554653 ], [ 84.5935862, 27.4535858 ], [ 84.5831189, 27.4572183 ], [ 84.581747, 27.4546437 ], [ 84.5761969, 27.4545555 ], [ 84.5720147, 27.4598781 ], [ 84.5646573, 27.4637467 ], [ 84.5605802, 27.462079 ], [ 84.5577364, 27.4586291 ], [ 84.5554709, 27.4413134 ], [ 84.5517922, 27.4382299 ], [ 84.5500891, 27.4300977 ], [ 84.5477388, 27.4268628 ], [ 84.5476994, 27.4177356 ], [ 84.5415196, 27.4194879 ], [ 84.5323571, 27.4141858 ], [ 84.5346961, 27.4123641 ], [ 84.5453391, 27.4103449 ], [ 84.5466265, 27.4036015 ], [ 84.5351681, 27.4033348 ], [ 84.5355503, 27.3931881 ], [ 84.5396742, 27.3861886 ], [ 84.5329955, 27.3846908 ], [ 84.5311931, 27.3810707 ], [ 84.5207332, 27.3843144 ], [ 84.5118168, 27.3830522 ], [ 84.5103047, 27.381323 ], [ 84.5040821, 27.3814945 ], [ 84.5019577, 27.3768072 ], [ 84.4947618, 27.3766284 ], [ 84.4930199, 27.3735537 ], [ 84.4875374, 27.3718197 ], [ 84.4874838, 27.3691996 ], [ 84.4837985, 27.366753 ], [ 84.4862269, 27.3589062 ], [ 84.4756013, 27.3629537 ], [ 84.4729166, 27.3577358 ], [ 84.4698767, 27.3561319 ], [ 84.4660242, 27.3580699 ], [ 84.4643237, 27.3609702 ], [ 84.4618105, 27.3604624 ], [ 84.4574463, 27.3633492 ], [ 84.4460543, 27.3650733 ], [ 84.4437668, 27.3694436 ], [ 84.4409828, 27.3711943 ], [ 84.4361069, 27.3704325 ], [ 84.4234207, 27.3730652 ], [ 84.4202604, 27.3707399 ], [ 84.4130671, 27.3717422 ], [ 84.4103733, 27.3694836 ], [ 84.4058586, 27.3717021 ], [ 84.3989361, 27.3704459 ], [ 84.3966638, 27.3715417 ], [ 84.3912311, 27.3691362 ], [ 84.3864004, 27.373827 ], [ 84.377356, 27.3763661 ], [ 84.3720889, 27.3766467 ], [ 84.3668067, 27.3745085 ], [ 84.3470432, 27.3755501 ], [ 84.3169115, 27.3830311 ], [ 84.3127279, 27.386345 ], [ 84.3002523, 27.3911153 ], [ 84.2974382, 27.3897123 ], [ 84.2957076, 27.3860243 ], [ 84.2922162, 27.3856368 ], [ 84.2848422, 27.392545 ], [ 84.2829461, 27.3968607 ], [ 84.276267, 27.3966989 ], [ 84.2751816, 27.4015549 ], [ 84.2789486, 27.4075255 ], [ 84.2776078, 27.4171607 ], [ 84.2732024, 27.4225826 ], [ 84.2726703, 27.4292509 ], [ 84.2599647, 27.4375999 ], [ 84.2586027, 27.4397531 ], [ 84.2597519, 27.445986 ], [ 84.2546442, 27.4501615 ], [ 84.2540802, 27.4528339 ], [ 84.2464717, 27.4532116 ], [ 84.2442158, 27.4551946 ], [ 84.2394592, 27.4527853 ], [ 84.2309114, 27.4563909 ], [ 84.2278866, 27.4526384 ], [ 84.2202418, 27.4480578 ], [ 84.2210544, 27.4428894 ], [ 84.2193087, 27.4409261 ], [ 84.2078114, 27.442836 ], [ 84.2063065, 27.4458676 ], [ 84.207691, 27.4568717 ], [ 84.2041325, 27.4592077 ], [ 84.2087977, 27.465911 ], [ 84.2057578, 27.4695695 ], [ 84.1941521, 27.4732108 ], [ 84.1908017, 27.4695302 ], [ 84.1880628, 27.4725344 ], [ 84.1713231, 27.4762876 ], [ 84.1713869, 27.4787989 ], [ 84.1680243, 27.4796674 ], [ 84.1641846, 27.4840812 ], [ 84.1539903, 27.4845437 ], [ 84.1520962, 27.4863846 ], [ 84.1489145, 27.4862902 ], [ 84.1489996, 27.4889144 ], [ 84.1446932, 27.4966462 ], [ 84.1497602, 27.500947 ], [ 84.1486322, 27.5029103 ], [ 84.150864, 27.5165811 ], [ 84.1455518, 27.5187032 ], [ 84.1440017, 27.5171817 ], [ 84.1378618, 27.5173419 ], [ 84.1302683, 27.5120385 ], [ 84.1236282, 27.5111513 ], [ 84.1177968, 27.5133786 ], [ 84.1173169, 27.5188322 ], [ 84.1105704, 27.5198231 ], [ 84.1089104, 27.5216067 ], [ 84.0986036, 27.5173251 ], [ 84.0972309, 27.5163153 ], [ 84.0997019, 27.5087324 ], [ 84.0975099, 27.5046739 ], [ 84.0985259, 27.5009987 ], [ 84.0947336, 27.4892381 ], [ 84.0910466, 27.4889711 ], [ 84.0911068, 27.486982 ], [ 84.0838683, 27.4832973 ], [ 84.0777496, 27.484335 ], [ 84.0731748, 27.4806235 ], [ 84.0702854, 27.4815848 ], [ 84.0668241, 27.4701025 ], [ 84.0630017, 27.4682733 ], [ 84.0606541, 27.4622245 ], [ 84.0581861, 27.4621711 ], [ 84.0611657, 27.4558816 ], [ 84.0542583, 27.4496184 ], [ 84.0518649, 27.4434317 ], [ 84.039585, 27.443375 ], [ 84.0362223, 27.4414107 ], [ 84.0317925, 27.4416476 ], [ 84.0309046, 27.4388162 ], [ 84.028098, 27.4398313 ], [ 84.0257203, 27.4387027 ], [ 84.0268792, 27.4333718 ], [ 84.0252192, 27.4345099 ], [ 84.023297, 27.4326871 ], [ 84.0188775, 27.4363445 ], [ 84.0156269, 27.4346816 ], [ 84.0139264, 27.4373529 ], [ 84.0087646, 27.4376534 ], [ 84.0085088, 27.4404782 ], [ 84.0052883, 27.4397703 ], [ 84.0049497, 27.4424815 ], [ 84.0036405, 27.441373 ], [ 84.0023839, 27.4424281 ], [ 84.0012026, 27.4405049 ], [ 83.9994644, 27.4422478 ], [ 83.9979294, 27.4413997 ], [ 83.9957398, 27.4464147 ], [ 83.9919926, 27.4444515 ], [ 83.983791, 27.4437369 ], [ 83.9781251, 27.4390224 ], [ 83.97811, 27.4423947 ], [ 83.9712176, 27.4426752 ], [ 83.9677865, 27.446842 ], [ 83.9575333, 27.4423833 ], [ 83.9468842, 27.4423416 ], [ 83.9422101, 27.4485846 ], [ 83.9340205, 27.4485451 ], [ 83.9394668, 27.4548108 ], [ 83.9449835, 27.4694837 ], [ 83.9385901, 27.4895753 ], [ 83.9402423, 27.4933175 ], [ 83.9649701, 27.5050782 ], [ 83.9698825, 27.513602 ], [ 83.9690407, 27.5179433 ], [ 83.965513, 27.5223353 ], [ 83.9541705, 27.5278099 ], [ 83.9508961, 27.5262382 ], [ 83.946553, 27.5190318 ], [ 83.9380794, 27.5143427 ], [ 83.9298396, 27.5132009 ], [ 83.9233573, 27.5166702 ], [ 83.9217093, 27.5208358 ], [ 83.9224099, 27.5246192 ], [ 83.91957, 27.5273152 ], [ 83.9193619, 27.5379668 ] ] ] } },
{ "type": "Feature", "properties": { "district_id": 20, "name": "जाजरकोट" }, "geometry": { "type": "Polygon", "coordinates": [ [ [ 81.8191247, 28.724112 ], [ 81.8224163, 28.7309761 ], [ 81.8311579, 28.7388416 ], [ 81.8353507, 28.7401755 ], [ 81.8477802, 28.7376537 ], [ 81.8564127, 28.7412478 ], [ 81.8606079, 28.7400721 ], [ 81.8664, 28.7445221 ], [ 81.8798391, 28.7472731 ], [ 81.8830198, 28.7619932 ], [ 81.9129844, 28.7805432 ], [ 81.9071905, 28.789509 ], [ 81.894848, 28.8025665 ], [ 81.8872142, 28.8151523 ], [ 81.8851934, 28.8302599 ], [ 81.8799368, 28.837447 ], [ 81.8780253, 28.8494878 ], [ 81.8791177, 28.862554 ], [ 81.889566, 28.8741564 ], [ 81.8872008, 28.8806296 ], [ 81.8897351, 28.8843038 ], [ 81.8889149, 28.889666 ], [ 81.893803, 28.9011285 ], [ 81.9049795, 28.9116437 ], [ 81.9238239, 28.9232767 ], [ 81.9265134, 28.9383147 ], [ 81.9204216, 28.942055 ], [ 81.9212054, 28.9624944 ], [ 81.9190449, 28.9694371 ], [ 81.9203744, 28.970891 ], [ 81.920583, 28.9776514 ], [ 81.9296256, 28.981765 ], [ 81.9463029, 28.982938 ], [ 81.9587501, 28.9859228 ], [ 81.9611819, 28.9913221 ], [ 81.9857456, 29.0044491 ], [ 81.987637, 29.0101419 ], [ 81.9909797, 29.013285 ], [ 81.9970562, 29.014148 ], [ 82.0047754, 29.030563 ], [ 82.0109787, 29.0315018 ], [ 82.0432441, 29.0056666 ], [ 82.0416871, 28.9891461 ], [ 82.0458401, 28.987347 ], [ 82.0496148, 28.9809138 ], [ 82.0609064, 28.9763912 ], [ 82.0627489, 28.974004 ], [ 82.0673667, 28.9738 ], [ 82.0726842, 28.9712903 ], [ 82.0940265, 28.9742956 ], [ 82.0952155, 28.9791156 ], [ 82.1159141, 28.9930444 ], [ 82.1226041, 28.9942435 ], [ 82.1173013, 29.0073121 ], [ 82.1182076, 29.0153708 ], [ 82.1242142, 29.0165072 ], [ 82.1256119, 29.0210922 ], [ 82.135836, 29.0293552 ], [ 82.13637, 29.0330393 ], [ 82.1458297, 29.0308046 ], [ 82.1466275, 29.0385643 ], [ 82.1488205, 29.0411925 ], [ 82.147168, 29.048854 ], [ 82.1501713, 29.0500249 ], [ 82.1507934, 29.0533191 ], [ 82.1551785, 29.0529073 ], [ 82.156877, 29.0542515 ], [ 82.1581744, 29.058069 ], [ 82.1664069, 29.0640857 ], [ 82.1681966, 29.0687492 ], [ 82.180802, 29.063407 ], [ 82.1840562, 29.0650067 ], [ 82.2027387, 29.0802807 ], [ 82.2006395, 29.0892732 ], [ 82.2042219, 29.0899224 ], [ 82.2122639, 29.0876613 ], [ 82.2204841, 29.0910571 ], [ 82.2246709, 29.0971588 ], [ 82.224582, 29.1052604 ], [ 82.2292569, 29.1063185 ], [ 82.2321973, 29.1053993 ], [ 82.2353752, 29.1016914 ], [ 82.2381568, 29.1018102 ], [ 82.254261, 29.1090492 ], [ 82.2586205, 29.1026056 ], [ 82.2612335, 29.1038032 ], [ 82.264176, 29.1096943 ], [ 82.2696384, 29.113791 ], [ 82.2651424, 29.1152617 ], [ 82.2645473, 29.1217321 ], [ 82.2733107, 29.1227893 ], [ 82.2780872, 29.1279227 ], [ 82.2839737, 29.124786 ], [ 82.285619, 29.1161575 ], [ 82.3002052, 29.120037 ], [ 82.313003, 29.1144467 ], [ 82.3196928, 29.1086021 ], [ 82.3376631, 29.1152821 ], [ 82.3419096, 29.1145148 ], [ 82.3505787, 29.1170262 ], [ 82.3649419, 29.1119768 ], [ 82.3752541, 29.1106465 ], [ 82.4031829, 29.0974956 ], [ 82.4115487, 29.096282 ], [ 82.4086523, 29.0884271 ], [ 82.4083828, 29.0817933 ], [ 82.403283, 29.0728528 ], [ 82.4051937, 29.0705855 ], [ 82.4037339, 29.0643039 ], [ 82.4066086, 29.0588465 ], [ 82.405016, 29.046079 ], [ 82.4028804, 29.0406856 ], [ 82.3995094, 29.0381199 ], [ 82.3978609, 29.0268223 ], [ 82.3925628, 29.0184099 ], [ 82.3987942, 29.0042486 ], [ 82.4126124, 29.0048459 ], [ 82.4269126, 28.9996409 ], [ 82.4388161, 28.9903043 ], [ 82.4456138, 28.9900594 ], [ 82.4485239, 28.9915055 ], [ 82.4544257, 28.9895482 ], [ 82.4598114, 28.9909936 ], [ 82.4661036, 28.9979898 ], [ 82.4679795, 29.0029136 ], [ 82.480118, 29.0074531 ], [ 82.4819588, 29.0137359 ], [ 82.4846913, 29.0156493 ], [ 82.508069, 29.0173785 ], [ 82.5136501, 29.0134675 ], [ 82.5196377, 29.0123685 ], [ 82.5233338, 29.0146311 ], [ 82.5295063, 29.0118191 ], [ 82.5358266, 29.0119807 ], [ 82.5438101, 29.0061624 ], [ 82.552348, 29.0057745 ], [ 82.561276, 29.0031502 ], [ 82.575537, 28.9965334 ], [ 82.5810072, 28.9903263 ], [ 82.5784686, 28.9895693 ], [ 82.5753935, 28.9918419 ], [ 82.5738042, 28.9892556 ], [ 82.5678719, 28.9864105 ], [ 82.5526019, 28.9882818 ], [ 82.5464601, 28.9830465 ], [ 82.5424353, 28.9821549 ], [ 82.5417035, 28.9795486 ], [ 82.5370187, 28.9771836 ], [ 82.5357045, 28.9738473 ], [ 82.5325579, 28.972051 ], [ 82.5310055, 28.9675886 ], [ 82.5201391, 28.9588573 ], [ 82.5178105, 28.9521628 ], [ 82.5133846, 28.9494319 ], [ 82.5164701, 28.9309498 ], [ 82.5043956, 28.9214339 ], [ 82.5083159, 28.9073415 ], [ 82.5072408, 28.9012389 ], [ 82.5081685, 28.8947995 ], [ 82.5014635, 28.8895717 ], [ 82.5010385, 28.8865782 ], [ 82.4986605, 28.8850174 ], [ 82.4979523, 28.8797981 ], [ 82.4883055, 28.8737944 ], [ 82.4759421, 28.8716744 ], [ 82.4739839, 28.8692464 ], [ 82.4686054, 28.8676285 ], [ 82.4622072, 28.8749279 ], [ 82.4551407, 28.8733505 ], [ 82.4529225, 28.8704253 ], [ 82.4436926, 28.8660123 ], [ 82.4354731, 28.8583331 ], [ 82.4307557, 28.8510997 ], [ 82.4230458, 28.8486617 ], [ 82.417296, 28.8494858 ], [ 82.4119694, 28.8449421 ], [ 82.3998246, 28.8419199 ], [ 82.3983611, 28.8379936 ], [ 82.3898152, 28.8353218 ], [ 82.3881952, 28.8310769 ], [ 82.3821837, 28.825385 ], [ 82.3756499, 28.8223969 ], [ 82.3740251, 28.8162049 ], [ 82.3685367, 28.8100907 ], [ 82.3685628, 28.8032433 ], [ 82.3642243, 28.8000599 ], [ 82.3641721, 28.7958229 ], [ 82.3592113, 28.7944151 ], [ 82.3571078, 28.7918949 ], [ 82.3501166, 28.7934409 ], [ 82.3478167, 28.7925362 ], [ 82.3448917, 28.7862648 ], [ 82.3398455, 28.7867642 ], [ 82.3365132, 28.7843477 ], [ 82.3280119, 28.7862092 ], [ 82.3126292, 28.7856845 ], [ 82.3071895, 28.7877377 ], [ 82.293161, 28.7841675 ], [ 82.2928653, 28.7762631 ], [ 82.2843606, 28.7652656 ], [ 82.2833996, 28.761896 ], [ 82.2898308, 28.7570681 ], [ 82.2839171, 28.7486108 ], [ 82.2900868, 28.7384893 ], [ 82.288978, 28.7363504 ], [ 82.2830273, 28.7330122 ], [ 82.2843763, 28.7299981 ], [ 82.288017, 28.7289609 ], [ 82.2890149, 28.7267894 ], [ 82.2859102, 28.7228351 ], [ 82.2852118, 28.716264 ], [ 82.2826244, 28.7121381 ], [ 82.2758688, 28.706606 ], [ 82.2807106, 28.6975286 ], [ 82.2792169, 28.6922917 ], [ 82.272838, 28.6927302 ], [ 82.2708917, 28.6981432 ], [ 82.260992, 28.7023916 ], [ 82.2603083, 28.7075785 ], [ 82.2557621, 28.7080324 ], [ 82.2462057, 28.7125352 ], [ 82.2401646, 28.7105771 ], [ 82.2333962, 28.7031884 ], [ 82.2315112, 28.6914196 ], [ 82.2274825, 28.6881124 ], [ 82.2191663, 28.6868155 ], [ 82.2136259, 28.6834196 ], [ 82.209113, 28.6763419 ], [ 82.205745, 28.6771686 ], [ 82.204916, 28.6804389 ], [ 82.2006821, 28.6836488 ], [ 82.19718, 28.6830069 ], [ 82.1980686, 28.6781001 ], [ 82.1956642, 28.6743855 ], [ 82.1946188, 28.6674146 ], [ 82.1980686, 28.666268 ], [ 82.1940438, 28.6570031 ], [ 82.1918484, 28.6386086 ], [ 82.1879281, 28.6392508 ], [ 82.1871441, 28.6352137 ], [ 82.1905939, 28.632461 ], [ 82.18751, 28.6259461 ], [ 82.1820952, 28.6203925 ], [ 82.1784322, 28.617685 ], [ 82.16977, 28.6153075 ], [ 82.1697276, 28.6123698 ], [ 82.1682583, 28.6116488 ], [ 82.1545555, 28.6134346 ], [ 82.150804, 28.6156896 ], [ 82.1425063, 28.6150893 ], [ 82.1411387, 28.6179608 ], [ 82.1443173, 28.6230546 ], [ 82.1384616, 28.6264926 ], [ 82.135574, 28.6264427 ], [ 82.1279067, 28.6223246 ], [ 82.1185741, 28.623525 ], [ 82.1098514, 28.6195506 ], [ 82.1006112, 28.6219839 ], [ 82.095141, 28.6185448 ], [ 82.089911, 28.6211079 ], [ 82.0833687, 28.6166321 ], [ 82.0735222, 28.6282304 ], [ 82.0594811, 28.6342162 ], [ 82.054633, 28.6344915 ], [ 82.0544239, 28.6369688 ], [ 82.0589584, 28.6418202 ], [ 82.0581726, 28.6451033 ], [ 82.0458954, 28.6423985 ], [ 82.045817, 28.6372261 ], [ 82.0396099, 28.636687 ], [ 82.0348378, 28.6383077 ], [ 82.0404201, 28.6417333 ], [ 82.0306911, 28.6448382 ], [ 81.9896176, 28.643142 ], [ 81.9794482, 28.641094 ], [ 81.9755426, 28.6380758 ], [ 81.9575128, 28.6408999 ], [ 81.945543, 28.6368663 ], [ 81.936646, 28.6414088 ], [ 81.9319189, 28.6403038 ], [ 81.9272469, 28.6424451 ], [ 81.9249297, 28.6408276 ], [ 81.921372, 28.6433541 ], [ 81.9062039, 28.6453034 ], [ 81.8997635, 28.6438534 ], [ 81.8836433, 28.644304 ], [ 81.8817163, 28.6475522 ], [ 81.8782291, 28.6486501 ], [ 81.8782398, 28.6561482 ], [ 81.8733947, 28.6608252 ], [ 81.8669227, 28.6640083 ], [ 81.8669582, 28.6743053 ], [ 81.8651858, 28.6809239 ], [ 81.8612625, 28.6843181 ], [ 81.8595696, 28.6919875 ], [ 81.8477281, 28.7034571 ], [ 81.8445669, 28.7106325 ], [ 81.8390435, 28.7134202 ], [ 81.8370461, 28.7129784 ], [ 81.8191247, 28.724112 ] ] ] } },
{ "type": "Feature", "properties": { "district_id": 21, "name": "झापा जिल्ला" }, "geometry": { "type": "Polygon", "coordinates": [ [ [ 87.6370849, 26.5731017 ], [ 87.6377808, 26.5807821 ], [ 87.6423149, 26.584091 ], [ 87.6398625, 26.5871371 ], [ 87.6381594, 26.5976758 ], [ 87.6458574, 26.5993204 ], [ 87.6484461, 26.603767 ], [ 87.6468111, 26.6075435 ], [ 87.6556624, 26.6155412 ], [ 87.6551904, 26.6218562 ], [ 87.653224, 26.6257941 ], [ 87.6547816, 26.6323917 ], [ 87.6470104, 26.6438969 ], [ 87.644142, 26.6448701 ], [ 87.6412931, 26.6563822 ], [ 87.6429593, 26.663054 ], [ 87.6421787, 26.6668537 ], [ 87.6451761, 26.6688017 ], [ 87.6455168, 26.674524 ], [ 87.6531027, 26.6864815 ], [ 87.6514546, 26.6905014 ], [ 87.6547033, 26.7150123 ], [ 87.6562054, 26.7175807 ], [ 87.6753688, 26.7273036 ], [ 87.6812679, 26.7336796 ], [ 87.6833708, 26.7464037 ], [ 87.6870624, 26.7501791 ], [ 87.69839, 26.7333341 ], [ 87.7004003, 26.7339151 ], [ 87.7015872, 26.7325101 ], [ 87.7010185, 26.7283993 ], [ 87.707091, 26.7116575 ], [ 87.7049346, 26.69984 ], [ 87.7074451, 26.6956801 ], [ 87.708636, 26.6946162 ], [ 87.7088645, 26.6972162 ], [ 87.7160174, 26.6943861 ], [ 87.7294787, 26.6871713 ], [ 87.7404363, 26.6783104 ], [ 87.7570606, 26.6723838 ], [ 87.7594907, 26.6683015 ], [ 87.7650697, 26.6650801 ], [ 87.7716786, 26.666058 ], [ 87.7793241, 26.6644208 ], [ 87.7888141, 26.6665531 ], [ 87.793175, 26.6752546 ], [ 87.7915752, 26.6800235 ], [ 87.8031548, 26.6879828 ], [ 87.8072769, 26.689162 ], [ 87.8091223, 26.6919993 ], [ 87.8148515, 26.6939356 ], [ 87.8289251, 26.6904247 ], [ 87.8337342, 26.6878008 ], [ 87.8380258, 26.6833529 ], [ 87.8410942, 26.6769874 ], [ 87.8453643, 26.6744373 ], [ 87.8503425, 26.6761438 ], [ 87.8562862, 26.675837 ], [ 87.8675132, 26.6716786 ], [ 87.8647556, 26.6786601 ], [ 87.8648097, 26.6842402 ], [ 87.8618088, 26.6876944 ], [ 87.8639946, 26.6908923 ], [ 87.8686312, 26.6920551 ], [ 87.8783534, 26.6844461 ], [ 87.885505, 26.6887892 ], [ 87.8873955, 26.6866893 ], [ 87.8913807, 26.6867045 ], [ 87.8950594, 26.6911934 ], [ 87.9031469, 26.6911729 ], [ 87.9082414, 26.6940387 ], [ 87.9154625, 26.6928063 ], [ 87.9200012, 26.6964105 ], [ 87.925102, 26.697234 ], [ 87.9304668, 26.6937801 ], [ 87.9338559, 26.6884544 ], [ 87.9359848, 26.6932323 ], [ 87.9338445, 26.6953467 ], [ 87.9362145, 26.6977435 ], [ 87.9339581, 26.6991968 ], [ 87.9367171, 26.7014334 ], [ 87.9328341, 26.7025897 ], [ 87.9345542, 26.7046284 ], [ 87.9323232, 26.7066519 ], [ 87.9334983, 26.7087058 ], [ 87.9265497, 26.7121593 ], [ 87.9268732, 26.7158713 ], [ 87.9285593, 26.7158713 ], [ 87.9279803, 26.7188378 ], [ 87.9354823, 26.7265515 ], [ 87.9425728, 26.7286544 ], [ 87.9462771, 26.7266152 ], [ 87.9503727, 26.7284627 ], [ 87.9501259, 26.7374028 ], [ 87.9483986, 26.7397695 ], [ 87.9580331, 26.7501649 ], [ 87.9546282, 26.7541297 ], [ 87.9541353, 26.7622175 ], [ 87.9496431, 26.7631459 ], [ 87.9477427, 26.7670004 ], [ 87.9511237, 26.7652725 ], [ 87.9545677, 26.7685773 ], [ 87.9577434, 26.7685869 ], [ 87.9585051, 26.7824278 ], [ 87.9601091, 26.7862877 ], [ 87.9651664, 26.7907235 ], [ 87.966018, 26.7856229 ], [ 87.9643234, 26.7839352 ], [ 87.9634455, 26.7776553 ], [ 87.9718681, 26.7725699 ], [ 87.9754843, 26.7787768 ], [ 87.9788342, 26.7783095 ], [ 87.9778397, 26.7740289 ], [ 87.9754616, 26.7717336 ], [ 87.9785102, 26.7670882 ], [ 87.9781185, 26.7648377 ], [ 87.9802729, 26.7635604 ], [ 87.9783995, 26.759447 ], [ 87.981414, 26.7527024 ], [ 87.988022, 26.7525884 ], [ 87.9908832, 26.7554094 ], [ 87.9959158, 26.7528393 ], [ 87.9972783, 26.7541472 ], [ 87.99908, 26.7657446 ], [ 87.9979916, 26.7692436 ], [ 88.0010349, 26.7748103 ], [ 88.0046505, 26.7768026 ], [ 88.0046465, 26.7801201 ], [ 88.0059477, 26.7767207 ], [ 88.0040648, 26.774753 ], [ 88.0036678, 26.7709119 ], [ 88.007568, 26.766843 ], [ 88.0201581, 26.7697966 ], [ 88.0207627, 26.7734003 ], [ 88.0253525, 26.7736588 ], [ 88.0244243, 26.7755062 ], [ 88.0269449, 26.7785015 ], [ 88.0272855, 26.766611 ], [ 88.0286224, 26.7638435 ], [ 88.0317051, 26.7652425 ], [ 88.0351368, 26.7644669 ], [ 88.0359713, 26.7601711 ], [ 88.0389773, 26.759692 ], [ 88.0444953, 26.7532593 ], [ 88.0444016, 26.7482026 ], [ 88.0460515, 26.7454908 ], [ 88.0467168, 26.749652 ], [ 88.04915, 26.7521627 ], [ 88.0555302, 26.7546975 ], [ 88.0590988, 26.7651258 ], [ 88.0605807, 26.7657086 ], [ 88.0605858, 26.772174 ], [ 88.0675337, 26.7916026 ], [ 88.0752057, 26.7882054 ], [ 88.0769956, 26.7832924 ], [ 88.0815108, 26.7887718 ], [ 88.0849443, 26.7905335 ], [ 88.0911056, 26.8010059 ], [ 88.0936225, 26.8011275 ], [ 88.0967586, 26.7949498 ], [ 88.0926492, 26.7901716 ], [ 88.0942984, 26.7886512 ], [ 88.0925411, 26.7852483 ], [ 88.0950553, 26.7845967 ], [ 88.0945417, 26.7816764 ], [ 88.0980562, 26.776439 ], [ 88.0957312, 26.7751839 ], [ 88.0971641, 26.7729151 ], [ 88.0987051, 26.7563319 ], [ 88.1027062, 26.7527832 ], [ 88.1020033, 26.750876 ], [ 88.1073292, 26.7470375 ], [ 88.1118236, 26.7462013 ], [ 88.1145812, 26.7488328 ], [ 88.1179606, 26.7480844 ], [ 88.1189837, 26.7540044 ], [ 88.125259, 26.7588148 ], [ 88.1266205, 26.7624908 ], [ 88.1255431, 26.7662177 ], [ 88.1312881, 26.7714404 ], [ 88.1311294, 26.7783843 ], [ 88.1359362, 26.7658505 ], [ 88.1430636, 26.7700846 ], [ 88.1440226, 26.7687705 ], [ 88.1449521, 26.7695956 ], [ 88.1485696, 26.7775868 ], [ 88.1494938, 26.7879713 ], [ 88.1546751, 26.7957822 ], [ 88.1503123, 26.8059994 ], [ 88.1521994, 26.8060434 ], [ 88.1588245, 26.7993375 ], [ 88.1611741, 26.7942834 ], [ 88.1600958, 26.7900024 ], [ 88.1657399, 26.7836903 ], [ 88.1666491, 26.7848402 ], [ 88.1735677, 26.7807038 ], [ 88.1736638, 26.783512 ], [ 88.1774509, 26.7819779 ], [ 88.1847152, 26.7833546 ], [ 88.1877064, 26.7731519 ], [ 88.1897754, 26.7567836 ], [ 88.1892819, 26.746749 ], [ 88.1823618, 26.7275668 ], [ 88.1825566, 26.7196429 ], [ 88.1774602, 26.7110093 ], [ 88.1735441, 26.708274 ], [ 88.1675184, 26.6996209 ], [ 88.168652, 26.6975228 ], [ 88.1684375, 26.6844229 ], [ 88.1648755, 26.6788673 ], [ 88.1636837, 26.6461319 ], [ 88.1584115, 26.6403681 ], [ 88.1609316, 26.6367948 ], [ 88.1585346, 26.6361768 ], [ 88.1581151, 26.6330038 ], [ 88.1549343, 26.6306582 ], [ 88.14722, 26.6297838 ], [ 88.1426718, 26.6259947 ], [ 88.1409628, 26.6226359 ], [ 88.1390862, 26.6064687 ], [ 88.1356447, 26.6059037 ], [ 88.1299166, 26.6012854 ], [ 88.1320902, 26.5931936 ], [ 88.1300974, 26.589877 ], [ 88.1300624, 26.585432 ], [ 88.1272783, 26.5818628 ], [ 88.1298371, 26.5796752 ], [ 88.1298801, 26.5733231 ], [ 88.1285711, 26.5727378 ], [ 88.1257494, 26.577689 ], [ 88.1233033, 26.5773052 ], [ 88.1251701, 26.5750215 ], [ 88.122917, 26.5722772 ], [ 88.120808, 26.5759551 ], [ 88.1176018, 26.5745543 ], [ 88.119062, 26.5682536 ], [ 88.1146178, 26.5701406 ], [ 88.1136757, 26.5726861 ], [ 88.1113843, 26.5684426 ], [ 88.1128137, 26.5664633 ], [ 88.1116847, 26.5649208 ], [ 88.1152848, 26.5661405 ], [ 88.1106327, 26.5619207 ], [ 88.1138043, 26.5595047 ], [ 88.1132464, 26.5580652 ], [ 88.1090725, 26.557152 ], [ 88.1076136, 26.5604785 ], [ 88.1056479, 26.5608332 ], [ 88.1056112, 26.5505812 ], [ 88.1078245, 26.5504285 ], [ 88.1115355, 26.5452872 ], [ 88.1028557, 26.5396437 ], [ 88.1008942, 26.5287627 ], [ 88.1042845, 26.5208901 ], [ 88.0965829, 26.511497 ], [ 88.0953433, 26.506999 ], [ 88.0969263, 26.5044877 ], [ 88.0991687, 26.5042327 ], [ 88.1005881, 26.4937848 ], [ 88.1058058, 26.4891391 ], [ 88.1010384, 26.4841104 ], [ 88.100207, 26.4798143 ], [ 88.1072818, 26.4755594 ], [ 88.105139, 26.4722388 ], [ 88.0977301, 26.4726417 ], [ 88.1038776, 26.4678171 ], [ 88.1036949, 26.4662891 ], [ 88.1008314, 26.4646655 ], [ 88.0939702, 26.4649017 ], [ 88.0919771, 26.463039 ], [ 88.0969153, 26.4526458 ], [ 88.0951105, 26.4378984 ], [ 88.088362, 26.4343399 ], [ 88.0775474, 26.419006 ], [ 88.0694793, 26.4133561 ], [ 88.0705522, 26.4081288 ], [ 88.0644035, 26.4085221 ], [ 88.0632783, 26.4107121 ], [ 88.0596224, 26.4095641 ], [ 88.0553098, 26.4057851 ], [ 88.054476, 26.4009287 ], [ 88.0526444, 26.4013817 ], [ 88.0514519, 26.3994061 ], [ 88.0481384, 26.4000755 ], [ 88.0474245, 26.4016048 ], [ 88.0450758, 26.3999496 ], [ 88.0469316, 26.3973664 ], [ 88.0445495, 26.3978781 ], [ 88.0434733, 26.3957818 ], [ 88.0381334, 26.3940292 ], [ 88.0376588, 26.3916453 ], [ 88.0356133, 26.3910827 ], [ 88.0347759, 26.392308 ], [ 88.0337388, 26.3874889 ], [ 88.0312353, 26.3886058 ], [ 88.0307344, 26.3823068 ], [ 88.0298857, 26.38358 ], [ 88.0265964, 26.3827806 ], [ 88.0281229, 26.3787547 ], [ 88.0316824, 26.3774049 ], [ 88.0285769, 26.3757302 ], [ 88.0260411, 26.3708457 ], [ 88.0301876, 26.3650361 ], [ 88.0059786, 26.3610181 ], [ 88.0045266, 26.3648667 ], [ 88.0015174, 26.3665762 ], [ 87.9983399, 26.3650235 ], [ 87.9954881, 26.3657396 ], [ 87.9934811, 26.3700406 ], [ 87.9913143, 26.3706408 ], [ 87.9916822, 26.3927155 ], [ 87.9657277, 26.3973093 ], [ 87.931977, 26.4181941 ], [ 87.9269206, 26.4175272 ], [ 87.9258798, 26.4274207 ], [ 87.9167976, 26.4301869 ], [ 87.9159766, 26.4316439 ], [ 87.9171219, 26.435308 ], [ 87.9224575, 26.4373105 ], [ 87.9252797, 26.4404207 ], [ 87.925556, 26.445 ], [ 87.9233817, 26.4467859 ], [ 87.8983782, 26.4489376 ], [ 87.9094432, 26.4578132 ], [ 87.9088639, 26.4608205 ], [ 87.900005, 26.477433 ], [ 87.8881188, 26.4869511 ], [ 87.8856851, 26.4764446 ], [ 87.8632132, 26.4679773 ], [ 87.8625203, 26.4643518 ], [ 87.8579754, 26.4641024 ], [ 87.8594134, 26.459753 ], [ 87.8581736, 26.4566737 ], [ 87.8619955, 26.4531814 ], [ 87.8606576, 26.4513069 ], [ 87.8614481, 26.4491764 ], [ 87.8509392, 26.4453237 ], [ 87.8486506, 26.4368904 ], [ 87.8291358, 26.4402359 ], [ 87.8295338, 26.4498447 ], [ 87.8160143, 26.4600588 ], [ 87.792803, 26.4690046 ], [ 87.7909097, 26.4661841 ], [ 87.7876765, 26.4669996 ], [ 87.7848112, 26.4655112 ], [ 87.7872686, 26.4621014 ], [ 87.7898167, 26.4618836 ], [ 87.7901255, 26.4596406 ], [ 87.7862785, 26.4600731 ], [ 87.7849806, 26.4576196 ], [ 87.7827498, 26.458085 ], [ 87.7801336, 26.4551206 ], [ 87.780508, 26.4523535 ], [ 87.7762137, 26.4531785 ], [ 87.776667, 26.450278 ], [ 87.7724858, 26.4489197 ], [ 87.7750178, 26.4472751 ], [ 87.7755595, 26.4492716 ], [ 87.777543, 26.4490515 ], [ 87.7756122, 26.4405569 ], [ 87.7728062, 26.4402869 ], [ 87.7745394, 26.4346557 ], [ 87.778151, 26.4348097 ], [ 87.7755569, 26.4326425 ], [ 87.7764754, 26.4292526 ], [ 87.769351, 26.4215912 ], [ 87.762218, 26.4204358 ], [ 87.7577261, 26.4143387 ], [ 87.7599646, 26.4089857 ], [ 87.7533254, 26.4080993 ], [ 87.7530065, 26.4108418 ], [ 87.7512946, 26.4108815 ], [ 87.7480241, 26.4173126 ], [ 87.739077, 26.4177455 ], [ 87.7336941, 26.40762 ], [ 87.7228969, 26.412613 ], [ 87.724266, 26.4168261 ], [ 87.7225985, 26.4169912 ], [ 87.7184733, 26.4222804 ], [ 87.7152572, 26.4218886 ], [ 87.7124397, 26.4269126 ], [ 87.6980226, 26.4285812 ], [ 87.6921402, 26.4356957 ], [ 87.6747383, 26.4358516 ], [ 87.6723064, 26.441467 ], [ 87.6728436, 26.4498696 ], [ 87.6672589, 26.4539849 ], [ 87.6606656, 26.4562658 ], [ 87.6568483, 26.4623534 ], [ 87.6600456, 26.4693378 ], [ 87.6592519, 26.4718052 ], [ 87.6508355, 26.4793124 ], [ 87.649416, 26.482429 ], [ 87.6486772, 26.4968369 ], [ 87.6445471, 26.5013994 ], [ 87.6428211, 26.5075811 ], [ 87.6426508, 26.5231047 ], [ 87.6404412, 26.5288336 ], [ 87.6421403, 26.5394174 ], [ 87.6461299, 26.5465571 ], [ 87.6457211, 26.5518589 ], [ 87.6411568, 26.5581354 ], [ 87.6392777, 26.5689181 ], [ 87.6370849, 26.5731017 ] ] ] } },
{ "type": "Feature", "properties": { "district_id": 22, "name": "डडेलधुरा" }, "geometry": { "type": "Polygon", "coordinates": [ [ [ 80.1837525, 29.1373657 ], [ 80.1947678, 29.1313676 ], [ 80.2032094, 29.1295813 ], [ 80.2088217, 29.1221286 ], [ 80.2244028, 29.1202715 ], [ 80.2337243, 29.1161941 ], [ 80.2427736, 29.1261319 ], [ 80.2500557, 29.1282719 ], [ 80.2515509, 29.1360829 ], [ 80.2542265, 29.1386807 ], [ 80.2571723, 29.1398078 ], [ 80.2716923, 29.1386973 ], [ 80.2726821, 29.1447513 ], [ 80.2669083, 29.1514271 ], [ 80.2579325, 29.1670795 ], [ 80.2601438, 29.1780056 ], [ 80.258583, 29.1863662 ], [ 80.2517789, 29.1945652 ], [ 80.2409094, 29.2022671 ], [ 80.2440327, 29.212559 ], [ 80.248016, 29.2167091 ], [ 80.2471931, 29.220373 ], [ 80.2481183, 29.2217136 ], [ 80.2525897, 29.2219837 ], [ 80.2559539, 29.2201419 ], [ 80.2586078, 29.2084832 ], [ 80.2619279, 29.2058854 ], [ 80.2759515, 29.2074683 ], [ 80.2843434, 29.1967728 ], [ 80.289143, 29.1950888 ], [ 80.2926787, 29.1965368 ], [ 80.2978256, 29.2068573 ], [ 80.2938299, 29.2113048 ], [ 80.2962478, 29.2217131 ], [ 80.2902382, 29.2314553 ], [ 80.3009262, 29.2422309 ], [ 80.2990849, 29.2481652 ], [ 80.2993994, 29.2620828 ], [ 80.3022833, 29.2659824 ], [ 80.305372, 29.2877615 ], [ 80.3071393, 29.2900292 ], [ 80.3104701, 29.290622 ], [ 80.3182022, 29.3020187 ], [ 80.3154662, 29.3088057 ], [ 80.3168133, 29.3144376 ], [ 80.3236622, 29.3086806 ], [ 80.3276187, 29.3089242 ], [ 80.3348851, 29.3124624 ], [ 80.333332, 29.3194976 ], [ 80.3423945, 29.3238612 ], [ 80.3437201, 29.3272072 ], [ 80.3509004, 29.3280669 ], [ 80.3503537, 29.3315215 ], [ 80.3535308, 29.3344164 ], [ 80.3547261, 29.3340358 ], [ 80.3542104, 29.3314212 ], [ 80.3621843, 29.3267115 ], [ 80.3622762, 29.3320763 ], [ 80.3648515, 29.3337528 ], [ 80.3666456, 29.3326953 ], [ 80.3668906, 29.3352002 ], [ 80.3699104, 29.3352706 ], [ 80.371955, 29.3379324 ], [ 80.3658579, 29.3404772 ], [ 80.3682973, 29.350015 ], [ 80.3718417, 29.347289 ], [ 80.3738225, 29.3504583 ], [ 80.3775511, 29.3489557 ], [ 80.3801044, 29.3541407 ], [ 80.3820947, 29.3537474 ], [ 80.3838802, 29.3495056 ], [ 80.3857997, 29.3488888 ], [ 80.3868684, 29.3513695 ], [ 80.3846961, 29.3540605 ], [ 80.3863232, 29.3558687 ], [ 80.3928627, 29.3583221 ], [ 80.3989673, 29.3576835 ], [ 80.4018611, 29.360633 ], [ 80.4034948, 29.3591087 ], [ 80.4013782, 29.3574298 ], [ 80.402461, 29.3559489 ], [ 80.410199, 29.3597363 ], [ 80.4143913, 29.3559605 ], [ 80.4178161, 29.361547 ], [ 80.4171991, 29.3668655 ], [ 80.4192509, 29.3684352 ], [ 80.4157566, 29.3709942 ], [ 80.4155156, 29.3734452 ], [ 80.4183599, 29.3740295 ], [ 80.4177043, 29.3755606 ], [ 80.4197387, 29.3789122 ], [ 80.4241239, 29.3791031 ], [ 80.4249455, 29.3845051 ], [ 80.4294488, 29.3874916 ], [ 80.4317729, 29.3927508 ], [ 80.43787, 29.3932624 ], [ 80.4411265, 29.3860713 ], [ 80.4421988, 29.3888152 ], [ 80.4451241, 29.3885058 ], [ 80.4448363, 29.3922393 ], [ 80.447462, 29.3943446 ], [ 80.4519466, 29.3923714 ], [ 80.4577756, 29.3960142 ], [ 80.479762, 29.3856574 ], [ 80.4897788, 29.3943443 ], [ 80.5025018, 29.3988056 ], [ 80.5078135, 29.394173 ], [ 80.5164359, 29.3922668 ], [ 80.5320051, 29.3919464 ], [ 80.5377994, 29.3935866 ], [ 80.5427176, 29.3985549 ], [ 80.5478734, 29.3986785 ], [ 80.5477663, 29.4118923 ], [ 80.550236, 29.4181336 ], [ 80.5521234, 29.4184843 ], [ 80.5610174, 29.4150459 ], [ 80.5717033, 29.4143068 ], [ 80.5757356, 29.4121591 ], [ 80.5817765, 29.3963081 ], [ 80.6161063, 29.396485 ], [ 80.6224315, 29.3931413 ], [ 80.6229495, 29.3898861 ], [ 80.6264247, 29.3881795 ], [ 80.6353893, 29.3855538 ], [ 80.6380793, 29.3869045 ], [ 80.6450396, 29.3863589 ], [ 80.6504357, 29.3825039 ], [ 80.6538881, 29.3848866 ], [ 80.6577495, 29.3922693 ], [ 80.6619531, 29.3924458 ], [ 80.666938, 29.3974523 ], [ 80.6728227, 29.3994971 ], [ 80.6764129, 29.3990451 ], [ 80.6784899, 29.4012813 ], [ 80.6777396, 29.4105443 ], [ 80.6686681, 29.4186807 ], [ 80.6820235, 29.4250635 ], [ 80.6919377, 29.4219458 ], [ 80.6952732, 29.419398 ], [ 80.7025141, 29.4195608 ], [ 80.7065582, 29.4145531 ], [ 80.7119685, 29.4142758 ], [ 80.7185032, 29.4185839 ], [ 80.7212732, 29.409464 ], [ 80.741062, 29.4017412 ], [ 80.7574582, 29.3994299 ], [ 80.767325, 29.3998415 ], [ 80.7665348, 29.3960958 ], [ 80.7624951, 29.3923422 ], [ 80.7621777, 29.3859825 ], [ 80.7705781, 29.3814443 ], [ 80.7779705, 29.3798664 ], [ 80.7801748, 29.3758591 ], [ 80.7848779, 29.3735248 ], [ 80.7856631, 29.3663515 ], [ 80.7745231, 29.3649543 ], [ 80.7710705, 29.3615412 ], [ 80.7704027, 29.3574649 ], [ 80.7667623, 29.3576411 ], [ 80.7650882, 29.3628629 ], [ 80.7621782, 29.3628837 ], [ 80.7610443, 29.3586034 ], [ 80.7622246, 29.3513504 ], [ 80.7610235, 29.3488833 ], [ 80.7580393, 29.3489041 ], [ 80.7571953, 29.3462469 ], [ 80.7625237, 29.3370717 ], [ 80.7590618, 29.3322673 ], [ 80.7601957, 29.3285689 ], [ 80.7642488, 29.324692 ], [ 80.769248, 29.3230132 ], [ 80.7713349, 29.3182181 ], [ 80.7762552, 29.3154588 ], [ 80.7716827, 29.3120086 ], [ 80.7723644, 29.3016439 ], [ 80.7687356, 29.3028148 ], [ 80.7660806, 29.3018108 ], [ 80.7639033, 29.3050593 ], [ 80.7562098, 29.3088041 ], [ 80.7520802, 29.3079531 ], [ 80.7465036, 29.302089 ], [ 80.7380078, 29.3025192 ], [ 80.7371592, 29.299353 ], [ 80.7340173, 29.2983605 ], [ 80.7358792, 29.29696 ], [ 80.7324591, 29.2938344 ], [ 80.7337161, 29.2909524 ], [ 80.738787, 29.2907127 ], [ 80.7396707, 29.2883488 ], [ 80.7435883, 29.2878055 ], [ 80.7456049, 29.2846655 ], [ 80.7437149, 29.2747674 ], [ 80.7505778, 29.2737652 ], [ 80.7562642, 29.2695099 ], [ 80.7571159, 29.2669092 ], [ 80.7547842, 29.2671539 ], [ 80.7548369, 29.2644977 ], [ 80.7536018, 29.2650426 ], [ 80.753753, 29.2627573 ], [ 80.7488325, 29.2570849 ], [ 80.7489618, 29.2543176 ], [ 80.7469014, 29.2549168 ], [ 80.7414754, 29.2515851 ], [ 80.7413406, 29.2492081 ], [ 80.7360851, 29.2473322 ], [ 80.7392205, 29.2468893 ], [ 80.7395937, 29.2453391 ], [ 80.7375068, 29.24536 ], [ 80.7241361, 29.236163 ], [ 80.7209781, 29.2348589 ], [ 80.7169295, 29.2361545 ], [ 80.7069411, 29.2315553 ], [ 80.7078357, 29.225516 ], [ 80.7038804, 29.2216919 ], [ 80.7018233, 29.2167338 ], [ 80.7066201, 29.2109033 ], [ 80.7047813, 29.1932028 ], [ 80.7030011, 29.1918613 ], [ 80.6996713, 29.1944193 ], [ 80.6964006, 29.1873846 ], [ 80.6871017, 29.1907323 ], [ 80.678073, 29.191145 ], [ 80.6761264, 29.1906439 ], [ 80.6700129, 29.1826926 ], [ 80.6633777, 29.1832614 ], [ 80.6450991, 29.1783018 ], [ 80.6409033, 29.1792412 ], [ 80.6381707, 29.1777382 ], [ 80.6331142, 29.1779261 ], [ 80.6306895, 29.176003 ], [ 80.6221621, 29.177851 ], [ 80.6189453, 29.1812043 ], [ 80.6154488, 29.1795605 ], [ 80.6063569, 29.173234 ], [ 80.6050346, 29.1700496 ], [ 80.598987, 29.170471 ], [ 80.5947954, 29.1675834 ], [ 80.5920936, 29.1629775 ], [ 80.5910627, 29.1569125 ], [ 80.5941219, 29.1543511 ], [ 80.5912498, 29.1477544 ], [ 80.5760621, 29.1477184 ], [ 80.5746902, 29.1455346 ], [ 80.5656953, 29.1436803 ], [ 80.5660237, 29.1385494 ], [ 80.5644716, 29.135402 ], [ 80.5697772, 29.1333749 ], [ 80.5718895, 29.1297156 ], [ 80.5705359, 29.1245677 ], [ 80.5667578, 29.119122 ], [ 80.5620643, 29.1185109 ], [ 80.5592224, 29.1161705 ], [ 80.5565536, 29.1168741 ], [ 80.5482633, 29.1119929 ], [ 80.5437264, 29.1110484 ], [ 80.5395371, 29.1075906 ], [ 80.5267351, 29.1060965 ], [ 80.5260401, 29.1026112 ], [ 80.5312388, 29.0895646 ], [ 80.5433968, 29.0818192 ], [ 80.5588106, 29.0763351 ], [ 80.5620061, 29.0723977 ], [ 80.5565231, 29.0572215 ], [ 80.5519862, 29.055382 ], [ 80.5482023, 29.0500659 ], [ 80.5450801, 29.0503204 ], [ 80.5443412, 29.0490027 ], [ 80.5467846, 29.0384302 ], [ 80.543762, 29.0359558 ], [ 80.540054, 29.0362175 ], [ 80.5403436, 29.0350697 ], [ 80.5337893, 29.0299129 ], [ 80.5343974, 29.0260557 ], [ 80.532824, 29.0239371 ], [ 80.5359419, 29.0175643 ], [ 80.5354303, 29.0147618 ], [ 80.5187689, 29.004598 ], [ 80.5191663, 28.9990855 ], [ 80.5150582, 28.9973825 ], [ 80.5032202, 28.9964433 ], [ 80.5016102, 28.9937156 ], [ 80.4960897, 28.9954162 ], [ 80.4889821, 28.9949866 ], [ 80.4847962, 28.9983742 ], [ 80.4819135, 28.9973721 ], [ 80.480018, 28.994081 ], [ 80.4750267, 28.9944363 ], [ 80.4715816, 28.997181 ], [ 80.4730683, 28.9992523 ], [ 80.4724142, 29.0038602 ], [ 80.4749875, 29.0046937 ], [ 80.4765849, 29.0077027 ], [ 80.4749363, 29.009837 ], [ 80.478252, 29.0183886 ], [ 80.4686759, 29.0190903 ], [ 80.4701471, 29.0213358 ], [ 80.4683326, 29.0234203 ], [ 80.4695051, 29.0272183 ], [ 80.4683306, 29.0296384 ], [ 80.4615039, 29.0312495 ], [ 80.4596814, 29.0372722 ], [ 80.4492471, 29.0340609 ], [ 80.4438621, 29.0347504 ], [ 80.4401084, 29.0318491 ], [ 80.4261024, 29.0265904 ], [ 80.4189618, 29.026588 ], [ 80.4146485, 29.032277 ], [ 80.410076, 29.0320518 ], [ 80.4044441, 29.0364432 ], [ 80.3968952, 29.0379819 ], [ 80.3918211, 29.0415057 ], [ 80.3875605, 29.0476282 ], [ 80.3834825, 29.0479369 ], [ 80.3776464, 29.043592 ], [ 80.3605267, 29.0484187 ], [ 80.3547025, 29.0450025 ], [ 80.3525598, 29.0477437 ], [ 80.3533715, 29.0496801 ], [ 80.3479714, 29.0542484 ], [ 80.3411756, 29.0544252 ], [ 80.3347437, 29.0516669 ], [ 80.3274, 29.0532052 ], [ 80.3251195, 29.0515317 ], [ 80.3149321, 29.0546081 ], [ 80.3129977, 29.05806 ], [ 80.3106231, 29.0563168 ], [ 80.3078725, 29.0584669 ], [ 80.3020735, 29.0576778 ], [ 80.3001076, 29.0588167 ], [ 80.2897563, 29.0551111 ], [ 80.2836755, 29.0556361 ], [ 80.2818338, 29.0531703 ], [ 80.2820597, 29.0485663 ], [ 80.2780928, 29.0505579 ], [ 80.2723725, 29.0463005 ], [ 80.2647944, 29.0521701 ], [ 80.2606146, 29.0506847 ], [ 80.254517, 29.0530947 ], [ 80.2278359, 29.0456672 ], [ 80.2216149, 29.0517808 ], [ 80.2248137, 29.0549438 ], [ 80.2225401, 29.0565538 ], [ 80.2117428, 29.0569995 ], [ 80.2101446, 29.0675264 ], [ 80.2039615, 29.0720496 ], [ 80.2049721, 29.0743457 ], [ 80.1974167, 29.0781558 ], [ 80.1906083, 29.0858425 ], [ 80.186232, 29.0862678 ], [ 80.1851981, 29.0877033 ], [ 80.1862212, 29.0917452 ], [ 80.1845966, 29.09604 ], [ 80.1847818, 29.1077074 ], [ 80.1884027, 29.112423 ], [ 80.1866007, 29.1146502 ], [ 80.1876528, 29.1169791 ], [ 80.1860069, 29.122283 ], [ 80.1858672, 29.131912 ], [ 80.1837525, 29.1373657 ] ] ] } },
{ "type": "Feature", "properties": { "district_id": 23, "name": "डोटी" }, "geometry": { "type": "Polygon", "coordinates": [ [ [ 80.5260401, 29.1026112 ], [ 80.5267351, 29.1060965 ], [ 80.5395371, 29.1075906 ], [ 80.5437264, 29.1110484 ], [ 80.5482633, 29.1119929 ], [ 80.5565536, 29.1168741 ], [ 80.5592224, 29.1161705 ], [ 80.5620643, 29.1185109 ], [ 80.5667578, 29.119122 ], [ 80.5705359, 29.1245677 ], [ 80.5718895, 29.1297156 ], [ 80.5697772, 29.1333749 ], [ 80.5644716, 29.135402 ], [ 80.5660237, 29.1385494 ], [ 80.5656953, 29.1436803 ], [ 80.5746902, 29.1455346 ], [ 80.5760621, 29.1477184 ], [ 80.5912498, 29.1477544 ], [ 80.5941219, 29.1543511 ], [ 80.5910627, 29.1569125 ], [ 80.5920936, 29.1629775 ], [ 80.5947954, 29.1675834 ], [ 80.598987, 29.170471 ], [ 80.6050346, 29.1700496 ], [ 80.6063569, 29.173234 ], [ 80.6154488, 29.1795605 ], [ 80.6189453, 29.1812043 ], [ 80.6221621, 29.177851 ], [ 80.6306895, 29.176003 ], [ 80.6331142, 29.1779261 ], [ 80.6381707, 29.1777382 ], [ 80.6409033, 29.1792412 ], [ 80.6450991, 29.1783018 ], [ 80.6633777, 29.1832614 ], [ 80.6700129, 29.1826926 ], [ 80.6761264, 29.1906439 ], [ 80.678073, 29.191145 ], [ 80.6871017, 29.1907323 ], [ 80.6964006, 29.1873846 ], [ 80.6996713, 29.1944193 ], [ 80.7030011, 29.1918613 ], [ 80.7047813, 29.1932028 ], [ 80.7066201, 29.2109033 ], [ 80.7018233, 29.2167338 ], [ 80.7038804, 29.2216919 ], [ 80.7078357, 29.225516 ], [ 80.7069411, 29.2315553 ], [ 80.7169295, 29.2361545 ], [ 80.7209781, 29.2348589 ], [ 80.7241361, 29.236163 ], [ 80.7375068, 29.24536 ], [ 80.7395937, 29.2453391 ], [ 80.7392205, 29.2468893 ], [ 80.7360851, 29.2473322 ], [ 80.7413406, 29.2492081 ], [ 80.7414754, 29.2515851 ], [ 80.7469014, 29.2549168 ], [ 80.7489618, 29.2543176 ], [ 80.7488325, 29.2570849 ], [ 80.753753, 29.2627573 ], [ 80.7536018, 29.2650426 ], [ 80.7548369, 29.2644977 ], [ 80.7547842, 29.2671539 ], [ 80.7571159, 29.2669092 ], [ 80.7562642, 29.2695099 ], [ 80.7505778, 29.2737652 ], [ 80.7437149, 29.2747674 ], [ 80.7456784, 29.2845266 ], [ 80.7435883, 29.2878055 ], [ 80.7396707, 29.2883488 ], [ 80.738787, 29.2907127 ], [ 80.7358512, 29.2900264 ], [ 80.7325271, 29.2919733 ], [ 80.7326005, 29.2941822 ], [ 80.7358792, 29.29696 ], [ 80.7341239, 29.2985947 ], [ 80.7371592, 29.299353 ], [ 80.7382582, 29.3026421 ], [ 80.7412146, 29.3015152 ], [ 80.7475099, 29.3024496 ], [ 80.7520802, 29.3079531 ], [ 80.7562098, 29.3088041 ], [ 80.7639033, 29.3050593 ], [ 80.7660806, 29.3018108 ], [ 80.7687356, 29.3028148 ], [ 80.7724154, 29.3017644 ], [ 80.7716827, 29.3120086 ], [ 80.7762552, 29.3154588 ], [ 80.7713349, 29.3182181 ], [ 80.769248, 29.3230132 ], [ 80.762366, 29.3260276 ], [ 80.7591314, 29.3318383 ], [ 80.7627022, 29.3358126 ], [ 80.7615035, 29.3403132 ], [ 80.7571953, 29.3462469 ], [ 80.7580393, 29.3489041 ], [ 80.7610235, 29.3488833 ], [ 80.7622246, 29.3513504 ], [ 80.7610443, 29.3586034 ], [ 80.7621782, 29.3628837 ], [ 80.7650882, 29.3628629 ], [ 80.7651902, 29.3596074 ], [ 80.7682695, 29.3572144 ], [ 80.7707923, 29.3579147 ], [ 80.7710705, 29.3615412 ], [ 80.7745231, 29.3649543 ], [ 80.7856631, 29.3663515 ], [ 80.790842, 29.3650186 ], [ 80.7950246, 29.3661389 ], [ 80.8123487, 29.3646666 ], [ 80.821521, 29.3701169 ], [ 80.8265519, 29.3709222 ], [ 80.8356797, 29.3811972 ], [ 80.84098, 29.3768101 ], [ 80.8495249, 29.3758472 ], [ 80.8521401, 29.3773517 ], [ 80.8586544, 29.3883619 ], [ 80.8601128, 29.3974101 ], [ 80.8522325, 29.4048735 ], [ 80.8516781, 29.4076909 ], [ 80.859891, 29.4095466 ], [ 80.86187, 29.4146182 ], [ 80.867388, 29.4116255 ], [ 80.8742131, 29.4118064 ], [ 80.8838108, 29.421851 ], [ 80.8907412, 29.4239193 ], [ 80.8956355, 29.4311529 ], [ 80.899478, 29.4328982 ], [ 80.9013967, 29.43704 ], [ 80.90822, 29.4393277 ], [ 80.9076375, 29.4417489 ], [ 80.9117267, 29.4440318 ], [ 80.9156287, 29.4327892 ], [ 80.926529, 29.4258574 ], [ 80.9268321, 29.4230122 ], [ 80.9312957, 29.4189477 ], [ 80.9310695, 29.4127801 ], [ 80.9349038, 29.4033915 ], [ 80.9393877, 29.3974787 ], [ 80.9461003, 29.4001103 ], [ 80.9705201, 29.4003517 ], [ 80.9867636, 29.4050932 ], [ 81.0060037, 29.4182166 ], [ 81.0130926, 29.4210267 ], [ 81.0215815, 29.4216083 ], [ 81.0320366, 29.4124116 ], [ 81.0381686, 29.4112748 ], [ 81.0479299, 29.4124973 ], [ 81.0516017, 29.4080171 ], [ 81.0621502, 29.404996 ], [ 81.0746976, 29.4070964 ], [ 81.0763213, 29.4055961 ], [ 81.0819307, 29.4083823 ], [ 81.0854243, 29.4066892 ], [ 81.099251, 29.4069249 ], [ 81.1095349, 29.3995518 ], [ 81.1191299, 29.3957793 ], [ 81.1230171, 29.3959508 ], [ 81.1254774, 29.4031527 ], [ 81.1286493, 29.4044973 ], [ 81.1334222, 29.40364 ], [ 81.1385887, 29.39811 ], [ 81.1394744, 29.3933943 ], [ 81.1443772, 29.3916957 ], [ 81.1553221, 29.3956442 ], [ 81.1622482, 29.3945267 ], [ 81.1690461, 29.4036897 ], [ 81.1709272, 29.4143416 ], [ 81.185378, 29.4060362 ], [ 81.1851643, 29.4009334 ], [ 81.1869647, 29.3977807 ], [ 81.1770996, 29.3929363 ], [ 81.1694832, 29.3860657 ], [ 81.1610525, 29.3863933 ], [ 81.1532001, 29.3823044 ], [ 81.1523958, 29.3648277 ], [ 81.1543572, 29.3628852 ], [ 81.1503775, 29.3621715 ], [ 81.1445306, 29.3527053 ], [ 81.1408038, 29.3340224 ], [ 81.1362962, 29.3212158 ], [ 81.1345155, 29.3096497 ], [ 81.1357343, 29.3052166 ], [ 81.1280962, 29.3007865 ], [ 81.1228359, 29.3008642 ], [ 81.1187347, 29.2968211 ], [ 81.1190913, 29.2930889 ], [ 81.1116021, 29.2844575 ], [ 81.1116021, 29.2794805 ], [ 81.0997161, 29.261732 ], [ 81.1000727, 29.2557038 ], [ 81.0981379, 29.2540311 ], [ 81.0973369, 29.2475911 ], [ 81.1095514, 29.2431569 ], [ 81.1126216, 29.2403401 ], [ 81.1150512, 29.2341357 ], [ 81.1135432, 29.2277191 ], [ 81.1015428, 29.2157208 ], [ 81.090793, 29.2151095 ], [ 81.0860499, 29.2091305 ], [ 81.0753562, 29.2061326 ], [ 81.073591, 29.2019503 ], [ 81.063991, 29.1988746 ], [ 81.0479979, 29.1979351 ], [ 81.0399631, 29.1999642 ], [ 81.0265094, 29.1951176 ], [ 81.0281956, 29.1930982 ], [ 81.0266826, 29.1927129 ], [ 81.0266826, 29.1890942 ], [ 81.030374, 29.1859092 ], [ 81.0327757, 29.1860983 ], [ 81.0353179, 29.1894702 ], [ 81.0457832, 29.1833608 ], [ 81.044144, 29.1817646 ], [ 81.0433245, 29.1748291 ], [ 81.0487462, 29.1708106 ], [ 81.0486832, 29.1637643 ], [ 81.0507006, 29.1615071 ], [ 81.0573577, 29.1612414 ], [ 81.0593376, 29.1552309 ], [ 81.0582659, 29.1527533 ], [ 81.0552398, 29.1520926 ], [ 81.0558071, 29.1486239 ], [ 81.0649485, 29.145981 ], [ 81.0673442, 29.143283 ], [ 81.0650116, 29.135926 ], [ 81.0715154, 29.1345595 ], [ 81.0724295, 29.133348 ], [ 81.0712317, 29.1307597 ], [ 81.07451, 29.126244 ], [ 81.0796165, 29.1240135 ], [ 81.0930764, 29.1088949 ], [ 81.0988764, 29.1061683 ], [ 81.1015085, 29.1009766 ], [ 81.10971, 29.0976022 ], [ 81.1093944, 29.0857539 ], [ 81.1110976, 29.0841569 ], [ 81.1147198, 29.0854279 ], [ 81.1288958, 29.0820776 ], [ 81.1254897, 29.0745687 ], [ 81.1219993, 29.0744495 ], [ 81.1194824, 29.072366 ], [ 81.1220672, 29.0640455 ], [ 81.1316498, 29.0595818 ], [ 81.1315868, 29.0519767 ], [ 81.1351803, 29.0500478 ], [ 81.136252, 29.0422766 ], [ 81.1453934, 29.0347805 ], [ 81.143927, 29.0203251 ], [ 81.1472364, 29.0095907 ], [ 81.1500487, 29.0062035 ], [ 81.1429494, 28.9899059 ], [ 81.1359831, 28.989575 ], [ 81.1316961, 28.9813305 ], [ 81.1188527, 28.9747748 ], [ 81.1058026, 28.9776979 ], [ 81.1046048, 28.9752161 ], [ 81.1058657, 28.9733408 ], [ 81.102083, 28.9709692 ], [ 81.1031839, 28.9651218 ], [ 81.1002087, 28.9635162 ], [ 81.0906689, 28.9678064 ], [ 81.0676254, 28.9703462 ], [ 81.0504589, 28.9785703 ], [ 81.0429978, 28.9744248 ], [ 81.0192654, 28.9523857 ], [ 81.0089047, 28.9577083 ], [ 81.0039311, 28.9575352 ], [ 80.9996549, 28.9557147 ], [ 80.9925787, 28.9483506 ], [ 80.9832384, 28.9426326 ], [ 80.9809188, 28.938757 ], [ 80.967481, 28.9407753 ], [ 80.9547712, 28.9350925 ], [ 80.9313498, 28.944418 ], [ 80.9243567, 28.9418439 ], [ 80.9131455, 28.931158 ], [ 80.9105677, 28.9311251 ], [ 80.9056529, 28.9410667 ], [ 80.9033219, 28.9400953 ], [ 80.9018788, 28.9362582 ], [ 80.8996033, 28.9371325 ], [ 80.8974387, 28.9427181 ], [ 80.8963287, 28.9421838 ], [ 80.8983823, 28.9358696 ], [ 80.8934982, 28.9351411 ], [ 80.8896403, 28.9406905 ], [ 80.8827865, 28.9406782 ], [ 80.8803445, 28.9445152 ], [ 80.8852308, 28.9581188 ], [ 80.8842497, 28.963939 ], [ 80.881581, 28.9676301 ], [ 80.873976, 28.9696211 ], [ 80.8661297, 28.9688502 ], [ 80.8631604, 28.9738029 ], [ 80.8571569, 28.9780204 ], [ 80.8541241, 28.9778583 ], [ 80.8434494, 28.9652062 ], [ 80.8424683, 28.96009 ], [ 80.8369043, 28.95607 ], [ 80.8394072, 28.9502518 ], [ 80.8313227, 28.9398803 ], [ 80.8320095, 28.9366862 ], [ 80.829125, 28.9362569 ], [ 80.8286344, 28.9334576 ], [ 80.8251024, 28.9319127 ], [ 80.8162133, 28.9314827 ], [ 80.8168413, 28.9368579 ], [ 80.8148398, 28.9396742 ], [ 80.8105482, 28.9387034 ], [ 80.8107309, 28.9430002 ], [ 80.8052253, 28.9447268 ], [ 80.809789, 28.9557752 ], [ 80.8049226, 28.9596211 ], [ 80.8053935, 28.9714327 ], [ 80.7917748, 28.9793641 ], [ 80.7859943, 28.9808329 ], [ 80.7822758, 28.9852562 ], [ 80.7724243, 28.9851833 ], [ 80.763905, 28.9873437 ], [ 80.7603794, 28.9900057 ], [ 80.7615764, 28.9928377 ], [ 80.7607915, 28.99718 ], [ 80.7634013, 28.9997716 ], [ 80.7631069, 29.0020026 ], [ 80.7605167, 29.0034785 ], [ 80.7539236, 29.0026205 ], [ 80.7506662, 29.0037016 ], [ 80.7401708, 29.0102087 ], [ 80.7231918, 29.0105348 ], [ 80.7223901, 29.0073399 ], [ 80.7206241, 29.0067907 ], [ 80.7176415, 29.0108407 ], [ 80.7038664, 29.0095364 ], [ 80.6958212, 29.0116644 ], [ 80.6919048, 29.0155459 ], [ 80.6838306, 29.0137537 ], [ 80.6774317, 29.0152469 ], [ 80.6765357, 29.0189757 ], [ 80.6741849, 29.0207246 ], [ 80.6712529, 29.018112 ], [ 80.6628862, 29.0205014 ], [ 80.6595896, 29.0229894 ], [ 80.6564893, 29.0221315 ], [ 80.6471097, 29.0258634 ], [ 80.634306, 29.0358917 ], [ 80.6313822, 29.0424452 ], [ 80.6237065, 29.0490174 ], [ 80.6223745, 29.0533355 ], [ 80.6203295, 29.0534729 ], [ 80.6160282, 29.0591857 ], [ 80.6118934, 29.0575483 ], [ 80.6095068, 29.0545888 ], [ 80.6108389, 29.0518234 ], [ 80.6075643, 29.0491063 ], [ 80.5970746, 29.0487182 ], [ 80.5928199, 29.0549729 ], [ 80.59091, 29.0529963 ], [ 80.5882737, 29.0531419 ], [ 80.5883431, 29.0554343 ], [ 80.5866781, 29.055689 ], [ 80.5840435, 29.0598369 ], [ 80.5820438, 29.0577994 ], [ 80.5797266, 29.0579207 ], [ 80.5776037, 29.0592791 ], [ 80.5781101, 29.0614744 ], [ 80.5733509, 29.0611591 ], [ 80.5737811, 29.0637969 ], [ 80.57019, 29.0652911 ], [ 80.566187, 29.0618951 ], [ 80.5613109, 29.0688988 ], [ 80.5620061, 29.0723977 ], [ 80.5588106, 29.0763351 ], [ 80.5433968, 29.0818192 ], [ 80.5312388, 29.0895646 ], [ 80.5260401, 29.1026112 ] ] ] } },
{ "type": "Feature", "properties": { "district_id": 24, "name": "डोल्पा" }, "geometry": { "type": "Polygon", "coordinates": [ [ [ 82.3925628, 29.0184099 ], [ 82.3978609, 29.0268223 ], [ 82.3995094, 29.0381199 ], [ 82.4028804, 29.0406856 ], [ 82.4059123, 29.0499137 ], [ 82.4066086, 29.0588465 ], [ 82.4037339, 29.0643039 ], [ 82.4051937, 29.0705855 ], [ 82.403283, 29.0728528 ], [ 82.4083828, 29.0817933 ], [ 82.4086523, 29.0884271 ], [ 82.4115487, 29.096282 ], [ 82.4144553, 29.0990552 ], [ 82.4145815, 29.1059618 ], [ 82.4175247, 29.111421 ], [ 82.416176, 29.114546 ], [ 82.4185801, 29.1195139 ], [ 82.4141068, 29.1234666 ], [ 82.417244, 29.1277477 ], [ 82.4159843, 29.1329576 ], [ 82.417513, 29.1359974 ], [ 82.4290019, 29.1371724 ], [ 82.4345623, 29.1417503 ], [ 82.4337842, 29.146221 ], [ 82.4469603, 29.1573915 ], [ 82.4615637, 29.1559128 ], [ 82.4701504, 29.163299 ], [ 82.4838016, 29.1598193 ], [ 82.4912395, 29.1616701 ], [ 82.5044198, 29.1598642 ], [ 82.5133664, 29.1559016 ], [ 82.5311005, 29.1639348 ], [ 82.5424405, 29.1627502 ], [ 82.5528444, 29.1646963 ], [ 82.5568834, 29.1664647 ], [ 82.5600266, 29.1709713 ], [ 82.5722787, 29.1717541 ], [ 82.5730149, 29.1744286 ], [ 82.5787048, 29.1794124 ], [ 82.5788139, 29.1835549 ], [ 82.5828132, 29.1862609 ], [ 82.5831543, 29.1892547 ], [ 82.5794395, 29.1938219 ], [ 82.5753518, 29.1954939 ], [ 82.571367, 29.194181 ], [ 82.5649463, 29.201469 ], [ 82.561219, 29.2035472 ], [ 82.5546179, 29.203298 ], [ 82.5500823, 29.2066551 ], [ 82.5486099, 29.2103204 ], [ 82.5445197, 29.2107012 ], [ 82.5433351, 29.214694 ], [ 82.5453559, 29.2195229 ], [ 82.5420656, 29.2222993 ], [ 82.5437016, 29.2239334 ], [ 82.5430836, 29.2271697 ], [ 82.5372482, 29.2316593 ], [ 82.5362047, 29.2350834 ], [ 82.5361575, 29.2374652 ], [ 82.540484, 29.2431994 ], [ 82.5373027, 29.2476248 ], [ 82.5346926, 29.2480688 ], [ 82.5351262, 29.2519648 ], [ 82.5466112, 29.2593683 ], [ 82.5518158, 29.2658421 ], [ 82.5501678, 29.2789851 ], [ 82.5564395, 29.2866751 ], [ 82.5599053, 29.2892305 ], [ 82.5808966, 29.29262 ], [ 82.5902637, 29.298727 ], [ 82.5884044, 29.3029881 ], [ 82.5908488, 29.3115119 ], [ 82.5900781, 29.3261232 ], [ 82.5845408, 29.3304841 ], [ 82.5811471, 29.33611 ], [ 82.5743148, 29.3364278 ], [ 82.5747147, 29.3386781 ], [ 82.5700996, 29.3458891 ], [ 82.5710778, 29.3561407 ], [ 82.5681692, 29.3602285 ], [ 82.5680579, 29.3646946 ], [ 82.5626076, 29.3665815 ], [ 82.5567376, 29.3726874 ], [ 82.5502032, 29.3741317 ], [ 82.5479301, 29.378002 ], [ 82.5528132, 29.3880359 ], [ 82.5521951, 29.39019 ], [ 82.5568489, 29.4008967 ], [ 82.5589347, 29.4115737 ], [ 82.5758979, 29.4140056 ], [ 82.5828213, 29.4167692 ], [ 82.5854305, 29.4221541 ], [ 82.5880694, 29.4232228 ], [ 82.5907972, 29.4210178 ], [ 82.5976168, 29.4234454 ], [ 82.6245232, 29.4244516 ], [ 82.6266877, 29.4221531 ], [ 82.6271028, 29.4117188 ], [ 82.6234538, 29.3987719 ], [ 82.6406051, 29.3909647 ], [ 82.6426356, 29.3853458 ], [ 82.6593245, 29.395393 ], [ 82.6592722, 29.4004127 ], [ 82.6629936, 29.4025167 ], [ 82.6709421, 29.4013567 ], [ 82.6757698, 29.4034154 ], [ 82.6780184, 29.4084215 ], [ 82.6858164, 29.408654 ], [ 82.6887815, 29.4129158 ], [ 82.685935, 29.4180814 ], [ 82.6902002, 29.4252732 ], [ 82.6978693, 29.4285409 ], [ 82.7022518, 29.4276159 ], [ 82.7143858, 29.4310464 ], [ 82.7195799, 29.4413565 ], [ 82.7169802, 29.4450446 ], [ 82.7255398, 29.4492885 ], [ 82.7263293, 29.4554761 ], [ 82.7354946, 29.4684287 ], [ 82.7349175, 29.4704197 ], [ 82.7232849, 29.4791597 ], [ 82.7282367, 29.489737 ], [ 82.7269774, 29.496548 ], [ 82.732387, 29.5084329 ], [ 82.7407123, 29.5068999 ], [ 82.7485008, 29.5074699 ], [ 82.7547718, 29.5105277 ], [ 82.7636818, 29.5116372 ], [ 82.7670767, 29.5150432 ], [ 82.7759142, 29.5169168 ], [ 82.7818686, 29.5151653 ], [ 82.786715, 29.5173008 ], [ 82.7874246, 29.5207299 ], [ 82.784699, 29.5254003 ], [ 82.7928548, 29.53604 ], [ 82.797048, 29.5387944 ], [ 82.7992704, 29.5459993 ], [ 82.8034216, 29.5518175 ], [ 82.8084115, 29.5560488 ], [ 82.8144497, 29.5561035 ], [ 82.8191999, 29.559394 ], [ 82.8191042, 29.5620123 ], [ 82.8145546, 29.5653861 ], [ 82.8135901, 29.576783 ], [ 82.8079084, 29.5873946 ], [ 82.8085793, 29.5941403 ], [ 82.8058956, 29.5950518 ], [ 82.8049731, 29.6006303 ], [ 82.7969931, 29.6134147 ], [ 82.7967964, 29.6207903 ], [ 82.7938836, 29.6303799 ], [ 82.7984483, 29.6400078 ], [ 82.8042004, 29.6384873 ], [ 82.8095968, 29.6399563 ], [ 82.8156158, 29.6474552 ], [ 82.8201227, 29.6485633 ], [ 82.824422, 29.6475583 ], [ 82.8270943, 29.6502625 ], [ 82.8291026, 29.6711721 ], [ 82.8255175, 29.6810276 ], [ 82.8285834, 29.689865 ], [ 82.834212, 29.689412 ], [ 82.839053, 29.691983 ], [ 82.847221, 29.690773 ], [ 82.849944, 29.688807 ], [ 82.856902, 29.687899 ], [ 82.858112, 29.685479 ], [ 82.861591, 29.685479 ], [ 82.869003, 29.687143 ], [ 82.877323, 29.692891 ], [ 82.886096, 29.693344 ], [ 82.888062, 29.695613 ], [ 82.888516, 29.700151 ], [ 82.899105, 29.702572 ], [ 82.908937, 29.700303 ], [ 82.914685, 29.707412 ], [ 82.918013, 29.70711 ], [ 82.927845, 29.700151 ], [ 82.935257, 29.704689 ], [ 82.941913, 29.695613 ], [ 82.947661, 29.692286 ], [ 82.942064, 29.674739 ], [ 82.946299, 29.673377 ], [ 82.947056, 29.66884 ], [ 82.956586, 29.661881 ], [ 82.963998, 29.662335 ], [ 82.969292, 29.664755 ], [ 82.970199, 29.667176 ], [ 82.97867, 29.667629 ], [ 82.984267, 29.669898 ], [ 82.991528, 29.663394 ], [ 83.000301, 29.664604 ], [ 83.0083488, 29.6724735 ], [ 83.014066, 29.66415 ], [ 83.014671, 29.660369 ], [ 83.019663, 29.658402 ], [ 83.021478, 29.650537 ], [ 83.03373, 29.654469 ], [ 83.036453, 29.651293 ], [ 83.03963, 29.644486 ], [ 83.042655, 29.631175 ], [ 83.049462, 29.630267 ], [ 83.054454, 29.627242 ], [ 83.062773, 29.627393 ], [ 83.065799, 29.62588 ], [ 83.066101, 29.616956 ], [ 83.06958, 29.609998 ], [ 83.082135, 29.607124 ], [ 83.085917, 29.602586 ], [ 83.090757, 29.605157 ], [ 83.089698, 29.611661 ], [ 83.10059, 29.614233 ], [ 83.105127, 29.61862 ], [ 83.115565, 29.615746 ], [ 83.116775, 29.616653 ], [ 83.11738, 29.627242 ], [ 83.120405, 29.629662 ], [ 83.131901, 29.619376 ], [ 83.140977, 29.625427 ], [ 83.144002, 29.623309 ], [ 83.150053, 29.62467 ], [ 83.165331, 29.616199 ], [ 83.163364, 29.613477 ], [ 83.163364, 29.609695 ], [ 83.158978, 29.603947 ], [ 83.158524, 29.596686 ], [ 83.163516, 29.594871 ], [ 83.168659, 29.595779 ], [ 83.178037, 29.5923 ], [ 83.187869, 29.596989 ], [ 83.186357, 29.606065 ], [ 83.187567, 29.608031 ], [ 83.191348, 29.608031 ], [ 83.197097, 29.611964 ], [ 83.200273, 29.605308 ], [ 83.217366, 29.604855 ], [ 83.214492, 29.589123 ], [ 83.231282, 29.580047 ], [ 83.232039, 29.577627 ], [ 83.242324, 29.578081 ], [ 83.24656, 29.576266 ], [ 83.261384, 29.577324 ], [ 83.268796, 29.569307 ], [ 83.277872, 29.569912 ], [ 83.28362, 29.5625 ], [ 83.281956, 29.557357 ], [ 83.278326, 29.557509 ], [ 83.273636, 29.554483 ], [ 83.267586, 29.55645 ], [ 83.264561, 29.555088 ], [ 83.256695, 29.557963 ], [ 83.255333, 29.556904 ], [ 83.258207, 29.550702 ], [ 83.254577, 29.5445 ], [ 83.255938, 29.539357 ], [ 83.262291, 29.534516 ], [ 83.264863, 29.530281 ], [ 83.265165, 29.526348 ], [ 83.268645, 29.522113 ], [ 83.268947, 29.517272 ], [ 83.266829, 29.513642 ], [ 83.268645, 29.508045 ], [ 83.271519, 29.507743 ], [ 83.274846, 29.502448 ], [ 83.281805, 29.498818 ], [ 83.292847, 29.504566 ], [ 83.301923, 29.499423 ], [ 83.308881, 29.502751 ], [ 83.3123867, 29.507366 ], [ 83.3159158, 29.5086202 ], [ 83.321739, 29.504566 ], [ 83.328999, 29.504264 ], [ 83.332176, 29.500331 ], [ 83.345185, 29.495036 ], [ 83.347605, 29.492767 ], [ 83.345941, 29.489742 ], [ 83.348059, 29.485507 ], [ 83.347907, 29.478246 ], [ 83.343672, 29.474918 ], [ 83.344428, 29.467506 ], [ 83.343218, 29.465994 ], [ 83.34942, 29.45964 ], [ 83.352294, 29.459035 ], [ 83.3547527, 29.4512091 ], [ 83.3606527, 29.4525701 ], [ 83.3664179, 29.4503863 ], [ 83.3629207, 29.4468221 ], [ 83.3639807, 29.4401671 ], [ 83.3706357, 29.4345702 ], [ 83.3715437, 29.4283682 ], [ 83.3768377, 29.4279142 ], [ 83.3798627, 29.4241322 ], [ 83.387199, 29.4224719 ], [ 83.413254, 29.422127 ], [ 83.41643, 29.410782 ], [ 83.420968, 29.404883 ], [ 83.424296, 29.404429 ], [ 83.425657, 29.402462 ], [ 83.420666, 29.397471 ], [ 83.422935, 29.385218 ], [ 83.412498, 29.379924 ], [ 83.415523, 29.375386 ], [ 83.413556, 29.367218 ], [ 83.416733, 29.364192 ], [ 83.41522, 29.359352 ], [ 83.416733, 29.356781 ], [ 83.423086, 29.357083 ], [ 83.42838, 29.350125 ], [ 83.437456, 29.35073 ], [ 83.443204, 29.343469 ], [ 83.444717, 29.339688 ], [ 83.442599, 29.335301 ], [ 83.44623, 29.328948 ], [ 83.442297, 29.320174 ], [ 83.438515, 29.315939 ], [ 83.438061, 29.308678 ], [ 83.443506, 29.306863 ], [ 83.443506, 29.299602 ], [ 83.451524, 29.297333 ], [ 83.450767, 29.293098 ], [ 83.455608, 29.291585 ], [ 83.455003, 29.28735 ], [ 83.460146, 29.286291 ], [ 83.464079, 29.275551 ], [ 83.467558, 29.273736 ], [ 83.471037, 29.274341 ], [ 83.478146, 29.281451 ], [ 83.487676, 29.280543 ], [ 83.487071, 29.276005 ], [ 83.492214, 29.273887 ], [ 83.491155, 29.265417 ], [ 83.502802, 29.259669 ], [ 83.504012, 29.255887 ], [ 83.514298, 29.255736 ], [ 83.51566, 29.247114 ], [ 83.519442, 29.244996 ], [ 83.517626, 29.24076 ], [ 83.522013, 29.239248 ], [ 83.521257, 29.235769 ], [ 83.515206, 29.228357 ], [ 83.517626, 29.2276 ], [ 83.517778, 29.218373 ], [ 83.53124, 29.212323 ], [ 83.531391, 29.207633 ], [ 83.53956, 29.20249 ], [ 83.551963, 29.199919 ], [ 83.555442, 29.204457 ], [ 83.563006, 29.20597 ], [ 83.565275, 29.204003 ], [ 83.571628, 29.202642 ], [ 83.572233, 29.199314 ], [ 83.569359, 29.196137 ], [ 83.569812, 29.190238 ], [ 83.575712, 29.187969 ], [ 83.576166, 29.180708 ], [ 83.578888, 29.178893 ], [ 83.590536, 29.174809 ], [ 83.6097148, 29.1810775 ], [ 83.614738, 29.171935 ], [ 83.622604, 29.168456 ], [ 83.623512, 29.166187 ], [ 83.633797, 29.158624 ], [ 83.6426278, 29.1619107 ], [ 83.6440504, 29.1632458 ], [ 83.642873, 29.166641 ], [ 83.646655, 29.169515 ], [ 83.649983, 29.169061 ], [ 83.654672, 29.172843 ], [ 83.6565907, 29.1765931 ], [ 83.6606522, 29.1744218 ], [ 83.6658734, 29.1698019 ], [ 83.6615359, 29.1649168 ], [ 83.6625395, 29.1553856 ], [ 83.6717787, 29.1529905 ], [ 83.6765179, 29.146791 ], [ 83.6780508, 29.1412659 ], [ 83.6762446, 29.1380995 ], [ 83.6797319, 29.1310284 ], [ 83.6799522, 29.1237786 ], [ 83.6602078, 29.1247002 ], [ 83.6575968, 29.1218755 ], [ 83.6499449, 29.1197701 ], [ 83.6500252, 29.1132956 ], [ 83.6520336, 29.1097512 ], [ 83.6463524, 29.1040079 ], [ 83.6381281, 29.1079643 ], [ 83.6307673, 29.1086405 ], [ 83.6229467, 29.1018222 ], [ 83.6205281, 29.0977452 ], [ 83.6150319, 29.0985905 ], [ 83.6149645, 29.0933138 ], [ 83.6265246, 29.0856443 ], [ 83.6316409, 29.0626826 ], [ 83.6219804, 29.0612611 ], [ 83.6180821, 29.0561989 ], [ 83.6192891, 29.0495685 ], [ 83.6182247, 29.0444065 ], [ 83.6122924, 29.0350584 ], [ 83.6156867, 29.0180294 ], [ 83.6116072, 29.0148952 ], [ 83.6169404, 29.004906 ], [ 83.6142005, 29.0005705 ], [ 83.6151538, 28.9956137 ], [ 83.613821, 28.9863751 ], [ 83.609802, 28.9830893 ], [ 83.6092178, 28.9800753 ], [ 83.6041754, 28.9798432 ], [ 83.5989066, 28.9854957 ], [ 83.5933879, 28.984087 ], [ 83.5889891, 28.980665 ], [ 83.5862273, 28.9759884 ], [ 83.5872633, 28.9730164 ], [ 83.5856413, 28.9689812 ], [ 83.5823233, 28.9667056 ], [ 83.5811588, 28.9574114 ], [ 83.5747113, 28.9538575 ], [ 83.5668612, 28.9430198 ], [ 83.5597521, 28.9448431 ], [ 83.5575469, 28.942836 ], [ 83.555438, 28.9347861 ], [ 83.5290581, 28.9081361 ], [ 83.5163755, 28.8911335 ], [ 83.5065896, 28.8850805 ], [ 83.4994889, 28.8772712 ], [ 83.5014498, 28.8726923 ], [ 83.5047445, 28.8712995 ], [ 83.5046877, 28.8676182 ], [ 83.5066191, 28.8643349 ], [ 83.5058581, 28.8571411 ], [ 83.4995621, 28.8449949 ], [ 83.4967775, 28.8436125 ], [ 83.4907552, 28.8467767 ], [ 83.4807005, 28.8443635 ], [ 83.4827569, 28.8326581 ], [ 83.478999, 28.8229882 ], [ 83.4791597, 28.8172166 ], [ 83.4840602, 28.8139083 ], [ 83.4873338, 28.8024694 ], [ 83.4856288, 28.7900377 ], [ 83.4824774, 28.7817151 ], [ 83.4601367, 28.7795426 ], [ 83.4565799, 28.7741093 ], [ 83.4463872, 28.7691261 ], [ 83.4265419, 28.7660137 ], [ 83.4107862, 28.7606224 ], [ 83.3873903, 28.7632348 ], [ 83.381906, 28.7563148 ], [ 83.3767703, 28.7539524 ], [ 83.3729978, 28.7451418 ], [ 83.3608098, 28.7342136 ], [ 83.3256389, 28.7380817 ], [ 83.3138374, 28.7358675 ], [ 83.3072985, 28.7322804 ], [ 83.2990725, 28.7324848 ], [ 83.2811133, 28.7257506 ], [ 83.2765937, 28.7218989 ], [ 83.2729502, 28.7244023 ], [ 83.2572801, 28.7266051 ], [ 83.2491422, 28.7298997 ], [ 83.240085, 28.7347581 ], [ 83.2365208, 28.739898 ], [ 83.2282729, 28.7431428 ], [ 83.2179838, 28.7351133 ], [ 83.2110725, 28.7322955 ], [ 83.2051695, 28.7329227 ], [ 83.1885945, 28.7423929 ], [ 83.1594576, 28.7473266 ], [ 83.134508, 28.7484862 ], [ 83.1159028, 28.7441573 ], [ 83.102799, 28.7539915 ], [ 83.1024426, 28.76059 ], [ 83.0986507, 28.7672305 ], [ 83.0938325, 28.7680882 ], [ 83.0914011, 28.7722986 ], [ 83.0815794, 28.7800108 ], [ 83.08003, 28.7869977 ], [ 83.0690297, 28.7807349 ], [ 83.0658571, 28.7837234 ], [ 83.0457343, 28.7880551 ], [ 83.0446076, 28.7943435 ], [ 83.0399307, 28.7951314 ], [ 83.0205908, 28.7920439 ], [ 83.0133561, 28.7984099 ], [ 82.9977303, 28.8030868 ], [ 82.9785784, 28.8022632 ], [ 82.9757289, 28.8054851 ], [ 82.975568, 28.8089686 ], [ 82.9664681, 28.81664 ], [ 82.966514, 28.8203647 ], [ 82.9613895, 28.8202238 ], [ 82.9511184, 28.8235921 ], [ 82.9468499, 28.8289809 ], [ 82.9258678, 28.8275308 ], [ 82.9162209, 28.8316451 ], [ 82.9076629, 28.8320699 ], [ 82.8975747, 28.825205 ], [ 82.8661429, 28.833912 ], [ 82.8644431, 28.8323279 ], [ 82.8569459, 28.8327305 ], [ 82.8466932, 28.8255119 ], [ 82.841796, 28.8238767 ], [ 82.840559, 28.8288177 ], [ 82.8358113, 28.831545 ], [ 82.8216874, 28.8301358 ], [ 82.8169806, 28.8312368 ], [ 82.7946715, 28.8194938 ], [ 82.7834249, 28.8241224 ], [ 82.7710107, 28.8146349 ], [ 82.7669753, 28.8097098 ], [ 82.7602713, 28.8171092 ], [ 82.759771, 28.8196866 ], [ 82.7567812, 28.8196533 ], [ 82.7560355, 28.8251003 ], [ 82.7490496, 28.8306164 ], [ 82.7435804, 28.8448886 ], [ 82.7331936, 28.8482903 ], [ 82.727081, 28.8464586 ], [ 82.7224161, 28.8496388 ], [ 82.7043827, 28.8545128 ], [ 82.6961732, 28.8648543 ], [ 82.6999878, 28.8844658 ], [ 82.6982648, 28.8873751 ], [ 82.6919105, 28.8868153 ], [ 82.6924343, 28.891428 ], [ 82.6940402, 28.8948751 ], [ 82.7003325, 28.9004003 ], [ 82.7014024, 28.9077729 ], [ 82.6949028, 28.9137186 ], [ 82.688061, 28.9155111 ], [ 82.6854945, 28.9189528 ], [ 82.6848608, 28.9245707 ], [ 82.6716177, 28.944078 ], [ 82.6661633, 28.9638729 ], [ 82.6398073, 28.9628646 ], [ 82.6306866, 28.9710458 ], [ 82.6240327, 28.9737741 ], [ 82.6225241, 28.9762321 ], [ 82.6156019, 28.9787624 ], [ 82.6108572, 28.9779379 ], [ 82.6014652, 28.9826856 ], [ 82.5953555, 28.9806103 ], [ 82.5915532, 28.9820033 ], [ 82.5885308, 28.986836 ], [ 82.5784686, 28.9895693 ], [ 82.5810072, 28.9903263 ], [ 82.575537, 28.9965334 ], [ 82.561276, 29.0031502 ], [ 82.552348, 29.0057745 ], [ 82.5438101, 29.0061624 ], [ 82.5358266, 29.0119807 ], [ 82.5295063, 29.0118191 ], [ 82.5233338, 29.0146311 ], [ 82.5196377, 29.0123685 ], [ 82.5136501, 29.0134675 ], [ 82.508069, 29.0173785 ], [ 82.4846913, 29.0156493 ], [ 82.4819588, 29.0137359 ], [ 82.480118, 29.0074531 ], [ 82.4679795, 29.0029136 ], [ 82.4661036, 28.9979898 ], [ 82.4598114, 28.9909936 ], [ 82.4544257, 28.9895482 ], [ 82.4485239, 28.9915055 ], [ 82.4456138, 28.9900594 ], [ 82.4388161, 28.9903043 ], [ 82.4269126, 28.9996409 ], [ 82.4126124, 29.0048459 ], [ 82.3987942, 29.0042486 ], [ 82.3925628, 29.0184099 ] ] ] } },
{ "type": "Feature", "properties": { "district_id": 25, "name": "तनहुँ" }, "geometry": { "type": "Polygon", "coordinates": [ [ [ 83.9365605, 27.8867245 ], [ 83.9411409, 27.8904833 ], [ 83.9408162, 27.894106 ], [ 83.9442162, 27.8949456 ], [ 83.9519323, 27.8890983 ], [ 83.9532952, 27.8927363 ], [ 83.9521671, 27.894841 ], [ 83.9549948, 27.8951707 ], [ 83.9542196, 27.8975042 ], [ 83.960142, 27.8983693 ], [ 83.9690696, 27.9024132 ], [ 83.9708292, 27.9014118 ], [ 83.9740568, 27.902632 ], [ 83.9754994, 27.9086549 ], [ 83.9782288, 27.9098902 ], [ 83.9781221, 27.91723 ], [ 83.9761069, 27.9214015 ], [ 83.9735202, 27.922684 ], [ 83.9745779, 27.930236 ], [ 83.9724643, 27.9357601 ], [ 83.9691884, 27.9384834 ], [ 83.9704799, 27.9479144 ], [ 83.967277, 27.9555057 ], [ 83.9676698, 27.9596487 ], [ 83.9701873, 27.9583989 ], [ 83.9713485, 27.9624918 ], [ 83.9767473, 27.9662674 ], [ 83.9773945, 27.9706446 ], [ 83.9798861, 27.9728291 ], [ 83.9807345, 27.9789357 ], [ 83.9782668, 27.9887223 ], [ 83.9810051, 27.9922571 ], [ 83.9793205, 27.9976144 ], [ 83.987976, 27.9981601 ], [ 83.9921252, 28.0010136 ], [ 83.9917703, 28.0061207 ], [ 84.0037483, 28.0070262 ], [ 84.0056931, 28.0138623 ], [ 84.013387, 28.0137002 ], [ 84.0166142, 28.0118596 ], [ 84.0255846, 28.014724 ], [ 84.0313983, 28.0197867 ], [ 84.0299112, 28.0195651 ], [ 84.0284803, 28.0237368 ], [ 84.0201344, 28.0273585 ], [ 84.0176021, 28.0306539 ], [ 84.0093265, 28.028675 ], [ 84.0032536, 28.0312196 ], [ 84.0021445, 28.0345346 ], [ 83.9967044, 28.0345252 ], [ 83.9960387, 28.0469721 ], [ 83.9883383, 28.0446625 ], [ 83.9857084, 28.0407636 ], [ 83.9806204, 28.0377596 ], [ 83.9668215, 28.0377065 ], [ 83.9612672, 28.0399643 ], [ 83.9615273, 28.0437481 ], [ 83.9595317, 28.0467592 ], [ 83.9544016, 28.0513835 ], [ 83.9469837, 28.0521962 ], [ 83.9408075, 28.0618942 ], [ 83.9400798, 28.0688684 ], [ 83.9503469, 28.0673978 ], [ 83.9546524, 28.0702338 ], [ 83.9601581, 28.0704495 ], [ 83.9693853, 28.075693 ], [ 83.9685332, 28.0770981 ], [ 83.9587485, 28.0797533 ], [ 83.9589259, 28.0845231 ], [ 83.9626043, 28.0879806 ], [ 83.9692321, 28.0887572 ], [ 83.9730111, 28.091106 ], [ 83.9821424, 28.0997255 ], [ 83.9849149, 28.0982634 ], [ 83.9924346, 28.0995399 ], [ 83.9951108, 28.102327 ], [ 83.9946568, 28.1101688 ], [ 84.0047096, 28.1156947 ], [ 84.0065929, 28.1149998 ], [ 84.0097192, 28.1094089 ], [ 84.0136238, 28.1096244 ], [ 84.0127812, 28.1053959 ], [ 84.0284337, 28.1044734 ], [ 84.0258632, 28.1008007 ], [ 84.0267331, 28.095619 ], [ 84.0292533, 28.0965738 ], [ 84.0274979, 28.0979089 ], [ 84.0283411, 28.1000792 ], [ 84.0316228, 28.0999246 ], [ 84.0363721, 28.0958352 ], [ 84.0390885, 28.0966961 ], [ 84.0410829, 28.094973 ], [ 84.0416393, 28.0932777 ], [ 84.0377575, 28.0915239 ], [ 84.0435044, 28.0899073 ], [ 84.0473308, 28.0850226 ], [ 84.0508696, 28.0837937 ], [ 84.0555437, 28.0887105 ], [ 84.0583824, 28.0880427 ], [ 84.0695208, 28.0777267 ], [ 84.0792123, 28.0918886 ], [ 84.0877253, 28.0945077 ], [ 84.0887205, 28.0986046 ], [ 84.1024819, 28.1104861 ], [ 84.107739, 28.110277 ], [ 84.1127229, 28.1050423 ], [ 84.1169178, 28.1040013 ], [ 84.1207012, 28.1059674 ], [ 84.1321338, 28.1041507 ], [ 84.1417685, 28.1047356 ], [ 84.144255, 28.106388 ], [ 84.1498071, 28.1014605 ], [ 84.1551038, 28.1001535 ], [ 84.1586292, 28.0970286 ], [ 84.1669914, 28.10113 ], [ 84.1706019, 28.0997779 ], [ 84.1788279, 28.1016108 ], [ 84.178896, 28.0993723 ], [ 84.1830175, 28.0957816 ], [ 84.1891146, 28.0960069 ], [ 84.1910902, 28.0945496 ], [ 84.1968886, 28.0972964 ], [ 84.2078286, 28.0943856 ], [ 84.2119941, 28.0948233 ], [ 84.2188123, 28.0998607 ], [ 84.2232111, 28.0990524 ], [ 84.2260471, 28.0973204 ], [ 84.2262621, 28.0939841 ], [ 84.2302185, 28.0912046 ], [ 84.2317867, 28.0780802 ], [ 84.2392247, 28.0807966 ], [ 84.242371, 28.08388 ], [ 84.2452195, 28.0826055 ], [ 84.2465115, 28.0868059 ], [ 84.2491259, 28.0879996 ], [ 84.251173, 28.0852051 ], [ 84.2539174, 28.0850647 ], [ 84.2648631, 28.0930702 ], [ 84.2672741, 28.0930702 ], [ 84.2690493, 28.0909701 ], [ 84.2776302, 28.0927202 ], [ 84.2802803, 28.0968784 ], [ 84.3041604, 28.1072978 ], [ 84.3087648, 28.1072161 ], [ 84.3180211, 28.1152509 ], [ 84.3202013, 28.1153618 ], [ 84.3234091, 28.1206597 ], [ 84.3257745, 28.1210276 ], [ 84.3266702, 28.1228791 ], [ 84.3300594, 28.123924 ], [ 84.3399558, 28.1217418 ], [ 84.3450678, 28.1256961 ], [ 84.359001, 28.1290975 ], [ 84.3876877, 28.1262816 ], [ 84.3920271, 28.1274348 ], [ 84.3935836, 28.1295431 ], [ 84.3963785, 28.1294717 ], [ 84.3991076, 28.1269772 ], [ 84.4169862, 28.1195343 ], [ 84.4190615, 28.1172194 ], [ 84.4208723, 28.1193907 ], [ 84.4223372, 28.118996 ], [ 84.422461, 28.1170598 ], [ 84.4264545, 28.1153388 ], [ 84.4273299, 28.1110942 ], [ 84.4312108, 28.111269 ], [ 84.4342248, 28.1078388 ], [ 84.4367552, 28.1079134 ], [ 84.438273, 28.1051342 ], [ 84.4436609, 28.1045631 ], [ 84.4424236, 28.0994614 ], [ 84.4519189, 28.0959333 ], [ 84.4510172, 28.0928258 ], [ 84.4568904, 28.0915512 ], [ 84.4612064, 28.0833772 ], [ 84.4658678, 28.0823617 ], [ 84.4654074, 28.0768782 ], [ 84.4687451, 28.0757103 ], [ 84.4697235, 28.0713436 ], [ 84.4678819, 28.0700233 ], [ 84.472831, 28.0688554 ], [ 84.4762263, 28.0651993 ], [ 84.4748452, 28.0616954 ], [ 84.477694, 28.0583161 ], [ 84.472656, 28.0510241 ], [ 84.4682392, 28.0520076 ], [ 84.4658145, 28.050485 ], [ 84.4685656, 28.045629 ], [ 84.4644156, 28.0441886 ], [ 84.4659544, 28.0417194 ], [ 84.4646488, 28.0397851 ], [ 84.4614314, 28.0392089 ], [ 84.4637628, 28.0354019 ], [ 84.4617204, 28.0298359 ], [ 84.4641334, 28.0280977 ], [ 84.4597661, 28.0245219 ], [ 84.4609418, 28.0214487 ], [ 84.4591233, 28.0185262 ], [ 84.4600558, 28.0142245 ], [ 84.4566753, 28.0088111 ], [ 84.4572814, 28.0045502 ], [ 84.4529916, 28.003171 ], [ 84.4527118, 28.0003715 ], [ 84.4431063, 27.9927547 ], [ 84.4373943, 27.9924459 ], [ 84.4396092, 27.9878343 ], [ 84.4361586, 27.9886372 ], [ 84.4272059, 27.9857138 ], [ 84.4269262, 27.9832432 ], [ 84.4208528, 27.9782707 ], [ 84.4215198, 27.9738902 ], [ 84.4186891, 27.9692014 ], [ 84.422175, 27.9641933 ], [ 84.4205759, 27.9580484 ], [ 84.4253598, 27.9518505 ], [ 84.4397158, 27.9486266 ], [ 84.4428811, 27.9462674 ], [ 84.4459474, 27.9463548 ], [ 84.4484529, 27.949962 ], [ 84.4520922, 27.9499132 ], [ 84.4565671, 27.9476135 ], [ 84.4567536, 27.9434943 ], [ 84.4586343, 27.942036 ], [ 84.4635562, 27.9439707 ], [ 84.4736332, 27.9404461 ], [ 84.473311, 27.9363988 ], [ 84.4822013, 27.9323101 ], [ 84.4817508, 27.9297663 ], [ 84.4867389, 27.926642 ], [ 84.4952689, 27.927593 ], [ 84.507744, 27.9219899 ], [ 84.5069362, 27.9191931 ], [ 84.4999297, 27.9174888 ], [ 84.501298, 27.9155368 ], [ 84.5103817, 27.9137158 ], [ 84.5122775, 27.9176053 ], [ 84.5177838, 27.9127252 ], [ 84.5230922, 27.9155368 ], [ 84.5318626, 27.9129583 ], [ 84.5340552, 27.9137304 ], [ 84.5364621, 27.918086 ], [ 84.5382591, 27.9176927 ], [ 84.5403198, 27.9129146 ], [ 84.5374677, 27.9095202 ], [ 84.5454151, 27.9052265 ], [ 84.5412119, 27.9021917 ], [ 84.5402563, 27.89634 ], [ 84.5403726, 27.8857896 ], [ 84.545286, 27.8810654 ], [ 84.5408622, 27.87868 ], [ 84.5405864, 27.8767954 ], [ 84.5447929, 27.8697069 ], [ 84.5524078, 27.870102 ], [ 84.5473317, 27.8628571 ], [ 84.5589047, 27.8586596 ], [ 84.5568516, 27.8530155 ], [ 84.5587678, 27.8460412 ], [ 84.5566263, 27.8380457 ], [ 84.54982, 27.8327005 ], [ 84.5455949, 27.8318333 ], [ 84.5391758, 27.8339063 ], [ 84.5224381, 27.8326965 ], [ 84.5207019, 27.8312432 ], [ 84.5206654, 27.8228025 ], [ 84.5172226, 27.8162277 ], [ 84.5116596, 27.8156061 ], [ 84.496124, 27.8210135 ], [ 84.4925852, 27.8192128 ], [ 84.4658878, 27.8247361 ], [ 84.4662421, 27.8199382 ], [ 84.4648966, 27.8188537 ], [ 84.4461599, 27.8233974 ], [ 84.4428837, 27.8212039 ], [ 84.4402269, 27.8165043 ], [ 84.4326265, 27.8136683 ], [ 84.4299717, 27.7913597 ], [ 84.4342635, 27.7830427 ], [ 84.4394065, 27.7782187 ], [ 84.4485695, 27.7783415 ], [ 84.4609706, 27.7737004 ], [ 84.4703036, 27.761313 ], [ 84.4713808, 27.7519682 ], [ 84.4636208, 27.7535953 ], [ 84.4568616, 27.7594248 ], [ 84.450964, 27.7591589 ], [ 84.4484835, 27.7577206 ], [ 84.438172, 27.7434992 ], [ 84.4342452, 27.7412706 ], [ 84.426131, 27.7426057 ], [ 84.4222193, 27.7414135 ], [ 84.4213209, 27.7438137 ], [ 84.4244029, 27.7465294 ], [ 84.4228349, 27.7484315 ], [ 84.4176847, 27.7494962 ], [ 84.4174414, 27.7519246 ], [ 84.4199557, 27.7531448 ], [ 84.4174848, 27.7592017 ], [ 84.4107898, 27.759815 ], [ 84.4048819, 27.762414 ], [ 84.3987507, 27.7713655 ], [ 84.3924775, 27.7752274 ], [ 84.3777146, 27.7793661 ], [ 84.3680586, 27.7748477 ], [ 84.3613209, 27.7592026 ], [ 84.3603553, 27.7532591 ], [ 84.3562784, 27.7523666 ], [ 84.3525662, 27.7491954 ], [ 84.3430175, 27.7507905 ], [ 84.3406787, 27.7443338 ], [ 84.3331899, 27.7491194 ], [ 84.3249168, 27.7488719 ], [ 84.3222251, 27.758443 ], [ 84.3151869, 27.7644432 ], [ 84.3183235, 27.7748902 ], [ 84.3137664, 27.78537 ], [ 84.3003864, 27.7916506 ], [ 84.2976398, 27.8067217 ], [ 84.3023605, 27.8099292 ], [ 84.3003864, 27.8146929 ], [ 84.3056221, 27.817217 ], [ 84.3057937, 27.8193615 ], [ 84.3007941, 27.8216768 ], [ 84.2912454, 27.8381288 ], [ 84.2713112, 27.836497 ], [ 84.2698092, 27.8356621 ], [ 84.2698736, 27.8332143 ], [ 84.2672557, 27.8323415 ], [ 84.2656464, 27.835036 ], [ 84.2666978, 27.8384324 ], [ 84.2651529, 27.8391345 ], [ 84.2525358, 27.8386222 ], [ 84.2455835, 27.8457752 ], [ 84.2411203, 27.8465911 ], [ 84.2352623, 27.8442763 ], [ 84.2309494, 27.8465911 ], [ 84.2273445, 27.8450732 ], [ 84.2287821, 27.8408421 ], [ 84.2255849, 27.8361365 ], [ 84.2179889, 27.8465531 ], [ 84.2110796, 27.8456614 ], [ 84.210071, 27.8434605 ], [ 84.2120237, 27.840197 ], [ 84.2087192, 27.8388498 ], [ 84.2060155, 27.8423221 ], [ 84.2076249, 27.8489247 ], [ 84.2033548, 27.852131 ], [ 84.1923255, 27.8465152 ], [ 84.1736574, 27.8525863 ], [ 84.1702456, 27.8458321 ], [ 84.1630144, 27.8467428 ], [ 84.1630358, 27.8417718 ], [ 84.1559548, 27.8394191 ], [ 84.1543455, 27.8425877 ], [ 84.1563625, 27.8458321 ], [ 84.1556329, 27.8480709 ], [ 84.1501398, 27.8472931 ], [ 84.1434021, 27.8501769 ], [ 84.1265149, 27.8451681 ], [ 84.1211934, 27.8474638 ], [ 84.1210646, 27.849418 ], [ 84.126944, 27.8513342 ], [ 84.1296691, 27.8543697 ], [ 84.1255278, 27.8599282 ], [ 84.1198844, 27.8594729 ], [ 84.1213221, 27.8539523 ], [ 84.119348, 27.8511255 ], [ 84.1165156, 27.850784 ], [ 84.1129751, 27.8524725 ], [ 84.1094346, 27.8619011 ], [ 84.1069026, 27.86137 ], [ 84.1022248, 27.8546163 ], [ 84.0956478, 27.8582355 ], [ 84.09553, 27.8604214 ], [ 84.101109, 27.8642913 ], [ 84.1007227, 27.8670799 ], [ 84.0976972, 27.8661883 ], [ 84.0779132, 27.870077 ], [ 84.0789647, 27.8641206 ], [ 84.0764112, 27.8632101 ], [ 84.0747375, 27.8652778 ], [ 84.0700136, 27.8640027 ], [ 84.0694557, 27.8581408 ], [ 84.0678678, 27.8564145 ], [ 84.0533625, 27.8488067 ], [ 84.0515171, 27.849319 ], [ 84.049779, 27.8559591 ], [ 84.0422259, 27.8548209 ], [ 84.0431486, 27.8516336 ], [ 84.0418612, 27.8499261 ], [ 84.0384494, 27.8514439 ], [ 84.0410243, 27.8551244 ], [ 84.0395583, 27.8572056 ], [ 84.0345721, 27.8580627 ], [ 84.0314384, 27.8561956 ], [ 84.0284447, 27.856579 ], [ 84.0227537, 27.8611858 ], [ 84.0182405, 27.8617326 ], [ 84.0152667, 27.8582669 ], [ 84.0220027, 27.8536131 ], [ 84.0221606, 27.851359 ], [ 84.0205007, 27.8507957 ], [ 84.003893, 27.8552451 ], [ 83.9993316, 27.8548073 ], [ 83.9971115, 27.857149 ], [ 83.997133, 27.8638207 ], [ 83.9949428, 27.86606 ], [ 83.9775251, 27.8661633 ], [ 83.9740662, 27.8680206 ], [ 83.9719449, 27.8727061 ], [ 83.966369, 27.8702319 ], [ 83.9581905, 27.8731724 ], [ 83.9525387, 27.8697783 ], [ 83.9479754, 27.8694314 ], [ 83.9404867, 27.8780159 ], [ 83.940666, 27.8795949 ], [ 83.9386576, 27.8808455 ], [ 83.9398529, 27.8827573 ], [ 83.9365605, 27.8867245 ] ] ] } },
{ "type": "Feature", "properties": { "district_id": 26, "name": "ताप्लेजुङ जिल्ला" }, "geometry": { "type": "Polygon", "coordinates": [ [ [ 87.4443032, 27.4063608 ], [ 87.446952, 27.4140781 ], [ 87.4521147, 27.4180777 ], [ 87.4560773, 27.4260724 ], [ 87.4609509, 27.4468685 ], [ 87.4604337, 27.4667956 ], [ 87.458509, 27.4738934 ], [ 87.471118, 27.4868282 ], [ 87.4710839, 27.4907067 ], [ 87.4663532, 27.4960654 ], [ 87.4696295, 27.5000696 ], [ 87.4680778, 27.5076124 ], [ 87.4762192, 27.5125517 ], [ 87.4774003, 27.5173648 ], [ 87.4745833, 27.5220021 ], [ 87.4748427, 27.5272989 ], [ 87.4784233, 27.5335884 ], [ 87.4805694, 27.5434318 ], [ 87.4870852, 27.5466672 ], [ 87.4819186, 27.5551733 ], [ 87.481693, 27.5673014 ], [ 87.4875623, 27.5697222 ], [ 87.4896144, 27.5769892 ], [ 87.4986717, 27.5813837 ], [ 87.5126523, 27.5991029 ], [ 87.520065, 27.5968033 ], [ 87.524853, 27.5930264 ], [ 87.5292553, 27.5950809 ], [ 87.5275886, 27.6032052 ], [ 87.5304331, 27.6143199 ], [ 87.5359421, 27.6242126 ], [ 87.534602, 27.6321506 ], [ 87.5437888, 27.6362122 ], [ 87.5449022, 27.6383715 ], [ 87.5436509, 27.6466319 ], [ 87.5331424, 27.6516332 ], [ 87.5455723, 27.6600759 ], [ 87.5449773, 27.664893 ], [ 87.5488754, 27.6684786 ], [ 87.5489523, 27.6796713 ], [ 87.5527096, 27.6879998 ], [ 87.5578466, 27.6912507 ], [ 87.5578845, 27.6947228 ], [ 87.560981, 27.6986248 ], [ 87.5642727, 27.6991375 ], [ 87.5671885, 27.6951495 ], [ 87.5744769, 27.6932765 ], [ 87.5747118, 27.6829669 ], [ 87.5789094, 27.6768584 ], [ 87.5831445, 27.6771039 ], [ 87.5904762, 27.6815763 ], [ 87.5923672, 27.6799888 ], [ 87.5995517, 27.6794522 ], [ 87.6018183, 27.6741587 ], [ 87.6077016, 27.6754674 ], [ 87.6124692, 27.674198 ], [ 87.6137137, 27.6753572 ], [ 87.6118898, 27.6837561 ], [ 87.6162555, 27.6887695 ], [ 87.6153536, 27.6956233 ], [ 87.6126452, 27.6994844 ], [ 87.6150374, 27.704681 ], [ 87.6234628, 27.7124995 ], [ 87.6299527, 27.7125602 ], [ 87.6388085, 27.7100057 ], [ 87.6395339, 27.7149169 ], [ 87.6377812, 27.7188936 ], [ 87.6439851, 27.7273367 ], [ 87.6410743, 27.7311 ], [ 87.6516003, 27.7390848 ], [ 87.6550949, 27.7397956 ], [ 87.6577571, 27.7447595 ], [ 87.6635675, 27.7504217 ], [ 87.6570094, 27.761815 ], [ 87.6649024, 27.7660234 ], [ 87.6714926, 27.7735857 ], [ 87.6707356, 27.7808542 ], [ 87.6772285, 27.7906074 ], [ 87.672417, 27.7996532 ], [ 87.668292, 27.802094 ], [ 87.6653245, 27.8070471 ], [ 87.6734094, 27.8078314 ], [ 87.6753217, 27.8103737 ], [ 87.6798538, 27.8100221 ], [ 87.6869946, 27.8125384 ], [ 87.692537, 27.8109473 ], [ 87.6985146, 27.8123566 ], [ 87.7040304, 27.8103116 ], [ 87.7095903, 27.8115601 ], [ 87.7186652, 27.809045 ], [ 87.723916, 27.8054777 ], [ 87.7330109, 27.8094614 ], [ 87.7362776, 27.813681 ], [ 87.7338189, 27.8195374 ], [ 87.7358153, 27.8240526 ], [ 87.7420143, 27.8306005 ], [ 87.7436431, 27.8353634 ], [ 87.7532865, 27.8360939 ], [ 87.7585113, 27.8481016 ], [ 87.7660286, 27.8597015 ], [ 87.7785089, 27.8660728 ], [ 87.7768841, 27.8682884 ], [ 87.7784963, 27.8720425 ], [ 87.7753633, 27.8756653 ], [ 87.7752697, 27.8781272 ], [ 87.7844582, 27.8995486 ], [ 87.8039637, 27.9091079 ], [ 87.8057182, 27.9110289 ], [ 87.8057225, 27.9146137 ], [ 87.8134261, 27.9216412 ], [ 87.8187391, 27.9218263 ], [ 87.8215582, 27.919188 ], [ 87.8245495, 27.9203523 ], [ 87.8270851, 27.9300494 ], [ 87.8245043, 27.9363299 ], [ 87.8289677, 27.9471569 ], [ 87.8314231, 27.9491523 ], [ 87.8314417, 27.9529919 ], [ 87.8415486, 27.9503902 ], [ 87.8468758, 27.9465155 ], [ 87.8500871, 27.9487224 ], [ 87.8568373, 27.9481482 ], [ 87.8591213, 27.936847 ], [ 87.8538801, 27.9289203 ], [ 87.8601738, 27.9241141 ], [ 87.8657579, 27.9109602 ], [ 87.8765787, 27.9149685 ], [ 87.8877175, 27.9103287 ], [ 87.8990571, 27.9113381 ], [ 87.9077094, 27.9170929 ], [ 87.9197652, 27.9161263 ], [ 87.9320343, 27.918072 ], [ 87.9390033, 27.9109926 ], [ 87.9555634, 27.9092432 ], [ 87.9663546, 27.8933691 ], [ 87.9846632, 27.8868142 ], [ 87.9975591, 27.8938168 ], [ 88.0022755, 27.8982833 ], [ 88.0161791, 27.8987906 ], [ 88.0214504, 27.8967968 ], [ 88.0261654, 27.904817 ], [ 88.029931, 27.9060767 ], [ 88.0370168, 27.9044985 ], [ 88.0420852, 27.8998779 ], [ 88.0538421, 27.8970161 ], [ 88.0580598, 27.888645 ], [ 88.0643015, 27.886511 ], [ 88.0718656, 27.8939109 ], [ 88.0789813, 27.8961483 ], [ 88.0840076, 27.8956769 ], [ 88.0893607, 27.8876131 ], [ 88.090986, 27.8717732 ], [ 88.095663, 27.8673819 ], [ 88.111815, 27.8684838 ], [ 88.1267239, 27.8808981 ], [ 88.1349737, 27.8815971 ], [ 88.1391965, 27.8778748 ], [ 88.1428149, 27.878551 ], [ 88.1486251, 27.8769461 ], [ 88.1537676, 27.8709249 ], [ 88.1640627, 27.8685915 ], [ 88.1723963, 27.8634879 ], [ 88.1778517, 27.8562819 ], [ 88.1831203, 27.8572737 ], [ 88.1882442, 27.8540556 ], [ 88.1961627, 27.854216 ], [ 88.1978635, 27.8458781 ], [ 88.2012919, 27.8428502 ], [ 88.2011179, 27.8376473 ], [ 88.1942413, 27.8357556 ], [ 88.1874207, 27.8255837 ], [ 88.1729883, 27.8206628 ], [ 88.1733811, 27.8176613 ], [ 88.1787932, 27.8159571 ], [ 88.1851095, 27.8107888 ], [ 88.1866888, 27.8016093 ], [ 88.1936407, 27.7963923 ], [ 88.1971486, 27.7910131 ], [ 88.1952138, 27.7867278 ], [ 88.1880119, 27.7816125 ], [ 88.1851019, 27.7773985 ], [ 88.1811251, 27.7760767 ], [ 88.181369, 27.769185 ], [ 88.1832627, 27.7664729 ], [ 88.1766018, 27.7585414 ], [ 88.1784098, 27.7472236 ], [ 88.1695859, 27.7417984 ], [ 88.1582819, 27.7409844 ], [ 88.1561243, 27.7367341 ], [ 88.1541399, 27.725746 ], [ 88.1552672, 27.7176127 ], [ 88.1473138, 27.7031638 ], [ 88.149383, 27.6961063 ], [ 88.1527412, 27.6912329 ], [ 88.1466414, 27.6792039 ], [ 88.1444803, 27.6658166 ], [ 88.1370613, 27.657686 ], [ 88.1311293, 27.6555237 ], [ 88.1199225, 27.6457581 ], [ 88.1204955, 27.6396509 ], [ 88.1171059, 27.6299773 ], [ 88.1193509, 27.6274392 ], [ 88.1151499, 27.621181 ], [ 88.1135028, 27.6108535 ], [ 88.1054796, 27.6027024 ], [ 88.0935308, 27.5982714 ], [ 88.0895029, 27.5953025 ], [ 88.0818284, 27.5851855 ], [ 88.0750589, 27.5722499 ], [ 88.0809091, 27.5650256 ], [ 88.0758908, 27.5589055 ], [ 88.0690887, 27.5560161 ], [ 88.068397, 27.5465933 ], [ 88.0607635, 27.5402467 ], [ 88.0588652, 27.5352888 ], [ 88.0596961, 27.531684 ], [ 88.0651333, 27.5297563 ], [ 88.0670487, 27.5265064 ], [ 88.061271, 27.5254993 ], [ 88.0572827, 27.5180958 ], [ 88.0571692, 27.516276 ], [ 88.0614087, 27.5123001 ], [ 88.0574424, 27.5096523 ], [ 88.054705, 27.5048518 ], [ 88.0506898, 27.5046047 ], [ 88.0464087, 27.5016589 ], [ 88.0436016, 27.4961706 ], [ 88.0451325, 27.4818576 ], [ 88.0438213, 27.4786841 ], [ 88.0483228, 27.4726896 ], [ 88.0565857, 27.4676975 ], [ 88.0603142, 27.461316 ], [ 88.0669089, 27.4580823 ], [ 88.0643802, 27.4539707 ], [ 88.0722734, 27.4450278 ], [ 88.0644047, 27.4357118 ], [ 88.0499228, 27.4271671 ], [ 88.0341931, 27.4093394 ], [ 88.0248634, 27.3894662 ], [ 88.0232255, 27.3782043 ], [ 88.018108, 27.3662186 ], [ 88.0190593, 27.3617964 ], [ 88.0173929, 27.3544128 ], [ 88.0129713, 27.3505463 ], [ 88.0125885, 27.3473476 ], [ 88.0098542, 27.3461852 ], [ 88.010026, 27.3430433 ], [ 88.0048336, 27.3371155 ], [ 88.0032086, 27.3329194 ], [ 88.0037023, 27.3292586 ], [ 87.9948891, 27.3241775 ], [ 87.9908086, 27.32429 ], [ 87.9816591, 27.3148547 ], [ 87.982159, 27.312484 ], [ 87.9804104, 27.3094439 ], [ 87.9758178, 27.3060712 ], [ 87.9738916, 27.3016862 ], [ 87.9683245, 27.3008316 ], [ 87.9679655, 27.2985439 ], [ 87.9590838, 27.2916946 ], [ 87.959243, 27.2887281 ], [ 87.9508021, 27.2830643 ], [ 87.9471099, 27.2834714 ], [ 87.9386824, 27.2807497 ], [ 87.9377747, 27.2823969 ], [ 87.9327444, 27.2836266 ], [ 87.9249805, 27.2807947 ], [ 87.9231615, 27.2825169 ], [ 87.9186877, 27.2828645 ], [ 87.9170705, 27.2862351 ], [ 87.9142461, 27.2845854 ], [ 87.9103478, 27.2857512 ], [ 87.9059907, 27.2846168 ], [ 87.9029387, 27.2867259 ], [ 87.8942675, 27.2865935 ], [ 87.8911639, 27.2846676 ], [ 87.8911246, 27.2822484 ], [ 87.8878519, 27.2841957 ], [ 87.884094, 27.280989 ], [ 87.8831642, 27.2826546 ], [ 87.881648, 27.2816679 ], [ 87.8802787, 27.2843293 ], [ 87.8757098, 27.2820649 ], [ 87.8749333, 27.2801842 ], [ 87.8736444, 27.2820872 ], [ 87.8695023, 27.2792185 ], [ 87.8613924, 27.2797839 ], [ 87.8610177, 27.2818083 ], [ 87.8524559, 27.2860481 ], [ 87.8395604, 27.2863447 ], [ 87.8080127, 27.2761446 ], [ 87.7969844, 27.2770773 ], [ 87.7808323, 27.2728723 ], [ 87.7677919, 27.2764611 ], [ 87.765378, 27.2797488 ], [ 87.7551482, 27.2811698 ], [ 87.7450523, 27.277973 ], [ 87.7378772, 27.2804124 ], [ 87.7316599, 27.2787908 ], [ 87.7240303, 27.286279 ], [ 87.7091984, 27.2866311 ], [ 87.7065621, 27.2887397 ], [ 87.6961071, 27.2915253 ], [ 87.6937636, 27.2893272 ], [ 87.6881247, 27.2880256 ], [ 87.6871819, 27.2835237 ], [ 87.6818351, 27.279978 ], [ 87.6797125, 27.2712021 ], [ 87.6579595, 27.2703609 ], [ 87.6512311, 27.268313 ], [ 87.637852, 27.2734691 ], [ 87.6267258, 27.2752071 ], [ 87.6215146, 27.2802834 ], [ 87.6065889, 27.2837605 ], [ 87.5806228, 27.2843422 ], [ 87.5667604, 27.2871789 ], [ 87.5607997, 27.2851451 ], [ 87.5523543, 27.2861742 ], [ 87.5429879, 27.2930898 ], [ 87.5362426, 27.2912435 ], [ 87.5290778, 27.2927714 ], [ 87.5208069, 27.2971696 ], [ 87.5163991, 27.2968502 ], [ 87.516143, 27.3026047 ], [ 87.5142273, 27.306301 ], [ 87.5066836, 27.3091195 ], [ 87.5015505, 27.3133259 ], [ 87.4973343, 27.3140976 ], [ 87.4939893, 27.3222078 ], [ 87.4923844, 27.3326497 ], [ 87.4795817, 27.3434641 ], [ 87.4743615, 27.3538121 ], [ 87.4742416, 27.3575904 ], [ 87.4664068, 27.3669915 ], [ 87.4583669, 27.371791 ], [ 87.4566004, 27.3778358 ], [ 87.456566, 27.3868652 ], [ 87.4443032, 27.4063608 ] ] ] } },
{ "type": "Feature", "properties": { "district_id": 27, "name": "तेह्रथुम जिल्ला" }, "geometry": { "type": "Polygon", "coordinates": [ [ [ 87.3918384, 27.1020333 ], [ 87.3938651, 27.1057394 ], [ 87.3927177, 27.1087876 ], [ 87.3949936, 27.1138487 ], [ 87.3960398, 27.1252757 ], [ 87.4072464, 27.1360752 ], [ 87.4093449, 27.1454666 ], [ 87.4057763, 27.1543192 ], [ 87.4122647, 27.1674045 ], [ 87.4213366, 27.1769463 ], [ 87.4252011, 27.1768117 ], [ 87.4308528, 27.1796488 ], [ 87.4511013, 27.1794235 ], [ 87.4537067, 27.1839972 ], [ 87.4619497, 27.1918748 ], [ 87.4702608, 27.1976311 ], [ 87.4673996, 27.2018725 ], [ 87.468694, 27.2045384 ], [ 87.4687621, 27.2144744 ], [ 87.4669227, 27.2187151 ], [ 87.4719572, 27.225453 ], [ 87.4738674, 27.2321389 ], [ 87.476614, 27.2342757 ], [ 87.4798852, 27.2508436 ], [ 87.4882474, 27.2604727 ], [ 87.4892692, 27.2652263 ], [ 87.5041884, 27.280909 ], [ 87.5165171, 27.2969937 ], [ 87.5208069, 27.2971696 ], [ 87.5290778, 27.2927714 ], [ 87.5362426, 27.2912435 ], [ 87.5429879, 27.2930898 ], [ 87.550289, 27.2870083 ], [ 87.5573023, 27.2854434 ], [ 87.5667604, 27.2871789 ], [ 87.5806228, 27.2843422 ], [ 87.6065889, 27.2837605 ], [ 87.6215146, 27.2802834 ], [ 87.6267258, 27.2752071 ], [ 87.637852, 27.2734691 ], [ 87.6512311, 27.268313 ], [ 87.6579595, 27.2703609 ], [ 87.6797125, 27.2712021 ], [ 87.6808886, 27.2676241 ], [ 87.6858716, 27.2621128 ], [ 87.7040081, 27.2536744 ], [ 87.7082148, 27.2484073 ], [ 87.7155819, 27.2437783 ], [ 87.7230498, 27.2421334 ], [ 87.7274044, 27.2358476 ], [ 87.733553, 27.2346375 ], [ 87.7390763, 27.2279095 ], [ 87.7469403, 27.2236192 ], [ 87.7512308, 27.217766 ], [ 87.7513922, 27.2085369 ], [ 87.7444616, 27.1991876 ], [ 87.7272252, 27.1934726 ], [ 87.7178791, 27.1877694 ], [ 87.7134975, 27.1809935 ], [ 87.7108953, 27.1717648 ], [ 87.7110156, 27.1571071 ], [ 87.706213, 27.1509129 ], [ 87.702264, 27.1498429 ], [ 87.6994995, 27.1469031 ], [ 87.6949364, 27.1472417 ], [ 87.6919744, 27.143398 ], [ 87.6874747, 27.1442933 ], [ 87.6835505, 27.1420584 ], [ 87.6756438, 27.1426043 ], [ 87.6713706, 27.1384664 ], [ 87.6652, 27.1367944 ], [ 87.6630307, 27.1329915 ], [ 87.6507456, 27.1309844 ], [ 87.6447808, 27.1328576 ], [ 87.6446417, 27.1268586 ], [ 87.6370445, 27.1239036 ], [ 87.6346482, 27.1188123 ], [ 87.6288645, 27.1185658 ], [ 87.6218535, 27.1132562 ], [ 87.6128657, 27.1129143 ], [ 87.6079777, 27.1077527 ], [ 87.6032859, 27.1080707 ], [ 87.5891823, 27.0999467 ], [ 87.5830473, 27.0898475 ], [ 87.5771178, 27.0851971 ], [ 87.5745672, 27.0781358 ], [ 87.5710562, 27.0759481 ], [ 87.5702018, 27.0698796 ], [ 87.5658344, 27.0671219 ], [ 87.5622297, 27.0617278 ], [ 87.5557238, 27.05924 ], [ 87.5502747, 27.0539422 ], [ 87.5440514, 27.0520943 ], [ 87.5368024, 27.0455403 ], [ 87.5360094, 27.0419918 ], [ 87.5329921, 27.0385757 ], [ 87.5327796, 27.0351987 ], [ 87.5393034, 27.0339215 ], [ 87.5420502, 27.0239963 ], [ 87.5414877, 27.0217601 ], [ 87.5359152, 27.0171443 ], [ 87.5358416, 27.0137148 ], [ 87.5199153, 27.0027406 ], [ 87.5113546, 26.9908129 ], [ 87.5042958, 26.9881576 ], [ 87.5005682, 26.9841816 ], [ 87.4897081, 26.9857751 ], [ 87.4848758, 26.9839844 ], [ 87.4828568, 26.9803117 ], [ 87.4869018, 26.9783065 ], [ 87.4824617, 26.9752987 ], [ 87.477505, 26.9750517 ], [ 87.4731064, 26.9776727 ], [ 87.4695417, 26.976839 ], [ 87.463841, 26.9740131 ], [ 87.4637562, 26.9683049 ], [ 87.4577266, 26.9691273 ], [ 87.4506351, 26.9740618 ], [ 87.4386864, 26.9711338 ], [ 87.4375017, 26.9741968 ], [ 87.4395965, 26.9767922 ], [ 87.4368034, 26.9794635 ], [ 87.436582, 26.9844568 ], [ 87.440976, 26.9907398 ], [ 87.4420008, 27.0031832 ], [ 87.4365291, 27.0106773 ], [ 87.43332, 27.0108309 ], [ 87.4303064, 27.0142809 ], [ 87.4315176, 27.0168335 ], [ 87.428256, 27.0298699 ], [ 87.4299726, 27.0372476 ], [ 87.4264965, 27.0463449 ], [ 87.410843, 27.0639672 ], [ 87.4060794, 27.066413 ], [ 87.4006291, 27.0745907 ], [ 87.4006264, 27.0822946 ], [ 87.3974331, 27.0934454 ], [ 87.3918384, 27.1020333 ] ] ] } },
{ "type": "Feature", "properties": { "district_id": 28, "name": "दाङ" }, "geometry": { "type": "Polygon", "coordinates": [ [ [ 81.9208324, 28.2272974 ], [ 81.9275558, 28.2325199 ], [ 81.9390413, 28.2324673 ], [ 81.9529153, 28.2430944 ], [ 81.9523978, 28.2493719 ], [ 81.9326351, 28.2688513 ], [ 81.9368014, 28.2794994 ], [ 81.9435434, 28.2830258 ], [ 81.9483431, 28.283001 ], [ 81.9542956, 28.2804794 ], [ 81.963222, 28.2723536 ], [ 81.9731033, 28.2598613 ], [ 81.9798034, 28.260159 ], [ 81.9804096, 28.257735 ], [ 81.9826895, 28.2597054 ], [ 81.9850498, 28.2584722 ], [ 81.9850284, 28.2504534 ], [ 81.9781512, 28.2491491 ], [ 81.9783067, 28.2442298 ], [ 81.9768691, 28.2429444 ], [ 81.9638657, 28.2425474 ], [ 81.9639945, 28.2369519 ], [ 81.9713544, 28.2242476 ], [ 81.9950866, 28.2159285 ], [ 82.016673, 28.2027677 ], [ 82.0227557, 28.2006933 ], [ 82.0260706, 28.2027058 ], [ 82.0282069, 28.2104958 ], [ 82.0401406, 28.2228289 ], [ 82.0423681, 28.2303725 ], [ 82.0461773, 28.2320182 ], [ 82.0465352, 28.2341357 ], [ 82.0541402, 28.2424417 ], [ 82.0621855, 28.2406372 ], [ 82.0685688, 28.2370727 ], [ 82.0816951, 28.2490035 ], [ 82.0925553, 28.2490395 ], [ 82.0939881, 28.2551977 ], [ 82.1008282, 28.2594293 ], [ 82.1080946, 28.2583282 ], [ 82.1172622, 28.2509411 ], [ 82.1264128, 28.254677 ], [ 82.1326431, 28.2514779 ], [ 82.1368476, 28.2454594 ], [ 82.1422783, 28.2417191 ], [ 82.1430075, 28.2375891 ], [ 82.1460934, 28.2373601 ], [ 82.149154, 28.2392411 ], [ 82.153112, 28.238133 ], [ 82.1537378, 28.2412524 ], [ 82.160301, 28.2409849 ], [ 82.1693609, 28.2513427 ], [ 82.1748859, 28.2491527 ], [ 82.1814491, 28.2505293 ], [ 82.1934295, 28.2471338 ], [ 82.1991149, 28.242183 ], [ 82.2045631, 28.2454388 ], [ 82.219041, 28.2496066 ], [ 82.2231287, 28.2480969 ], [ 82.2331894, 28.2395927 ], [ 82.2441038, 28.2377508 ], [ 82.2563985, 28.2398473 ], [ 82.259055, 28.2439314 ], [ 82.2648369, 28.2437478 ], [ 82.2762444, 28.2487494 ], [ 82.2874174, 28.2456292 ], [ 82.2930097, 28.2467705 ], [ 82.2970326, 28.2452218 ], [ 82.3000736, 28.2458503 ], [ 82.3015446, 28.2447189 ], [ 82.3021362, 28.2324815 ], [ 82.3061118, 28.2309119 ], [ 82.3102299, 28.2317408 ], [ 82.3123549, 28.2230097 ], [ 82.3190031, 28.2246973 ], [ 82.3386739, 28.2227458 ], [ 82.346335, 28.2156058 ], [ 82.346777, 28.2089846 ], [ 82.3544381, 28.2052195 ], [ 82.3663718, 28.1910759 ], [ 82.3787475, 28.1843139 ], [ 82.3923986, 28.1892909 ], [ 82.397311, 28.1835347 ], [ 82.394449, 28.1773351 ], [ 82.3943245, 28.1730042 ], [ 82.3972068, 28.1694581 ], [ 82.4091883, 28.1610602 ], [ 82.4241525, 28.154545 ], [ 82.4296024, 28.1548708 ], [ 82.4365302, 28.1491698 ], [ 82.4500164, 28.1477852 ], [ 82.4596579, 28.1448877 ], [ 82.4610086, 28.1427353 ], [ 82.4730169, 28.1397216 ], [ 82.4777278, 28.1447716 ], [ 82.4796976, 28.1446166 ], [ 82.4841938, 28.1305985 ], [ 82.4915835, 28.1357304 ], [ 82.4952784, 28.1349158 ], [ 82.496941, 28.1391515 ], [ 82.499916, 28.1404801 ], [ 82.5032985, 28.1500736 ], [ 82.5196482, 28.1473859 ], [ 82.5161381, 28.1396481 ], [ 82.5223269, 28.1388336 ], [ 82.5276783, 28.1352835 ], [ 82.5301785, 28.136227 ], [ 82.5426486, 28.1311767 ], [ 82.5458816, 28.1345165 ], [ 82.5542446, 28.1370488 ], [ 82.5599698, 28.1351567 ], [ 82.5618021, 28.1336211 ], [ 82.559023, 28.1307987 ], [ 82.5609282, 28.1296481 ], [ 82.5610388, 28.1259319 ], [ 82.5631779, 28.1253703 ], [ 82.5619532, 28.1227925 ], [ 82.5651863, 28.1207187 ], [ 82.5642393, 28.1181696 ], [ 82.5664927, 28.1173487 ], [ 82.5666233, 28.1153612 ], [ 82.5710975, 28.113172 ], [ 82.5734979, 28.1136185 ], [ 82.5774046, 28.1096398 ], [ 82.5821237, 28.1105904 ], [ 82.5849281, 28.1087947 ], [ 82.5854385, 28.1066151 ], [ 82.5877082, 28.1063558 ], [ 82.5874987, 28.1036447 ], [ 82.5949178, 28.1014739 ], [ 82.5973975, 28.0926975 ], [ 82.5997783, 28.0937184 ], [ 82.6101085, 28.0922385 ], [ 82.6247033, 28.0753827 ], [ 82.6248383, 28.0702011 ], [ 82.6261656, 28.0694473 ], [ 82.629907, 28.071017 ], [ 82.6399086, 28.0691915 ], [ 82.6483845, 28.0641056 ], [ 82.6534939, 28.0634836 ], [ 82.6560366, 28.0601179 ], [ 82.667849, 28.0570598 ], [ 82.6699536, 28.0583892 ], [ 82.6728437, 28.055472 ], [ 82.6829613, 28.0533853 ], [ 82.6854409, 28.0510554 ], [ 82.7053369, 28.0532683 ], [ 82.718457, 28.0473547 ], [ 82.7100234, 28.040288 ], [ 82.7088212, 28.0364825 ], [ 82.7030511, 28.0356247 ], [ 82.6989834, 28.029661 ], [ 82.6971582, 28.0295774 ], [ 82.696538, 28.022534 ], [ 82.6947826, 28.0213134 ], [ 82.6957419, 28.0151906 ], [ 82.6998814, 28.0098495 ], [ 82.7054856, 28.0059231 ], [ 82.7134038, 28.0028585 ], [ 82.7212225, 28.0027787 ], [ 82.7321688, 27.9917806 ], [ 82.740713, 27.9905967 ], [ 82.7417683, 27.9860018 ], [ 82.7447692, 27.9833517 ], [ 82.7445274, 27.9769651 ], [ 82.7463357, 27.9745884 ], [ 82.7521451, 27.9772132 ], [ 82.7624496, 27.9777002 ], [ 82.7593763, 27.9696533 ], [ 82.7656027, 27.9685057 ], [ 82.7663739, 27.9628301 ], [ 82.7630476, 27.9603839 ], [ 82.7614929, 27.9566793 ], [ 82.7588535, 27.9555934 ], [ 82.7513373, 27.9436053 ], [ 82.7538502, 27.9424429 ], [ 82.7545916, 27.9449047 ], [ 82.7565858, 27.9451306 ], [ 82.7647414, 27.9412007 ], [ 82.7641581, 27.9391192 ], [ 82.7693434, 27.9349442 ], [ 82.7759076, 27.9249633 ], [ 82.7688885, 27.9214747 ], [ 82.7711524, 27.9183119 ], [ 82.7703105, 27.9079463 ], [ 82.7740148, 27.8998493 ], [ 82.7743396, 27.8931394 ], [ 82.7775648, 27.8943061 ], [ 82.7789399, 27.897766 ], [ 82.7823215, 27.8915654 ], [ 82.787022, 27.8924707 ], [ 82.7885655, 27.888527 ], [ 82.7907544, 27.8913608 ], [ 82.7906771, 27.8813965 ], [ 82.7942133, 27.8806596 ], [ 82.7976023, 27.8819247 ], [ 82.8001406, 27.8787197 ], [ 82.8045805, 27.8772424 ], [ 82.804375, 27.8723391 ], [ 82.8103156, 27.8705396 ], [ 82.8074338, 27.8672583 ], [ 82.8034284, 27.8686981 ], [ 82.7919404, 27.8655852 ], [ 82.7923679, 27.8638916 ], [ 82.8006747, 27.8602567 ], [ 82.8076979, 27.8594369 ], [ 82.807281, 27.8576313 ], [ 82.8044848, 27.8558179 ], [ 82.7916812, 27.8559619 ], [ 82.7898985, 27.8522675 ], [ 82.7810306, 27.8436326 ], [ 82.7589577, 27.8368412 ], [ 82.7458524, 27.826044 ], [ 82.7558611, 27.8133909 ], [ 82.7588301, 27.8115086 ], [ 82.76914, 27.8103649 ], [ 82.7719336, 27.8058707 ], [ 82.7781284, 27.8036849 ], [ 82.786164, 27.7948365 ], [ 82.7879599, 27.7956552 ], [ 82.7866759, 27.8029626 ], [ 82.7895008, 27.8054235 ], [ 82.7934662, 27.805897 ], [ 82.798669, 27.8024132 ], [ 82.7974742, 27.7967928 ], [ 82.7987161, 27.7946149 ], [ 82.8034295, 27.7947772 ], [ 82.8056985, 27.7922261 ], [ 82.8029059, 27.7880673 ], [ 82.8053823, 27.7818831 ], [ 82.8041304, 27.7775439 ], [ 82.7918353, 27.7727186 ], [ 82.7863115, 27.7725759 ], [ 82.7833819, 27.7698782 ], [ 82.7823974, 27.7779258 ], [ 82.7372998, 27.7768461 ], [ 82.7311552, 27.7748056 ], [ 82.7311319, 27.7669106 ], [ 82.7254843, 27.764254 ], [ 82.7238054, 27.7621442 ], [ 82.7245498, 27.7590531 ], [ 82.7120882, 27.7580136 ], [ 82.7096778, 27.7603185 ], [ 82.6971716, 27.7576348 ], [ 82.6961831, 27.7561735 ], [ 82.7021795, 27.7503243 ], [ 82.7008402, 27.7463908 ], [ 82.7035919, 27.7432785 ], [ 82.7038488, 27.7388842 ], [ 82.7072933, 27.7333028 ], [ 82.7078232, 27.7217363 ], [ 82.7052062, 27.716746 ], [ 82.7021259, 27.7163131 ], [ 82.6993716, 27.7222832 ], [ 82.6952617, 27.7181968 ], [ 82.6890925, 27.7152117 ], [ 82.6709465, 27.7144645 ], [ 82.6660199, 27.7159469 ], [ 82.6637582, 27.7224908 ], [ 82.6551233, 27.7135084 ], [ 82.6379411, 27.7092758 ], [ 82.6287476, 27.7112568 ], [ 82.6189057, 27.7025228 ], [ 82.6050248, 27.7061185 ], [ 82.6003142, 27.7043561 ], [ 82.5937428, 27.6969031 ], [ 82.5852501, 27.6990658 ], [ 82.5545046, 27.6885838 ], [ 82.5495881, 27.6888725 ], [ 82.5413082, 27.685689 ], [ 82.538851, 27.6877099 ], [ 82.5307353, 27.68651 ], [ 82.5165691, 27.690548 ], [ 82.5007785, 27.6850972 ], [ 82.4923694, 27.6843908 ], [ 82.490082, 27.6814197 ], [ 82.4841098, 27.6807792 ], [ 82.4821925, 27.6829176 ], [ 82.4731982, 27.676435 ], [ 82.4488049, 27.6794928 ], [ 82.4280311, 27.6890799 ], [ 82.4131752, 27.6988427 ], [ 82.4022422, 27.7032968 ], [ 82.3927164, 27.7109743 ], [ 82.3822921, 27.720581 ], [ 82.3679788, 27.7427076 ], [ 82.3368421, 27.7545419 ], [ 82.3033657, 27.7728746 ], [ 82.2526182, 27.8103485 ], [ 82.2301443, 27.8210096 ], [ 82.2091444, 27.8427974 ], [ 82.1784452, 27.8547372 ], [ 82.1540961, 27.8666457 ], [ 82.1489734, 27.8583703 ], [ 82.121095, 27.8658719 ], [ 82.1144792, 27.8770441 ], [ 82.1005489, 27.8860001 ], [ 82.0909143, 27.8945907 ], [ 82.0899071, 27.8996954 ], [ 82.0803695, 27.9087782 ], [ 82.0700183, 27.9237103 ], [ 82.0674957, 27.923028 ], [ 82.0673925, 27.9246136 ], [ 82.0646329, 27.9254638 ], [ 82.0650705, 27.9284324 ], [ 82.0689291, 27.9312265 ], [ 82.0673042, 27.9340816 ], [ 82.0677853, 27.9380755 ], [ 82.0655704, 27.9383481 ], [ 82.0638702, 27.9408385 ], [ 82.0662191, 27.9435891 ], [ 82.0675082, 27.9508062 ], [ 82.069941, 27.9530995 ], [ 82.07615, 27.9531636 ], [ 82.0897356, 27.9503689 ], [ 82.0919437, 27.9543152 ], [ 82.0949733, 27.9559935 ], [ 82.0963598, 27.9510039 ], [ 82.1015975, 27.9490988 ], [ 82.1116255, 27.9510466 ], [ 82.1143612, 27.9536499 ], [ 82.1145781, 27.9502301 ], [ 82.1202267, 27.949459 ], [ 82.1326646, 27.9593046 ], [ 82.1333321, 27.9627516 ], [ 82.1407669, 27.9592792 ], [ 82.1469803, 27.9624768 ], [ 82.1522566, 27.9615718 ], [ 82.158298, 27.9599434 ], [ 82.1640749, 27.9561334 ], [ 82.1682086, 27.9564509 ], [ 82.1756288, 27.9520511 ], [ 82.1930623, 27.9535253 ], [ 82.1915887, 27.9576553 ], [ 82.1926089, 27.9597307 ], [ 82.1916196, 27.9663118 ], [ 82.1897633, 27.9696118 ], [ 82.1931083, 27.9728937 ], [ 82.1924921, 27.9799229 ], [ 82.1902327, 27.9810566 ], [ 82.1855394, 27.9940826 ], [ 82.1907975, 28.0035014 ], [ 82.1897705, 28.0139287 ], [ 82.1938786, 28.0212726 ], [ 82.193071, 28.0284557 ], [ 82.1889347, 28.0331225 ], [ 82.1823988, 28.0344686 ], [ 82.1802928, 28.0363274 ], [ 82.1793488, 28.0404937 ], [ 82.1716707, 28.046715 ], [ 82.1659866, 28.0456213 ], [ 82.1550935, 28.0486977 ], [ 82.1433494, 28.0552003 ], [ 82.1340368, 28.05777 ], [ 82.1267566, 28.063137 ], [ 82.1232663, 28.0633676 ], [ 82.1196741, 28.0668754 ], [ 82.1110472, 28.0700925 ], [ 82.1076243, 28.0729767 ], [ 82.1009744, 28.0734298 ], [ 82.0886022, 28.07971 ], [ 82.0864503, 28.0775684 ], [ 82.075564, 28.0801962 ], [ 82.0713019, 28.0845455 ], [ 82.0672966, 28.0846814 ], [ 82.0542536, 28.0915674 ], [ 82.0504307, 28.0895965 ], [ 82.0423173, 28.0963463 ], [ 82.036412, 28.095395 ], [ 82.0210599, 28.0991777 ], [ 82.0193636, 28.1011026 ], [ 82.0192096, 28.105904 ], [ 82.017361, 28.1071722 ], [ 82.018287, 28.1110451 ], [ 82.0166421, 28.1186312 ], [ 82.0184907, 28.1209862 ], [ 82.0188501, 28.1285492 ], [ 82.0177735, 28.1363156 ], [ 81.9992113, 28.1626217 ], [ 81.9868149, 28.1733002 ], [ 81.9850798, 28.1773375 ], [ 81.9808206, 28.1774918 ], [ 81.9783246, 28.1827998 ], [ 81.9735685, 28.1848367 ], [ 81.9710463, 28.1824051 ], [ 81.9657838, 28.1840172 ], [ 81.9636253, 28.1864866 ], [ 81.9644721, 28.1919812 ], [ 81.9628009, 28.1944043 ], [ 81.9520572, 28.1940731 ], [ 81.9481653, 28.1965168 ], [ 81.9477481, 28.198608 ], [ 81.9389347, 28.2017017 ], [ 81.9376328, 28.2075316 ], [ 81.9274147, 28.2093815 ], [ 81.9270513, 28.2158778 ], [ 81.9210322, 28.2203129 ], [ 81.9225848, 28.2245537 ], [ 81.9208324, 28.2272974 ] ] ] } },
{ "type": "Feature", "properties": { "district_id": 29, "name": "दार्चुला" }, "geometry": { "type": "Polygon", "coordinates": [ [ [ 80.364102, 29.7399195 ], [ 80.3655554, 29.7478027 ], [ 80.3685717, 29.7508131 ], [ 80.371745, 29.7493738 ], [ 80.3856212, 29.7504221 ], [ 80.3865198, 29.7516429 ], [ 80.3848485, 29.7574799 ], [ 80.3867097, 29.7596893 ], [ 80.3910147, 29.7605906 ], [ 80.394422, 29.7582297 ], [ 80.3970164, 29.758766 ], [ 80.3960541, 29.7654928 ], [ 80.3984978, 29.7670645 ], [ 80.3997125, 29.7731712 ], [ 80.4051398, 29.7791225 ], [ 80.4035103, 29.7815936 ], [ 80.4072854, 29.7840814 ], [ 80.4067537, 29.7948392 ], [ 80.4138949, 29.7917955 ], [ 80.4159334, 29.7957622 ], [ 80.4302406, 29.7988555 ], [ 80.4306463, 29.8014208 ], [ 80.4364833, 29.8061891 ], [ 80.4431687, 29.7992783 ], [ 80.4497275, 29.799476 ], [ 80.4557671, 29.8026294 ], [ 80.4642252, 29.8023437 ], [ 80.4801536, 29.7952568 ], [ 80.4828505, 29.7964215 ], [ 80.4940941, 29.7958281 ], [ 80.4944107, 29.7986849 ], [ 80.4923342, 29.801701 ], [ 80.4947393, 29.8020707 ], [ 80.4953223, 29.804607 ], [ 80.4989562, 29.8068538 ], [ 80.5000919, 29.8088296 ], [ 80.4976118, 29.8108442 ], [ 80.5017165, 29.817763 ], [ 80.5050908, 29.8194972 ], [ 80.5071436, 29.8231041 ], [ 80.5213612, 29.8269412 ], [ 80.5239294, 29.8289342 ], [ 80.5239318, 29.8324522 ], [ 80.5281144, 29.8334928 ], [ 80.5316345, 29.8386337 ], [ 80.5360293, 29.8386553 ], [ 80.5385207, 29.8473353 ], [ 80.5434164, 29.8462884 ], [ 80.5485828, 29.8504176 ], [ 80.5528943, 29.8507059 ], [ 80.5533217, 29.8527964 ], [ 80.5512719, 29.8560733 ], [ 80.5544039, 29.8592207 ], [ 80.5543063, 29.8614057 ], [ 80.5612476, 29.8664605 ], [ 80.5566368, 29.8700319 ], [ 80.5598505, 29.874654 ], [ 80.5657406, 29.8789737 ], [ 80.5722279, 29.8944642 ], [ 80.5690633, 29.908722 ], [ 80.5740102, 29.9234357 ], [ 80.5778421, 29.927618 ], [ 80.5816741, 29.9372353 ], [ 80.5906436, 29.9489595 ], [ 80.6012729, 29.9578935 ], [ 80.6046372, 29.9593521 ], [ 80.6095077, 29.95891 ], [ 80.6191951, 29.9637036 ], [ 80.6315236, 29.9652084 ], [ 80.6482744, 29.9558235 ], [ 80.6563078, 29.9551046 ], [ 80.6647059, 29.9572455 ], [ 80.6740646, 29.9571059 ], [ 80.6827062, 29.9628115 ], [ 80.6836241, 29.9666045 ], [ 80.6911965, 29.9753222 ], [ 80.6970757, 29.9796204 ], [ 80.7003762, 29.9799975 ], [ 80.7127305, 29.9899689 ], [ 80.7201917, 30.0008948 ], [ 80.7383421, 29.9990814 ], [ 80.7462262, 30.0052664 ], [ 80.7538958, 30.0200841 ], [ 80.7573148, 30.0236639 ], [ 80.7578556, 30.0280529 ], [ 80.7551876, 30.031231 ], [ 80.7555961, 30.0387499 ], [ 80.7607206, 30.0493672 ], [ 80.7793201, 30.0565425 ], [ 80.7890639, 30.0694846 ], [ 80.7889673, 30.0722962 ], [ 80.7997108, 30.0813356 ], [ 80.8051027, 30.0895563 ], [ 80.8136381, 30.0929035 ], [ 80.8140957, 30.0953602 ], [ 80.8195281, 30.0969683 ], [ 80.8205347, 30.0995369 ], [ 80.8260678, 30.1000172 ], [ 80.8292014, 30.0970427 ], [ 80.8359456, 30.0970117 ], [ 80.8393218, 30.0987047 ], [ 80.8454338, 30.1022608 ], [ 80.8454307, 30.1069948 ], [ 80.841646, 30.1102656 ], [ 80.8446622, 30.116234 ], [ 80.856922, 30.121276 ], [ 80.862578, 30.1214718 ], [ 80.8684313, 30.125979 ], [ 80.8739779, 30.1267297 ], [ 80.8778549, 30.1300069 ], [ 80.8785241, 30.1324616 ], [ 80.8761082, 30.1412064 ], [ 80.8715713, 30.1512369 ], [ 80.871719, 30.1605758 ], [ 80.8625229, 30.169295 ], [ 80.8670452, 30.1750094 ], [ 80.8801753, 30.1809444 ], [ 80.8856308, 30.1880065 ], [ 80.883907, 30.1946885 ], [ 80.8943188, 30.2061679 ], [ 80.8968793, 30.212364 ], [ 80.9020342, 30.2139701 ], [ 80.9063566, 30.2197159 ], [ 80.9098112, 30.2179776 ], [ 80.9141993, 30.2110612 ], [ 80.9147469, 30.1969234 ], [ 80.9172248, 30.1937311 ], [ 80.9162946, 30.1871041 ], [ 80.9282386, 30.1753405 ], [ 80.9351044, 30.1779252 ], [ 80.9400021, 30.1776708 ], [ 80.9494237, 30.1829395 ], [ 80.9651939, 30.1858701 ], [ 80.9703294, 30.1883782 ], [ 80.9707482, 30.1900505 ], [ 80.9885839, 30.185921 ], [ 80.9957341, 30.1862708 ], [ 80.9995681, 30.1902962 ], [ 81.0216358, 30.19558 ], [ 81.028871, 30.1950075 ], [ 81.034768, 30.197529 ], [ 81.042482, 30.193728 ], [ 81.044751, 30.179055 ], [ 81.052163, 30.17966 ], [ 81.055491, 30.169677 ], [ 81.061239, 30.167559 ], [ 81.0626, 30.159542 ], [ 81.065474, 30.157727 ], [ 81.07818, 30.155458 ], [ 81.078634, 30.152887 ], [ 81.083172, 30.149559 ], [ 81.082869, 30.135794 ], [ 81.080298, 30.12339 ], [ 81.08408, 30.119306 ], [ 81.08529, 30.112196 ], [ 81.082113, 30.09949 ], [ 81.097996, 30.100095 ], [ 81.102837, 30.096011 ], [ 81.107677, 30.088297 ], [ 81.108585, 30.082397 ], [ 81.106618, 30.078011 ], [ 81.100265, 30.073624 ], [ 81.098601, 30.065153 ], [ 81.095424, 30.061977 ], [ 81.0919801, 30.053276 ], [ 81.084202, 30.0519691 ], [ 81.0786441, 30.0455232 ], [ 81.0682607, 30.0425185 ], [ 81.0627874, 30.0341627 ], [ 81.052509, 30.0234018 ], [ 81.0473443, 30.0220668 ], [ 81.0380586, 30.014327 ], [ 81.0379854, 30.0082498 ], [ 81.0247897, 29.9866567 ], [ 81.0213196, 29.9833922 ], [ 81.0148892, 29.9810814 ], [ 81.0202142, 29.9746238 ], [ 81.0172561, 29.9675057 ], [ 81.0211309, 29.9585807 ], [ 81.0164627, 29.956002 ], [ 81.0121124, 29.9456768 ], [ 81.0050492, 29.9400248 ], [ 80.9981609, 29.926728 ], [ 81.001821, 29.9223853 ], [ 81.0098614, 29.9186148 ], [ 81.0127843, 29.9135572 ], [ 81.0193067, 29.9114917 ], [ 81.0221907, 29.9133219 ], [ 81.0246705, 29.9091183 ], [ 81.0300623, 29.9065996 ], [ 81.0296793, 29.8998761 ], [ 81.0339345, 29.8952677 ], [ 81.0310762, 29.8921154 ], [ 81.040431, 29.8812568 ], [ 81.0369669, 29.8771749 ], [ 81.0358158, 29.8702176 ], [ 81.0362403, 29.8635443 ], [ 81.0387898, 29.8590497 ], [ 81.0377718, 29.8477061 ], [ 81.0404235, 29.8409952 ], [ 81.0538935, 29.83337 ], [ 81.0620761, 29.8266187 ], [ 81.0698659, 29.828712 ], [ 81.0702956, 29.8113398 ], [ 81.0675087, 29.7953709 ], [ 81.0621539, 29.7934623 ], [ 81.0639964, 29.7841806 ], [ 81.063532, 29.7755149 ], [ 81.0600535, 29.7725226 ], [ 81.0625231, 29.7684573 ], [ 81.0600139, 29.7619077 ], [ 81.0553433, 29.7567057 ], [ 81.0421438, 29.7525098 ], [ 81.0382429, 29.7526698 ], [ 81.0315916, 29.7422696 ], [ 81.024432, 29.7435696 ], [ 81.0204049, 29.7482109 ], [ 81.0180835, 29.7454861 ], [ 81.0097422, 29.7459173 ], [ 81.0040655, 29.7406106 ], [ 80.9981846, 29.7425464 ], [ 80.9880474, 29.7410853 ], [ 80.9841252, 29.7341735 ], [ 80.9756771, 29.7251512 ], [ 80.9751202, 29.7218399 ], [ 80.9583782, 29.7262313 ], [ 80.9459425, 29.735458 ], [ 80.9397693, 29.7353995 ], [ 80.9312961, 29.7297033 ], [ 80.9192262, 29.7246172 ], [ 80.9068521, 29.7246284 ], [ 80.8970052, 29.7205057 ], [ 80.8943454, 29.7163377 ], [ 80.8900339, 29.7138032 ], [ 80.881686, 29.7132718 ], [ 80.8707786, 29.7073801 ], [ 80.8646582, 29.7062575 ], [ 80.8577972, 29.6957813 ], [ 80.8504585, 29.6954808 ], [ 80.8454447, 29.693318 ], [ 80.8396463, 29.6871232 ], [ 80.8296447, 29.6914199 ], [ 80.8249689, 29.6864696 ], [ 80.8164477, 29.687051 ], [ 80.8116274, 29.6840758 ], [ 80.8038692, 29.6869481 ], [ 80.7927755, 29.6883751 ], [ 80.7876254, 29.6951448 ], [ 80.7839274, 29.6963809 ], [ 80.7797607, 29.7023435 ], [ 80.765136, 29.7016461 ], [ 80.7622465, 29.7042232 ], [ 80.7584598, 29.7043969 ], [ 80.7553323, 29.7082119 ], [ 80.7452706, 29.7048954 ], [ 80.7388466, 29.7047386 ], [ 80.7351951, 29.706442 ], [ 80.7322162, 29.7040215 ], [ 80.7203371, 29.7033723 ], [ 80.7108803, 29.699618 ], [ 80.706928, 29.6997385 ], [ 80.7079927, 29.7011413 ], [ 80.6949555, 29.7062659 ], [ 80.6848299, 29.7042168 ], [ 80.680371, 29.6950867 ], [ 80.6757887, 29.691106 ], [ 80.6749785, 29.6873671 ], [ 80.6699404, 29.6873232 ], [ 80.6676113, 29.6854097 ], [ 80.6651302, 29.6861135 ], [ 80.6611984, 29.6826912 ], [ 80.6511251, 29.6810461 ], [ 80.6470096, 29.6819869 ], [ 80.6456669, 29.6852063 ], [ 80.6431428, 29.6857195 ], [ 80.6395627, 29.6896752 ], [ 80.6328516, 29.690487 ], [ 80.6256337, 29.687134 ], [ 80.6127181, 29.6885313 ], [ 80.6074511, 29.6863911 ], [ 80.6016744, 29.691963 ], [ 80.5971931, 29.6904296 ], [ 80.5906719, 29.6907931 ], [ 80.5874451, 29.6885498 ], [ 80.5773358, 29.6883837 ], [ 80.5756793, 29.6867232 ], [ 80.5735767, 29.6876273 ], [ 80.5682023, 29.6780326 ], [ 80.5601903, 29.6733698 ], [ 80.5593672, 29.6707335 ], [ 80.5540652, 29.6715414 ], [ 80.551939, 29.6680805 ], [ 80.5431382, 29.6664669 ], [ 80.5237741, 29.65471 ], [ 80.5119981, 29.6500866 ], [ 80.5105986, 29.647233 ], [ 80.505162, 29.6436543 ], [ 80.5056327, 29.6384112 ], [ 80.499564, 29.6332447 ], [ 80.4982452, 29.6273728 ], [ 80.49303, 29.6237218 ], [ 80.4794214, 29.6230883 ], [ 80.4671588, 29.620382 ], [ 80.4586613, 29.6261998 ], [ 80.4497953, 29.6252567 ], [ 80.443374, 29.6170179 ], [ 80.4409443, 29.6165589 ], [ 80.4371255, 29.6201537 ], [ 80.4291204, 29.6182 ], [ 80.4275413, 29.6117155 ], [ 80.4179815, 29.6143882 ], [ 80.4166494, 29.6121546 ], [ 80.4178673, 29.6091764 ], [ 80.4170277, 29.6061453 ], [ 80.4088206, 29.6049156 ], [ 80.4057342, 29.6128279 ], [ 80.4082522, 29.6151165 ], [ 80.4084855, 29.6215115 ], [ 80.4112996, 29.6255712 ], [ 80.4184332, 29.6266399 ], [ 80.4210572, 29.6304591 ], [ 80.4194077, 29.6339336 ], [ 80.4201719, 29.6391004 ], [ 80.4139675, 29.6445524 ], [ 80.4162573, 29.6518673 ], [ 80.4140041, 29.6542367 ], [ 80.4101996, 29.6535553 ], [ 80.4070294, 29.6589944 ], [ 80.3987823, 29.659134 ], [ 80.3970151, 29.6627987 ], [ 80.3897924, 29.6650767 ], [ 80.3902053, 29.6712696 ], [ 80.384158, 29.6751772 ], [ 80.3848586, 29.685005 ], [ 80.3802525, 29.688822 ], [ 80.379601, 29.7011506 ], [ 80.3771012, 29.7024154 ], [ 80.3720877, 29.715592 ], [ 80.3761351, 29.7200761 ], [ 80.3687003, 29.7216615 ], [ 80.3663308, 29.7243821 ], [ 80.3662505, 29.7299278 ], [ 80.3696536, 29.7343554 ], [ 80.364102, 29.7399195 ] ] ] } },
{ "type": "Feature", "properties": { "district_id": 30, "name": "दैलेख" }, "geometry": { "type": "Polygon", "coordinates": [ [ [ 81.4104424, 28.9970958 ], [ 81.4149695, 28.9984879 ], [ 81.419426, 29.0063449 ], [ 81.4135017, 29.015887 ], [ 81.4161013, 29.0219645 ], [ 81.425191, 29.0229077 ], [ 81.4323001, 29.0374425 ], [ 81.4387071, 29.0400813 ], [ 81.4426821, 29.0463412 ], [ 81.4437984, 29.0533621 ], [ 81.460127, 29.0654091 ], [ 81.4641034, 29.0654091 ], [ 81.4672296, 29.0675514 ], [ 81.4687007, 29.0775371 ], [ 81.5001418, 29.0911349 ], [ 81.508695, 29.0902388 ], [ 81.5115461, 29.0916375 ], [ 81.5146472, 29.095309 ], [ 81.5178734, 29.095746 ], [ 81.5229003, 29.10405 ], [ 81.5358301, 29.1061914 ], [ 81.5495794, 29.1191747 ], [ 81.5554604, 29.1229382 ], [ 81.5681442, 29.1269543 ], [ 81.580386, 29.1357012 ], [ 81.5795801, 29.130566 ], [ 81.5820519, 29.1271709 ], [ 81.5784526, 29.1085112 ], [ 81.575352, 29.1025074 ], [ 81.5671397, 29.0947917 ], [ 81.5648899, 29.0744372 ], [ 81.5618163, 29.0671035 ], [ 81.5641734, 29.0538089 ], [ 81.5664548, 29.0521705 ], [ 81.569231, 29.0527206 ], [ 81.5797443, 29.0472812 ], [ 81.5834455, 29.0489693 ], [ 81.5894531, 29.0489459 ], [ 81.6024893, 29.043076 ], [ 81.6039755, 29.0398299 ], [ 81.6129827, 29.0337153 ], [ 81.6207894, 29.0415572 ], [ 81.6252742, 29.0412706 ], [ 81.6296269, 29.0463819 ], [ 81.6444571, 29.0400816 ], [ 81.6576564, 29.0406785 ], [ 81.6641423, 29.0445913 ], [ 81.6904978, 29.0490722 ], [ 81.6934234, 29.0471114 ], [ 81.7021134, 29.0319214 ], [ 81.7130956, 29.0291448 ], [ 81.7158161, 29.0229565 ], [ 81.7145948, 29.0208502 ], [ 81.7204245, 29.019532 ], [ 81.7299524, 29.021607 ], [ 81.7365917, 29.0199881 ], [ 81.7416695, 29.0135369 ], [ 81.7518332, 29.0101806 ], [ 81.7647128, 29.017869 ], [ 81.7721161, 29.0199499 ], [ 81.7731443, 29.0176892 ], [ 81.7819725, 29.0177337 ], [ 81.7902939, 29.0140075 ], [ 81.7909767, 29.0123712 ], [ 81.7947958, 29.0140668 ], [ 81.7930331, 29.0119088 ], [ 81.7937559, 29.0055698 ], [ 81.8002004, 28.9996588 ], [ 81.8055658, 28.9985811 ], [ 81.8079135, 28.9947782 ], [ 81.8136275, 28.9921186 ], [ 81.8188094, 28.9846825 ], [ 81.8217196, 28.9831985 ], [ 81.8281801, 28.9852883 ], [ 81.8350769, 28.9816539 ], [ 81.8414335, 28.981345 ], [ 81.8461906, 28.9734217 ], [ 81.8484051, 28.9722015 ], [ 81.8618593, 28.9729592 ], [ 81.8644446, 28.9709288 ], [ 81.8737181, 28.9714736 ], [ 81.8780993, 28.9764459 ], [ 81.8811737, 28.9760279 ], [ 81.8886328, 28.9847749 ], [ 81.8965044, 28.9812252 ], [ 81.9008876, 28.9820066 ], [ 81.9096135, 28.9868252 ], [ 81.9163188, 28.9798722 ], [ 81.920583, 28.9776514 ], [ 81.9203744, 28.970891 ], [ 81.9190449, 28.9694371 ], [ 81.9212054, 28.9624944 ], [ 81.9204216, 28.942055 ], [ 81.9265134, 28.9383147 ], [ 81.9238239, 28.9232767 ], [ 81.9049795, 28.9116437 ], [ 81.893803, 28.9011285 ], [ 81.8889149, 28.889666 ], [ 81.8897351, 28.8843038 ], [ 81.8872008, 28.8806296 ], [ 81.889566, 28.8741564 ], [ 81.8791177, 28.862554 ], [ 81.8780253, 28.8494878 ], [ 81.8799368, 28.837447 ], [ 81.8851934, 28.8302599 ], [ 81.8872142, 28.8151523 ], [ 81.894848, 28.8025665 ], [ 81.9071905, 28.789509 ], [ 81.9129844, 28.7805432 ], [ 81.8830198, 28.7619932 ], [ 81.8798391, 28.7472731 ], [ 81.8664, 28.7445221 ], [ 81.8606079, 28.7400721 ], [ 81.8564127, 28.7412478 ], [ 81.8477802, 28.7376537 ], [ 81.8353507, 28.7401755 ], [ 81.8311579, 28.7388416 ], [ 81.8224163, 28.7309761 ], [ 81.8193295, 28.7241744 ], [ 81.8132235, 28.7192005 ], [ 81.8114516, 28.698456 ], [ 81.8069556, 28.6950178 ], [ 81.8098377, 28.6884446 ], [ 81.8103564, 28.6790327 ], [ 81.8075897, 28.6745825 ], [ 81.7961755, 28.6667528 ], [ 81.7942602, 28.6582221 ], [ 81.789589, 28.6531992 ], [ 81.7825772, 28.652703 ], [ 81.7813331, 28.6422817 ], [ 81.7832557, 28.6403959 ], [ 81.7834819, 28.6354329 ], [ 81.7761285, 28.6340067 ], [ 81.7498266, 28.6465878 ], [ 81.7461727, 28.6470348 ], [ 81.7426728, 28.6447374 ], [ 81.7395141, 28.6456774 ], [ 81.7331545, 28.6486675 ], [ 81.7287121, 28.6551344 ], [ 81.7121065, 28.6559778 ], [ 81.7021103, 28.6601181 ], [ 81.6993513, 28.6658369 ], [ 81.6905914, 28.6743277 ], [ 81.674597, 28.6795279 ], [ 81.6698901, 28.6766136 ], [ 81.6650274, 28.6791416 ], [ 81.6611431, 28.677332 ], [ 81.6585939, 28.6786705 ], [ 81.6391753, 28.6760194 ], [ 81.6301472, 28.6918388 ], [ 81.6218315, 28.6917296 ], [ 81.616561, 28.6894843 ], [ 81.6089995, 28.695607 ], [ 81.6055096, 28.7027498 ], [ 81.6017043, 28.7066543 ], [ 81.5932705, 28.7061841 ], [ 81.5877448, 28.7082247 ], [ 81.5858337, 28.7072773 ], [ 81.5744499, 28.7126703 ], [ 81.5737021, 28.7173707 ], [ 81.5621195, 28.7234094 ], [ 81.5615025, 28.7273511 ], [ 81.5584472, 28.7290256 ], [ 81.5604743, 28.732323 ], [ 81.5592111, 28.7364962 ], [ 81.5523954, 28.7371917 ], [ 81.5483412, 28.7399737 ], [ 81.5463966, 28.7488554 ], [ 81.5672697, 28.7545515 ], [ 81.5779204, 28.7553072 ], [ 81.5808312, 28.7583139 ], [ 81.581732, 28.7744509 ], [ 81.5802366, 28.7791662 ], [ 81.5567848, 28.7977657 ], [ 81.551948, 28.8094895 ], [ 81.5518456, 28.815349 ], [ 81.5432687, 28.8306255 ], [ 81.5379635, 28.8362645 ], [ 81.5377866, 28.8428327 ], [ 81.5313366, 28.8568964 ], [ 81.5270346, 28.860258 ], [ 81.5221007, 28.8700923 ], [ 81.5154337, 28.8736386 ], [ 81.5104331, 28.883425 ], [ 81.5090424, 28.8901222 ], [ 81.5014452, 28.8889905 ], [ 81.4903923, 28.8954111 ], [ 81.4838503, 28.9019237 ], [ 81.4809638, 28.9086389 ], [ 81.4737873, 28.916572 ], [ 81.4668551, 28.9289548 ], [ 81.4628408, 28.9283048 ], [ 81.4598605, 28.9306998 ], [ 81.4552719, 28.9308121 ], [ 81.4550032, 28.9349829 ], [ 81.450621, 28.9407636 ], [ 81.4443784, 28.9407172 ], [ 81.4436711, 28.9593794 ], [ 81.4419557, 28.9603387 ], [ 81.4381182, 28.9569965 ], [ 81.4320348, 28.9570429 ], [ 81.4307085, 28.9585283 ], [ 81.4284272, 28.9643306 ], [ 81.4242714, 28.9659243 ], [ 81.4219368, 28.9700921 ], [ 81.4253148, 28.9761353 ], [ 81.4248196, 28.980993 ], [ 81.420823, 28.9839322 ], [ 81.420143, 28.9877687 ], [ 81.4149695, 28.9942652 ], [ 81.4104424, 28.9970958 ] ] ] } },
{ "type": "Feature", "properties": { "district_id": 31, "name": "दोलखा जिल्ला" }, "geometry": { "type": "Polygon", "coordinates": [ [ [ 85.88428, 27.6142495 ], [ 85.8909949, 27.6246098 ], [ 85.9103811, 27.6373078 ], [ 85.9094171, 27.6422718 ], [ 85.9149337, 27.6470279 ], [ 85.9159103, 27.6594235 ], [ 85.9181081, 27.6636572 ], [ 85.9259864, 27.6637839 ], [ 85.9390112, 27.6693258 ], [ 85.9381154, 27.6774328 ], [ 85.9341359, 27.6876672 ], [ 85.9388293, 27.6935937 ], [ 85.939107, 27.6980357 ], [ 85.9364414, 27.7027868 ], [ 85.9361951, 27.709094 ], [ 85.9517181, 27.7226132 ], [ 85.9531086, 27.7296242 ], [ 85.9608151, 27.7360353 ], [ 85.9608975, 27.742319 ], [ 85.9696753, 27.7410716 ], [ 85.977108, 27.7354935 ], [ 86.0044751, 27.7453603 ], [ 86.0127993, 27.744804 ], [ 86.0277731, 27.739548 ], [ 86.0304416, 27.7429142 ], [ 86.0339538, 27.7567526 ], [ 86.0231455, 27.7663912 ], [ 86.0196504, 27.7725909 ], [ 86.025987, 27.7857162 ], [ 86.0216793, 27.7911883 ], [ 86.0225414, 27.7998801 ], [ 86.0203235, 27.8088281 ], [ 86.0126917, 27.8178403 ], [ 86.0096009, 27.8192282 ], [ 86.0023737, 27.8303209 ], [ 86.0103831, 27.8396485 ], [ 86.0247975, 27.8462666 ], [ 86.0303183, 27.8629053 ], [ 86.0339337, 27.8658071 ], [ 86.0423467, 27.8679481 ], [ 86.0441141, 27.8747983 ], [ 86.0484206, 27.8815353 ], [ 86.0476539, 27.8862451 ], [ 86.0561641, 27.895436 ], [ 86.064818, 27.899812 ], [ 86.065741, 27.903138 ], [ 86.069067, 27.905355 ], [ 86.067035, 27.911821 ], [ 86.074979, 27.911082 ], [ 86.088651, 27.916625 ], [ 86.0984541, 27.9229492 ], [ 86.1177018, 27.9275126 ], [ 86.121816, 27.9268853 ], [ 86.1244911, 27.9278574 ], [ 86.126157, 27.933253 ], [ 86.124494, 27.941382 ], [ 86.116734, 27.945077 ], [ 86.110637, 27.953576 ], [ 86.108605, 27.954315 ], [ 86.109344, 27.960967 ], [ 86.103616, 27.983137 ], [ 86.091053, 28.004569 ], [ 86.081076, 28.01547 ], [ 86.080337, 28.021936 ], [ 86.088466, 28.028772 ], [ 86.091422, 28.033576 ], [ 86.089021, 28.040042 ], [ 86.08976, 28.058333 ], [ 86.094748, 28.062028 ], [ 86.091792, 28.071266 ], [ 86.087173, 28.074222 ], [ 86.0842245, 28.0879427 ], [ 86.0811892, 28.090602 ], [ 86.0878173, 28.0936871 ], [ 86.0917819, 28.0977439 ], [ 86.103801, 28.093068 ], [ 86.10842, 28.093622 ], [ 86.110822, 28.09085 ], [ 86.118212, 28.09085 ], [ 86.122277, 28.093068 ], [ 86.12745, 28.099165 ], [ 86.13096, 28.100088 ], [ 86.132993, 28.105077 ], [ 86.133178, 28.116532 ], [ 86.140568, 28.118564 ], [ 86.141492, 28.125954 ], [ 86.151838, 28.130019 ], [ 86.159967, 28.138333 ], [ 86.16551, 28.138333 ], [ 86.177519, 28.143137 ], [ 86.178258, 28.149603 ], [ 86.177334, 28.153113 ], [ 86.175672, 28.153668 ], [ 86.17678, 28.158471 ], [ 86.174194, 28.169557 ], [ 86.183431, 28.173437 ], [ 86.18842, 28.172882 ], [ 86.18805, 28.168818 ], [ 86.19193, 28.16697 ], [ 86.192484, 28.161058 ], [ 86.197288, 28.15607 ], [ 86.19544, 28.151451 ], [ 86.197288, 28.141289 ], [ 86.200983, 28.134638 ], [ 86.205233, 28.133345 ], [ 86.21835, 28.113391 ], [ 86.22223, 28.095839 ], [ 86.208928, 28.0951 ], [ 86.206895, 28.093622 ], [ 86.206895, 28.089557 ], [ 86.204309, 28.084938 ], [ 86.204494, 28.078287 ], [ 86.210775, 28.071451 ], [ 86.209852, 28.065539 ], [ 86.216872, 28.050574 ], [ 86.215764, 28.047248 ], [ 86.217981, 28.044661 ], [ 86.218905, 28.03838 ], [ 86.224817, 28.033761 ], [ 86.225371, 28.030989 ], [ 86.220937, 28.025077 ], [ 86.222415, 27.994223 ], [ 86.224263, 27.984615 ], [ 86.226295, 27.98129 ], [ 86.232392, 27.97741 ], [ 86.233316, 27.974639 ], [ 86.24163, 27.974084 ], [ 86.2666004, 27.9802051 ], [ 86.276918, 27.978703 ], [ 86.2793484, 27.9769222 ], [ 86.2883887, 27.9779084 ], [ 86.2948733, 27.9737532 ], [ 86.2999619, 27.9660321 ], [ 86.2988734, 27.9600166 ], [ 86.3034332, 27.9562733 ], [ 86.308583, 27.9547191 ], [ 86.3129067, 27.9494688 ], [ 86.3169086, 27.9484452 ], [ 86.3196015, 27.9488622 ], [ 86.3345048, 27.967351 ], [ 86.3368839, 27.9561309 ], [ 86.3354909, 27.9512979 ], [ 86.3434303, 27.9414032 ], [ 86.348217, 27.938398 ], [ 86.364491, 27.9418107 ], [ 86.3812065, 27.9379057 ], [ 86.3900471, 27.9271471 ], [ 86.396093, 27.925034 ], [ 86.404024, 27.918132 ], [ 86.4113438, 27.9068403 ], [ 86.4276624, 27.9093623 ], [ 86.4416234, 27.9070966 ], [ 86.4449358, 27.9116377 ], [ 86.4540875, 27.9161409 ], [ 86.456159, 27.919747 ], [ 86.4704168, 27.9312042 ], [ 86.4703846, 27.9363796 ], [ 86.4668441, 27.9423984 ], [ 86.4688718, 27.9464075 ], [ 86.4805877, 27.9483125 ], [ 86.485678, 27.951175 ], [ 86.4940739, 27.9528285 ], [ 86.4941234, 27.9544875 ], [ 86.4981294, 27.957439 ], [ 86.5154292, 27.9567461 ], [ 86.5180805, 27.9533283 ], [ 86.5207243, 27.9402563 ], [ 86.5270543, 27.9398393 ], [ 86.5336203, 27.9418202 ], [ 86.5342641, 27.9392042 ], [ 86.548578, 27.9289978 ], [ 86.5496484, 27.9192592 ], [ 86.5547347, 27.907248 ], [ 86.5510762, 27.8984776 ], [ 86.5544495, 27.8862019 ], [ 86.5508863, 27.8762881 ], [ 86.5537906, 27.8605812 ], [ 86.544239, 27.8292252 ], [ 86.5436007, 27.8226305 ], [ 86.5403218, 27.8177756 ], [ 86.5399289, 27.8149382 ], [ 86.5420103, 27.8115078 ], [ 86.5405942, 27.8087608 ], [ 86.5225735, 27.8054351 ], [ 86.5180519, 27.807574 ], [ 86.5105282, 27.806539 ], [ 86.5024096, 27.8090996 ], [ 86.4984405, 27.814236 ], [ 86.4871001, 27.8091117 ], [ 86.4794985, 27.8122911 ], [ 86.4802766, 27.8161528 ], [ 86.4789891, 27.8207265 ], [ 86.4743328, 27.8208214 ], [ 86.4696306, 27.8255438 ], [ 86.4633465, 27.8230417 ], [ 86.455726, 27.8228681 ], [ 86.4488883, 27.8320705 ], [ 86.4385459, 27.8284816 ], [ 86.429142, 27.8150798 ], [ 86.4195856, 27.8136637 ], [ 86.4191381, 27.8036986 ], [ 86.4163567, 27.8013721 ], [ 86.4173139, 27.794355 ], [ 86.4105952, 27.7908227 ], [ 86.4220074, 27.7858464 ], [ 86.4129848, 27.7750374 ], [ 86.4117287, 27.7703506 ], [ 86.4138677, 27.7673116 ], [ 86.4101802, 27.7608906 ], [ 86.4124748, 27.7515644 ], [ 86.4103928, 27.7467228 ], [ 86.4228978, 27.7413088 ], [ 86.4269637, 27.7371698 ], [ 86.4252361, 27.7230592 ], [ 86.4204655, 27.7157541 ], [ 86.4088859, 27.7189877 ], [ 86.3964788, 27.7124411 ], [ 86.3814493, 27.7013759 ], [ 86.3780976, 27.6939425 ], [ 86.375635, 27.6925123 ], [ 86.3623297, 27.6918042 ], [ 86.3512202, 27.6936941 ], [ 86.3446504, 27.6862865 ], [ 86.3399944, 27.6844888 ], [ 86.3373016, 27.6811941 ], [ 86.3358405, 27.6756357 ], [ 86.3328823, 27.6731259 ], [ 86.3329264, 27.6670353 ], [ 86.3306087, 27.66165 ], [ 86.3261334, 27.6567395 ], [ 86.3218068, 27.6547734 ], [ 86.3169271, 27.6483299 ], [ 86.3113227, 27.6457022 ], [ 86.3058485, 27.6338669 ], [ 86.3059617, 27.6274924 ], [ 86.3024804, 27.6211024 ], [ 86.303737, 27.6178973 ], [ 86.2990268, 27.6133116 ], [ 86.299322, 27.6106075 ], [ 86.2941557, 27.6087464 ], [ 86.2902079, 27.6041557 ], [ 86.2858982, 27.6028086 ], [ 86.2810088, 27.6039856 ], [ 86.2785131, 27.5996491 ], [ 86.2683816, 27.5947431 ], [ 86.2622501, 27.5979895 ], [ 86.2597854, 27.5976958 ], [ 86.2590371, 27.5951334 ], [ 86.2495722, 27.5934712 ], [ 86.2468252, 27.5905778 ], [ 86.2384975, 27.5893019 ], [ 86.2354172, 27.5860778 ], [ 86.2233499, 27.5847952 ], [ 86.2203577, 27.5829061 ], [ 86.2176272, 27.5835078 ], [ 86.2161972, 27.5818236 ], [ 86.2033276, 27.580966 ], [ 86.1967484, 27.5745438 ], [ 86.1924434, 27.5726762 ], [ 86.1833171, 27.5581544 ], [ 86.1767292, 27.555497 ], [ 86.1725368, 27.5501716 ], [ 86.170282, 27.5512149 ], [ 86.164301, 27.5467445 ], [ 86.1610383, 27.5416484 ], [ 86.1583389, 27.5415859 ], [ 86.1585211, 27.5384655 ], [ 86.1542899, 27.5356932 ], [ 86.1545955, 27.533317 ], [ 86.1521899, 27.5311908 ], [ 86.153434, 27.5283858 ], [ 86.1518708, 27.527347 ], [ 86.1529756, 27.5250123 ], [ 86.1497206, 27.5176435 ], [ 86.1503435, 27.5152946 ], [ 86.146982, 27.5154371 ], [ 86.1475148, 27.5134635 ], [ 86.1417975, 27.5093301 ], [ 86.1431491, 27.5021089 ], [ 86.1418039, 27.4955699 ], [ 86.1372396, 27.4953197 ], [ 86.1317664, 27.4897486 ], [ 86.1292354, 27.4899571 ], [ 86.1220316, 27.4780958 ], [ 86.1160671, 27.4741124 ], [ 86.1126925, 27.4748596 ], [ 86.115083, 27.4801686 ], [ 86.1103838, 27.4820913 ], [ 86.1064981, 27.4892754 ], [ 86.0988177, 27.4980772 ], [ 86.0957926, 27.4981758 ], [ 86.0933543, 27.5002561 ], [ 86.0862314, 27.4970484 ], [ 86.08028, 27.4976715 ], [ 86.0775983, 27.496485 ], [ 86.0734292, 27.5019709 ], [ 86.069591, 27.5000271 ], [ 86.0646807, 27.5022418 ], [ 86.0645463, 27.4989634 ], [ 86.0620733, 27.4988124 ], [ 86.0616164, 27.4967023 ], [ 86.0592464, 27.4979858 ], [ 86.059905, 27.5014947 ], [ 86.0573809, 27.4989723 ], [ 86.0565657, 27.5018378 ], [ 86.0564903, 27.500331 ], [ 86.0556752, 27.5012059 ], [ 86.0486201, 27.4979858 ], [ 86.0454693, 27.4998085 ], [ 86.0459762, 27.4985873 ], [ 86.0442364, 27.4977063 ], [ 86.0425856, 27.4998571 ], [ 86.0399984, 27.4991614 ], [ 86.031592, 27.5030772 ], [ 86.0216669, 27.50041 ], [ 86.0161598, 27.5021051 ], [ 86.0089609, 27.5008596 ], [ 86.0070498, 27.5032777 ], [ 86.0007482, 27.5019836 ], [ 85.9993098, 27.5029314 ], [ 85.9994057, 27.506844 ], [ 85.9946178, 27.5034296 ], [ 85.9929807, 27.5082413 ], [ 85.9873298, 27.5077006 ], [ 85.9876412, 27.5197432 ], [ 85.9915287, 27.5233519 ], [ 86.0004523, 27.5413637 ], [ 85.997525, 27.5461255 ], [ 85.9939744, 27.5457028 ], [ 85.9821608, 27.5551985 ], [ 85.9613317, 27.5798545 ], [ 85.9550226, 27.5829454 ], [ 85.9521144, 27.5891999 ], [ 85.9419117, 27.5910582 ], [ 85.9407251, 27.5938896 ], [ 85.9361637, 27.5930966 ], [ 85.9337566, 27.5952733 ], [ 85.9304245, 27.5954056 ], [ 85.927057, 27.599524 ], [ 85.920755, 27.6003911 ], [ 85.9189368, 27.6035467 ], [ 85.9149298, 27.6052301 ], [ 85.909589, 27.6043444 ], [ 85.9017503, 27.6094332 ], [ 85.896613, 27.6095368 ], [ 85.8910527, 27.6123374 ], [ 85.8852455, 27.6120977 ], [ 85.88428, 27.6142495 ] ] ] } },
{ "type": "Feature", "properties": { "district_id": 32, "name": "धनकुटा जिल्ला" }, "geometry": { "type": "Polygon", "coordinates": [ [ [ 87.1483245, 26.938591 ], [ 87.1590574, 26.9430015 ], [ 87.1615323, 26.9466036 ], [ 87.1573224, 26.9552033 ], [ 87.1640048, 26.9598706 ], [ 87.1597637, 26.96637 ], [ 87.1606493, 26.9681914 ], [ 87.1665079, 26.969345 ], [ 87.1703229, 26.9738379 ], [ 87.1709532, 26.9808936 ], [ 87.173954, 26.984122 ], [ 87.1782526, 26.9831101 ], [ 87.1802802, 26.9895184 ], [ 87.1883366, 26.9919997 ], [ 87.191743, 26.996119 ], [ 87.196312, 26.9985761 ], [ 87.1980963, 27.0104993 ], [ 87.1941762, 27.0219637 ], [ 87.1916079, 27.0248778 ], [ 87.1899317, 27.0321747 ], [ 87.1868497, 27.0341253 ], [ 87.1830108, 27.0444556 ], [ 87.1783067, 27.0510048 ], [ 87.1790366, 27.0590223 ], [ 87.1821727, 27.0627058 ], [ 87.1826323, 27.0744538 ], [ 87.1910401, 27.0775831 ], [ 87.1899317, 27.0841304 ], [ 87.1961768, 27.0883427 ], [ 87.2019893, 27.0874521 ], [ 87.2073422, 27.0970314 ], [ 87.2138577, 27.0997269 ], [ 87.2168079, 27.1070147 ], [ 87.2286525, 27.1088484 ], [ 87.2330299, 27.1115606 ], [ 87.2372356, 27.1177488 ], [ 87.2447887, 27.1179016 ], [ 87.2461191, 27.1223325 ], [ 87.244145, 27.1251589 ], [ 87.246162, 27.1276798 ], [ 87.2482648, 27.1294367 ], [ 87.2563758, 27.1300096 ], [ 87.2696367, 27.1418108 ], [ 87.2716966, 27.1455915 ], [ 87.2696906, 27.150221 ], [ 87.275173, 27.1559441 ], [ 87.2752589, 27.1612898 ], [ 87.2714072, 27.1754834 ], [ 87.2641556, 27.1769228 ], [ 87.2630344, 27.1798624 ], [ 87.2639571, 27.1820098 ], [ 87.2873138, 27.1901887 ], [ 87.2915249, 27.1903414 ], [ 87.3015402, 27.185145 ], [ 87.3068403, 27.1850782 ], [ 87.3067115, 27.1835941 ], [ 87.3113035, 27.1825061 ], [ 87.3293653, 27.1886216 ], [ 87.3436668, 27.1871186 ], [ 87.3566069, 27.1903769 ], [ 87.3602686, 27.1873925 ], [ 87.3656844, 27.1879834 ], [ 87.375886, 27.1797722 ], [ 87.3766832, 27.1778889 ], [ 87.3741419, 27.1670658 ], [ 87.3775522, 27.1664003 ], [ 87.3864561, 27.1583959 ], [ 87.3870824, 27.1516454 ], [ 87.3895286, 27.1476931 ], [ 87.4072464, 27.1360752 ], [ 87.3960398, 27.1252757 ], [ 87.3949936, 27.1138487 ], [ 87.3927177, 27.1087876 ], [ 87.3938651, 27.1057394 ], [ 87.3918384, 27.1020333 ], [ 87.3974331, 27.0934454 ], [ 87.4006264, 27.0822946 ], [ 87.4006291, 27.0745907 ], [ 87.4060794, 27.066413 ], [ 87.410843, 27.0639672 ], [ 87.4264965, 27.0463449 ], [ 87.4299726, 27.0372476 ], [ 87.428256, 27.0298699 ], [ 87.4315176, 27.0168335 ], [ 87.4303064, 27.0142809 ], [ 87.43332, 27.0108309 ], [ 87.4365291, 27.0106773 ], [ 87.4420008, 27.0031832 ], [ 87.440976, 26.9907398 ], [ 87.436582, 26.9844568 ], [ 87.4368034, 26.9794635 ], [ 87.4395965, 26.9767922 ], [ 87.4375017, 26.9741968 ], [ 87.4386864, 26.9711338 ], [ 87.4506351, 26.9740618 ], [ 87.4577266, 26.9691273 ], [ 87.4637562, 26.9683049 ], [ 87.463841, 26.9740131 ], [ 87.4719814, 26.9777515 ], [ 87.477505, 26.9750517 ], [ 87.4824617, 26.9752987 ], [ 87.4869018, 26.9783065 ], [ 87.4828568, 26.9803117 ], [ 87.4838951, 26.9831422 ], [ 87.4875338, 26.9852456 ], [ 87.4924281, 26.9855054 ], [ 87.4956417, 26.9782848 ], [ 87.5025967, 26.971791 ], [ 87.5062274, 26.9717667 ], [ 87.5121235, 26.9652311 ], [ 87.5163233, 26.9649834 ], [ 87.5236706, 26.9611248 ], [ 87.5262566, 26.9576833 ], [ 87.5261984, 26.9418383 ], [ 87.5241058, 26.9383787 ], [ 87.5247834, 26.9369109 ], [ 87.520762, 26.9347444 ], [ 87.5238538, 26.930053 ], [ 87.5222763, 26.9258664 ], [ 87.5274691, 26.9207633 ], [ 87.5268073, 26.918656 ], [ 87.5308961, 26.9140172 ], [ 87.5307625, 26.9112648 ], [ 87.5286072, 26.9090932 ], [ 87.5316577, 26.9020867 ], [ 87.5220995, 26.88498 ], [ 87.5293851, 26.8848422 ], [ 87.5443894, 26.8894257 ], [ 87.5511539, 26.884823 ], [ 87.5595346, 26.8850353 ], [ 87.5627326, 26.8828136 ], [ 87.5660937, 26.8733706 ], [ 87.5678509, 26.8717319 ], [ 87.5744291, 26.8714594 ], [ 87.5758846, 26.8659838 ], [ 87.5799718, 26.8615355 ], [ 87.5757455, 26.8571901 ], [ 87.5661432, 26.8572475 ], [ 87.559966, 26.8628772 ], [ 87.5402223, 26.8632679 ], [ 87.5359844, 26.8614302 ], [ 87.5344798, 26.8625154 ], [ 87.5314676, 26.8570657 ], [ 87.5288819, 26.8568455 ], [ 87.520093, 26.8619189 ], [ 87.5151101, 26.8611466 ], [ 87.5093516, 26.8571188 ], [ 87.5079822, 26.8587694 ], [ 87.5089191, 26.8616048 ], [ 87.5074862, 26.8624248 ], [ 87.507272, 26.8712791 ], [ 87.5021973, 26.8734037 ], [ 87.499875, 26.8703077 ], [ 87.4965416, 26.869747 ], [ 87.4872198, 26.8722552 ], [ 87.4836884, 26.8678138 ], [ 87.4776, 26.8679495 ], [ 87.4752341, 26.8659762 ], [ 87.4739161, 26.8670489 ], [ 87.4716845, 26.8619189 ], [ 87.4643315, 26.8632816 ], [ 87.4623186, 26.862063 ], [ 87.4607104, 26.8638024 ], [ 87.4522868, 26.8577816 ], [ 87.4514284, 26.8622251 ], [ 87.4487434, 26.8642246 ], [ 87.4312582, 26.8655176 ], [ 87.4289173, 26.8634165 ], [ 87.4215203, 26.8702322 ], [ 87.4013711, 26.8634402 ], [ 87.3918977, 26.8658335 ], [ 87.3864978, 26.8599666 ], [ 87.3815163, 26.8507835 ], [ 87.3782949, 26.8484933 ], [ 87.3676282, 26.8457477 ], [ 87.3582101, 26.8489083 ], [ 87.3432733, 26.8493576 ], [ 87.3345711, 26.854819 ], [ 87.3238075, 26.853877 ], [ 87.3193625, 26.8623095 ], [ 87.3117837, 26.8671105 ], [ 87.3107448, 26.8701794 ], [ 87.3065856, 26.8717395 ], [ 87.3025359, 26.8689336 ], [ 87.3004915, 26.8691701 ], [ 87.2991297, 26.8737495 ], [ 87.2974941, 26.8746392 ], [ 87.2737024, 26.8679309 ], [ 87.2691381, 26.8690703 ], [ 87.2645057, 26.8667307 ], [ 87.2619681, 26.8676119 ], [ 87.2559385, 26.8656454 ], [ 87.2528395, 26.8699211 ], [ 87.2438301, 26.8724582 ], [ 87.2407475, 26.8756484 ], [ 87.2374094, 26.8756484 ], [ 87.2333214, 26.8788928 ], [ 87.2264585, 26.8715011 ], [ 87.2207532, 26.8691463 ], [ 87.2182837, 26.8638744 ], [ 87.214043, 26.8636162 ], [ 87.2065153, 26.8663813 ], [ 87.2001968, 26.8661534 ], [ 87.1880139, 26.8710027 ], [ 87.1854497, 26.8703328 ], [ 87.1813787, 26.8729162 ], [ 87.1797971, 26.8766601 ], [ 87.1652748, 26.8785077 ], [ 87.1682271, 26.8908126 ], [ 87.1671971, 26.902371 ], [ 87.162593, 26.909282 ], [ 87.1567786, 26.9124492 ], [ 87.1555158, 26.9148726 ], [ 87.1537045, 26.9264191 ], [ 87.1582708, 26.9293871 ], [ 87.1551809, 26.9329836 ], [ 87.1502027, 26.9327541 ], [ 87.1483245, 26.938591 ] ] ] } },
{ "type": "Feature", "properties": { "district_id": 33, "name": "धनुषा जिल्ला" }, "geometry": { "type": "Polygon", "coordinates": [ [ [ 85.8490202, 26.5687885 ], [ 85.8484077, 26.5771151 ], [ 85.8578, 26.5899355 ], [ 85.8528919, 26.6036589 ], [ 85.8543365, 26.6092363 ], [ 85.8506521, 26.6103931 ], [ 85.8524103, 26.6157895 ], [ 85.8548616, 26.6189122 ], [ 85.8619365, 26.6181793 ], [ 85.8630515, 26.6277264 ], [ 85.8696729, 26.6288024 ], [ 85.8721009, 26.6346789 ], [ 85.8744062, 26.6345394 ], [ 85.874908, 26.6372066 ], [ 85.8782571, 26.637039 ], [ 85.8789771, 26.6351188 ], [ 85.8819678, 26.637614 ], [ 85.8827062, 26.6410507 ], [ 85.8873387, 26.6422917 ], [ 85.887541, 26.6447031 ], [ 85.8939973, 26.6458526 ], [ 85.8982891, 26.6515455 ], [ 85.9054081, 26.6536765 ], [ 85.9042955, 26.6572591 ], [ 85.9060766, 26.6637972 ], [ 85.8980351, 26.6658083 ], [ 85.8964222, 26.6679564 ], [ 85.9032029, 26.6712928 ], [ 85.9064894, 26.6807641 ], [ 85.8998804, 26.6864967 ], [ 85.8949022, 26.686976 ], [ 85.894752, 26.6903693 ], [ 85.8914261, 26.6917497 ], [ 85.8912974, 26.6943185 ], [ 85.8868356, 26.6981824 ], [ 85.8895855, 26.7013441 ], [ 85.8873544, 26.7027134 ], [ 85.8870989, 26.7051021 ], [ 85.8889553, 26.7066387 ], [ 85.8889085, 26.7119234 ], [ 85.8921831, 26.7142907 ], [ 85.891462, 26.7172231 ], [ 85.8933954, 26.7183229 ], [ 85.8932, 26.7236247 ], [ 85.888828, 26.7299108 ], [ 85.8889568, 26.7376243 ], [ 85.8853773, 26.7404463 ], [ 85.8854855, 26.7420881 ], [ 85.8791593, 26.7459027 ], [ 85.8807814, 26.7511656 ], [ 85.8872202, 26.7511406 ], [ 85.8876185, 26.7588684 ], [ 85.8974326, 26.7677691 ], [ 85.8975077, 26.7757243 ], [ 85.9022439, 26.7826925 ], [ 85.9049578, 26.7821561 ], [ 85.905336, 26.7846473 ], [ 85.9085556, 26.7854006 ], [ 85.9100389, 26.7923346 ], [ 85.9078211, 26.7945509 ], [ 85.9108165, 26.8021628 ], [ 85.9085003, 26.8052638 ], [ 85.9088409, 26.8066015 ], [ 85.912646, 26.8064717 ], [ 85.9112934, 26.8112832 ], [ 85.9152317, 26.8183069 ], [ 85.916607, 26.8249625 ], [ 85.9155852, 26.8325654 ], [ 85.9174203, 26.8338295 ], [ 85.9153903, 26.8378875 ], [ 85.9186166, 26.841593 ], [ 85.9181963, 26.8451791 ], [ 85.9197654, 26.846493 ], [ 85.9178637, 26.8523081 ], [ 85.9198324, 26.8534807 ], [ 85.9177019, 26.8552765 ], [ 85.9167411, 26.8655406 ], [ 85.9144859, 26.8664214 ], [ 85.9167093, 26.8712064 ], [ 85.9069097, 26.8703288 ], [ 85.8967849, 26.8735575 ], [ 85.8950459, 26.8776617 ], [ 85.90028, 26.8857038 ], [ 85.8988638, 26.8870817 ], [ 85.8986921, 26.8931675 ], [ 85.902058, 26.9054565 ], [ 85.9040615, 26.9073674 ], [ 85.9050347, 26.9166245 ], [ 85.9070606, 26.9176603 ], [ 85.9079545, 26.92106 ], [ 85.9132534, 26.9225063 ], [ 85.9126825, 26.9326595 ], [ 85.914957, 26.9375567 ], [ 85.9133692, 26.9419182 ], [ 85.9170599, 26.9483453 ], [ 85.9176607, 26.9592858 ], [ 85.9077473, 26.958559 ], [ 85.906374, 26.9605863 ], [ 85.9091635, 26.9725201 ], [ 85.908391, 26.9774921 ], [ 85.9139133, 26.9947469 ], [ 85.9139133, 27.0004527 ], [ 85.9115289, 27.0048836 ], [ 85.9118696, 27.0110744 ], [ 85.9171832, 27.018418 ], [ 85.9261756, 27.0267928 ], [ 85.9267887, 27.0311619 ], [ 85.9213388, 27.0373513 ], [ 85.9169107, 27.0351669 ], [ 85.9138452, 27.0371086 ], [ 85.9167745, 27.0427516 ], [ 85.9284918, 27.0415381 ], [ 85.9339417, 27.0442078 ], [ 85.9455228, 27.0625301 ], [ 85.9352208, 27.0763597 ], [ 85.9351606, 27.0807634 ], [ 85.9383364, 27.0858453 ], [ 85.9386596, 27.0900595 ], [ 85.935976, 27.097995 ], [ 85.9203548, 27.1050626 ], [ 85.9170933, 27.1085007 ], [ 85.9161491, 27.1120533 ], [ 85.9050341, 27.1203424 ], [ 85.9007242, 27.1271173 ], [ 85.9034033, 27.1319918 ], [ 85.906715, 27.1339263 ], [ 85.9119327, 27.1323469 ], [ 85.9139756, 27.1298629 ], [ 85.929122, 27.125733 ], [ 85.9379904, 27.1215632 ], [ 85.9357596, 27.1103284 ], [ 85.9410542, 27.0942685 ], [ 85.94794, 27.0883497 ], [ 85.9508375, 27.0879562 ], [ 85.9498067, 27.084149 ], [ 85.9554648, 27.0843717 ], [ 85.9618744, 27.0799766 ], [ 85.9630762, 27.0733567 ], [ 85.9653463, 27.0739307 ], [ 85.9667456, 27.0705431 ], [ 85.9659305, 27.0673264 ], [ 85.9695521, 27.0611664 ], [ 85.9707633, 27.0510966 ], [ 85.9915292, 27.024975 ], [ 86.0017303, 27.0211376 ], [ 86.0056164, 27.0221624 ], [ 86.0107363, 27.0206461 ], [ 86.0121555, 27.0188172 ], [ 86.0148252, 27.0202732 ], [ 86.0209612, 27.019357 ], [ 86.0302022, 27.0209237 ], [ 86.042, 27.0197116 ], [ 86.0473935, 27.0215284 ], [ 86.0489245, 27.0191448 ], [ 86.0551265, 27.018363 ], [ 86.0890362, 27.0192656 ], [ 86.1062633, 27.0153688 ], [ 86.1402404, 26.999434 ], [ 86.162948, 26.992021 ], [ 86.1670526, 26.9889361 ], [ 86.1699739, 26.9892377 ], [ 86.178743, 26.984571 ], [ 86.1874391, 26.9825772 ], [ 86.1871239, 26.977582 ], [ 86.1913823, 26.9787099 ], [ 86.192424, 26.9751756 ], [ 86.1984716, 26.9706794 ], [ 86.2100654, 26.9656928 ], [ 86.2183232, 26.9579002 ], [ 86.2186626, 26.9544272 ], [ 86.2215522, 26.9550118 ], [ 86.2265019, 26.949696 ], [ 86.2340469, 26.9505968 ], [ 86.2352411, 26.9468893 ], [ 86.2412705, 26.9400196 ], [ 86.2552784, 26.9325782 ], [ 86.2577879, 26.9285005 ], [ 86.2571074, 26.9216984 ], [ 86.2600733, 26.9178868 ], [ 86.2590637, 26.9132145 ], [ 86.2559483, 26.9110206 ], [ 86.2529719, 26.9111038 ], [ 86.2461477, 26.9152161 ], [ 86.2426736, 26.9063042 ], [ 86.2381297, 26.9036062 ], [ 86.2239301, 26.9032447 ], [ 86.2222872, 26.8991942 ], [ 86.2235738, 26.8896114 ], [ 86.2222332, 26.8887782 ], [ 86.2164206, 26.8928049 ], [ 86.2150397, 26.8970323 ], [ 86.2046063, 26.8997246 ], [ 86.1996393, 26.9056958 ], [ 86.1910486, 26.9042756 ], [ 86.1668874, 26.9231732 ], [ 86.1580896, 26.926719 ], [ 86.1589146, 26.9340281 ], [ 86.1577988, 26.935482 ], [ 86.1523915, 26.9343342 ], [ 86.1424199, 26.9259936 ], [ 86.1325675, 26.9149235 ], [ 86.1319628, 26.9056747 ], [ 86.1341428, 26.8969872 ], [ 86.1311283, 26.8926736 ], [ 86.1375342, 26.8770449 ], [ 86.1413312, 26.8723154 ], [ 86.1396413, 26.8641571 ], [ 86.143264, 26.860443 ], [ 86.1441832, 26.8561499 ], [ 86.1533452, 26.8513287 ], [ 86.1547162, 26.8454406 ], [ 86.1538987, 26.8406995 ], [ 86.149675, 26.836019 ], [ 86.1494707, 26.8305176 ], [ 86.1550057, 26.8197421 ], [ 86.1516309, 26.8102254 ], [ 86.1521673, 26.8004005 ], [ 86.1508798, 26.7949035 ], [ 86.1445998, 26.7874397 ], [ 86.1479351, 26.7799603 ], [ 86.1476708, 26.7709984 ], [ 86.156683, 26.7597331 ], [ 86.156683, 26.7555179 ], [ 86.1624337, 26.7503828 ], [ 86.1731625, 26.7495397 ], [ 86.1750614, 26.7481953 ], [ 86.1769497, 26.7384608 ], [ 86.1807263, 26.7327117 ], [ 86.183548, 26.7227107 ], [ 86.1885262, 26.7192608 ], [ 86.1883545, 26.7155808 ], [ 86.1927272, 26.7126016 ], [ 86.1919262, 26.7064399 ], [ 86.194191, 26.6996327 ], [ 86.19288, 26.6980718 ], [ 86.1948556, 26.6979197 ], [ 86.1970556, 26.6885151 ], [ 86.2001893, 26.6854108 ], [ 86.1966104, 26.6758199 ], [ 86.1976854, 26.6695077 ], [ 86.1951482, 26.6648357 ], [ 86.1903795, 26.664166 ], [ 86.1854295, 26.6595771 ], [ 86.1835046, 26.655361 ], [ 86.1769731, 26.6521597 ], [ 86.1709367, 26.6524343 ], [ 86.1682606, 26.6419927 ], [ 86.1648046, 26.6388667 ], [ 86.1615216, 26.6406312 ], [ 86.153196, 26.6394804 ], [ 86.1508356, 26.6375624 ], [ 86.150664, 26.6334578 ], [ 86.1539685, 26.6319233 ], [ 86.1552988, 26.6269745 ], [ 86.154462, 26.6223707 ], [ 86.1496769, 26.612779 ], [ 86.1438921, 26.6059892 ], [ 86.1357955, 26.6064042 ], [ 86.1389418, 26.6156496 ], [ 86.1408598, 26.6169015 ], [ 86.1387378, 26.6289394 ], [ 86.1190358, 26.6299926 ], [ 86.0752541, 26.6492503 ], [ 86.0691612, 26.6574955 ], [ 86.0268816, 26.6667628 ], [ 86.0258616, 26.6644235 ], [ 86.0224233, 26.6640408 ], [ 86.0186481, 26.6611509 ], [ 86.0117253, 26.6599686 ], [ 86.0128422, 26.6582308 ], [ 86.0111346, 26.6545107 ], [ 86.0049872, 26.6567019 ], [ 86.0043811, 26.6553133 ], [ 86.0026365, 26.6563637 ], [ 86.0003012, 26.6548706 ], [ 85.9950272, 26.655902 ], [ 85.9942923, 26.6549047 ], [ 85.9906499, 26.6566163 ], [ 85.9750662, 26.658486 ], [ 85.9729127, 26.6546638 ], [ 85.9694687, 26.6553111 ], [ 85.9699033, 26.6535467 ], [ 85.9676741, 26.6530445 ], [ 85.9674839, 26.651466 ], [ 85.9649573, 26.6528372 ], [ 85.9626208, 26.6500576 ], [ 85.9599075, 26.6509616 ], [ 85.9588401, 26.6486545 ], [ 85.9560817, 26.6489708 ], [ 85.9552468, 26.6451295 ], [ 85.9532297, 26.6435951 ], [ 85.952232, 26.6373426 ], [ 85.9554573, 26.629893 ], [ 85.9511229, 26.6237803 ], [ 85.9487301, 26.6248993 ], [ 85.9488159, 26.6226885 ], [ 85.9454942, 26.6208951 ], [ 85.945639, 26.6174464 ], [ 85.9474187, 26.6164567 ], [ 85.9460988, 26.6145458 ], [ 85.9487471, 26.6148656 ], [ 85.9466779, 26.6127567 ], [ 85.9410854, 26.6135736 ], [ 85.9369656, 26.6166814 ], [ 85.931806, 26.6131599 ], [ 85.9313972, 26.6161595 ], [ 85.9278718, 26.616601 ], [ 85.9292684, 26.6141953 ], [ 85.9265093, 26.6134187 ], [ 85.9263339, 26.6094325 ], [ 85.9219144, 26.6091279 ], [ 85.920322, 26.610407 ], [ 85.9136288, 26.608831 ], [ 85.9128454, 26.6044988 ], [ 85.9094903, 26.6047653 ], [ 85.9053092, 26.6016284 ], [ 85.9022947, 26.6013162 ], [ 85.9025757, 26.6000675 ], [ 85.9000807, 26.6003263 ], [ 85.901375, 26.5968923 ], [ 85.8996901, 26.5942759 ], [ 85.8912883, 26.594432 ], [ 85.8923036, 26.5901157 ], [ 85.8888293, 26.5891029 ], [ 85.8895872, 26.587618 ], [ 85.8871688, 26.5829728 ], [ 85.8786022, 26.5837876 ], [ 85.8790961, 26.5818914 ], [ 85.8753663, 26.5811299 ], [ 85.8728332, 26.5783526 ], [ 85.8705701, 26.5795634 ], [ 85.8675108, 26.5744209 ], [ 85.8584039, 26.568745 ], [ 85.8568473, 26.5719241 ], [ 85.8531697, 26.570485 ], [ 85.8520728, 26.5683669 ], [ 85.8490202, 26.5687885 ] ] ] } },
{ "type": "Feature", "properties": { "district_id": 34, "name": "धादिङ जिल्ला" }, "geometry": { "type": "Polygon", "coordinates": [ [ [ 84.6179835, 27.8093445 ], [ 84.6221695, 27.8161646 ], [ 84.6415033, 27.8231158 ], [ 84.6479616, 27.8220477 ], [ 84.6643549, 27.8242418 ], [ 84.6651325, 27.8259541 ], [ 84.6676855, 27.8217864 ], [ 84.6677392, 27.818539 ], [ 84.6766508, 27.8155176 ], [ 84.6841333, 27.8106924 ], [ 84.70778, 27.807049 ], [ 84.7081835, 27.8024234 ], [ 84.7109483, 27.800564 ], [ 84.719068, 27.8037805 ], [ 84.7223347, 27.8011598 ], [ 84.7275894, 27.8000628 ], [ 84.7302914, 27.7955552 ], [ 84.7371266, 27.7991217 ], [ 84.7376967, 27.8032522 ], [ 84.7400559, 27.8044941 ], [ 84.7532338, 27.8058865 ], [ 84.7559905, 27.8081013 ], [ 84.7566485, 27.8135939 ], [ 84.7623717, 27.8184168 ], [ 84.7652939, 27.8184824 ], [ 84.7700106, 27.8144134 ], [ 84.7684246, 27.8119086 ], [ 84.7752592, 27.8084351 ], [ 84.7791862, 27.8128771 ], [ 84.7825865, 27.8140433 ], [ 84.7745815, 27.8227131 ], [ 84.7731696, 27.8297142 ], [ 84.7759879, 27.8350763 ], [ 84.7704764, 27.8393561 ], [ 84.7702966, 27.842669 ], [ 84.7673306, 27.8443785 ], [ 84.7681262, 27.8516238 ], [ 84.7659783, 27.8530277 ], [ 84.7649956, 27.8598801 ], [ 84.757715, 27.860565 ], [ 84.7553868, 27.8641484 ], [ 84.7557294, 27.8693987 ], [ 84.7513826, 27.8762394 ], [ 84.7459636, 27.8796684 ], [ 84.7496681, 27.8859152 ], [ 84.7367433, 27.890986 ], [ 84.7356882, 27.8933173 ], [ 84.7377836, 27.8965939 ], [ 84.7332147, 27.9073447 ], [ 84.7350506, 27.9151431 ], [ 84.7335644, 27.9246498 ], [ 84.7318158, 27.9261124 ], [ 84.7365253, 27.9283783 ], [ 84.736129, 27.9308296 ], [ 84.7329582, 27.9333014 ], [ 84.7393463, 27.9363292 ], [ 84.7408151, 27.9483369 ], [ 84.7456412, 27.9532591 ], [ 84.7457345, 27.9603021 ], [ 84.7568125, 27.9630859 ], [ 84.7604029, 27.9674926 ], [ 84.7702171, 27.9678653 ], [ 84.7752774, 27.9719815 ], [ 84.7747179, 27.9741641 ], [ 84.7714704, 27.9763366 ], [ 84.7719206, 27.9776586 ], [ 84.7761244, 27.9773819 ], [ 84.7792875, 27.9821734 ], [ 84.7842768, 27.9832852 ], [ 84.7858388, 27.9881645 ], [ 84.7881236, 27.9892351 ], [ 84.7883801, 27.9962757 ], [ 84.790525, 27.9983755 ], [ 84.7968432, 27.9979226 ], [ 84.7971463, 28.0024514 ], [ 84.8010165, 28.0005987 ], [ 84.8110927, 28.0027981 ], [ 84.8132004, 28.0097276 ], [ 84.8096341, 28.0143253 ], [ 84.8095011, 28.0185732 ], [ 84.8127983, 28.021513 ], [ 84.8118421, 28.0257188 ], [ 84.8131775, 28.0291968 ], [ 84.8093528, 28.0344936 ], [ 84.8092833, 28.0382529 ], [ 84.8143809, 28.0455812 ], [ 84.8186374, 28.0483016 ], [ 84.8184494, 28.0549702 ], [ 84.8213921, 28.058238 ], [ 84.8205935, 28.0632826 ], [ 84.8234481, 28.0653672 ], [ 84.827746, 28.0751526 ], [ 84.8315863, 28.0851329 ], [ 84.8316909, 28.09024 ], [ 84.8369078, 28.0955504 ], [ 84.8370111, 28.1042658 ], [ 84.84232, 28.1108388 ], [ 84.8422867, 28.115202 ], [ 84.8545538, 28.1227829 ], [ 84.8589036, 28.1201952 ], [ 84.8621929, 28.1216906 ], [ 84.8692294, 28.1205926 ], [ 84.8726623, 28.1168462 ], [ 84.8808569, 28.112891 ], [ 84.885243, 28.1056346 ], [ 84.8923086, 28.1000925 ], [ 84.9002917, 28.1068135 ], [ 84.9134438, 28.1030313 ], [ 84.9179965, 28.1035446 ], [ 84.921429, 28.1067228 ], [ 84.9200379, 28.1154333 ], [ 84.9288769, 28.1262995 ], [ 84.9312779, 28.1240458 ], [ 84.9346349, 28.1252865 ], [ 84.9399589, 28.124246 ], [ 84.9422961, 28.1217313 ], [ 84.9450773, 28.1239438 ], [ 84.9540328, 28.1243338 ], [ 84.9565041, 28.1268834 ], [ 84.9564808, 28.132517 ], [ 84.9582479, 28.1337687 ], [ 84.9556288, 28.1412582 ], [ 84.9537414, 28.1425086 ], [ 84.9571453, 28.147093 ], [ 84.9601062, 28.1639074 ], [ 84.9645764, 28.1739883 ], [ 84.96358, 28.1779243 ], [ 84.9672404, 28.184891 ], [ 84.9733021, 28.1893635 ], [ 84.9671009, 28.2040825 ], [ 84.9627122, 28.2073257 ], [ 84.9616241, 28.2127881 ], [ 84.9637013, 28.2148219 ], [ 84.9638332, 28.2174367 ], [ 84.9708562, 28.2232181 ], [ 84.9760656, 28.2246126 ], [ 84.9894759, 28.2428176 ], [ 84.9913309, 28.2441419 ], [ 84.992839, 28.2414976 ], [ 84.9972608, 28.239862 ], [ 85.0008781, 28.2461887 ], [ 84.9993591, 28.2518974 ], [ 85.0280799, 28.2626748 ], [ 85.0316441, 28.2797078 ], [ 85.0369546, 28.2898737 ], [ 85.0371259, 28.2943133 ], [ 85.0318236, 28.3017279 ], [ 85.0424411, 28.3144455 ], [ 85.0417687, 28.3185403 ], [ 85.0462145, 28.3262031 ], [ 85.0496703, 28.325644 ], [ 85.0538172, 28.3278967 ], [ 85.0681448, 28.3400474 ], [ 85.0789792, 28.3453742 ], [ 85.0880016, 28.3463277 ], [ 85.0962927, 28.3442233 ], [ 85.1082748, 28.3463573 ], [ 85.1202986, 28.3360103 ], [ 85.1233978, 28.3358324 ], [ 85.1268982, 28.3378743 ], [ 85.140836, 28.330961 ], [ 85.1596107, 28.331873 ], [ 85.1783967, 28.302461 ], [ 85.1765298, 28.2960678 ], [ 85.1788044, 28.291042 ], [ 85.1791048, 28.2820856 ], [ 85.1806882, 28.2786635 ], [ 85.1835233, 28.2778116 ], [ 85.185971, 28.2679002 ], [ 85.191648, 28.2653075 ], [ 85.2017632, 28.2510561 ], [ 85.1942737, 28.2459005 ], [ 85.1876113, 28.2272853 ], [ 85.1873584, 28.2198313 ], [ 85.2001889, 28.2116845 ], [ 85.2040247, 28.20397 ], [ 85.2026319, 28.1945145 ], [ 85.1981428, 28.1849667 ], [ 85.2001584, 28.1791127 ], [ 85.1994568, 28.1758656 ], [ 85.1958497, 28.1684588 ], [ 85.1814818, 28.1673761 ], [ 85.1728204, 28.1622411 ], [ 85.1728527, 28.1579429 ], [ 85.1681002, 28.149623 ], [ 85.1546924, 28.1386712 ], [ 85.1579541, 28.1317514 ], [ 85.1605077, 28.1298425 ], [ 85.1610859, 28.1244954 ], [ 85.1431306, 28.1137481 ], [ 85.1194747, 28.1050798 ], [ 85.1231508, 28.0941866 ], [ 85.1201135, 28.0847257 ], [ 85.1166448, 28.0809664 ], [ 85.1155889, 28.0771798 ], [ 85.1026434, 28.0761838 ], [ 85.099418, 28.0731535 ], [ 85.0910725, 28.0729108 ], [ 85.0808001, 28.0666529 ], [ 85.0758947, 28.0683387 ], [ 85.0683287, 28.0660728 ], [ 85.0619881, 28.0672865 ], [ 85.0536966, 28.048448 ], [ 85.0401459, 28.0358881 ], [ 85.0349647, 28.0354714 ], [ 85.0333934, 28.0326113 ], [ 85.0258815, 28.0296035 ], [ 85.0225551, 28.0306997 ], [ 85.0134644, 28.0261461 ], [ 85.0086497, 28.0270163 ], [ 84.9988246, 28.0249043 ], [ 84.9915836, 28.026404 ], [ 84.9892597, 28.0289894 ], [ 84.9884079, 28.0243664 ], [ 84.9906495, 28.0210791 ], [ 84.990257, 28.0160027 ], [ 84.9950162, 28.0133388 ], [ 85.0004869, 28.0073148 ], [ 84.999833, 28.0056829 ], [ 85.0034747, 27.9997848 ], [ 85.0298109, 27.996167 ], [ 85.0315876, 27.9882713 ], [ 85.0298606, 27.9851218 ], [ 85.0287749, 27.9723395 ], [ 85.0268408, 27.9698915 ], [ 85.0195095, 27.9682237 ], [ 85.014688, 27.9619468 ], [ 85.0147747, 27.9595165 ], [ 85.0075818, 27.9507898 ], [ 85.0076543, 27.9481699 ], [ 85.0115955, 27.9523304 ], [ 85.015036, 27.9517683 ], [ 85.0166472, 27.9453721 ], [ 85.010065, 27.9393571 ], [ 85.0085778, 27.9347182 ], [ 85.0105419, 27.926763 ], [ 85.0075444, 27.9190432 ], [ 85.0047854, 27.9160034 ], [ 84.9973443, 27.8991436 ], [ 84.9926367, 27.8966443 ], [ 84.9927104, 27.8888081 ], [ 84.9886423, 27.8857646 ], [ 84.9922447, 27.8820948 ], [ 84.9939242, 27.8781621 ], [ 84.9930222, 27.8770485 ], [ 84.9949193, 27.8755096 ], [ 84.9923134, 27.8723478 ], [ 84.99392, 27.8706917 ], [ 84.9907385, 27.8660991 ], [ 84.989933, 27.8623963 ], [ 84.9911255, 27.8601733 ], [ 84.9888632, 27.8589259 ], [ 84.9916513, 27.8576728 ], [ 84.9924299, 27.8550973 ], [ 84.9988198, 27.8562485 ], [ 85.001451, 27.8538273 ], [ 84.9996855, 27.8530269 ], [ 85.0042053, 27.8526682 ], [ 85.0068838, 27.8503525 ], [ 85.005263, 27.8479048 ], [ 85.008115, 27.8449808 ], [ 85.0059437, 27.8417542 ], [ 85.011999, 27.8371296 ], [ 85.0127069, 27.8332746 ], [ 85.0230698, 27.8335712 ], [ 85.0164834, 27.8276903 ], [ 85.0166892, 27.8183409 ], [ 85.0123438, 27.8100831 ], [ 85.018314, 27.8104773 ], [ 85.0178151, 27.8121978 ], [ 85.0232959, 27.8150842 ], [ 85.0251051, 27.813383 ], [ 85.0276191, 27.8168284 ], [ 85.0376957, 27.8147854 ], [ 85.041611, 27.8178305 ], [ 85.0421302, 27.8127208 ], [ 85.0445707, 27.8118933 ], [ 85.0475789, 27.813211 ], [ 85.0471513, 27.8114809 ], [ 85.0489109, 27.8104535 ], [ 85.0456722, 27.8056983 ], [ 85.0467492, 27.8017162 ], [ 85.0522884, 27.7991929 ], [ 85.0527589, 27.7970912 ], [ 85.0567344, 27.7973171 ], [ 85.0582778, 27.7946944 ], [ 85.0643289, 27.7928114 ], [ 85.0760591, 27.7921635 ], [ 85.0824993, 27.7887769 ], [ 85.0883358, 27.7877898 ], [ 85.0964135, 27.781365 ], [ 85.0980352, 27.7782583 ], [ 85.1006468, 27.7780689 ], [ 85.1057975, 27.7742667 ], [ 85.1084789, 27.7741627 ], [ 85.1102278, 27.775908 ], [ 85.1127819, 27.772482 ], [ 85.115404, 27.7739519 ], [ 85.1150878, 27.7689795 ], [ 85.117218, 27.76803 ], [ 85.1172073, 27.7664873 ], [ 85.1203039, 27.7670827 ], [ 85.1214462, 27.7636818 ], [ 85.1244703, 27.7629525 ], [ 85.1244819, 27.7607169 ], [ 85.1279176, 27.7606464 ], [ 85.1312411, 27.7643581 ], [ 85.1346777, 27.7617102 ], [ 85.1394882, 27.766175 ], [ 85.1494933, 27.7637414 ], [ 85.1510892, 27.7661243 ], [ 85.1542417, 27.7669744 ], [ 85.1593488, 27.7655813 ], [ 85.1644797, 27.7658328 ], [ 85.1663894, 27.7676057 ], [ 85.1721508, 27.766673 ], [ 85.1745487, 27.7686001 ], [ 85.1755424, 27.7673684 ], [ 85.1774976, 27.7679928 ], [ 85.1785211, 27.7723835 ], [ 85.1857237, 27.7716003 ], [ 85.1896192, 27.7691992 ], [ 85.1920598, 27.7705173 ], [ 85.1923183, 27.7732517 ], [ 85.1933161, 27.7690819 ], [ 85.1968556, 27.7707332 ], [ 85.1981994, 27.7686614 ], [ 85.198898, 27.7701715 ], [ 85.2016855, 27.7695726 ], [ 85.2014407, 27.7733635 ], [ 85.2044341, 27.7715456 ], [ 85.2045576, 27.769015 ], [ 85.2060851, 27.7736897 ], [ 85.2078313, 27.7709637 ], [ 85.2098635, 27.7729382 ], [ 85.2110051, 27.7717762 ], [ 85.2128247, 27.7740014 ], [ 85.215597, 27.7742596 ], [ 85.2155026, 27.7755733 ], [ 85.2173136, 27.7743127 ], [ 85.2211502, 27.7756721 ], [ 85.2239585, 27.7729481 ], [ 85.2270055, 27.7726519 ], [ 85.2297178, 27.7768384 ], [ 85.2293058, 27.7734493 ], [ 85.2312148, 27.7740398 ], [ 85.2321725, 27.7715128 ], [ 85.2328611, 27.7747262 ], [ 85.2390947, 27.7750548 ], [ 85.2407642, 27.7734949 ], [ 85.242807, 27.7754846 ], [ 85.2460943, 27.7748467 ], [ 85.2466015, 27.7727992 ], [ 85.2510873, 27.7754842 ], [ 85.2640228, 27.7711172 ], [ 85.263774, 27.7667873 ], [ 85.2709567, 27.7602994 ], [ 85.2693974, 27.756292 ], [ 85.2694803, 27.7484823 ], [ 85.2674897, 27.7460747 ], [ 85.2552145, 27.7454287 ], [ 85.2534396, 27.748541 ], [ 85.2518323, 27.7483593 ], [ 85.2472025, 27.7450177 ], [ 85.2378302, 27.7458398 ], [ 85.2345997, 27.7412926 ], [ 85.22875, 27.740359 ], [ 85.2215715, 27.7364244 ], [ 85.2146042, 27.7376598 ], [ 85.2212314, 27.7321574 ], [ 85.2221932, 27.7282951 ], [ 85.2177946, 27.7225638 ], [ 85.2120706, 27.7217851 ], [ 85.2080269, 27.7233152 ], [ 85.2070299, 27.719411 ], [ 85.2023263, 27.7208751 ], [ 85.2006842, 27.7174693 ], [ 85.1980099, 27.7169398 ], [ 85.2014232, 27.7134612 ], [ 85.1994238, 27.7116666 ], [ 85.2005518, 27.7075505 ], [ 85.1958937, 27.7092031 ], [ 85.1971724, 27.7067729 ], [ 85.1926376, 27.6978494 ], [ 85.1944611, 27.6942589 ], [ 85.1918243, 27.6897451 ], [ 85.1914959, 27.6852789 ], [ 85.1882856, 27.6810664 ], [ 85.1738111, 27.6795886 ], [ 85.1616473, 27.6706696 ], [ 85.1581127, 27.6731672 ], [ 85.151245, 27.67001 ], [ 85.1430667, 27.6707064 ], [ 85.139796, 27.6736789 ], [ 85.1358844, 27.6744207 ], [ 85.1311018, 27.6809546 ], [ 85.1210235, 27.6835298 ], [ 85.1172699, 27.6940671 ], [ 85.1125715, 27.6990885 ], [ 85.1026359, 27.7040571 ], [ 85.1005378, 27.7079116 ], [ 85.0890487, 27.7111432 ], [ 85.0839394, 27.7060482 ], [ 85.0741455, 27.7076839 ], [ 85.070253, 27.7025509 ], [ 85.0663029, 27.7022225 ], [ 85.0651901, 27.6957694 ], [ 85.0615658, 27.6935192 ], [ 85.0583268, 27.6937863 ], [ 85.0583923, 27.6960388 ], [ 85.0546082, 27.6988384 ], [ 85.0425204, 27.6901745 ], [ 85.0404558, 27.6934306 ], [ 85.0419548, 27.7018945 ], [ 85.038847, 27.7053738 ], [ 85.0384216, 27.7033762 ], [ 85.0344874, 27.7033612 ], [ 85.0352708, 27.7012954 ], [ 85.0306384, 27.6975256 ], [ 85.0223103, 27.7035119 ], [ 85.0185294, 27.703527 ], [ 85.0126707, 27.7073569 ], [ 85.0038657, 27.7055325 ], [ 84.9908811, 27.7075856 ], [ 84.9890316, 27.7069608 ], [ 84.9886985, 27.7040862 ], [ 84.9793864, 27.7029508 ], [ 84.9767957, 27.6994724 ], [ 84.9761988, 27.6942989 ], [ 84.9608963, 27.6888744 ], [ 84.9573511, 27.6855927 ], [ 84.9504768, 27.6832829 ], [ 84.9441711, 27.6864391 ], [ 84.9369247, 27.6857308 ], [ 84.9244335, 27.6874345 ], [ 84.9210788, 27.6893389 ], [ 84.9189085, 27.6941307 ], [ 84.9076636, 27.6985626 ], [ 84.9009012, 27.694358 ], [ 84.8882046, 27.674726 ], [ 84.8785187, 27.6684457 ], [ 84.8681917, 27.678403 ], [ 84.8528757, 27.6863776 ], [ 84.8298216, 27.6923212 ], [ 84.8183739, 27.6826122 ], [ 84.8090293, 27.6787663 ], [ 84.8070601, 27.6754432 ], [ 84.8002458, 27.6714693 ], [ 84.7973587, 27.6748809 ], [ 84.7968345, 27.6837061 ], [ 84.7862121, 27.6918472 ], [ 84.7920246, 27.6971135 ], [ 84.7963669, 27.7090174 ], [ 84.7787721, 27.7203545 ], [ 84.7703576, 27.722246 ], [ 84.7581941, 27.7328209 ], [ 84.7580014, 27.7350687 ], [ 84.7366544, 27.7321177 ], [ 84.7283331, 27.7268309 ], [ 84.7247282, 27.729642 ], [ 84.7149628, 27.7259502 ], [ 84.7081164, 27.7281211 ], [ 84.7025643, 27.727699 ], [ 84.695786, 27.7248045 ], [ 84.6929315, 27.7214079 ], [ 84.6884168, 27.7254689 ], [ 84.6830774, 27.7264979 ], [ 84.6807448, 27.7311742 ], [ 84.6753742, 27.730352 ], [ 84.6692664, 27.7384103 ], [ 84.675106, 27.7435308 ], [ 84.6748897, 27.7470959 ], [ 84.6773245, 27.74775 ], [ 84.6815156, 27.757611 ], [ 84.6814443, 27.7595777 ], [ 84.676379, 27.7634602 ], [ 84.6684839, 27.7662614 ], [ 84.674492, 27.7797792 ], [ 84.6618978, 27.7812409 ], [ 84.6499444, 27.7799311 ], [ 84.6469404, 27.7847151 ], [ 84.6376895, 27.7830835 ], [ 84.6389742, 27.7864325 ], [ 84.6372613, 27.7946507 ], [ 84.6405186, 27.7929313 ], [ 84.6446224, 27.7937161 ], [ 84.6459763, 27.8003601 ], [ 84.6355162, 27.8073008 ], [ 84.6315072, 27.8064203 ], [ 84.6245944, 27.8096392 ], [ 84.6179835, 27.8093445 ] ] ] } },
{ "type": "Feature", "properties": { "district_id": 35, "name": "नुवाकोट जिल्ला" }, "geometry": { "type": "Polygon", "coordinates": [ [ [ 84.9882416, 28.0268105 ], [ 84.9892597, 28.0289894 ], [ 84.9915836, 28.026404 ], [ 84.9988246, 28.0249043 ], [ 85.0086497, 28.0270163 ], [ 85.0134644, 28.0261461 ], [ 85.0225551, 28.0306997 ], [ 85.0258815, 28.0296035 ], [ 85.0333934, 28.0326113 ], [ 85.0349647, 28.0354714 ], [ 85.0401459, 28.0358881 ], [ 85.0536966, 28.048448 ], [ 85.0619881, 28.0672865 ], [ 85.0683287, 28.0660728 ], [ 85.0758947, 28.0683387 ], [ 85.0808001, 28.0666529 ], [ 85.0910725, 28.0729108 ], [ 85.099418, 28.0731535 ], [ 85.1026434, 28.0761838 ], [ 85.1155889, 28.0771798 ], [ 85.1222991, 28.0912138 ], [ 85.130407, 28.0852858 ], [ 85.1356456, 28.0840314 ], [ 85.1553732, 28.0884492 ], [ 85.1699525, 28.0830273 ], [ 85.1666817, 28.0772098 ], [ 85.1584279, 28.0721646 ], [ 85.1430987, 28.0544107 ], [ 85.1345273, 28.0418613 ], [ 85.133721, 28.0372875 ], [ 85.1400502, 28.028989 ], [ 85.1562359, 28.0266713 ], [ 85.1616224, 28.023727 ], [ 85.1663248, 28.0244778 ], [ 85.1690975, 28.0217638 ], [ 85.1735921, 28.0207351 ], [ 85.1784152, 28.0215216 ], [ 85.1870915, 28.0190147 ], [ 85.1832004, 28.0072666 ], [ 85.1839755, 28.0006435 ], [ 85.1862299, 27.9967729 ], [ 85.1820072, 27.9930334 ], [ 85.1828312, 27.990253 ], [ 85.1801505, 27.9881798 ], [ 85.1802678, 27.9817606 ], [ 85.1834021, 27.973415 ], [ 85.1891021, 27.9765868 ], [ 85.2069268, 27.9754164 ], [ 85.2130461, 27.9724456 ], [ 85.2191418, 27.9758201 ], [ 85.2222582, 27.97406 ], [ 85.2261445, 27.9749053 ], [ 85.233399, 27.9727761 ], [ 85.2378755, 27.9746892 ], [ 85.2503473, 27.9713119 ], [ 85.2534064, 27.9720705 ], [ 85.25522, 27.9745367 ], [ 85.2573264, 27.9711451 ], [ 85.2616505, 27.9719755 ], [ 85.2616253, 27.9702873 ], [ 85.2685991, 27.9667861 ], [ 85.2710516, 27.9672749 ], [ 85.2763932, 27.9649899 ], [ 85.2799845, 27.9683015 ], [ 85.2829385, 27.9757276 ], [ 85.2901268, 27.9833074 ], [ 85.2985292, 27.9832021 ], [ 85.3152639, 27.9891228 ], [ 85.3215535, 27.9894587 ], [ 85.3270113, 27.9873429 ], [ 85.332359, 27.9899597 ], [ 85.3360036, 28.0000052 ], [ 85.342017, 28.0100503 ], [ 85.3462386, 28.011907 ], [ 85.3566885, 28.0120017 ], [ 85.3693914, 28.0188782 ], [ 85.3716659, 28.0226287 ], [ 85.3763222, 28.0224772 ], [ 85.3908062, 28.0316258 ], [ 85.3931451, 28.0377245 ], [ 85.4000072, 28.0373067 ], [ 85.4035735, 28.0391449 ], [ 85.4027113, 28.0451579 ], [ 85.4050327, 28.0516138 ], [ 85.4048542, 28.0561839 ], [ 85.4142764, 28.0630822 ], [ 85.4198048, 28.0592003 ], [ 85.426433, 28.0618494 ], [ 85.4288059, 28.0670492 ], [ 85.4265967, 28.0713929 ], [ 85.4276473, 28.0736056 ], [ 85.4319455, 28.0806414 ], [ 85.4393383, 28.0829991 ], [ 85.4419313, 28.0822407 ], [ 85.4434305, 28.0785311 ], [ 85.4485009, 28.0748144 ], [ 85.4649724, 28.0683153 ], [ 85.4723786, 28.0623871 ], [ 85.4805613, 28.0541573 ], [ 85.4819071, 28.0505785 ], [ 85.4807446, 28.0478656 ], [ 85.4834802, 28.0442571 ], [ 85.4958428, 28.035922 ], [ 85.497442, 28.0235178 ], [ 85.4880035, 27.9929892 ], [ 85.4930218, 27.9751913 ], [ 85.4907555, 27.9711882 ], [ 85.4859852, 27.9710933 ], [ 85.4809588, 27.9658406 ], [ 85.4786271, 27.9595333 ], [ 85.4823676, 27.9537194 ], [ 85.4818719, 27.939824 ], [ 85.4871258, 27.9265938 ], [ 85.4877311, 27.9200672 ], [ 85.4793544, 27.9046374 ], [ 85.4755317, 27.8854165 ], [ 85.4730281, 27.8827069 ], [ 85.4679218, 27.8819521 ], [ 85.4700969, 27.8774296 ], [ 85.4691605, 27.8682823 ], [ 85.4658487, 27.8680552 ], [ 85.4655243, 27.865976 ], [ 85.4613339, 27.8637293 ], [ 85.4607121, 27.8593196 ], [ 85.4511159, 27.8503992 ], [ 85.4548116, 27.844677 ], [ 85.4527839, 27.83483 ], [ 85.4505569, 27.8338088 ], [ 85.448268, 27.8275358 ], [ 85.4490496, 27.8180558 ], [ 85.4476186, 27.815483 ], [ 85.4389856, 27.8134704 ], [ 85.4354285, 27.8109076 ], [ 85.4313068, 27.8131964 ], [ 85.4213064, 27.8098947 ], [ 85.4118054, 27.8099985 ], [ 85.3920917, 27.8175019 ], [ 85.3863905, 27.8128516 ], [ 85.3709647, 27.8092423 ], [ 85.36178, 27.8141313 ], [ 85.344732, 27.8087321 ], [ 85.3397846, 27.8128211 ], [ 85.3330799, 27.8153557 ], [ 85.3100558, 27.8137924 ], [ 85.3050184, 27.810649 ], [ 85.3004694, 27.8128126 ], [ 85.2918219, 27.8091307 ], [ 85.2915644, 27.8054296 ], [ 85.2839899, 27.8007604 ], [ 85.2678075, 27.781649 ], [ 85.2619519, 27.7793301 ], [ 85.2570969, 27.7807633 ], [ 85.2519509, 27.7751118 ], [ 85.2496095, 27.7752281 ], [ 85.2466015, 27.7727992 ], [ 85.2457166, 27.7749758 ], [ 85.2423435, 27.7754998 ], [ 85.2407642, 27.7734949 ], [ 85.2390947, 27.7750548 ], [ 85.2350406, 27.7749774 ], [ 85.232761, 27.7746444 ], [ 85.2319561, 27.77152 ], [ 85.2312148, 27.7740398 ], [ 85.2293058, 27.7734493 ], [ 85.2297178, 27.7768384 ], [ 85.2270055, 27.7726519 ], [ 85.2239585, 27.7729481 ], [ 85.2211502, 27.7756721 ], [ 85.2173136, 27.7743127 ], [ 85.2155026, 27.7755733 ], [ 85.215597, 27.7742596 ], [ 85.2128247, 27.7740014 ], [ 85.2110051, 27.7717762 ], [ 85.2098635, 27.7729382 ], [ 85.2078313, 27.7709637 ], [ 85.2060851, 27.7736897 ], [ 85.2045576, 27.769015 ], [ 85.2044341, 27.7715456 ], [ 85.2022534, 27.7734442 ], [ 85.2016855, 27.7695726 ], [ 85.198898, 27.7701715 ], [ 85.1981994, 27.7686614 ], [ 85.1968556, 27.7707332 ], [ 85.1933161, 27.7690819 ], [ 85.1923183, 27.7732517 ], [ 85.1920598, 27.7705173 ], [ 85.1896192, 27.7691992 ], [ 85.1857237, 27.7716003 ], [ 85.1785211, 27.7723835 ], [ 85.1774976, 27.7679928 ], [ 85.1755424, 27.7673684 ], [ 85.1745487, 27.7686001 ], [ 85.1721508, 27.766673 ], [ 85.1663894, 27.7676057 ], [ 85.1644797, 27.7658328 ], [ 85.1593488, 27.7655813 ], [ 85.1542417, 27.7669744 ], [ 85.1510892, 27.7661243 ], [ 85.1494933, 27.7637414 ], [ 85.1394882, 27.766175 ], [ 85.1346777, 27.7617102 ], [ 85.1312411, 27.7643581 ], [ 85.1279176, 27.7606464 ], [ 85.1247957, 27.7606461 ], [ 85.1243904, 27.7630687 ], [ 85.1214462, 27.7636818 ], [ 85.1203039, 27.7670827 ], [ 85.1172073, 27.7664873 ], [ 85.117218, 27.76803 ], [ 85.1150878, 27.7689795 ], [ 85.115404, 27.7739519 ], [ 85.1127819, 27.772482 ], [ 85.1102278, 27.775908 ], [ 85.1084789, 27.7741627 ], [ 85.1057975, 27.7742667 ], [ 85.1006468, 27.7780689 ], [ 85.0980352, 27.7782583 ], [ 85.0964135, 27.781365 ], [ 85.0883358, 27.7877898 ], [ 85.0824993, 27.7887769 ], [ 85.0760591, 27.7921635 ], [ 85.0643289, 27.7928114 ], [ 85.0582778, 27.7946944 ], [ 85.0567344, 27.7973171 ], [ 85.0527589, 27.7970912 ], [ 85.0522884, 27.7991929 ], [ 85.0467492, 27.8017162 ], [ 85.0456722, 27.8056983 ], [ 85.0489109, 27.8104535 ], [ 85.0471513, 27.8114809 ], [ 85.0475789, 27.813211 ], [ 85.0445707, 27.8118933 ], [ 85.0421302, 27.8127208 ], [ 85.041611, 27.8178305 ], [ 85.0376957, 27.8147854 ], [ 85.0276191, 27.8168284 ], [ 85.0251051, 27.813383 ], [ 85.0232959, 27.8150842 ], [ 85.0178151, 27.8121978 ], [ 85.018314, 27.8104773 ], [ 85.0123438, 27.8100831 ], [ 85.0166892, 27.8183409 ], [ 85.0164834, 27.8276903 ], [ 85.0230698, 27.8335712 ], [ 85.0127069, 27.8332746 ], [ 85.011999, 27.8371296 ], [ 85.0059437, 27.8417542 ], [ 85.008115, 27.8449808 ], [ 85.005263, 27.8479048 ], [ 85.0068838, 27.8503525 ], [ 85.0042053, 27.8526682 ], [ 84.9996855, 27.8530269 ], [ 85.001451, 27.8538273 ], [ 84.9988198, 27.8562485 ], [ 84.9924299, 27.8550973 ], [ 84.9916513, 27.8576728 ], [ 84.9888632, 27.8589259 ], [ 84.9911255, 27.8601733 ], [ 84.989933, 27.8623963 ], [ 84.9907385, 27.8660991 ], [ 84.99392, 27.8706917 ], [ 84.9923134, 27.8723478 ], [ 84.9949193, 27.8755096 ], [ 84.9930222, 27.8770485 ], [ 84.9939242, 27.8781621 ], [ 84.9922447, 27.8820948 ], [ 84.9886423, 27.8857646 ], [ 84.9927104, 27.8888081 ], [ 84.9926367, 27.8966443 ], [ 84.9973443, 27.8991436 ], [ 85.0047854, 27.9160034 ], [ 85.0075444, 27.9190432 ], [ 85.0105419, 27.926763 ], [ 85.0085778, 27.9347182 ], [ 85.010065, 27.9393571 ], [ 85.0166472, 27.9453721 ], [ 85.015036, 27.9517683 ], [ 85.0115955, 27.9523304 ], [ 85.0076543, 27.9481699 ], [ 85.0075818, 27.9507898 ], [ 85.0147747, 27.9595165 ], [ 85.014688, 27.9619468 ], [ 85.0195095, 27.9682237 ], [ 85.0268408, 27.9698915 ], [ 85.0287749, 27.9723395 ], [ 85.0298606, 27.9851218 ], [ 85.0315876, 27.9882713 ], [ 85.0298109, 27.996167 ], [ 85.0034747, 27.9997848 ], [ 84.999833, 28.0056829 ], [ 85.0004869, 28.0073148 ], [ 84.9950162, 28.0133388 ], [ 84.990257, 28.0160027 ], [ 84.9906495, 28.0210791 ], [ 84.9882416, 28.0268105 ] ] ] } },
{ "type": "Feature", "properties": { "district_id": 36, "name": "पर्वत" }, "geometry": { "type": "Polygon", "coordinates": [ [ [ 83.5592207, 28.0435923 ], [ 83.5642846, 28.0579702 ], [ 83.5609694, 28.0641942 ], [ 83.5670194, 28.0644858 ], [ 83.5718999, 28.0731016 ], [ 83.5805045, 28.0773946 ], [ 83.5813917, 28.0816411 ], [ 83.5848818, 28.0803632 ], [ 83.5890797, 28.0810403 ], [ 83.5975225, 28.0937869 ], [ 83.6003131, 28.0950391 ], [ 83.6014177, 28.1038709 ], [ 83.6046788, 28.110719 ], [ 83.6094128, 28.1124634 ], [ 83.6223312, 28.1216119 ], [ 83.6294426, 28.1222056 ], [ 83.6332192, 28.12791 ], [ 83.6328826, 28.1320662 ], [ 83.6390683, 28.1371128 ], [ 83.6363331, 28.1405265 ], [ 83.6373222, 28.1477057 ], [ 83.6335286, 28.1510509 ], [ 83.6385356, 28.1542574 ], [ 83.6364329, 28.159713 ], [ 83.6444371, 28.1678947 ], [ 83.639467, 28.1751513 ], [ 83.6452137, 28.1779169 ], [ 83.6469532, 28.180436 ], [ 83.6473881, 28.1864323 ], [ 83.6511468, 28.1865692 ], [ 83.6553895, 28.1940303 ], [ 83.6578254, 28.1936056 ], [ 83.6597513, 28.1995464 ], [ 83.6635411, 28.1988346 ], [ 83.6698159, 28.2026673 ], [ 83.671698, 28.2054187 ], [ 83.669172, 28.209832 ], [ 83.6743119, 28.214458 ], [ 83.672568, 28.223016 ], [ 83.6686993, 28.2270173 ], [ 83.6678935, 28.2304038 ], [ 83.6649767, 28.2314119 ], [ 83.6610535, 28.230091 ], [ 83.6567467, 28.237727 ], [ 83.6484431, 28.2377505 ], [ 83.6372171, 28.2451414 ], [ 83.6300539, 28.2468801 ], [ 83.6290886, 28.2508036 ], [ 83.6227719, 28.2507608 ], [ 83.6168583, 28.2544784 ], [ 83.6166234, 28.2574086 ], [ 83.613122, 28.2592983 ], [ 83.6098137, 28.2588605 ], [ 83.6104513, 28.2672478 ], [ 83.6053115, 28.2694137 ], [ 83.6048895, 28.2795044 ], [ 83.6071054, 28.2858763 ], [ 83.6022624, 28.2870239 ], [ 83.6001537, 28.290312 ], [ 83.6015908, 28.2983322 ], [ 83.6007936, 28.3087019 ], [ 83.5967892, 28.3157636 ], [ 83.5919226, 28.3184263 ], [ 83.590798, 28.3217546 ], [ 83.5824705, 28.329566 ], [ 83.5748507, 28.3342305 ], [ 83.5728553, 28.3403735 ], [ 83.568084, 28.3409116 ], [ 83.5688176, 28.3486722 ], [ 83.565315, 28.3569731 ], [ 83.5692686, 28.3743635 ], [ 83.5757963, 28.3755272 ], [ 83.5757774, 28.3773912 ], [ 83.5840675, 28.3807303 ], [ 83.5928827, 28.3913416 ], [ 83.5974463, 28.3915627 ], [ 83.616705, 28.3830673 ], [ 83.6278661, 28.3805769 ], [ 83.6283027, 28.3756162 ], [ 83.634104, 28.3660094 ], [ 83.6493794, 28.3563269 ], [ 83.6493, 28.3524525 ], [ 83.6577706, 28.3480785 ], [ 83.6608823, 28.3483861 ], [ 83.6654008, 28.3510867 ], [ 83.6731116, 28.3624057 ], [ 83.6737011, 28.3664592 ], [ 83.678527, 28.3712363 ], [ 83.6777242, 28.3774826 ], [ 83.6837779, 28.3897759 ], [ 83.6873562, 28.3920795 ], [ 83.6884129, 28.3991963 ], [ 83.6920088, 28.3976081 ], [ 83.6994407, 28.3993114 ], [ 83.7037559, 28.3925377 ], [ 83.7046962, 28.3867705 ], [ 83.7159118, 28.3788697 ], [ 83.7174331, 28.3760454 ], [ 83.7226913, 28.3749874 ], [ 83.7191328, 28.3719634 ], [ 83.7179528, 28.3671389 ], [ 83.7227077, 28.3589438 ], [ 83.7253977, 28.3586883 ], [ 83.7270529, 28.3561089 ], [ 83.7254248, 28.3489369 ], [ 83.736664, 28.3440398 ], [ 83.7389816, 28.341254 ], [ 83.7392109, 28.3364719 ], [ 83.7465966, 28.3276874 ], [ 83.7570955, 28.3225695 ], [ 83.7616691, 28.3156255 ], [ 83.7745033, 28.3091432 ], [ 83.7676595, 28.3003352 ], [ 83.7646134, 28.2987721 ], [ 83.7648475, 28.2969993 ], [ 83.7613518, 28.2925902 ], [ 83.7744884, 28.2841574 ], [ 83.7744108, 28.2825437 ], [ 83.7661554, 28.2763834 ], [ 83.7666703, 28.2740448 ], [ 83.7722231, 28.269279 ], [ 83.7763901, 28.2680266 ], [ 83.7778508, 28.2707301 ], [ 83.7922933, 28.2631037 ], [ 83.8011536, 28.2606833 ], [ 83.8069037, 28.2619459 ], [ 83.8116619, 28.260282 ], [ 83.8205064, 28.2605599 ], [ 83.8223884, 28.2507307 ], [ 83.8093464, 28.2408582 ], [ 83.7987185, 28.2286575 ], [ 83.8095977, 28.2195682 ], [ 83.805968, 28.2189542 ], [ 83.8044835, 28.221166 ], [ 83.8027831, 28.2201671 ], [ 83.7995783, 28.2090084 ], [ 83.7871792, 28.2026976 ], [ 83.7868771, 28.199661 ], [ 83.7834419, 28.1987411 ], [ 83.782663, 28.1963639 ], [ 83.7767359, 28.1999368 ], [ 83.7714038, 28.198185 ], [ 83.7628455, 28.1916199 ], [ 83.7566251, 28.190378 ], [ 83.757269, 28.1828147 ], [ 83.7612981, 28.1744448 ], [ 83.7657704, 28.1709509 ], [ 83.7606454, 28.1630062 ], [ 83.7629539, 28.1599105 ], [ 83.7642908, 28.1529254 ], [ 83.7592897, 28.1460927 ], [ 83.7488473, 28.1486495 ], [ 83.7345094, 28.1481556 ], [ 83.7269465, 28.144667 ], [ 83.7176028, 28.134902 ], [ 83.7114054, 28.1334199 ], [ 83.707694, 28.1285413 ], [ 83.7071138, 28.1167876 ], [ 83.714673, 28.113218 ], [ 83.7184431, 28.1088394 ], [ 83.7300382, 28.1013974 ], [ 83.7237773, 28.0985839 ], [ 83.7201125, 28.0915647 ], [ 83.7176506, 28.0898649 ], [ 83.7132976, 28.0889521 ], [ 83.7030247, 28.0902188 ], [ 83.7106929, 28.0834118 ], [ 83.7087305, 28.0826248 ], [ 83.7085877, 28.0756046 ], [ 83.7107143, 28.0741638 ], [ 83.7127267, 28.0631686 ], [ 83.7088643, 28.060996 ], [ 83.7022874, 28.0521794 ], [ 83.6938506, 28.0526125 ], [ 83.6916186, 28.0469988 ], [ 83.6944318, 28.0452286 ], [ 83.6940407, 28.0412538 ], [ 83.6924765, 28.0389379 ], [ 83.6885406, 28.0387375 ], [ 83.6915682, 28.0324687 ], [ 83.6941802, 28.0339311 ], [ 83.6982121, 28.0323878 ], [ 83.6935023, 28.0265252 ], [ 83.6888067, 28.0288465 ], [ 83.6860772, 28.0225 ], [ 83.6750657, 28.0167021 ], [ 83.6722369, 28.0168839 ], [ 83.6703979, 28.014517 ], [ 83.6634323, 28.014518 ], [ 83.6550426, 28.0121113 ], [ 83.6459094, 28.0133586 ], [ 83.6376088, 28.0181585 ], [ 83.6316637, 28.0163166 ], [ 83.6271005, 28.0120222 ], [ 83.6270782, 28.0053627 ], [ 83.6148339, 28.0118097 ], [ 83.610288, 28.0125678 ], [ 83.6063009, 28.0106108 ], [ 83.5989366, 28.0155437 ], [ 83.5959411, 28.0216944 ], [ 83.5912723, 28.0211149 ], [ 83.5904286, 28.0257328 ], [ 83.5835042, 28.0264507 ], [ 83.5786398, 28.0340847 ], [ 83.5723225, 28.0325739 ], [ 83.5627504, 28.0350223 ], [ 83.5616174, 28.0359295 ], [ 83.5642996, 28.0392221 ], [ 83.563937, 28.0412069 ], [ 83.5598976, 28.0418915 ], [ 83.5592207, 28.0435923 ] ] ] } },
{ "type": "Feature", "properties": { "district_id": 37, "name": "पर्सा जिल्ला" }, "geometry": { "type": "Polygon", "coordinates": [ [ [ 84.4837985, 27.366753 ], [ 84.4874838, 27.3691996 ], [ 84.4875374, 27.3718197 ], [ 84.4930199, 27.3735537 ], [ 84.4947618, 27.3766284 ], [ 84.5019577, 27.3768072 ], [ 84.5040821, 27.3814945 ], [ 84.5103047, 27.381323 ], [ 84.5118168, 27.3830522 ], [ 84.5207332, 27.3843144 ], [ 84.5311931, 27.3810707 ], [ 84.5329955, 27.3846908 ], [ 84.5396742, 27.3861886 ], [ 84.5355503, 27.3931881 ], [ 84.5351681, 27.4033348 ], [ 84.5466265, 27.4036015 ], [ 84.5453391, 27.4103449 ], [ 84.5346961, 27.4123641 ], [ 84.5323571, 27.4141858 ], [ 84.5415196, 27.4194879 ], [ 84.5476994, 27.4177356 ], [ 84.5477388, 27.4268628 ], [ 84.5500891, 27.4300977 ], [ 84.5517922, 27.4382299 ], [ 84.5554709, 27.4413134 ], [ 84.5577364, 27.4586291 ], [ 84.5605802, 27.462079 ], [ 84.5646573, 27.4637467 ], [ 84.5720147, 27.4598781 ], [ 84.5761969, 27.4545555 ], [ 84.581747, 27.4546437 ], [ 84.5831189, 27.4572183 ], [ 84.5935862, 27.4535858 ], [ 84.5959261, 27.4554653 ], [ 84.6006711, 27.4519536 ], [ 84.606826, 27.4546794 ], [ 84.6104845, 27.4523134 ], [ 84.6212001, 27.4518381 ], [ 84.6221641, 27.4503395 ], [ 84.6280125, 27.4509918 ], [ 84.6346886, 27.445309 ], [ 84.6422504, 27.4442813 ], [ 84.6471553, 27.4292264 ], [ 84.656781, 27.4329654 ], [ 84.6708643, 27.4292649 ], [ 84.6789615, 27.4297418 ], [ 84.6891703, 27.4332162 ], [ 84.6996396, 27.4324577 ], [ 84.7044113, 27.4339116 ], [ 84.7176514, 27.432298 ], [ 84.7249, 27.4447888 ], [ 84.7325205, 27.4451365 ], [ 84.7332683, 27.4427347 ], [ 84.7370073, 27.4427663 ], [ 84.7381468, 27.4408069 ], [ 84.7413517, 27.4428611 ], [ 84.7465888, 27.4384546 ], [ 84.7537899, 27.4362538 ], [ 84.7575646, 27.4382448 ], [ 84.7668943, 27.4378024 ], [ 84.7733676, 27.4392479 ], [ 84.781067, 27.4348316 ], [ 84.7896706, 27.4385796 ], [ 84.7964994, 27.4358282 ], [ 84.7975594, 27.4327226 ], [ 84.8058962, 27.4260308 ], [ 84.8100131, 27.4162045 ], [ 84.815022, 27.4195778 ], [ 84.8257088, 27.420049 ], [ 84.8298846, 27.4166633 ], [ 84.8336954, 27.4182137 ], [ 84.8376795, 27.414895 ], [ 84.8403644, 27.4152409 ], [ 84.8409996, 27.4125756 ], [ 84.8441175, 27.4124987 ], [ 84.8514361, 27.4044255 ], [ 84.8521117, 27.3991416 ], [ 84.863952, 27.3975104 ], [ 84.8716686, 27.3996491 ], [ 84.8768334, 27.3981176 ], [ 84.8788953, 27.3966766 ], [ 84.8786153, 27.3937345 ], [ 84.88197, 27.3885702 ], [ 84.8900132, 27.3897121 ], [ 84.8915239, 27.387682 ], [ 84.8968716, 27.3861167 ], [ 84.8979748, 27.3796518 ], [ 84.9013636, 27.3752468 ], [ 84.9082423, 27.3778327 ], [ 84.9142246, 27.3732708 ], [ 84.9220637, 27.371041 ], [ 84.9267229, 27.3641439 ], [ 84.9310051, 27.3662367 ], [ 84.9334956, 27.3650764 ], [ 84.9359249, 27.3670163 ], [ 84.9412735, 27.3660916 ], [ 84.9411852, 27.3636522 ], [ 84.9441505, 27.362869 ], [ 84.9441322, 27.3604406 ], [ 84.9472854, 27.361881 ], [ 84.9502405, 27.3670725 ], [ 84.9531613, 27.3668601 ], [ 84.9562577, 27.3645014 ], [ 84.9531383, 27.361488 ], [ 84.9567943, 27.3593174 ], [ 84.9638765, 27.3642726 ], [ 84.9650644, 27.3633983 ], [ 84.9666255, 27.3582565 ], [ 84.9692074, 27.3563292 ], [ 84.9665318, 27.3509966 ], [ 84.9677782, 27.3477445 ], [ 84.9660082, 27.343638 ], [ 84.9667214, 27.3406108 ], [ 84.9637883, 27.3368341 ], [ 84.9644759, 27.3276562 ], [ 84.9686875, 27.319217 ], [ 84.9674314, 27.3189122 ], [ 84.9675111, 27.3128593 ], [ 84.9619391, 27.3123793 ], [ 84.9626059, 27.3098597 ], [ 84.958796, 27.3075408 ], [ 84.956427, 27.2994627 ], [ 84.9629114, 27.282751 ], [ 84.967705, 27.2777366 ], [ 84.973756, 27.2656121 ], [ 84.9636114, 27.2345634 ], [ 84.9643359, 27.2222891 ], [ 84.9579051, 27.2059496 ], [ 84.960679, 27.1956111 ], [ 84.9595175, 27.1929249 ], [ 84.9568755, 27.1931152 ], [ 84.953615, 27.1898548 ], [ 84.9544249, 27.1872431 ], [ 84.949372, 27.1821697 ], [ 84.9494732, 27.1740322 ], [ 84.9448655, 27.1633102 ], [ 84.9462458, 27.1607498 ], [ 84.9506678, 27.1623306 ], [ 84.9492516, 27.1561019 ], [ 84.9527653, 27.1516354 ], [ 84.9512418, 27.1514444 ], [ 84.9504994, 27.1464878 ], [ 84.9468121, 27.1410525 ], [ 84.9553617, 27.1350148 ], [ 84.9536343, 27.1303458 ], [ 84.9548896, 27.1266123 ], [ 84.9514457, 27.1187821 ], [ 84.9413888, 27.1116843 ], [ 84.9418713, 27.106193 ], [ 84.9383845, 27.1040274 ], [ 84.939621, 27.1000018 ], [ 84.9384965, 27.0965448 ], [ 84.9402755, 27.0931966 ], [ 84.9283799, 27.0900278 ], [ 84.9241702, 27.0841473 ], [ 84.9274784, 27.0833966 ], [ 84.9256865, 27.0821119 ], [ 84.928326, 27.0806742 ], [ 84.9287085, 27.0770783 ], [ 84.9362938, 27.0746901 ], [ 84.9354033, 27.0697128 ], [ 84.9313586, 27.0685664 ], [ 84.9175827, 27.0726648 ], [ 84.9000786, 27.0462087 ], [ 84.9020393, 27.0392329 ], [ 84.8986704, 27.033566 ], [ 84.9015464, 27.0322052 ], [ 84.9171854, 27.0343524 ], [ 84.9166219, 27.0320091 ], [ 84.9141397, 27.0308081 ], [ 84.9134133, 27.0250735 ], [ 84.909926, 27.0220943 ], [ 84.9113453, 27.0182971 ], [ 84.905436, 27.012522 ], [ 84.903355, 27.0122874 ], [ 84.9030707, 27.0103399 ], [ 84.9009808, 27.0109138 ], [ 84.8975681, 27.004402 ], [ 84.8954414, 27.0049411 ], [ 84.8931991, 27.0019204 ], [ 84.8906283, 27.0014719 ], [ 84.8910094, 26.999415 ], [ 84.8885113, 26.9981438 ], [ 84.8863371, 26.9937087 ], [ 84.8801045, 26.9919186 ], [ 84.8804103, 26.9891389 ], [ 84.8787634, 26.9896002 ], [ 84.8739632, 26.9866081 ], [ 84.8704539, 26.9892704 ], [ 84.8670056, 26.9892014 ], [ 84.868411, 26.9882334 ], [ 84.8661352, 26.9839416 ], [ 84.8579408, 26.9896051 ], [ 84.8580416, 26.9869453 ], [ 84.8552118, 26.9856333 ], [ 84.8553325, 26.9887012 ], [ 84.8575956, 26.9902878 ], [ 84.854644, 26.9934251 ], [ 84.8570654, 26.9916701 ], [ 84.8579742, 26.9961029 ], [ 84.8553929, 26.9963089 ], [ 84.8571856, 26.9985405 ], [ 84.8501956, 26.9980886 ], [ 84.8523969, 27.0011503 ], [ 84.850834, 27.0028432 ], [ 84.8521794, 27.005603 ], [ 84.8545202, 27.0063309 ], [ 84.8540968, 27.0083656 ], [ 84.8253891, 27.0209814 ], [ 84.8194473, 27.0216328 ], [ 84.8082216, 27.0162932 ], [ 84.8067824, 27.0136279 ], [ 84.8098937, 27.0150807 ], [ 84.8100307, 27.0127404 ], [ 84.809247, 27.0111804 ], [ 84.8065408, 27.0114859 ], [ 84.8071168, 27.0071266 ], [ 84.8016421, 27.0052375 ], [ 84.8002656, 27.000867 ], [ 84.7970795, 27.0041565 ], [ 84.7932429, 26.9958807 ], [ 84.7905796, 26.9971818 ], [ 84.7912102, 26.9996732 ], [ 84.7884362, 26.9970274 ], [ 84.7882709, 26.9987786 ], [ 84.7861763, 26.9986239 ], [ 84.7876512, 27.0033054 ], [ 84.7867313, 27.005374 ], [ 84.7885278, 27.0059625 ], [ 84.7887445, 27.0095462 ], [ 84.7872917, 27.0086971 ], [ 84.7855553, 27.0110174 ], [ 84.785671, 27.0077855 ], [ 84.7843544, 27.007532 ], [ 84.7825249, 27.0142611 ], [ 84.7733137, 27.01773 ], [ 84.7644335, 27.0131842 ], [ 84.7610062, 27.0057358 ], [ 84.757532, 27.0027579 ], [ 84.7329868, 27.0142441 ], [ 84.721264, 27.0141453 ], [ 84.7188574, 27.0175088 ], [ 84.717106, 27.0173723 ], [ 84.716472, 27.0198103 ], [ 84.714543, 27.0195893 ], [ 84.7131789, 27.0218382 ], [ 84.7095024, 27.0214274 ], [ 84.7025416, 27.0266862 ], [ 84.6800711, 27.0321902 ], [ 84.6432983, 27.0461682 ], [ 84.6426503, 27.0486704 ], [ 84.6444394, 27.0489569 ], [ 84.6431654, 27.0509217 ], [ 84.6463006, 27.0520851 ], [ 84.644369, 27.0563392 ], [ 84.6456601, 27.0586297 ], [ 84.6427596, 27.0597795 ], [ 84.645311, 27.0638573 ], [ 84.6431112, 27.0660197 ], [ 84.647373, 27.0711561 ], [ 84.6461974, 27.0757952 ], [ 84.6483354, 27.0748318 ], [ 84.6492095, 27.0770114 ], [ 84.6518222, 27.0784625 ], [ 84.6528727, 27.0775415 ], [ 84.652806, 27.0807086 ], [ 84.6583585, 27.0797624 ], [ 84.6582457, 27.0811562 ], [ 84.6539009, 27.0820947 ], [ 84.6547423, 27.084059 ], [ 84.6574327, 27.0827384 ], [ 84.6586073, 27.0846068 ], [ 84.6646654, 27.0864029 ], [ 84.6629319, 27.0893105 ], [ 84.6660191, 27.087685 ], [ 84.6665167, 27.0905403 ], [ 84.6687114, 27.0897162 ], [ 84.6703077, 27.091131 ], [ 84.667976, 27.0927277 ], [ 84.6637317, 27.0924795 ], [ 84.6643324, 27.0945925 ], [ 84.6671158, 27.0933911 ], [ 84.6695483, 27.0982885 ], [ 84.6745018, 27.0965617 ], [ 84.6751322, 27.1007773 ], [ 84.6727539, 27.1057766 ], [ 84.6740341, 27.1089812 ], [ 84.6698332, 27.1070218 ], [ 84.6688274, 27.109239 ], [ 84.6711804, 27.1134556 ], [ 84.6767284, 27.1151731 ], [ 84.675319, 27.1230842 ], [ 84.6784542, 27.1261036 ], [ 84.6778741, 27.1295561 ], [ 84.6792716, 27.1326176 ], [ 84.6773451, 27.133596 ], [ 84.6837987, 27.1429347 ], [ 84.683509, 27.1501348 ], [ 84.6806763, 27.1523835 ], [ 84.6829257, 27.152791 ], [ 84.6822796, 27.1537036 ], [ 84.6864953, 27.1581013 ], [ 84.6842779, 27.1606867 ], [ 84.6816047, 27.1592137 ], [ 84.6773295, 27.1620124 ], [ 84.6776415, 27.1664803 ], [ 84.6804069, 27.1672442 ], [ 84.6803785, 27.1699441 ], [ 84.6756529, 27.1702158 ], [ 84.6754145, 27.1713609 ], [ 84.6835546, 27.1776059 ], [ 84.6816239, 27.1802034 ], [ 84.6855092, 27.1804261 ], [ 84.6833455, 27.182284 ], [ 84.6844062, 27.1827928 ], [ 84.6835302, 27.1844573 ], [ 84.6815398, 27.1836039 ], [ 84.6812761, 27.1862741 ], [ 84.6796195, 27.1855214 ], [ 84.6826614, 27.1902442 ], [ 84.6836987, 27.196682 ], [ 84.6807348, 27.2008663 ], [ 84.6870932, 27.2094918 ], [ 84.6844067, 27.2130586 ], [ 84.687349, 27.215297 ], [ 84.6908813, 27.2149332 ], [ 84.6893337, 27.2229126 ], [ 84.684689, 27.2271636 ], [ 84.6852173, 27.229547 ], [ 84.6820282, 27.2367142 ], [ 84.6474792, 27.2988701 ], [ 84.6221253, 27.3364549 ], [ 84.6166719, 27.3382671 ], [ 84.6067291, 27.336526 ], [ 84.5652381, 27.3480434 ], [ 84.5338539, 27.3503701 ], [ 84.5201561, 27.3533964 ], [ 84.5040863, 27.3545753 ], [ 84.4862269, 27.3589062 ], [ 84.4837985, 27.366753 ] ] ] } },
{ "type": "Feature", "properties": { "district_id": 38, "name": "पश्चिमी रुकुम" }, "geometry": { "type": "Polygon", "coordinates": [ [ [ 82.1833364, 28.6220948 ], [ 82.18751, 28.6259461 ], [ 82.1905939, 28.632461 ], [ 82.1871441, 28.6352137 ], [ 82.1879281, 28.6392508 ], [ 82.1918484, 28.6386086 ], [ 82.1940438, 28.6570031 ], [ 82.1980686, 28.666268 ], [ 82.1946188, 28.6674146 ], [ 82.1956642, 28.6743855 ], [ 82.1980686, 28.6781001 ], [ 82.19718, 28.6830069 ], [ 82.2006821, 28.6836488 ], [ 82.204916, 28.6804389 ], [ 82.205745, 28.6771686 ], [ 82.209113, 28.6763419 ], [ 82.2136259, 28.6834196 ], [ 82.2191663, 28.6868155 ], [ 82.2274825, 28.6881124 ], [ 82.2315112, 28.6914196 ], [ 82.2333962, 28.7031884 ], [ 82.2401646, 28.7105771 ], [ 82.2462057, 28.7125352 ], [ 82.2557621, 28.7080324 ], [ 82.2603083, 28.7075785 ], [ 82.260992, 28.7023916 ], [ 82.2708917, 28.6981432 ], [ 82.272838, 28.6927302 ], [ 82.2792169, 28.6922917 ], [ 82.2807106, 28.6975286 ], [ 82.2758688, 28.706606 ], [ 82.2826244, 28.7121381 ], [ 82.2852118, 28.716264 ], [ 82.2859102, 28.7228351 ], [ 82.2890149, 28.7267894 ], [ 82.288017, 28.7289609 ], [ 82.2843763, 28.7299981 ], [ 82.2830273, 28.7330122 ], [ 82.288978, 28.7363504 ], [ 82.2900868, 28.7384893 ], [ 82.2839171, 28.7486108 ], [ 82.2898308, 28.7570681 ], [ 82.2833996, 28.761896 ], [ 82.2843606, 28.7652656 ], [ 82.2928653, 28.7762631 ], [ 82.293161, 28.7841675 ], [ 82.3071895, 28.7877377 ], [ 82.3126292, 28.7856845 ], [ 82.3280119, 28.7862092 ], [ 82.3365132, 28.7843477 ], [ 82.3398455, 28.7867642 ], [ 82.3448917, 28.7862648 ], [ 82.3478167, 28.7925362 ], [ 82.3501166, 28.7934409 ], [ 82.3571078, 28.7918949 ], [ 82.3592113, 28.7944151 ], [ 82.3641721, 28.7958229 ], [ 82.3642243, 28.8000599 ], [ 82.3685628, 28.8032433 ], [ 82.3685367, 28.8100907 ], [ 82.3740251, 28.8162049 ], [ 82.3756499, 28.8223969 ], [ 82.3821837, 28.825385 ], [ 82.3881952, 28.8310769 ], [ 82.3898152, 28.8353218 ], [ 82.3983611, 28.8379936 ], [ 82.3998246, 28.8419199 ], [ 82.4119694, 28.8449421 ], [ 82.417296, 28.8494858 ], [ 82.4230458, 28.8486617 ], [ 82.4307557, 28.8510997 ], [ 82.4354731, 28.8583331 ], [ 82.4436926, 28.8660123 ], [ 82.4529225, 28.8704253 ], [ 82.4551407, 28.8733505 ], [ 82.4622072, 28.8749279 ], [ 82.4686054, 28.8676285 ], [ 82.4739839, 28.8692464 ], [ 82.4759421, 28.8716744 ], [ 82.4883055, 28.8737944 ], [ 82.4979523, 28.8797981 ], [ 82.4986605, 28.8850174 ], [ 82.5010385, 28.8865782 ], [ 82.5014635, 28.8895717 ], [ 82.5081685, 28.8947995 ], [ 82.5072408, 28.9012389 ], [ 82.5083159, 28.9073415 ], [ 82.5043956, 28.9214339 ], [ 82.5164701, 28.9309498 ], [ 82.5133846, 28.9494319 ], [ 82.5178105, 28.9521628 ], [ 82.5201391, 28.9588573 ], [ 82.5310055, 28.9675886 ], [ 82.5325579, 28.972051 ], [ 82.5357045, 28.9738473 ], [ 82.5370187, 28.9771836 ], [ 82.5526019, 28.9882818 ], [ 82.5678719, 28.9864105 ], [ 82.5738042, 28.9892556 ], [ 82.5753935, 28.9918419 ], [ 82.5784686, 28.9895693 ], [ 82.5885308, 28.986836 ], [ 82.5915532, 28.9820033 ], [ 82.5953555, 28.9806103 ], [ 82.6014652, 28.9826856 ], [ 82.6108572, 28.9779379 ], [ 82.6156019, 28.9787624 ], [ 82.6225241, 28.9762321 ], [ 82.6240327, 28.9737741 ], [ 82.6306866, 28.9710458 ], [ 82.6398073, 28.9628646 ], [ 82.6661633, 28.9638729 ], [ 82.6716177, 28.944078 ], [ 82.6848608, 28.9245707 ], [ 82.6854945, 28.9189528 ], [ 82.688061, 28.9155111 ], [ 82.6949028, 28.9137186 ], [ 82.7014024, 28.9077729 ], [ 82.7003325, 28.9004003 ], [ 82.6940402, 28.8948751 ], [ 82.6924343, 28.891428 ], [ 82.6919105, 28.8868153 ], [ 82.6982648, 28.8873751 ], [ 82.6999878, 28.8844658 ], [ 82.6961732, 28.8648543 ], [ 82.6858849, 28.8608527 ], [ 82.6807364, 28.8561875 ], [ 82.6724988, 28.8519903 ], [ 82.6650136, 28.8543491 ], [ 82.6573503, 28.8621013 ], [ 82.6569344, 28.8664021 ], [ 82.6502414, 28.8692808 ], [ 82.6445582, 28.8671652 ], [ 82.6382612, 28.8606966 ], [ 82.6365186, 28.8550948 ], [ 82.630479, 28.8541323 ], [ 82.6251622, 28.8471339 ], [ 82.6266374, 28.8396581 ], [ 82.6179938, 28.8286601 ], [ 82.6140829, 28.8270728 ], [ 82.6196968, 28.8161082 ], [ 82.6200631, 28.8087169 ], [ 82.6142668, 28.8075264 ], [ 82.6082319, 28.8034162 ], [ 82.5951376, 28.7910168 ], [ 82.5903364, 28.7906667 ], [ 82.5896888, 28.7857581 ], [ 82.5872945, 28.7821931 ], [ 82.5816341, 28.7808002 ], [ 82.5769259, 28.7760967 ], [ 82.5671069, 28.770991 ], [ 82.5677575, 28.7685986 ], [ 82.561797, 28.7684702 ], [ 82.5650401, 28.7652657 ], [ 82.563948, 28.7597544 ], [ 82.5670284, 28.7577291 ], [ 82.5653342, 28.7480804 ], [ 82.5661883, 28.744336 ], [ 82.5682606, 28.7449008 ], [ 82.5744916, 28.7406161 ], [ 82.5836209, 28.7411195 ], [ 82.5875135, 28.739855 ], [ 82.59086, 28.7399041 ], [ 82.5956487, 28.74398 ], [ 82.6018524, 28.7430934 ], [ 82.6019316, 28.7339258 ], [ 82.6054959, 28.7218401 ], [ 82.6051197, 28.7162829 ], [ 82.6169019, 28.7088324 ], [ 82.6136939, 28.7015377 ], [ 82.6161296, 28.6893787 ], [ 82.6015349, 28.6856672 ], [ 82.5995468, 28.6829831 ], [ 82.6010414, 28.6764395 ], [ 82.5987855, 28.6692275 ], [ 82.5913691, 28.6672852 ], [ 82.5872098, 28.6643656 ], [ 82.5792153, 28.6646625 ], [ 82.5704595, 28.6549257 ], [ 82.5653555, 28.6523274 ], [ 82.5600823, 28.646549 ], [ 82.5546377, 28.6442009 ], [ 82.5475983, 28.6470376 ], [ 82.5393602, 28.6467969 ], [ 82.5368254, 28.6502249 ], [ 82.5332975, 28.650117 ], [ 82.5281143, 28.6547485 ], [ 82.5243783, 28.6552215 ], [ 82.5213895, 28.6596121 ], [ 82.5171049, 28.6613798 ], [ 82.5143715, 28.6597697 ], [ 82.5096897, 28.6605831 ], [ 82.5044404, 28.6628156 ], [ 82.5013536, 28.6671737 ], [ 82.4985396, 28.6615738 ], [ 82.4955415, 28.6625449 ], [ 82.490255, 28.6594675 ], [ 82.4895312, 28.6560293 ], [ 82.4910581, 28.6505772 ], [ 82.4868707, 28.6419002 ], [ 82.4811914, 28.6348172 ], [ 82.5027215, 28.6251601 ], [ 82.5024207, 28.6232327 ], [ 82.5067421, 28.6213508 ], [ 82.5143123, 28.625854 ], [ 82.5311283, 28.6245833 ], [ 82.5384929, 28.6224716 ], [ 82.5397758, 28.6206878 ], [ 82.5442007, 28.6232784 ], [ 82.5437468, 28.6263862 ], [ 82.5481383, 28.6274818 ], [ 82.551849, 28.6256092 ], [ 82.548127, 28.6235175 ], [ 82.5461071, 28.6188856 ], [ 82.5538008, 28.6159371 ], [ 82.5595186, 28.610732 ], [ 82.5693356, 28.6101194 ], [ 82.5750706, 28.6122856 ], [ 82.5733702, 28.6158302 ], [ 82.5760238, 28.6136141 ], [ 82.5746769, 28.6034789 ], [ 82.5769819, 28.6004062 ], [ 82.576676, 28.5939632 ], [ 82.5747954, 28.5918089 ], [ 82.5769024, 28.5884928 ], [ 82.5727381, 28.5820784 ], [ 82.5630978, 28.5788317 ], [ 82.5531792, 28.5804706 ], [ 82.549631, 28.5831519 ], [ 82.5408553, 28.5753319 ], [ 82.540249, 28.5735427 ], [ 82.5422823, 28.5717477 ], [ 82.5358308, 28.5712029 ], [ 82.5290169, 28.5588896 ], [ 82.5229685, 28.5568715 ], [ 82.5215969, 28.5540603 ], [ 82.5165675, 28.5549209 ], [ 82.5089255, 28.5517654 ], [ 82.4995199, 28.5546341 ], [ 82.4917473, 28.5525113 ], [ 82.4947518, 28.5440772 ], [ 82.4922045, 28.5385688 ], [ 82.4845167, 28.5356583 ], [ 82.4797023, 28.5306391 ], [ 82.4735543, 28.5303898 ], [ 82.4632412, 28.5213876 ], [ 82.4439825, 28.5226991 ], [ 82.4354421, 28.5255915 ], [ 82.4284131, 28.5251686 ], [ 82.418383, 28.5285427 ], [ 82.4173367, 28.5310872 ], [ 82.4112086, 28.5335074 ], [ 82.4072731, 28.5315317 ], [ 82.4017635, 28.5357424 ], [ 82.3932741, 28.5260983 ], [ 82.3892262, 28.5292596 ], [ 82.383829, 28.5286298 ], [ 82.3780382, 28.540879 ], [ 82.3821733, 28.544587 ], [ 82.3818155, 28.5480093 ], [ 82.3756536, 28.5536663 ], [ 82.3776015, 28.5584152 ], [ 82.3755741, 28.5667601 ], [ 82.3642347, 28.5743101 ], [ 82.3531122, 28.5769445 ], [ 82.3524363, 28.5805968 ], [ 82.3480334, 28.5825499 ], [ 82.3412296, 28.5892627 ], [ 82.3384699, 28.5883723 ], [ 82.3246527, 28.5923472 ], [ 82.3145197, 28.5917692 ], [ 82.3130385, 28.594267 ], [ 82.3071609, 28.5928427 ], [ 82.3055857, 28.5967855 ], [ 82.2987854, 28.5976464 ], [ 82.2935611, 28.5939158 ], [ 82.2830391, 28.5969467 ], [ 82.2729499, 28.5931216 ], [ 82.2651322, 28.5966827 ], [ 82.2594477, 28.5967428 ], [ 82.2566735, 28.5999217 ], [ 82.253335, 28.5999424 ], [ 82.2443453, 28.6043099 ], [ 82.2383391, 28.6102454 ], [ 82.2224301, 28.6076233 ], [ 82.2011018, 28.6229676 ], [ 82.1833364, 28.6220948 ] ] ] } },
{ "type": "Feature", "properties": { "district_id": 39, "name": "पाँचथर जिल्ला" }, "geometry": { "type": "Polygon", "coordinates": [ [ [ 87.4924281, 26.9855054 ], [ 87.5005682, 26.9841816 ], [ 87.5042958, 26.9881576 ], [ 87.5113546, 26.9908129 ], [ 87.5199153, 27.0027406 ], [ 87.5358416, 27.0137148 ], [ 87.5359152, 27.0171443 ], [ 87.5414877, 27.0217601 ], [ 87.5420502, 27.0239963 ], [ 87.5393034, 27.0339215 ], [ 87.5327796, 27.0351987 ], [ 87.5329921, 27.0385757 ], [ 87.5360094, 27.0419918 ], [ 87.5368024, 27.0455403 ], [ 87.5440514, 27.0520943 ], [ 87.5502747, 27.0539422 ], [ 87.5557238, 27.05924 ], [ 87.5622297, 27.0617278 ], [ 87.5658344, 27.0671219 ], [ 87.5702018, 27.0698796 ], [ 87.5710562, 27.0759481 ], [ 87.5745672, 27.0781358 ], [ 87.5771178, 27.0851971 ], [ 87.5830473, 27.0898475 ], [ 87.588912, 27.0997312 ], [ 87.6032859, 27.1080707 ], [ 87.6079777, 27.1077527 ], [ 87.6128657, 27.1129143 ], [ 87.6218535, 27.1132562 ], [ 87.6288645, 27.1185658 ], [ 87.6346482, 27.1188123 ], [ 87.6370445, 27.1239036 ], [ 87.6446417, 27.1268586 ], [ 87.6447808, 27.1328576 ], [ 87.6507456, 27.1309844 ], [ 87.6630307, 27.1329915 ], [ 87.6652, 27.1367944 ], [ 87.6713706, 27.1384664 ], [ 87.6756438, 27.1426043 ], [ 87.6835505, 27.1420584 ], [ 87.6874747, 27.1442933 ], [ 87.6919744, 27.143398 ], [ 87.6949364, 27.1472417 ], [ 87.6994995, 27.1469031 ], [ 87.702264, 27.1498429 ], [ 87.7059037, 27.1506549 ], [ 87.7110156, 27.1571071 ], [ 87.7108953, 27.1717648 ], [ 87.7134975, 27.1809935 ], [ 87.7178791, 27.1877694 ], [ 87.7272252, 27.1934726 ], [ 87.7444616, 27.1991876 ], [ 87.7512581, 27.2082916 ], [ 87.7512308, 27.217766 ], [ 87.7459467, 27.2245067 ], [ 87.7390763, 27.2279095 ], [ 87.733247, 27.2348399 ], [ 87.7274044, 27.2358476 ], [ 87.7230498, 27.2421334 ], [ 87.7155819, 27.2437783 ], [ 87.7082148, 27.2484073 ], [ 87.7040081, 27.2536744 ], [ 87.6858716, 27.2621128 ], [ 87.6808886, 27.2676241 ], [ 87.6797125, 27.2712021 ], [ 87.6818351, 27.279978 ], [ 87.6871819, 27.2835237 ], [ 87.6887164, 27.2887372 ], [ 87.697795, 27.2914196 ], [ 87.7091984, 27.2866311 ], [ 87.7240303, 27.286279 ], [ 87.7316599, 27.2787908 ], [ 87.7378772, 27.2804124 ], [ 87.7450523, 27.277973 ], [ 87.7551482, 27.2811698 ], [ 87.765378, 27.2797488 ], [ 87.7677919, 27.2764611 ], [ 87.7808323, 27.2728723 ], [ 87.7969844, 27.2770773 ], [ 87.8080127, 27.2761446 ], [ 87.8395604, 27.2863447 ], [ 87.8524559, 27.2860481 ], [ 87.8610177, 27.2818083 ], [ 87.8613924, 27.2797839 ], [ 87.8695023, 27.2792185 ], [ 87.8736444, 27.2820872 ], [ 87.8749333, 27.2801842 ], [ 87.8757098, 27.2820649 ], [ 87.8802787, 27.2843293 ], [ 87.881648, 27.2816679 ], [ 87.8831642, 27.2826546 ], [ 87.884094, 27.280989 ], [ 87.8878519, 27.2841957 ], [ 87.8911246, 27.2822484 ], [ 87.8911639, 27.2846676 ], [ 87.8942675, 27.2865935 ], [ 87.9029387, 27.2867259 ], [ 87.9059907, 27.2846168 ], [ 87.9103478, 27.2857512 ], [ 87.9142461, 27.2845854 ], [ 87.9170705, 27.2862351 ], [ 87.9186877, 27.2828645 ], [ 87.9231615, 27.2825169 ], [ 87.9249805, 27.2807947 ], [ 87.9327444, 27.2836266 ], [ 87.9377747, 27.2823969 ], [ 87.9386824, 27.2807497 ], [ 87.9471099, 27.2834714 ], [ 87.9502934, 27.2828314 ], [ 87.959243, 27.2887281 ], [ 87.9590838, 27.2916946 ], [ 87.9679655, 27.2985439 ], [ 87.9683245, 27.3008316 ], [ 87.9738916, 27.3016862 ], [ 87.9758178, 27.3060712 ], [ 87.9804104, 27.3094439 ], [ 87.982159, 27.312484 ], [ 87.9816591, 27.3148547 ], [ 87.9908086, 27.32429 ], [ 87.9948891, 27.3241775 ], [ 88.0037023, 27.3292586 ], [ 88.0032086, 27.3329194 ], [ 88.0048336, 27.3371155 ], [ 88.010026, 27.3430433 ], [ 88.0098542, 27.3461852 ], [ 88.0125885, 27.3473476 ], [ 88.0129713, 27.3505463 ], [ 88.0173929, 27.3544128 ], [ 88.0190593, 27.3617964 ], [ 88.018108, 27.3662186 ], [ 88.0232255, 27.3782043 ], [ 88.0265365, 27.3945776 ], [ 88.0372262, 27.413687 ], [ 88.0499228, 27.4271671 ], [ 88.0678352, 27.4384812 ], [ 88.0726618, 27.4341346 ], [ 88.0784809, 27.4322126 ], [ 88.0799292, 27.426895 ], [ 88.0669972, 27.4254604 ], [ 88.0579851, 27.4186547 ], [ 88.0552376, 27.4183326 ], [ 88.0502826, 27.4128854 ], [ 88.0492581, 27.4070632 ], [ 88.0467745, 27.4055951 ], [ 88.0482859, 27.4010128 ], [ 88.045619, 27.395564 ], [ 88.0439626, 27.384783 ], [ 88.0448713, 27.380221 ], [ 88.0416691, 27.3703676 ], [ 88.0500097, 27.3588416 ], [ 88.057479, 27.3558319 ], [ 88.0664692, 27.3361035 ], [ 88.0607564, 27.3313143 ], [ 88.0599998, 27.3286601 ], [ 88.0523757, 27.3246995 ], [ 88.0492863, 27.3189266 ], [ 88.0483887, 27.3128598 ], [ 88.0413827, 27.3045373 ], [ 88.0408996, 27.3016823 ], [ 88.044665, 27.2938998 ], [ 88.042836, 27.2918062 ], [ 88.0379831, 27.2918987 ], [ 88.0315767, 27.2864117 ], [ 88.0329035, 27.2815353 ], [ 88.0301348, 27.2722354 ], [ 88.0317324, 27.26615 ], [ 88.0304975, 27.2634539 ], [ 88.0307175, 27.2502062 ], [ 88.0275526, 27.2495323 ], [ 88.0240777, 27.2422184 ], [ 88.0246794, 27.2374309 ], [ 88.0215897, 27.2378257 ], [ 88.0190988, 27.2360637 ], [ 88.0187445, 27.225223 ], [ 88.0120333, 27.2162057 ], [ 88.0154956, 27.2110235 ], [ 88.0116143, 27.2038552 ], [ 88.0153016, 27.1999875 ], [ 88.0158603, 27.1963419 ], [ 88.0158741, 27.1934065 ], [ 88.0137678, 27.190958 ], [ 88.0123307, 27.1777311 ], [ 88.0192216, 27.1711901 ], [ 88.0108403, 27.1659599 ], [ 88.0109689, 27.1593708 ], [ 88.0094763, 27.1578315 ], [ 88.0101621, 27.1548573 ], [ 88.0072646, 27.1434549 ], [ 88.0005313, 27.140403 ], [ 87.9985107, 27.1338156 ], [ 87.9910728, 27.130969 ], [ 87.9890297, 27.1210198 ], [ 87.9872898, 27.1195069 ], [ 87.9891848, 27.1168763 ], [ 87.991479, 27.1056109 ], [ 87.9879141, 27.1057389 ], [ 87.9807211, 27.1021185 ], [ 87.9740067, 27.1039816 ], [ 87.9620284, 27.1012434 ], [ 87.9604075, 27.1036374 ], [ 87.9516919, 27.1063122 ], [ 87.9456972, 27.1035403 ], [ 87.9435877, 27.0997676 ], [ 87.9274812, 27.1027488 ], [ 87.9175383, 27.0999444 ], [ 87.9143756, 27.0945584 ], [ 87.9047763, 27.0940299 ], [ 87.9009393, 27.0917461 ], [ 87.8997572, 27.0931232 ], [ 87.8953891, 27.0927292 ], [ 87.8897433, 27.0847259 ], [ 87.8811247, 27.0824472 ], [ 87.8804199, 27.0780608 ], [ 87.874553, 27.0755974 ], [ 87.8731061, 27.0716895 ], [ 87.8651106, 27.0679122 ], [ 87.8614868, 27.0631195 ], [ 87.8520937, 27.0626871 ], [ 87.8452731, 27.0560427 ], [ 87.8408297, 27.0478721 ], [ 87.8245413, 27.0415651 ], [ 87.8174949, 27.0340249 ], [ 87.7966377, 27.0272987 ], [ 87.7778788, 27.0127944 ], [ 87.7711196, 27.0144848 ], [ 87.763917, 27.0133508 ], [ 87.7546068, 27.0205311 ], [ 87.7445799, 27.0215141 ], [ 87.7393481, 27.0198245 ], [ 87.732518, 27.006498 ], [ 87.7261726, 27.0024317 ], [ 87.7184631, 27.0004917 ], [ 87.7054609, 26.9860376 ], [ 87.704618, 26.9811963 ], [ 87.6979535, 26.9759536 ], [ 87.690074, 26.9748679 ], [ 87.6829419, 26.9622778 ], [ 87.6803631, 26.9539148 ], [ 87.6770688, 26.9522277 ], [ 87.6802072, 26.9469229 ], [ 87.6854979, 26.945205 ], [ 87.6885824, 26.9415233 ], [ 87.6980545, 26.9363435 ], [ 87.7061791, 26.9294571 ], [ 87.6954467, 26.9255075 ], [ 87.6938483, 26.9227445 ], [ 87.6981294, 26.9120077 ], [ 87.6939924, 26.9078717 ], [ 87.6901712, 26.8999683 ], [ 87.6884354, 26.8944163 ], [ 87.688114, 26.8812116 ], [ 87.6741466, 26.8770594 ], [ 87.6701935, 26.8737252 ], [ 87.6543963, 26.8685372 ], [ 87.6469301, 26.8680932 ], [ 87.6412595, 26.8625005 ], [ 87.6365254, 26.8608499 ], [ 87.6309645, 26.8628401 ], [ 87.6142074, 26.8626183 ], [ 87.6116239, 26.8638525 ], [ 87.6097524, 26.8621615 ], [ 87.5879345, 26.8621343 ], [ 87.5830601, 26.8600808 ], [ 87.5761663, 26.8655833 ], [ 87.5744291, 26.8714594 ], [ 87.5672002, 26.8721949 ], [ 87.5627326, 26.8828136 ], [ 87.5595346, 26.8850353 ], [ 87.5511539, 26.884823 ], [ 87.5443894, 26.8894257 ], [ 87.5293851, 26.8848422 ], [ 87.5221828, 26.884894 ], [ 87.5316577, 26.9020867 ], [ 87.5286072, 26.9090932 ], [ 87.5307625, 26.9112648 ], [ 87.5308961, 26.9140172 ], [ 87.5268073, 26.918656 ], [ 87.5274691, 26.9207633 ], [ 87.5222763, 26.9258664 ], [ 87.5238538, 26.930053 ], [ 87.520762, 26.9347444 ], [ 87.5247834, 26.9369109 ], [ 87.5241058, 26.9383787 ], [ 87.5261984, 26.9418383 ], [ 87.5262566, 26.9576833 ], [ 87.5236706, 26.9611248 ], [ 87.5163233, 26.9649834 ], [ 87.5121235, 26.9652311 ], [ 87.5062274, 26.9717667 ], [ 87.5025967, 26.971791 ], [ 87.4956417, 26.9782848 ], [ 87.4924281, 26.9855054 ] ] ] } },
{ "type": "Feature", "properties": { "district_id": 40, "name": "पाल्पा" }, "geometry": { "type": "Polygon", "coordinates": [ [ [ 83.2305265, 27.8232845 ], [ 83.2497337, 27.8322025 ], [ 83.2625626, 27.8276754 ], [ 83.2744062, 27.8265077 ], [ 83.2828827, 27.8258565 ], [ 83.2905802, 27.828655 ], [ 83.292049, 27.8324015 ], [ 83.2907973, 27.8350148 ], [ 83.2932584, 27.8386748 ], [ 83.296847, 27.8404259 ], [ 83.2981482, 27.8445016 ], [ 83.3100445, 27.8516757 ], [ 83.3038242, 27.8544837 ], [ 83.3027973, 27.8586754 ], [ 83.3073208, 27.8564149 ], [ 83.3103202, 27.8567192 ], [ 83.3130245, 27.8593275 ], [ 83.3174989, 27.8596318 ], [ 83.3274043, 27.869863 ], [ 83.3273399, 27.8733257 ], [ 83.3307032, 27.8753138 ], [ 83.3295271, 27.8791076 ], [ 83.3251505, 27.8772208 ], [ 83.320849, 27.8784725 ], [ 83.3203828, 27.8826266 ], [ 83.3178978, 27.8825255 ], [ 83.3156801, 27.8857546 ], [ 83.3092408, 27.888768 ], [ 83.3114921, 27.9018957 ], [ 83.3058544, 27.9065265 ], [ 83.3012014, 27.9062596 ], [ 83.2976553, 27.9107474 ], [ 83.3065742, 27.9145246 ], [ 83.3090514, 27.9184954 ], [ 83.3090466, 27.9259541 ], [ 83.3256318, 27.9204177 ], [ 83.336867, 27.9225031 ], [ 83.3392517, 27.9260438 ], [ 83.3438983, 27.9263479 ], [ 83.3464004, 27.9372675 ], [ 83.3433053, 27.9384707 ], [ 83.3424799, 27.9409315 ], [ 83.3446878, 27.9505011 ], [ 83.3545714, 27.9542923 ], [ 83.3553967, 27.9527248 ], [ 83.3605139, 27.9518135 ], [ 83.3715118, 27.9580286 ], [ 83.3777845, 27.9591768 ], [ 83.3763401, 27.9563883 ], [ 83.3798478, 27.9568075 ], [ 83.3872584, 27.9521085 ], [ 83.3879157, 27.950009 ], [ 83.3924878, 27.9480452 ], [ 83.3931567, 27.9448324 ], [ 83.3979644, 27.942007 ], [ 83.3993262, 27.9347701 ], [ 83.4065068, 27.9336581 ], [ 83.4111494, 27.9308689 ], [ 83.4190943, 27.9305891 ], [ 83.4245408, 27.9349524 ], [ 83.4272851, 27.9399837 ], [ 83.4303389, 27.9398196 ], [ 83.4327118, 27.9395462 ], [ 83.4342126, 27.9354114 ], [ 83.439459, 27.9362558 ], [ 83.4401152, 27.9329228 ], [ 83.4475159, 27.9283978 ], [ 83.449987, 27.9287372 ], [ 83.4522661, 27.9327531 ], [ 83.4612611, 27.9345686 ], [ 83.4681927, 27.9280147 ], [ 83.4837651, 27.922575 ], [ 83.4862277, 27.922927 ], [ 83.4875469, 27.9269087 ], [ 83.4904648, 27.9291346 ], [ 83.4934707, 27.9294226 ], [ 83.4954045, 27.9271544 ], [ 83.5026692, 27.9272468 ], [ 83.5070196, 27.92942 ], [ 83.5096846, 27.9326941 ], [ 83.5035541, 27.9371358 ], [ 83.5070045, 27.9407072 ], [ 83.5102983, 27.9406124 ], [ 83.5164802, 27.9375358 ], [ 83.5225237, 27.9308922 ], [ 83.5223811, 27.9252529 ], [ 83.5243638, 27.9240785 ], [ 83.5304742, 27.9317466 ], [ 83.5313232, 27.9396909 ], [ 83.5371998, 27.9371301 ], [ 83.5381804, 27.9284038 ], [ 83.5460425, 27.9295413 ], [ 83.5495785, 27.9281713 ], [ 83.5600917, 27.9348301 ], [ 83.5640304, 27.933932 ], [ 83.5667686, 27.9350704 ], [ 83.5677555, 27.9405063 ], [ 83.5705084, 27.9435563 ], [ 83.5767683, 27.9360146 ], [ 83.5733109, 27.9323661 ], [ 83.573813, 27.9307224 ], [ 83.5931571, 27.9309765 ], [ 83.600925, 27.9235097 ], [ 83.6087118, 27.9249249 ], [ 83.6167455, 27.930476 ], [ 83.6213482, 27.926106 ], [ 83.6256934, 27.9264681 ], [ 83.6266697, 27.9248642 ], [ 83.6210521, 27.9174243 ], [ 83.6261034, 27.9148279 ], [ 83.633034, 27.9140512 ], [ 83.6335175, 27.9124851 ], [ 83.6317092, 27.9115606 ], [ 83.6343884, 27.899238 ], [ 83.6420201, 27.902395 ], [ 83.6450037, 27.8986101 ], [ 83.6487384, 27.9024488 ], [ 83.6552334, 27.9023591 ], [ 83.667716, 27.9220884 ], [ 83.675571, 27.9276299 ], [ 83.6818833, 27.9240253 ], [ 83.6794071, 27.920295 ], [ 83.6809902, 27.9174075 ], [ 83.6841769, 27.916726 ], [ 83.6865313, 27.9189678 ], [ 83.6873229, 27.9233796 ], [ 83.6893729, 27.9239894 ], [ 83.6973902, 27.9168156 ], [ 83.7017337, 27.9185912 ], [ 83.7112124, 27.9167798 ], [ 83.7185245, 27.9204137 ], [ 83.7254812, 27.9122601 ], [ 83.7342901, 27.9079554 ], [ 83.7347975, 27.9047089 ], [ 83.7461232, 27.8994532 ], [ 83.7470771, 27.902664 ], [ 83.7424291, 27.9050138 ], [ 83.7442762, 27.9074353 ], [ 83.7494316, 27.9073276 ], [ 83.7578455, 27.9029379 ], [ 83.7561214, 27.9094726 ], [ 83.7635845, 27.9097009 ], [ 83.7733173, 27.9046385 ], [ 83.7800607, 27.8978824 ], [ 83.7859307, 27.8883942 ], [ 83.7910975, 27.8837894 ], [ 83.7982305, 27.881988 ], [ 83.8056649, 27.873044 ], [ 83.8153767, 27.8740883 ], [ 83.8209499, 27.8778523 ], [ 83.8289355, 27.8727698 ], [ 83.8424494, 27.867766 ], [ 83.8470995, 27.8708364 ], [ 83.8437698, 27.8806559 ], [ 83.8471569, 27.8821022 ], [ 83.8514338, 27.8809858 ], [ 83.8512042, 27.874541 ], [ 83.8575765, 27.8735261 ], [ 83.8613942, 27.8757336 ], [ 83.8599302, 27.8797172 ], [ 83.8606766, 27.8823559 ], [ 83.8712971, 27.8849625 ], [ 83.8770992, 27.8885071 ], [ 83.880918, 27.8868518 ], [ 83.8802069, 27.8824476 ], [ 83.8841267, 27.8823495 ], [ 83.8910656, 27.8865205 ], [ 83.9125647, 27.8793027 ], [ 83.9139411, 27.8771117 ], [ 83.9098241, 27.8738995 ], [ 83.9106281, 27.8726642 ], [ 83.9133712, 27.8712162 ], [ 83.9199805, 27.8720273 ], [ 83.9247016, 27.8680946 ], [ 83.9387068, 27.878289 ], [ 83.9404867, 27.8780159 ], [ 83.9479754, 27.8694314 ], [ 83.9525387, 27.8697783 ], [ 83.9581905, 27.8731724 ], [ 83.966369, 27.8702319 ], [ 83.9719449, 27.8727061 ], [ 83.9740662, 27.8680206 ], [ 83.9775251, 27.8661633 ], [ 83.9949428, 27.86606 ], [ 83.997133, 27.8638207 ], [ 83.9971115, 27.857149 ], [ 83.9993316, 27.8548073 ], [ 84.003893, 27.8552451 ], [ 84.0169381, 27.8513734 ], [ 84.0221606, 27.851359 ], [ 84.0227553, 27.8524825 ], [ 84.0199121, 27.8558204 ], [ 84.0152667, 27.8582669 ], [ 84.0182405, 27.8617326 ], [ 84.0227537, 27.8611858 ], [ 84.0284447, 27.856579 ], [ 84.0223596, 27.8482179 ], [ 84.0225644, 27.8437218 ], [ 84.0201595, 27.8408501 ], [ 84.0248056, 27.8355206 ], [ 84.0256072, 27.8312516 ], [ 84.0282638, 27.8303616 ], [ 84.0254024, 27.8289178 ], [ 84.0258705, 27.8218178 ], [ 84.0273802, 27.8203377 ], [ 84.0246651, 27.8181538 ], [ 84.022149, 27.8191578 ], [ 84.0198201, 27.817481 ], [ 84.0204989, 27.8154212 ], [ 84.0152559, 27.8117259 ], [ 84.0120493, 27.8007325 ], [ 84.0067829, 27.7974818 ], [ 84.000299, 27.7884311 ], [ 83.9996784, 27.7756187 ], [ 83.9928383, 27.7612431 ], [ 83.9938635, 27.7508689 ], [ 83.9895802, 27.7486525 ], [ 83.9801124, 27.7492946 ], [ 83.9765547, 27.7472957 ], [ 83.9718969, 27.7476996 ], [ 83.9709373, 27.749885 ], [ 83.9658465, 27.7471196 ], [ 83.9601529, 27.74829 ], [ 83.9596731, 27.7463532 ], [ 83.9503601, 27.7474296 ], [ 83.9275865, 27.734334 ], [ 83.9244088, 27.7302322 ], [ 83.923995, 27.7268041 ], [ 83.9213635, 27.7265844 ], [ 83.9189968, 27.7299832 ], [ 83.9155543, 27.7284449 ], [ 83.9126579, 27.7313895 ], [ 83.9065673, 27.7317851 ], [ 83.907792, 27.7342754 ], [ 83.904515, 27.7359161 ], [ 83.9026614, 27.7304666 ], [ 83.8989871, 27.7322831 ], [ 83.89715, 27.7299392 ], [ 83.8926648, 27.731536 ], [ 83.8885768, 27.7302762 ], [ 83.8838765, 27.7347003 ], [ 83.8798749, 27.7332006 ], [ 83.8769087, 27.7361212 ], [ 83.8744783, 27.7333952 ], [ 83.8679366, 27.7346309 ], [ 83.8518346, 27.7331914 ], [ 83.8438859, 27.7349286 ], [ 83.8415737, 27.7308516 ], [ 83.8438246, 27.7276579 ], [ 83.8444074, 27.715539 ], [ 83.8491834, 27.7114647 ], [ 83.8457584, 27.7094552 ], [ 83.8382089, 27.7109213 ], [ 83.8347703, 27.7137673 ], [ 83.8281742, 27.7141868 ], [ 83.8245917, 27.7140972 ], [ 83.8202516, 27.7107909 ], [ 83.8160752, 27.7135821 ], [ 83.8108461, 27.7142488 ], [ 83.8029097, 27.7203222 ], [ 83.7919109, 27.7220833 ], [ 83.7869253, 27.7243849 ], [ 83.7601901, 27.7226058 ], [ 83.7565093, 27.7207105 ], [ 83.7457851, 27.7196524 ], [ 83.7388093, 27.715237 ], [ 83.7331987, 27.7147095 ], [ 83.7287593, 27.7091673 ], [ 83.7231612, 27.7098061 ], [ 83.7148795, 27.7157359 ], [ 83.6937439, 27.7170931 ], [ 83.6911927, 27.7192272 ], [ 83.6817834, 27.7216307 ], [ 83.6768916, 27.7186678 ], [ 83.6823452, 27.7184917 ], [ 83.6894562, 27.7094609 ], [ 83.6898038, 27.6981779 ], [ 83.7010747, 27.6885791 ], [ 83.7035904, 27.683391 ], [ 83.7024554, 27.6791727 ], [ 83.6997171, 27.6771839 ], [ 83.6988448, 27.6705304 ], [ 83.6951583, 27.6620984 ], [ 83.6923934, 27.6653849 ], [ 83.6896589, 27.6631954 ], [ 83.6835339, 27.6642148 ], [ 83.6744945, 27.6725304 ], [ 83.6702301, 27.6731466 ], [ 83.6584571, 27.682966 ], [ 83.6567689, 27.6879196 ], [ 83.6530845, 27.691047 ], [ 83.6381806, 27.6909732 ], [ 83.6305073, 27.6938578 ], [ 83.6209636, 27.6883885 ], [ 83.6183224, 27.6918629 ], [ 83.6118503, 27.6958677 ], [ 83.6103736, 27.6998275 ], [ 83.6075299, 27.7022183 ], [ 83.5972015, 27.7056773 ], [ 83.577478, 27.7053081 ], [ 83.567489, 27.7105126 ], [ 83.5659198, 27.7130526 ], [ 83.5623364, 27.7132599 ], [ 83.5558254, 27.7166914 ], [ 83.5470659, 27.7164737 ], [ 83.5300921, 27.7255292 ], [ 83.5284019, 27.7235727 ], [ 83.5173184, 27.725558 ], [ 83.5128492, 27.7289026 ], [ 83.5099402, 27.7256227 ], [ 83.505211, 27.7249538 ], [ 83.5021476, 27.7255939 ], [ 83.4984016, 27.7291111 ], [ 83.4939974, 27.7257881 ], [ 83.490934, 27.7258169 ], [ 83.4865054, 27.7298592 ], [ 83.4800942, 27.7237166 ], [ 83.4706791, 27.7210587 ], [ 83.4622455, 27.7256586 ], [ 83.454656, 27.7276582 ], [ 83.4428891, 27.7240709 ], [ 83.4379304, 27.7319341 ], [ 83.4332174, 27.7317327 ], [ 83.4330874, 27.7363933 ], [ 83.4310397, 27.7389824 ], [ 83.423694, 27.7414276 ], [ 83.4215813, 27.7393276 ], [ 83.4163158, 27.7415715 ], [ 83.408035, 27.7345317 ], [ 83.4048798, 27.7344076 ], [ 83.4002755, 27.7367038 ], [ 83.3941754, 27.74564 ], [ 83.3883701, 27.7490946 ], [ 83.3843965, 27.7467872 ], [ 83.3838488, 27.7425151 ], [ 83.3755663, 27.7428522 ], [ 83.3729251, 27.7348124 ], [ 83.3709807, 27.7350581 ], [ 83.3662877, 27.7368119 ], [ 83.3643712, 27.7409285 ], [ 83.3619171, 27.7416938 ], [ 83.3574764, 27.751581 ], [ 83.354625, 27.7521602 ], [ 83.3462835, 27.7489796 ], [ 83.3435656, 27.7563575 ], [ 83.3391048, 27.7578188 ], [ 83.3339902, 27.7647801 ], [ 83.3284945, 27.7668604 ], [ 83.3238887, 27.7622683 ], [ 83.3180828, 27.7641051 ], [ 83.3130878, 27.7618951 ], [ 83.3016898, 27.7672862 ], [ 83.2963055, 27.7600248 ], [ 83.2855334, 27.7564192 ], [ 83.259732, 27.7563556 ], [ 83.2599922, 27.7607669 ], [ 83.2556438, 27.7670653 ], [ 83.2554673, 27.7713734 ], [ 83.2578521, 27.7735922 ], [ 83.2566843, 27.7761699 ], [ 83.2582454, 27.7839459 ], [ 83.2552953, 27.7890789 ], [ 83.2506733, 27.7906992 ], [ 83.2451172, 27.7899489 ], [ 83.2457841, 27.7976674 ], [ 83.249369, 27.8043465 ], [ 83.2472302, 27.8052945 ], [ 83.2477913, 27.8087707 ], [ 83.2458479, 27.809063 ], [ 83.2456483, 27.8114866 ], [ 83.2433096, 27.8115064 ], [ 83.2426865, 27.814889 ], [ 83.240882, 27.8149709 ], [ 83.2388591, 27.8186351 ], [ 83.2305265, 27.8232845 ] ] ] } },
{ "type": "Feature", "properties": { "district_id": 41, "name": "पूर्वी रुकुम" }, "geometry": { "type": "Polygon", "coordinates": [ [ [ 82.4811914, 28.6348172 ], [ 82.4868707, 28.6419002 ], [ 82.4910581, 28.6505772 ], [ 82.4895312, 28.6560293 ], [ 82.490255, 28.6594675 ], [ 82.4955415, 28.6625449 ], [ 82.4985396, 28.6615738 ], [ 82.5013536, 28.6671737 ], [ 82.5044404, 28.6628156 ], [ 82.5096897, 28.6605831 ], [ 82.5143715, 28.6597697 ], [ 82.5171049, 28.6613798 ], [ 82.5213895, 28.6596121 ], [ 82.5243783, 28.6552215 ], [ 82.5281143, 28.6547485 ], [ 82.5332975, 28.650117 ], [ 82.5368254, 28.6502249 ], [ 82.5393602, 28.6467969 ], [ 82.5475983, 28.6470376 ], [ 82.5546377, 28.6442009 ], [ 82.5600823, 28.646549 ], [ 82.5653555, 28.6523274 ], [ 82.5704595, 28.6549257 ], [ 82.5792153, 28.6646625 ], [ 82.5872098, 28.6643656 ], [ 82.5913691, 28.6672852 ], [ 82.5987855, 28.6692275 ], [ 82.6010414, 28.6764395 ], [ 82.5995468, 28.6829831 ], [ 82.6015349, 28.6856672 ], [ 82.6161296, 28.6893787 ], [ 82.6136939, 28.7015377 ], [ 82.6169019, 28.7088324 ], [ 82.6051197, 28.7162829 ], [ 82.6054959, 28.7218401 ], [ 82.6019316, 28.7339258 ], [ 82.6018524, 28.7430934 ], [ 82.5956487, 28.74398 ], [ 82.59086, 28.7399041 ], [ 82.5875135, 28.739855 ], [ 82.5836209, 28.7411195 ], [ 82.5744916, 28.7406161 ], [ 82.5682606, 28.7449008 ], [ 82.5661883, 28.744336 ], [ 82.5653342, 28.7480804 ], [ 82.5670284, 28.7577291 ], [ 82.563948, 28.7597544 ], [ 82.5650401, 28.7652657 ], [ 82.561797, 28.7684702 ], [ 82.5677575, 28.7685986 ], [ 82.5671069, 28.770991 ], [ 82.5769259, 28.7760967 ], [ 82.5816341, 28.7808002 ], [ 82.5872945, 28.7821931 ], [ 82.5896888, 28.7857581 ], [ 82.5903364, 28.7906667 ], [ 82.5951376, 28.7910168 ], [ 82.6082319, 28.8034162 ], [ 82.6142668, 28.8075264 ], [ 82.6200631, 28.8087169 ], [ 82.6196968, 28.8161082 ], [ 82.6140829, 28.8270728 ], [ 82.6179938, 28.8286601 ], [ 82.6266374, 28.8396581 ], [ 82.6251622, 28.8471339 ], [ 82.630479, 28.8541323 ], [ 82.6365186, 28.8550948 ], [ 82.6382612, 28.8606966 ], [ 82.6414097, 28.8643558 ], [ 82.6502414, 28.8692808 ], [ 82.6569344, 28.8664021 ], [ 82.6573503, 28.8621013 ], [ 82.6683008, 28.852528 ], [ 82.6741027, 28.8525974 ], [ 82.6858849, 28.8608527 ], [ 82.6961732, 28.8648543 ], [ 82.7043827, 28.8545128 ], [ 82.7224161, 28.8496388 ], [ 82.727081, 28.8464586 ], [ 82.7331936, 28.8482903 ], [ 82.7435804, 28.8448886 ], [ 82.7490496, 28.8306164 ], [ 82.7560355, 28.8251003 ], [ 82.7567812, 28.8196533 ], [ 82.759771, 28.8196866 ], [ 82.7602713, 28.8171092 ], [ 82.7669753, 28.8097098 ], [ 82.7710107, 28.8146349 ], [ 82.7834249, 28.8241224 ], [ 82.7946715, 28.8194938 ], [ 82.8169806, 28.8312368 ], [ 82.8216874, 28.8301358 ], [ 82.8358113, 28.831545 ], [ 82.840559, 28.8288177 ], [ 82.841796, 28.8238767 ], [ 82.8466932, 28.8255119 ], [ 82.8569459, 28.8327305 ], [ 82.8644431, 28.8323279 ], [ 82.8661429, 28.833912 ], [ 82.8975747, 28.825205 ], [ 82.9076629, 28.8320699 ], [ 82.9162209, 28.8316451 ], [ 82.9258678, 28.8275308 ], [ 82.9468499, 28.8289809 ], [ 82.9511184, 28.8235921 ], [ 82.9613895, 28.8202238 ], [ 82.966514, 28.8203647 ], [ 82.9664681, 28.81664 ], [ 82.975568, 28.8089686 ], [ 82.9757289, 28.8054851 ], [ 82.9785784, 28.8022632 ], [ 82.9977303, 28.8030868 ], [ 83.0133561, 28.7984099 ], [ 83.0205908, 28.7920439 ], [ 83.0399307, 28.7951314 ], [ 83.0446076, 28.7943435 ], [ 83.0457343, 28.7880551 ], [ 83.0658571, 28.7837234 ], [ 83.0690297, 28.7807349 ], [ 83.08003, 28.7869977 ], [ 83.0815794, 28.7800108 ], [ 83.0914011, 28.7722986 ], [ 83.0938325, 28.7680882 ], [ 83.0986507, 28.7672305 ], [ 83.1024426, 28.76059 ], [ 83.102799, 28.7539915 ], [ 83.1159028, 28.7441573 ], [ 83.134508, 28.7484862 ], [ 83.1462243, 28.7481549 ], [ 83.1431177, 28.7363797 ], [ 83.1521291, 28.7018586 ], [ 83.1502013, 28.6959598 ], [ 83.1433564, 28.6939351 ], [ 83.1425494, 28.6895303 ], [ 83.1460912, 28.6817232 ], [ 83.1383799, 28.6751939 ], [ 83.1330672, 28.6736795 ], [ 83.1222849, 28.6768066 ], [ 83.1165816, 28.6698668 ], [ 83.1232488, 28.6620751 ], [ 83.1209379, 28.6530312 ], [ 83.1152476, 28.6435863 ], [ 83.1155725, 28.6310865 ], [ 83.1103628, 28.6311638 ], [ 83.0960401, 28.6354311 ], [ 83.0843671, 28.6306851 ], [ 83.0811377, 28.6257128 ], [ 83.0717929, 28.6226144 ], [ 83.0675657, 28.6237068 ], [ 83.0572231, 28.6195348 ], [ 83.051848, 28.6251572 ], [ 83.0431684, 28.6299976 ], [ 83.0343493, 28.6253832 ], [ 83.0234058, 28.6258635 ], [ 83.0195649, 28.621117 ], [ 83.0142702, 28.6213242 ], [ 83.0095656, 28.6234997 ], [ 83.0053706, 28.6218421 ], [ 82.9928608, 28.6265132 ], [ 82.9899211, 28.6247239 ], [ 82.9858763, 28.6292725 ], [ 82.9824002, 28.6304967 ], [ 82.9769285, 28.628698 ], [ 82.9736133, 28.625515 ], [ 82.9722795, 28.620245 ], [ 82.9682521, 28.6162638 ], [ 82.9573309, 28.6114064 ], [ 82.9567867, 28.6067399 ], [ 82.9526819, 28.5982899 ], [ 82.9549362, 28.5922773 ], [ 82.962211, 28.5820822 ], [ 82.9682573, 28.5774811 ], [ 82.9747025, 28.574753 ], [ 82.9776562, 28.5756041 ], [ 82.9828713, 28.5712268 ], [ 82.9858615, 28.5711838 ], [ 82.9851488, 28.5636192 ], [ 82.9810102, 28.5572846 ], [ 82.9802157, 28.5495052 ], [ 82.9736962, 28.541159 ], [ 82.9636572, 28.5497039 ], [ 82.9552115, 28.5509606 ], [ 82.9515947, 28.5553037 ], [ 82.9427389, 28.5575804 ], [ 82.9403566, 28.5607621 ], [ 82.9330303, 28.5649181 ], [ 82.9247465, 28.5670511 ], [ 82.9205292, 28.5662809 ], [ 82.918359, 28.5638447 ], [ 82.9162704, 28.5643749 ], [ 82.9135528, 28.5554358 ], [ 82.9146032, 28.5522988 ], [ 82.9114741, 28.5428003 ], [ 82.9133446, 28.5373026 ], [ 82.9117396, 28.5357405 ], [ 82.9124099, 28.5331331 ], [ 82.9110709, 28.5307373 ], [ 82.9139938, 28.527409 ], [ 82.9019821, 28.5186263 ], [ 82.8937079, 28.5149906 ], [ 82.8751076, 28.5165372 ], [ 82.8871336, 28.5081022 ], [ 82.8868725, 28.5042451 ], [ 82.8928772, 28.4966307 ], [ 82.9033873, 28.4862448 ], [ 82.9111005, 28.4813311 ], [ 82.9127355, 28.4784876 ], [ 82.9069618, 28.4756806 ], [ 82.9022169, 28.4757017 ], [ 82.8897672, 28.4798861 ], [ 82.8786583, 28.4758271 ], [ 82.8676298, 28.4793492 ], [ 82.8576007, 28.4778647 ], [ 82.8439704, 28.4794133 ], [ 82.8327697, 28.4781961 ], [ 82.8261704, 28.4840184 ], [ 82.8122124, 28.4886898 ], [ 82.8098435, 28.4927131 ], [ 82.792722, 28.498599 ], [ 82.7906471, 28.5005367 ], [ 82.7837366, 28.4992307 ], [ 82.7670049, 28.5006781 ], [ 82.7573261, 28.5060277 ], [ 82.7519891, 28.5054385 ], [ 82.7427943, 28.5126525 ], [ 82.7414151, 28.5155628 ], [ 82.7427146, 28.5244418 ], [ 82.7374577, 28.5265847 ], [ 82.7183926, 28.5219375 ], [ 82.7109757, 28.5141383 ], [ 82.7029117, 28.5090728 ], [ 82.6958942, 28.5121803 ], [ 82.6899504, 28.5121238 ], [ 82.6943064, 28.5176294 ], [ 82.6943064, 28.5203066 ], [ 82.6868924, 28.5237893 ], [ 82.6820969, 28.5197599 ], [ 82.6864542, 28.5149224 ], [ 82.6813674, 28.5173088 ], [ 82.6812386, 28.5155365 ], [ 82.6699304, 28.5076361 ], [ 82.6675223, 28.5020675 ], [ 82.659831, 28.4989213 ], [ 82.6576031, 28.4934445 ], [ 82.6415326, 28.4949334 ], [ 82.6366991, 28.4995256 ], [ 82.6136447, 28.5109322 ], [ 82.6051001, 28.5098937 ], [ 82.5981532, 28.5066244 ], [ 82.5936461, 28.5116794 ], [ 82.5877343, 28.5150884 ], [ 82.5851571, 28.5128477 ], [ 82.5760641, 28.5145545 ], [ 82.5632968, 28.5223395 ], [ 82.5452012, 28.5254545 ], [ 82.5413022, 28.539335 ], [ 82.53576, 28.5431488 ], [ 82.5353905, 28.5545895 ], [ 82.5290169, 28.5588896 ], [ 82.5299402, 28.5623575 ], [ 82.5358308, 28.5712029 ], [ 82.5422823, 28.5717477 ], [ 82.540249, 28.5735427 ], [ 82.5408553, 28.5753319 ], [ 82.549631, 28.5831519 ], [ 82.5531792, 28.5804706 ], [ 82.5630978, 28.5788317 ], [ 82.5727381, 28.5820784 ], [ 82.5769024, 28.5884928 ], [ 82.5747954, 28.5918089 ], [ 82.576676, 28.5939632 ], [ 82.5769819, 28.6004062 ], [ 82.5746769, 28.6034789 ], [ 82.5760238, 28.6136141 ], [ 82.5733702, 28.6158302 ], [ 82.5750706, 28.6122856 ], [ 82.5693356, 28.6101194 ], [ 82.5595186, 28.610732 ], [ 82.5538008, 28.6159371 ], [ 82.5461071, 28.6188856 ], [ 82.548127, 28.6235175 ], [ 82.551849, 28.6256092 ], [ 82.5481383, 28.6274818 ], [ 82.5437468, 28.6263862 ], [ 82.5442007, 28.6232784 ], [ 82.5397758, 28.6206878 ], [ 82.5384929, 28.6224716 ], [ 82.5311283, 28.6245833 ], [ 82.5143123, 28.625854 ], [ 82.5067421, 28.6213508 ], [ 82.5024207, 28.6232327 ], [ 82.5027215, 28.6251601 ], [ 82.4811914, 28.6348172 ] ] ] } },
{ "type": "Feature", "properties": { "district_id": 42, "name": "प्युठान" }, "geometry": { "type": "Polygon", "coordinates": [ [ [ 82.5882517, 28.1406206 ], [ 82.5902366, 28.1476112 ], [ 82.5999588, 28.1481542 ], [ 82.6077354, 28.1528236 ], [ 82.6130366, 28.169129 ], [ 82.6186363, 28.1747553 ], [ 82.6222831, 28.1744465 ], [ 82.624876, 28.1762638 ], [ 82.6247892, 28.1782001 ], [ 82.6366577, 28.181353 ], [ 82.6393088, 28.1806717 ], [ 82.6414474, 28.1840658 ], [ 82.6471404, 28.1842695 ], [ 82.6498398, 28.1870296 ], [ 82.6596529, 28.1909269 ], [ 82.6620771, 28.1909844 ], [ 82.6650203, 28.1886318 ], [ 82.6690727, 28.1913043 ], [ 82.6725637, 28.1902495 ], [ 82.6821184, 28.1928725 ], [ 82.6812334, 28.1864708 ], [ 82.6838866, 28.1855321 ], [ 82.6871912, 28.1888289 ], [ 82.6861287, 28.1905514 ], [ 82.6900692, 28.1990464 ], [ 82.6969452, 28.2053238 ], [ 82.6951742, 28.2066244 ], [ 82.6965427, 28.2075702 ], [ 82.6960656, 28.2114432 ], [ 82.7047462, 28.2073898 ], [ 82.712551, 28.2099575 ], [ 82.7259777, 28.2085682 ], [ 82.7287477, 28.2060055 ], [ 82.7323304, 28.2081318 ], [ 82.7359131, 28.2009796 ], [ 82.7410919, 28.2006436 ], [ 82.7429352, 28.197738 ], [ 82.7448895, 28.1977882 ], [ 82.7463695, 28.1924202 ], [ 82.7501707, 28.1929891 ], [ 82.7587545, 28.1797515 ], [ 82.7690434, 28.1807161 ], [ 82.7800083, 28.1776898 ], [ 82.7865529, 28.1777938 ], [ 82.7933946, 28.1888713 ], [ 82.8055197, 28.1860291 ], [ 82.8144399, 28.1875114 ], [ 82.8246762, 28.1998197 ], [ 82.8240616, 28.206901 ], [ 82.8165437, 28.2141787 ], [ 82.8297901, 28.2204662 ], [ 82.8364443, 28.2261776 ], [ 82.8386826, 28.2314431 ], [ 82.8474146, 28.2333647 ], [ 82.8496503, 28.2320175 ], [ 82.8527466, 28.2365719 ], [ 82.8526529, 28.2408673 ], [ 82.8481185, 28.2558459 ], [ 82.8555361, 28.2586494 ], [ 82.8613025, 28.2576997 ], [ 82.8768672, 28.268766 ], [ 82.8792112, 28.2683118 ], [ 82.88844, 28.2776052 ], [ 82.8889488, 28.2866517 ], [ 82.886706, 28.2918713 ], [ 82.8910137, 28.2961423 ], [ 82.8941317, 28.2950238 ], [ 82.8964051, 28.2983713 ], [ 82.8983272, 28.2982062 ], [ 82.9006244, 28.3011782 ], [ 82.9015621, 28.3080301 ], [ 82.9041763, 28.3106906 ], [ 82.9193037, 28.319953 ], [ 82.9253587, 28.3327187 ], [ 82.9253885, 28.343385 ], [ 82.927559, 28.3484249 ], [ 82.9342782, 28.3535363 ], [ 82.9401602, 28.3622006 ], [ 82.9474963, 28.3624354 ], [ 82.9518276, 28.360539 ], [ 82.9611505, 28.3599792 ], [ 82.966101, 28.3576791 ], [ 82.9796852, 28.3594565 ], [ 82.9865366, 28.3538453 ], [ 82.9932753, 28.3510297 ], [ 83.0036045, 28.3328476 ], [ 83.0114209, 28.3331922 ], [ 83.0182744, 28.324977 ], [ 83.0284571, 28.3242314 ], [ 83.032497, 28.3209958 ], [ 83.0435509, 28.3242194 ], [ 83.0517282, 28.3181111 ], [ 83.0610622, 28.3173535 ], [ 83.0687037, 28.3116128 ], [ 83.068868, 28.30173 ], [ 83.0762053, 28.2979213 ], [ 83.0786694, 28.2911712 ], [ 83.0846378, 28.2896283 ], [ 83.0925274, 28.2776379 ], [ 83.0970347, 28.2770307 ], [ 83.094088, 28.2567129 ], [ 83.0884212, 28.247617 ], [ 83.0863739, 28.2472517 ], [ 83.0807946, 28.2408745 ], [ 83.0778574, 28.2338296 ], [ 83.076055, 28.2332213 ], [ 83.0708712, 28.2389269 ], [ 83.0505712, 28.2433881 ], [ 83.0430598, 28.2433352 ], [ 83.0368544, 28.2401415 ], [ 83.0298551, 28.2411349 ], [ 83.0218548, 28.2348878 ], [ 83.0271496, 28.2356686 ], [ 83.02774, 28.2184792 ], [ 83.0357608, 28.2038618 ], [ 83.0348756, 28.1965811 ], [ 83.0371423, 28.1913087 ], [ 83.0331642, 28.1756545 ], [ 83.0295186, 28.1747176 ], [ 83.0297148, 28.1736329 ], [ 83.0342041, 28.1682255 ], [ 83.0420255, 28.1684786 ], [ 83.0398831, 28.1634353 ], [ 83.0374661, 28.1617415 ], [ 83.0375811, 28.1567537 ], [ 83.0425945, 28.1561239 ], [ 83.0415313, 28.1546107 ], [ 83.0485994, 28.1522916 ], [ 83.0568301, 28.1442859 ], [ 83.0555394, 28.1410149 ], [ 83.0523972, 28.1428129 ], [ 83.0494362, 28.1407714 ], [ 83.0514371, 28.1394708 ], [ 83.0528533, 28.1345557 ], [ 83.058231, 28.129952 ], [ 83.0589688, 28.1266364 ], [ 83.0529177, 28.1209497 ], [ 83.0539867, 28.1145755 ], [ 83.0527033, 28.1109966 ], [ 83.0482399, 28.110938 ], [ 83.0506003, 28.1087047 ], [ 83.0502248, 28.1059508 ], [ 83.0449408, 28.1008734 ], [ 83.0424061, 28.1010651 ], [ 83.0396301, 28.1054398 ], [ 83.0343226, 28.100894 ], [ 83.027352, 28.0994501 ], [ 83.0209476, 28.105413 ], [ 83.012282, 28.1078349 ], [ 83.0103671, 28.1105595 ], [ 83.0018728, 28.1137431 ], [ 83.0004743, 28.1070684 ], [ 83.0021596, 28.1012094 ], [ 83.0016283, 28.0954403 ], [ 82.9964488, 28.0948233 ], [ 82.9839944, 28.0713986 ], [ 82.9752558, 28.0662719 ], [ 82.9760502, 28.0617681 ], [ 82.9718342, 28.059921 ], [ 82.9669955, 28.0533959 ], [ 82.9644918, 28.0533235 ], [ 82.961472, 28.0469342 ], [ 82.9606842, 28.0411256 ], [ 82.970463, 28.0385609 ], [ 82.9727671, 28.034642 ], [ 82.9720687, 28.0329231 ], [ 82.9751273, 28.0306283 ], [ 82.9742301, 28.0292829 ], [ 82.9767738, 28.0231039 ], [ 82.9762451, 28.0199873 ], [ 82.9738275, 28.017606 ], [ 82.9750702, 28.0146511 ], [ 82.9720191, 28.0146726 ], [ 82.9735594, 28.0060377 ], [ 82.9683625, 28.0062426 ], [ 82.9688346, 28.0024076 ], [ 82.9655211, 28.0037567 ], [ 82.9605565, 27.9989291 ], [ 82.9541998, 27.9978658 ], [ 82.9522511, 27.99365 ], [ 82.9606035, 27.99199 ], [ 82.9640458, 27.9897311 ], [ 82.9643033, 27.9877906 ], [ 82.9664293, 27.9889783 ], [ 82.968141, 27.993486 ], [ 82.9743356, 27.9915696 ], [ 82.976297, 27.9895532 ], [ 82.9756777, 27.9841689 ], [ 82.9806199, 27.9834117 ], [ 82.9830613, 27.9810769 ], [ 82.9855979, 27.9819814 ], [ 82.9893892, 27.9766402 ], [ 82.9939103, 27.9759236 ], [ 82.9982928, 27.9785003 ], [ 83.0009247, 27.9706543 ], [ 83.0082606, 27.9674147 ], [ 83.0109353, 27.9620222 ], [ 83.0164473, 27.956851 ], [ 83.0172679, 27.9519807 ], [ 83.0138652, 27.9492666 ], [ 83.0175304, 27.9470061 ], [ 83.0124539, 27.9416446 ], [ 83.0157375, 27.9364369 ], [ 83.0130578, 27.9324578 ], [ 83.0158099, 27.9277867 ], [ 83.0143825, 27.9228103 ], [ 83.0113015, 27.9200997 ], [ 83.0096358, 27.9201877 ], [ 83.00883, 27.9245632 ], [ 83.0039042, 27.9322908 ], [ 83.0022008, 27.9288083 ], [ 82.9982537, 27.9325196 ], [ 82.991522, 27.9298262 ], [ 82.990957, 27.9259928 ], [ 82.9884403, 27.9250329 ], [ 82.9841546, 27.9302145 ], [ 82.9772525, 27.9264003 ], [ 82.9721087, 27.9284404 ], [ 82.9682159, 27.9260408 ], [ 82.9630014, 27.9287603 ], [ 82.9612089, 27.9285844 ], [ 82.9609192, 27.9266647 ], [ 82.9543381, 27.9275098 ], [ 82.9533871, 27.9298322 ], [ 82.9458551, 27.9312079 ], [ 82.9427011, 27.9305571 ], [ 82.9392645, 27.9262488 ], [ 82.9288452, 27.9233853 ], [ 82.9252476, 27.9165666 ], [ 82.9266303, 27.9146773 ], [ 82.9255293, 27.9129124 ], [ 82.9220597, 27.9113738 ], [ 82.9190894, 27.9063731 ], [ 82.9158759, 27.9041668 ], [ 82.9122967, 27.9042873 ], [ 82.9000507, 27.909398 ], [ 82.8956721, 27.9141609 ], [ 82.8905894, 27.9121019 ], [ 82.888355, 27.906689 ], [ 82.8804496, 27.9061961 ], [ 82.8773855, 27.9007992 ], [ 82.8671897, 27.9094201 ], [ 82.8628328, 27.9077801 ], [ 82.8615398, 27.9034694 ], [ 82.8552514, 27.9049491 ], [ 82.8483674, 27.9015407 ], [ 82.8340806, 27.906648 ], [ 82.8264054, 27.9060684 ], [ 82.8232336, 27.9049403 ], [ 82.8245227, 27.9040815 ], [ 82.8205348, 27.9002776 ], [ 82.820481, 27.8967145 ], [ 82.8045805, 27.8772424 ], [ 82.8001406, 27.8787197 ], [ 82.7976023, 27.8819247 ], [ 82.7942133, 27.8806596 ], [ 82.7906771, 27.8813965 ], [ 82.7907544, 27.8913608 ], [ 82.7885655, 27.888527 ], [ 82.787022, 27.8924707 ], [ 82.7823215, 27.8915654 ], [ 82.7789399, 27.897766 ], [ 82.7775648, 27.8943061 ], [ 82.7743396, 27.8931394 ], [ 82.7740148, 27.8998493 ], [ 82.7703105, 27.9079463 ], [ 82.7711524, 27.9183119 ], [ 82.7688885, 27.9214747 ], [ 82.7759076, 27.9249633 ], [ 82.7693434, 27.9349442 ], [ 82.7641581, 27.9391192 ], [ 82.7647414, 27.9412007 ], [ 82.7565858, 27.9451306 ], [ 82.7545916, 27.9449047 ], [ 82.7538502, 27.9424429 ], [ 82.7513373, 27.9436053 ], [ 82.7588535, 27.9555934 ], [ 82.7614929, 27.9566793 ], [ 82.7630476, 27.9603839 ], [ 82.7663739, 27.9628301 ], [ 82.7656027, 27.9685057 ], [ 82.7593763, 27.9696533 ], [ 82.7624496, 27.9777002 ], [ 82.7521451, 27.9772132 ], [ 82.7463357, 27.9745884 ], [ 82.7445274, 27.9769651 ], [ 82.7447692, 27.9833517 ], [ 82.7417683, 27.9860018 ], [ 82.740713, 27.9905967 ], [ 82.7321688, 27.9917806 ], [ 82.7212225, 28.0027787 ], [ 82.7134038, 28.0028585 ], [ 82.7054856, 28.0059231 ], [ 82.6998814, 28.0098495 ], [ 82.6957419, 28.0151906 ], [ 82.6947826, 28.0213134 ], [ 82.696538, 28.022534 ], [ 82.6971582, 28.0295774 ], [ 82.6989834, 28.029661 ], [ 82.7030511, 28.0356247 ], [ 82.7088212, 28.0364825 ], [ 82.7100234, 28.040288 ], [ 82.718457, 28.0473547 ], [ 82.7053369, 28.0532683 ], [ 82.6854409, 28.0510554 ], [ 82.6829613, 28.0533853 ], [ 82.6728437, 28.055472 ], [ 82.6699536, 28.0583892 ], [ 82.667849, 28.0570598 ], [ 82.6560366, 28.0601179 ], [ 82.6534939, 28.0634836 ], [ 82.6483845, 28.0641056 ], [ 82.6399086, 28.0691915 ], [ 82.629907, 28.071017 ], [ 82.6248383, 28.0702011 ], [ 82.6247033, 28.0753827 ], [ 82.6101085, 28.0922385 ], [ 82.6003886, 28.0936265 ], [ 82.6067408, 28.1033247 ], [ 82.6072886, 28.1193838 ], [ 82.6041067, 28.1273397 ], [ 82.6042674, 28.130778 ], [ 82.6011437, 28.1310202 ], [ 82.5882517, 28.1406206 ] ] ] } },
{ "type": "Feature", "properties": { "district_id": 43, "name": "बझाङ" }, "geometry": { "type": "Polygon", "coordinates": [ [ [ 80.7472602, 29.5551478 ], [ 80.7486638, 29.557233 ], [ 80.7579331, 29.5565838 ], [ 80.7715531, 29.5522442 ], [ 80.7764606, 29.5600115 ], [ 80.7755569, 29.5665835 ], [ 80.7772079, 29.5694024 ], [ 80.7801076, 29.5706005 ], [ 80.7764672, 29.5770219 ], [ 80.7789447, 29.579978 ], [ 80.7777235, 29.5822892 ], [ 80.7784359, 29.5887901 ], [ 80.7825381, 29.5910424 ], [ 80.784668, 29.5954938 ], [ 80.7876519, 29.6135959 ], [ 80.7827787, 29.622229 ], [ 80.7839618, 29.6257907 ], [ 80.7812851, 29.6343543 ], [ 80.7847415, 29.6353624 ], [ 80.7910148, 29.6411573 ], [ 80.7889526, 29.6438689 ], [ 80.7840969, 29.6458834 ], [ 80.7760926, 29.642376 ], [ 80.7714473, 29.6422566 ], [ 80.7621284, 29.6481309 ], [ 80.7640642, 29.6509414 ], [ 80.7629159, 29.6618854 ], [ 80.7710902, 29.6687087 ], [ 80.7759273, 29.6683615 ], [ 80.7786077, 29.6654699 ], [ 80.7796399, 29.6763995 ], [ 80.7827455, 29.6801907 ], [ 80.787441, 29.6778799 ], [ 80.7892419, 29.6789524 ], [ 80.7920719, 29.6779304 ], [ 80.79157, 29.6813569 ], [ 80.7948919, 29.6834583 ], [ 80.7961628, 29.6883183 ], [ 80.8116274, 29.6840758 ], [ 80.8164477, 29.687051 ], [ 80.8249689, 29.6864696 ], [ 80.8296447, 29.6914199 ], [ 80.8396463, 29.6871232 ], [ 80.8454447, 29.693318 ], [ 80.8504585, 29.6954808 ], [ 80.8577972, 29.6957813 ], [ 80.8646582, 29.7062575 ], [ 80.8707786, 29.7073801 ], [ 80.881686, 29.7132718 ], [ 80.8900339, 29.7138032 ], [ 80.8943454, 29.7163377 ], [ 80.8970052, 29.7205057 ], [ 80.9068521, 29.7246284 ], [ 80.9192262, 29.7246172 ], [ 80.9312961, 29.7297033 ], [ 80.9397693, 29.7353995 ], [ 80.9459425, 29.735458 ], [ 80.9583782, 29.7262313 ], [ 80.9751202, 29.7218399 ], [ 80.9756771, 29.7251512 ], [ 80.9841252, 29.7341735 ], [ 80.9880474, 29.7410853 ], [ 80.9981846, 29.7425464 ], [ 81.0040655, 29.7406106 ], [ 81.0097422, 29.7459173 ], [ 81.0180835, 29.7454861 ], [ 81.0204049, 29.7482109 ], [ 81.024432, 29.7435696 ], [ 81.0315916, 29.7422696 ], [ 81.0382429, 29.7526698 ], [ 81.0421438, 29.7525098 ], [ 81.0553433, 29.7567057 ], [ 81.0600139, 29.7619077 ], [ 81.0625231, 29.7684573 ], [ 81.0600535, 29.7725226 ], [ 81.063532, 29.7755149 ], [ 81.0639964, 29.7841806 ], [ 81.0621539, 29.7934623 ], [ 81.0675087, 29.7953709 ], [ 81.0702956, 29.8113398 ], [ 81.0698659, 29.828712 ], [ 81.0620761, 29.8266187 ], [ 81.0538935, 29.83337 ], [ 81.0404235, 29.8409952 ], [ 81.0377718, 29.8477061 ], [ 81.0387898, 29.8590497 ], [ 81.0362403, 29.8635443 ], [ 81.0358158, 29.8702176 ], [ 81.0369669, 29.8771749 ], [ 81.040431, 29.8812568 ], [ 81.0310762, 29.8921154 ], [ 81.0339345, 29.8952677 ], [ 81.0296793, 29.8998761 ], [ 81.0300623, 29.9065996 ], [ 81.0246705, 29.9091183 ], [ 81.0221907, 29.9133219 ], [ 81.0193067, 29.9114917 ], [ 81.0127843, 29.9135572 ], [ 81.0098614, 29.9186148 ], [ 81.001821, 29.9223853 ], [ 80.9981609, 29.926728 ], [ 81.0050492, 29.9400248 ], [ 81.0121124, 29.9456768 ], [ 81.0164627, 29.956002 ], [ 81.0211309, 29.9585807 ], [ 81.0172561, 29.9675057 ], [ 81.0202142, 29.9746238 ], [ 81.0148892, 29.9810814 ], [ 81.0213196, 29.9833922 ], [ 81.0247897, 29.9866567 ], [ 81.0379854, 30.0082498 ], [ 81.0380586, 30.014327 ], [ 81.0473443, 30.0220668 ], [ 81.052509, 30.0234018 ], [ 81.0627874, 30.0341627 ], [ 81.0682607, 30.0425185 ], [ 81.0786441, 30.0455232 ], [ 81.084202, 30.0519691 ], [ 81.0919801, 30.053276 ], [ 81.108131, 30.04322 ], [ 81.108131, 30.040346 ], [ 81.112064, 30.034598 ], [ 81.117509, 30.033841 ], [ 81.121744, 30.02885 ], [ 81.124316, 30.020227 ], [ 81.133392, 30.015387 ], [ 81.146401, 30.015387 ], [ 81.149729, 30.011757 ], [ 81.156838, 30.01221 ], [ 81.165309, 30.010547 ], [ 81.169847, 30.013572 ], [ 81.178166, 30.015538 ], [ 81.185125, 30.010395 ], [ 81.194805, 30.023404 ], [ 81.1985318, 30.0212779 ], [ 81.2058703, 30.0215252 ], [ 81.218554, 30.00737 ], [ 81.23247, 30.007824 ], [ 81.239882, 30.01221 ], [ 81.245177, 30.011303 ], [ 81.253799, 30.017807 ], [ 81.253496, 30.022043 ], [ 81.249412, 30.025522 ], [ 81.240941, 30.029001 ], [ 81.23837, 30.032026 ], [ 81.25032, 30.038682 ], [ 81.261967, 30.040043 ], [ 81.263631, 30.042766 ], [ 81.271497, 30.044732 ], [ 81.2804273, 30.0438151 ], [ 81.2841422, 30.0369637 ], [ 81.2874649, 30.035945 ], [ 81.3069443, 30.0313248 ], [ 81.3144896, 30.0331539 ], [ 81.3182617, 30.0256998 ], [ 81.3271805, 30.0254029 ], [ 81.3456992, 30.0188035 ], [ 81.3566257, 30.0079332 ], [ 81.3743775, 30.008894 ], [ 81.3764006, 30.0056726 ], [ 81.3832533, 30.0075376 ], [ 81.3859292, 30.0133586 ], [ 81.4048826, 30.0178872 ], [ 81.4287422, 30.0066899 ], [ 81.4402046, 30.0086188 ], [ 81.4456456, 30.0004164 ], [ 81.4567595, 29.9995189 ], [ 81.4627472, 29.9954963 ], [ 81.4601629, 29.9855638 ], [ 81.470718, 29.974039 ], [ 81.4676214, 29.9595995 ], [ 81.4526693, 29.9494435 ], [ 81.4444861, 29.9372232 ], [ 81.4592264, 29.927755 ], [ 81.4609339, 29.9111157 ], [ 81.4551556, 29.8998024 ], [ 81.4600064, 29.890835 ], [ 81.4815222, 29.8882883 ], [ 81.4918013, 29.8853176 ], [ 81.4937653, 29.8888597 ], [ 81.5049812, 29.8936783 ], [ 81.5072353, 29.8926263 ], [ 81.5094391, 29.8877707 ], [ 81.5277407, 29.8853861 ], [ 81.5415825, 29.8786149 ], [ 81.5563747, 29.8603994 ], [ 81.5566674, 29.8572187 ], [ 81.564817, 29.8515928 ], [ 81.5610753, 29.836863 ], [ 81.5584799, 29.8105198 ], [ 81.5513093, 29.8026403 ], [ 81.5477856, 29.8012993 ], [ 81.5466627, 29.7948921 ], [ 81.555988, 29.7740905 ], [ 81.5613085, 29.7715647 ], [ 81.5606026, 29.7687997 ], [ 81.5542009, 29.7625521 ], [ 81.5507949, 29.7525307 ], [ 81.537945, 29.7458904 ], [ 81.5344107, 29.7489229 ], [ 81.5243925, 29.7523353 ], [ 81.5128137, 29.7534928 ], [ 81.5075126, 29.7418628 ], [ 81.5078231, 29.7390499 ], [ 81.5110229, 29.7354324 ], [ 81.5107822, 29.7322116 ], [ 81.5140509, 29.726127 ], [ 81.5171914, 29.723998 ], [ 81.5214692, 29.7134805 ], [ 81.5241441, 29.7106099 ], [ 81.5220007, 29.7060939 ], [ 81.5189042, 29.7051821 ], [ 81.5142012, 29.7007239 ], [ 81.5190611, 29.6919585 ], [ 81.5151606, 29.6875385 ], [ 81.5157597, 29.6790653 ], [ 81.5074619, 29.6759357 ], [ 81.5062427, 29.6739381 ], [ 81.4946396, 29.6678618 ], [ 81.4870012, 29.6665117 ], [ 81.4762059, 29.6598033 ], [ 81.4659984, 29.6592442 ], [ 81.4463101, 29.6474674 ], [ 81.4416007, 29.6498091 ], [ 81.434964, 29.6454218 ], [ 81.4280204, 29.6454267 ], [ 81.42022, 29.6337984 ], [ 81.421794, 29.6295918 ], [ 81.4176708, 29.6244396 ], [ 81.4199901, 29.6191752 ], [ 81.4190738, 29.5988956 ], [ 81.4148977, 29.593471 ], [ 81.4024897, 29.5851912 ], [ 81.3981342, 29.5762 ], [ 81.3974738, 29.5706379 ], [ 81.4014068, 29.5672964 ], [ 81.4020224, 29.564852 ], [ 81.4001468, 29.5596014 ], [ 81.3958948, 29.55665 ], [ 81.3884215, 29.5563137 ], [ 81.3865532, 29.5539226 ], [ 81.3744414, 29.5515127 ], [ 81.3702306, 29.5489726 ], [ 81.3547489, 29.5314844 ], [ 81.351635, 29.5317834 ], [ 81.3496701, 29.5277473 ], [ 81.350312, 29.5246068 ], [ 81.3394761, 29.5097717 ], [ 81.3394863, 29.504638 ], [ 81.3261722, 29.4942986 ], [ 81.3203476, 29.4946063 ], [ 81.3183377, 29.4922995 ], [ 81.3146335, 29.4914892 ], [ 81.3175906, 29.4841247 ], [ 81.3166038, 29.4821943 ], [ 81.3131325, 29.4821724 ], [ 81.3115604, 29.4790739 ], [ 81.2911961, 29.4748544 ], [ 81.2940786, 29.4692094 ], [ 81.3034865, 29.4683194 ], [ 81.3037122, 29.4630169 ], [ 81.3077134, 29.4600037 ], [ 81.302607, 29.4548895 ], [ 81.3026291, 29.4508535 ], [ 81.296567, 29.4503605 ], [ 81.288474, 29.4463644 ], [ 81.2874958, 29.4434988 ], [ 81.2804128, 29.4429058 ], [ 81.2783711, 29.4371015 ], [ 81.2711674, 29.4369156 ], [ 81.2614944, 29.4336739 ], [ 81.2523531, 29.4225584 ], [ 81.2503093, 29.4221421 ], [ 81.2550422, 29.4164212 ], [ 81.2517276, 29.4132586 ], [ 81.2383146, 29.4144492 ], [ 81.232026, 29.4106146 ], [ 81.2256871, 29.4118198 ], [ 81.2195669, 29.4087094 ], [ 81.2187745, 29.4057098 ], [ 81.212478, 29.4043462 ], [ 81.2018059, 29.3954514 ], [ 81.1993421, 29.398582 ], [ 81.1933523, 29.4017671 ], [ 81.1869647, 29.3977807 ], [ 81.1851643, 29.4009334 ], [ 81.185378, 29.4060362 ], [ 81.1709272, 29.4143416 ], [ 81.1690461, 29.4036897 ], [ 81.1622482, 29.3945267 ], [ 81.1553221, 29.3956442 ], [ 81.1443772, 29.3916957 ], [ 81.1394744, 29.3933943 ], [ 81.1385887, 29.39811 ], [ 81.1334222, 29.40364 ], [ 81.1286493, 29.4044973 ], [ 81.1254774, 29.4031527 ], [ 81.1230171, 29.3959508 ], [ 81.1191299, 29.3957793 ], [ 81.1095349, 29.3995518 ], [ 81.099251, 29.4069249 ], [ 81.0854243, 29.4066892 ], [ 81.0819307, 29.4083823 ], [ 81.0763213, 29.4055961 ], [ 81.0746976, 29.4070964 ], [ 81.0621502, 29.404996 ], [ 81.0516017, 29.4080171 ], [ 81.0479299, 29.4124973 ], [ 81.0381686, 29.4112748 ], [ 81.0320366, 29.4124116 ], [ 81.0215815, 29.4216083 ], [ 81.0130926, 29.4210267 ], [ 81.0060037, 29.4182166 ], [ 80.9867636, 29.4050932 ], [ 80.9705201, 29.4003517 ], [ 80.9461003, 29.4001103 ], [ 80.9393877, 29.3974787 ], [ 80.9349038, 29.4033915 ], [ 80.9310695, 29.4127801 ], [ 80.9312957, 29.4189477 ], [ 80.9268321, 29.4230122 ], [ 80.926529, 29.4258574 ], [ 80.9156287, 29.4327892 ], [ 80.9117267, 29.4440318 ], [ 80.9076375, 29.4417489 ], [ 80.903351, 29.4419159 ], [ 80.9018974, 29.4444306 ], [ 80.8873747, 29.4421642 ], [ 80.8841053, 29.4431488 ], [ 80.8846208, 29.4470672 ], [ 80.8784166, 29.4564088 ], [ 80.8755988, 29.4646129 ], [ 80.8705521, 29.4671648 ], [ 80.8631513, 29.4654822 ], [ 80.8566116, 29.4684566 ], [ 80.8563666, 29.4756651 ], [ 80.8540091, 29.4759808 ], [ 80.8534455, 29.4794841 ], [ 80.8423659, 29.4917456 ], [ 80.8322769, 29.4952802 ], [ 80.8218712, 29.5017123 ], [ 80.8241271, 29.510467 ], [ 80.8173236, 29.5135744 ], [ 80.8169514, 29.5156559 ], [ 80.8084468, 29.5135044 ], [ 80.8046466, 29.5154999 ], [ 80.7896487, 29.505559 ], [ 80.7864498, 29.5084167 ], [ 80.7852183, 29.5131916 ], [ 80.7813644, 29.5184784 ], [ 80.781776, 29.5224211 ], [ 80.7799795, 29.5236107 ], [ 80.7702998, 29.524576 ], [ 80.7676454, 29.5266479 ], [ 80.7482261, 29.531158 ], [ 80.7495216, 29.5416044 ], [ 80.7472602, 29.5551478 ] ] ] } },
{ "type": "Feature", "properties": { "district_id": 44, "name": "बर्दिया" }, "geometry": { "type": "Polygon", "coordinates": [ [ [ 81.0597678, 28.4076027 ], [ 81.0656111, 28.4226132 ], [ 81.085291, 28.4390481 ], [ 81.0887704, 28.4481208 ], [ 81.0891866, 28.4545431 ], [ 81.0913539, 28.4577785 ], [ 81.0948862, 28.4597966 ], [ 81.1092963, 28.4616919 ], [ 81.1154479, 28.4742747 ], [ 81.1304556, 28.4829862 ], [ 81.1378916, 28.4913241 ], [ 81.1478857, 28.4970197 ], [ 81.1501784, 28.5008432 ], [ 81.1536751, 28.5020245 ], [ 81.1608958, 28.5010291 ], [ 81.167331, 28.5232716 ], [ 81.1891758, 28.5454687 ], [ 81.2084555, 28.5615186 ], [ 81.2274983, 28.5740153 ], [ 81.2456208, 28.5915454 ], [ 81.2619022, 28.6131953 ], [ 81.269216, 28.6186791 ], [ 81.2706176, 28.6307183 ], [ 81.2843435, 28.6415087 ], [ 81.2878908, 28.6506029 ], [ 81.2853128, 28.6733422 ], [ 81.2911903, 28.6747931 ], [ 81.2943351, 28.6732135 ], [ 81.3016809, 28.6735505 ], [ 81.302113, 28.6706017 ], [ 81.3038895, 28.6727922 ], [ 81.3074424, 28.6731924 ], [ 81.3086907, 28.671697 ], [ 81.3181971, 28.6702226 ], [ 81.3215339, 28.667674 ], [ 81.3216049, 28.6632426 ], [ 81.3164048, 28.6560275 ], [ 81.3161381, 28.6523223 ], [ 81.3103421, 28.6528905 ], [ 81.3105379, 28.649397 ], [ 81.3139603, 28.6457305 ], [ 81.3168163, 28.6377208 ], [ 81.3242009, 28.6361303 ], [ 81.3312202, 28.6315272 ], [ 81.3397185, 28.6299608 ], [ 81.345093, 28.6257138 ], [ 81.3637336, 28.624894 ], [ 81.3709491, 28.6181048 ], [ 81.3754957, 28.6167993 ], [ 81.3779623, 28.6130704 ], [ 81.4011966, 28.6076616 ], [ 81.4001804, 28.6036998 ], [ 81.4106443, 28.5959467 ], [ 81.4165931, 28.5966929 ], [ 81.419684, 28.5942984 ], [ 81.4202673, 28.5911219 ], [ 81.4249957, 28.5884041 ], [ 81.4226163, 28.5819756 ], [ 81.424361, 28.5784096 ], [ 81.4302673, 28.5787081 ], [ 81.4334198, 28.5722159 ], [ 81.4335897, 28.5637074 ], [ 81.4416114, 28.559763 ], [ 81.4448563, 28.5546959 ], [ 81.454036, 28.5531725 ], [ 81.466129, 28.5554349 ], [ 81.4758639, 28.5405492 ], [ 81.4872814, 28.5402325 ], [ 81.4917282, 28.5333696 ], [ 81.4971365, 28.5347422 ], [ 81.5125638, 28.5234434 ], [ 81.515461, 28.5137164 ], [ 81.5301235, 28.5104425 ], [ 81.5398584, 28.5003035 ], [ 81.5388969, 28.494283 ], [ 81.5425025, 28.4956562 ], [ 81.5527181, 28.4936493 ], [ 81.5568044, 28.4958674 ], [ 81.587812, 28.4689298 ], [ 81.5923795, 28.4688904 ], [ 81.6081231, 28.4549829 ], [ 81.6117875, 28.4562096 ], [ 81.6209657, 28.4459731 ], [ 81.6262455, 28.4451631 ], [ 81.6317585, 28.4361839 ], [ 81.644336, 28.4303549 ], [ 81.6490951, 28.4224328 ], [ 81.6591231, 28.416005 ], [ 81.6700009, 28.4140616 ], [ 81.6719086, 28.414633 ], [ 81.6736552, 28.41892 ], [ 81.6829339, 28.4122082 ], [ 81.687146, 28.4116252 ], [ 81.6921146, 28.4066387 ], [ 81.6916339, 28.4033879 ], [ 81.7038476, 28.3927497 ], [ 81.7089254, 28.3915338 ], [ 81.7133555, 28.3869106 ], [ 81.721049, 28.3828109 ], [ 81.7246466, 28.383438 ], [ 81.7317427, 28.377849 ], [ 81.7525211, 28.3746151 ], [ 81.7550919, 28.3710446 ], [ 81.767031, 28.3704268 ], [ 81.759418, 28.3586988 ], [ 81.7572016, 28.3518686 ], [ 81.7515359, 28.3443717 ], [ 81.7514024, 28.3324519 ], [ 81.7491925, 28.3284317 ], [ 81.7470562, 28.3276536 ], [ 81.7433729, 28.3183158 ], [ 81.7444529, 28.3135806 ], [ 81.7252333, 28.3163718 ], [ 81.7219041, 28.3199942 ], [ 81.7186855, 28.3195408 ], [ 81.7141364, 28.3240175 ], [ 81.7114542, 28.3243575 ], [ 81.7085145, 28.329854 ], [ 81.7022162, 28.3353327 ], [ 81.6972278, 28.334538 ], [ 81.6868313, 28.3381548 ], [ 81.6764419, 28.336187 ], [ 81.6734884, 28.3379378 ], [ 81.6757535, 28.3328974 ], [ 81.680605, 28.3341176 ], [ 81.6818667, 28.3313976 ], [ 81.6850888, 28.3323092 ], [ 81.6846091, 28.3260119 ], [ 81.6916315, 28.3276787 ], [ 81.6843162, 28.3242781 ], [ 81.6812936, 28.3154633 ], [ 81.678236, 28.3136542 ], [ 81.6781702, 28.3178222 ], [ 81.6801922, 28.3195009 ], [ 81.6804552, 28.3232013 ], [ 81.6789593, 28.3244675 ], [ 81.677003, 28.3224271 ], [ 81.662244, 28.2875149 ], [ 81.6533155, 28.2937674 ], [ 81.6499722, 28.2914954 ], [ 81.6459703, 28.2825343 ], [ 81.6408044, 28.2797778 ], [ 81.64645, 28.2771036 ], [ 81.6441828, 28.2744039 ], [ 81.6475558, 28.2680316 ], [ 81.6470809, 28.2661993 ], [ 81.642981, 28.2668323 ], [ 81.6405187, 28.2623403 ], [ 81.6230527, 28.2549491 ], [ 81.6202974, 28.24895 ], [ 81.612653, 28.2490269 ], [ 81.6082464, 28.2363003 ], [ 81.6010993, 28.2370959 ], [ 81.5960554, 28.2348971 ], [ 81.5936677, 28.238403 ], [ 81.5911153, 28.2358011 ], [ 81.5890221, 28.2361345 ], [ 81.5902023, 28.23949 ], [ 81.5891723, 28.2402461 ], [ 81.5817266, 28.2330365 ], [ 81.5816219, 28.2288541 ], [ 81.5774681, 28.230115 ], [ 81.5755049, 28.2279969 ], [ 81.578068, 28.2260108 ], [ 81.5779743, 28.2229799 ], [ 81.5753214, 28.2224263 ], [ 81.570688, 28.2164942 ], [ 81.5634012, 28.2137162 ], [ 81.562264, 28.214983 ], [ 81.5630579, 28.2176585 ], [ 81.5618884, 28.2178192 ], [ 81.5602275, 28.2067307 ], [ 81.5530194, 28.2040658 ], [ 81.5399388, 28.2033375 ], [ 81.534113, 28.197736 ], [ 81.5281654, 28.1951668 ], [ 81.5275991, 28.1919032 ], [ 81.5304744, 28.1870238 ], [ 81.529187, 28.1826453 ], [ 81.5273466, 28.1805576 ], [ 81.5181407, 28.1789233 ], [ 81.5186826, 28.1759246 ], [ 81.5235218, 28.1740959 ], [ 81.5185128, 28.1711881 ], [ 81.5221081, 28.1695726 ], [ 81.5223001, 28.1673263 ], [ 81.5160347, 28.1607447 ], [ 81.5169726, 28.1597873 ], [ 81.5223128, 28.1612004 ], [ 81.522847, 28.1576982 ], [ 81.5139861, 28.1551739 ], [ 81.513377, 28.1495058 ], [ 81.5098889, 28.1486453 ], [ 81.5066556, 28.1522579 ], [ 81.5036624, 28.1479916 ], [ 81.4991682, 28.1463855 ], [ 81.4988191, 28.1434462 ], [ 81.5042418, 28.1331727 ], [ 81.5043624, 28.1279263 ], [ 81.49894, 28.127117 ], [ 81.50574, 28.122511 ], [ 81.5011857, 28.1195382 ], [ 81.5009471, 28.117779 ], [ 81.5027032, 28.1152414 ], [ 81.5080773, 28.1129645 ], [ 81.5100896, 28.1066795 ], [ 81.5091133, 28.1045407 ], [ 81.504221, 28.1028656 ], [ 81.5133843, 28.0905783 ], [ 81.5243894, 28.0855965 ], [ 81.525101, 28.0834961 ], [ 81.5197348, 28.0814182 ], [ 81.5172715, 28.0762062 ], [ 81.5110027, 28.0740646 ], [ 81.5025955, 28.0735944 ], [ 81.5060663, 28.0713177 ], [ 81.5067111, 28.0680002 ], [ 81.4783173, 28.0825307 ], [ 81.4797934, 28.1102767 ], [ 81.4838055, 28.1183729 ], [ 81.4680387, 28.1269458 ], [ 81.4499051, 28.1408797 ], [ 81.4500646, 28.150654 ], [ 81.4459066, 28.1559615 ], [ 81.4463711, 28.160826 ], [ 81.4250506, 28.1712432 ], [ 81.4128712, 28.1745856 ], [ 81.394167, 28.173611 ], [ 81.3747155, 28.1772053 ], [ 81.3733623, 28.1754836 ], [ 81.3739842, 28.1731271 ], [ 81.3697361, 28.1705651 ], [ 81.3668347, 28.1653413 ], [ 81.3683696, 28.1609791 ], [ 81.3770655, 28.1586995 ], [ 81.3783265, 28.1554842 ], [ 81.3766432, 28.1497126 ], [ 81.3712226, 28.1423975 ], [ 81.3422676, 28.1395731 ], [ 81.3344104, 28.1401979 ], [ 81.3179327, 28.1335715 ], [ 81.3156612, 28.1380293 ], [ 81.3184063, 28.1454037 ], [ 81.3280473, 28.1482384 ], [ 81.3204055, 28.1602607 ], [ 81.3107376, 28.1558911 ], [ 81.3101378, 28.1601283 ], [ 81.3029174, 28.1625911 ], [ 81.3011744, 28.1655696 ], [ 81.3016795, 28.167859 ], [ 81.3038652, 28.1687015 ], [ 81.3134998, 28.1678832 ], [ 81.3219754, 28.1696149 ], [ 81.3246733, 28.175007 ], [ 81.3183025, 28.182385 ], [ 81.320562, 28.1972387 ], [ 81.2991931, 28.2200958 ], [ 81.2919237, 28.2228347 ], [ 81.285533, 28.2290999 ], [ 81.2326763, 28.2891834 ], [ 81.234511, 28.3246346 ], [ 81.2205338, 28.3436485 ], [ 81.2133428, 28.3582595 ], [ 81.2105973, 28.3605649 ], [ 81.1729027, 28.3680826 ], [ 81.1275536, 28.3750005 ], [ 81.0813668, 28.3843444 ], [ 81.0674764, 28.3943233 ], [ 81.0662304, 28.4011265 ], [ 81.0597678, 28.4076027 ] ] ] } },
{ "type": "Feature", "properties": { "district_id": 45, "name": "बाँके" }, "geometry": { "type": "Polygon", "coordinates": [ [ [ 81.4988191, 28.1434462 ], [ 81.4991682, 28.1463855 ], [ 81.5036624, 28.1479916 ], [ 81.5066556, 28.1522579 ], [ 81.5098889, 28.1486453 ], [ 81.513377, 28.1495058 ], [ 81.5139861, 28.1551739 ], [ 81.522847, 28.1576982 ], [ 81.5223128, 28.1612004 ], [ 81.5169726, 28.1597873 ], [ 81.5160347, 28.1607447 ], [ 81.5223001, 28.1673263 ], [ 81.5221081, 28.1695726 ], [ 81.5185128, 28.1711881 ], [ 81.5235218, 28.1740959 ], [ 81.5186826, 28.1759246 ], [ 81.5181407, 28.1789233 ], [ 81.5273466, 28.1805576 ], [ 81.529187, 28.1826453 ], [ 81.5304744, 28.1870238 ], [ 81.5275991, 28.1919032 ], [ 81.5281654, 28.1951668 ], [ 81.534113, 28.197736 ], [ 81.5399388, 28.2033375 ], [ 81.5530194, 28.2040658 ], [ 81.5602275, 28.2067307 ], [ 81.5618884, 28.2178192 ], [ 81.5630579, 28.2176585 ], [ 81.562264, 28.214983 ], [ 81.5634012, 28.2137162 ], [ 81.570688, 28.2164942 ], [ 81.5753214, 28.2224263 ], [ 81.5779743, 28.2229799 ], [ 81.578068, 28.2260108 ], [ 81.5755049, 28.2279969 ], [ 81.5774681, 28.230115 ], [ 81.5816219, 28.2288541 ], [ 81.5817266, 28.2330365 ], [ 81.5891723, 28.2402461 ], [ 81.5902023, 28.23949 ], [ 81.5890221, 28.2361345 ], [ 81.5911153, 28.2358011 ], [ 81.5936677, 28.238403 ], [ 81.5960554, 28.2348971 ], [ 81.6010993, 28.2370959 ], [ 81.6082464, 28.2363003 ], [ 81.612653, 28.2490269 ], [ 81.6202974, 28.24895 ], [ 81.6230527, 28.2549491 ], [ 81.6405187, 28.2623403 ], [ 81.642981, 28.2668323 ], [ 81.6470809, 28.2661993 ], [ 81.6475558, 28.2680316 ], [ 81.6441828, 28.2744039 ], [ 81.64645, 28.2771036 ], [ 81.6408044, 28.2797778 ], [ 81.6459703, 28.2825343 ], [ 81.6499722, 28.2914954 ], [ 81.6533155, 28.2937674 ], [ 81.662244, 28.2875149 ], [ 81.677003, 28.3224271 ], [ 81.6789593, 28.3244675 ], [ 81.6804552, 28.3232013 ], [ 81.6801922, 28.3195009 ], [ 81.6781702, 28.3178222 ], [ 81.678236, 28.3136542 ], [ 81.6812936, 28.3154633 ], [ 81.6843162, 28.3242781 ], [ 81.6898068, 28.325841 ], [ 81.6916315, 28.3276787 ], [ 81.6846091, 28.3260119 ], [ 81.6850888, 28.3323092 ], [ 81.6818667, 28.3313976 ], [ 81.680605, 28.3341176 ], [ 81.6757535, 28.3328974 ], [ 81.6734884, 28.3379378 ], [ 81.6764419, 28.336187 ], [ 81.6868313, 28.3381548 ], [ 81.6972278, 28.334538 ], [ 81.7022162, 28.3353327 ], [ 81.7085145, 28.329854 ], [ 81.7114542, 28.3243575 ], [ 81.7141364, 28.3240175 ], [ 81.7186855, 28.3195408 ], [ 81.7219041, 28.3199942 ], [ 81.7252333, 28.3163718 ], [ 81.7444529, 28.3135806 ], [ 81.7531613, 28.3070406 ], [ 81.7610788, 28.3093336 ], [ 81.7671211, 28.3008952 ], [ 81.7706631, 28.3007117 ], [ 81.772955, 28.2976848 ], [ 81.777018, 28.2980517 ], [ 81.7798307, 28.2951163 ], [ 81.7859772, 28.2957584 ], [ 81.7916028, 28.2826403 ], [ 81.7926446, 28.2741998 ], [ 81.7976451, 28.2732823 ], [ 81.8070303, 28.2837083 ], [ 81.821616, 28.2765724 ], [ 81.8267725, 28.2770914 ], [ 81.8305001, 28.2740507 ], [ 81.8419474, 28.2730691 ], [ 81.8501507, 28.2657586 ], [ 81.8522605, 28.2613907 ], [ 81.8613949, 28.2556808 ], [ 81.8646907, 28.2497295 ], [ 81.8638, 28.2443955 ], [ 81.8605705, 28.2390266 ], [ 81.8769785, 28.239715 ], [ 81.8827034, 28.2434969 ], [ 81.8868184, 28.2408354 ], [ 81.8879123, 28.2367971 ], [ 81.8984093, 28.232824 ], [ 81.9094771, 28.2324833 ], [ 81.9136963, 28.2281694 ], [ 81.9208324, 28.2272974 ], [ 81.9225848, 28.2245537 ], [ 81.9210322, 28.2203129 ], [ 81.9270513, 28.2158778 ], [ 81.9274147, 28.2093815 ], [ 81.9376328, 28.2075316 ], [ 81.9389347, 28.2017017 ], [ 81.9477481, 28.198608 ], [ 81.9481653, 28.1965168 ], [ 81.9520572, 28.1940731 ], [ 81.9628009, 28.1944043 ], [ 81.9644721, 28.1919812 ], [ 81.9636253, 28.1864866 ], [ 81.9657838, 28.1840172 ], [ 81.9710463, 28.1824051 ], [ 81.9735685, 28.1848367 ], [ 81.9783246, 28.1827998 ], [ 81.9808206, 28.1774918 ], [ 81.9850798, 28.1773375 ], [ 81.9868149, 28.1733002 ], [ 81.9992113, 28.1626217 ], [ 82.0177735, 28.1363156 ], [ 82.0188501, 28.1285492 ], [ 82.0184907, 28.1209862 ], [ 82.0166421, 28.1186312 ], [ 82.018287, 28.1110451 ], [ 82.017361, 28.1071722 ], [ 82.0192096, 28.105904 ], [ 82.0193636, 28.1011026 ], [ 82.0210599, 28.0991777 ], [ 82.036412, 28.095395 ], [ 82.0423173, 28.0963463 ], [ 82.0504307, 28.0895965 ], [ 82.0542536, 28.0915674 ], [ 82.0672966, 28.0846814 ], [ 82.0713019, 28.0845455 ], [ 82.075564, 28.0801962 ], [ 82.0864503, 28.0775684 ], [ 82.0886022, 28.07971 ], [ 82.1009744, 28.0734298 ], [ 82.1076243, 28.0729767 ], [ 82.1110472, 28.0700925 ], [ 82.1196741, 28.0668754 ], [ 82.1232663, 28.0633676 ], [ 82.1267566, 28.063137 ], [ 82.1340368, 28.05777 ], [ 82.1433494, 28.0552003 ], [ 82.1550935, 28.0486977 ], [ 82.1659866, 28.0456213 ], [ 82.1716707, 28.046715 ], [ 82.1793488, 28.0404937 ], [ 82.1802928, 28.0363274 ], [ 82.1823988, 28.0344686 ], [ 82.1914764, 28.0313276 ], [ 82.1940544, 28.0259109 ], [ 82.1938786, 28.0212726 ], [ 82.1897705, 28.0139287 ], [ 82.1907975, 28.0035014 ], [ 82.1855394, 27.9940826 ], [ 82.1902327, 27.9810566 ], [ 82.1924921, 27.9799229 ], [ 82.1931083, 27.9728937 ], [ 82.1897633, 27.9696118 ], [ 82.1916196, 27.9663118 ], [ 82.1926089, 27.9597307 ], [ 82.1915887, 27.9576553 ], [ 82.1930623, 27.9535253 ], [ 82.1756288, 27.9520511 ], [ 82.1682086, 27.9564509 ], [ 82.1640749, 27.9561334 ], [ 82.158298, 27.9599434 ], [ 82.1522566, 27.9615718 ], [ 82.1469803, 27.9624768 ], [ 82.1407669, 27.9592792 ], [ 82.1333321, 27.9627516 ], [ 82.1326646, 27.9593046 ], [ 82.1202267, 27.949459 ], [ 82.1145781, 27.9502301 ], [ 82.1143612, 27.9536499 ], [ 82.1116255, 27.9510466 ], [ 82.1015975, 27.9490988 ], [ 82.0963598, 27.9510039 ], [ 82.0949733, 27.9559935 ], [ 82.0919437, 27.9543152 ], [ 82.0897356, 27.9503689 ], [ 82.069941, 27.9530995 ], [ 82.0675082, 27.9508062 ], [ 82.0662191, 27.9435891 ], [ 82.0638702, 27.9408385 ], [ 82.0655704, 27.9383481 ], [ 82.0677853, 27.9380755 ], [ 82.0673042, 27.9340816 ], [ 82.0689291, 27.9312265 ], [ 82.0650705, 27.9284324 ], [ 82.0646329, 27.9254638 ], [ 82.0679462, 27.9239559 ], [ 82.06225, 27.9217355 ], [ 82.0445442, 27.9246954 ], [ 82.0252468, 27.9251107 ], [ 81.9912631, 27.9292144 ], [ 81.9682829, 27.9290536 ], [ 81.9616804, 27.9234519 ], [ 81.9594188, 27.9165123 ], [ 81.950954, 27.9103492 ], [ 81.9475525, 27.9033289 ], [ 81.938324, 27.8938599 ], [ 81.9380745, 27.8878659 ], [ 81.9299977, 27.8827398 ], [ 81.9253587, 27.8756241 ], [ 81.9258888, 27.8600718 ], [ 81.9000426, 27.8536315 ], [ 81.8849591, 27.8569699 ], [ 81.8775676, 27.8661992 ], [ 81.839578, 27.8914402 ], [ 81.8339723, 27.8973015 ], [ 81.8210943, 27.9036785 ], [ 81.80497, 27.9033871 ], [ 81.6984631, 27.9882002 ], [ 81.6437992, 27.9936803 ], [ 81.6391003, 27.9973642 ], [ 81.6274806, 28.0018686 ], [ 81.624785, 28.0013357 ], [ 81.6188134, 28.0090083 ], [ 81.5966684, 28.0210214 ], [ 81.5833194, 28.0262328 ], [ 81.5476197, 28.0492528 ], [ 81.5067111, 28.0680002 ], [ 81.5060663, 28.0713177 ], [ 81.5025955, 28.0735944 ], [ 81.5110027, 28.0740646 ], [ 81.5172715, 28.0762062 ], [ 81.5197348, 28.0814182 ], [ 81.525101, 28.0834961 ], [ 81.5243894, 28.0855965 ], [ 81.5133843, 28.0905783 ], [ 81.504221, 28.1028656 ], [ 81.5091133, 28.1045407 ], [ 81.5100896, 28.1066795 ], [ 81.5080773, 28.1129645 ], [ 81.5027032, 28.1152414 ], [ 81.5009471, 28.117779 ], [ 81.5011857, 28.1195382 ], [ 81.50574, 28.122511 ], [ 81.49894, 28.127117 ], [ 81.5043624, 28.1279263 ], [ 81.5042418, 28.1331727 ], [ 81.4988191, 28.1434462 ] ] ] } },
{ "type": "Feature", "properties": { "district_id": 46, "name": "बागलुङ" }, "geometry": { "type": "Polygon", "coordinates": [ [ [ 82.8751076, 28.5165372 ], [ 82.8937079, 28.5149906 ], [ 82.9019821, 28.5186263 ], [ 82.9139938, 28.527409 ], [ 82.9110709, 28.5307373 ], [ 82.9124099, 28.5331331 ], [ 82.9117396, 28.5357405 ], [ 82.9133446, 28.5373026 ], [ 82.9114741, 28.5428003 ], [ 82.9146032, 28.5522988 ], [ 82.9135528, 28.5554358 ], [ 82.9162704, 28.5643749 ], [ 82.918359, 28.5638447 ], [ 82.9205292, 28.5662809 ], [ 82.9247465, 28.5670511 ], [ 82.9330303, 28.5649181 ], [ 82.9403566, 28.5607621 ], [ 82.9427389, 28.5575804 ], [ 82.9515947, 28.5553037 ], [ 82.9552115, 28.5509606 ], [ 82.9636572, 28.5497039 ], [ 82.9736962, 28.541159 ], [ 82.9802157, 28.5495052 ], [ 82.9810102, 28.5572846 ], [ 82.9851488, 28.5636192 ], [ 82.9858615, 28.5711838 ], [ 82.9828713, 28.5712268 ], [ 82.9776562, 28.5756041 ], [ 82.9747025, 28.574753 ], [ 82.9682573, 28.5774811 ], [ 82.962211, 28.5820822 ], [ 82.9549362, 28.5922773 ], [ 82.9526819, 28.5982899 ], [ 82.9567867, 28.6067399 ], [ 82.9573309, 28.6114064 ], [ 82.9682521, 28.6162638 ], [ 82.9722795, 28.620245 ], [ 82.9736133, 28.625515 ], [ 82.9769285, 28.628698 ], [ 82.9824002, 28.6304967 ], [ 82.9858763, 28.6292725 ], [ 82.9899211, 28.6247239 ], [ 82.9928608, 28.6265132 ], [ 83.0053706, 28.6218421 ], [ 83.0095656, 28.6234997 ], [ 83.0142702, 28.6213242 ], [ 83.0195649, 28.621117 ], [ 83.0234058, 28.6258635 ], [ 83.0343493, 28.6253832 ], [ 83.0431684, 28.6299976 ], [ 83.051848, 28.6251572 ], [ 83.0572231, 28.6195348 ], [ 83.0675657, 28.6237068 ], [ 83.0717929, 28.6226144 ], [ 83.0811377, 28.6257128 ], [ 83.0841954, 28.6305721 ], [ 83.0910833, 28.6342588 ], [ 83.0975957, 28.6353275 ], [ 83.1072295, 28.6323642 ], [ 83.1050776, 28.6278585 ], [ 83.1059655, 28.6208042 ], [ 83.1029617, 28.6072063 ], [ 83.1040572, 28.6033563 ], [ 83.1025689, 28.6012686 ], [ 83.1085911, 28.5849915 ], [ 83.1083216, 28.5760135 ], [ 83.1064399, 28.57237 ], [ 83.1004358, 28.5670835 ], [ 83.1013589, 28.562593 ], [ 83.0999048, 28.5555909 ], [ 83.1029482, 28.5508571 ], [ 83.101292, 28.5415209 ], [ 83.1247274, 28.5294213 ], [ 83.1267135, 28.5257217 ], [ 83.1263091, 28.5167562 ], [ 83.1307266, 28.5118358 ], [ 83.1300558, 28.4955593 ], [ 83.1379439, 28.4975926 ], [ 83.1469879, 28.4972129 ], [ 83.1613988, 28.4955247 ], [ 83.1671179, 28.4928703 ], [ 83.175917, 28.4968142 ], [ 83.1892191, 28.497475 ], [ 83.2030122, 28.5029536 ], [ 83.2115692, 28.5078444 ], [ 83.2130977, 28.5114251 ], [ 83.2178825, 28.513682 ], [ 83.2413834, 28.5066123 ], [ 83.2547065, 28.4954142 ], [ 83.2653313, 28.4916636 ], [ 83.271815, 28.4925457 ], [ 83.2814666, 28.4834465 ], [ 83.2814886, 28.4768338 ], [ 83.2956933, 28.4700178 ], [ 83.295743, 28.4660631 ], [ 83.3002173, 28.4595083 ], [ 83.2976568, 28.4552912 ], [ 83.2878679, 28.4462397 ], [ 83.2729651, 28.4416718 ], [ 83.2746371, 28.4301998 ], [ 83.2766725, 28.4297775 ], [ 83.2785081, 28.4337876 ], [ 83.2799165, 28.4334221 ], [ 83.2834141, 28.4275518 ], [ 83.2873538, 28.4260609 ], [ 83.2894375, 28.4224672 ], [ 83.2891278, 28.4187339 ], [ 83.296629, 28.416618 ], [ 83.2905705, 28.40694 ], [ 83.2895358, 28.3964754 ], [ 83.2867929, 28.3973946 ], [ 83.2820488, 28.3925742 ], [ 83.2837313, 28.3827915 ], [ 83.2863848, 28.3804605 ], [ 83.2825154, 28.3721433 ], [ 83.2790378, 28.3699741 ], [ 83.2790216, 28.3675459 ], [ 83.2859793, 28.3685592 ], [ 83.2885235, 28.3668998 ], [ 83.2890497, 28.36425 ], [ 83.2966608, 28.3609206 ], [ 83.3009615, 28.3566155 ], [ 83.3103113, 28.3542517 ], [ 83.3132039, 28.3569522 ], [ 83.3193963, 28.3583363 ], [ 83.321684, 28.3620142 ], [ 83.3268315, 28.3654403 ], [ 83.3331228, 28.3652855 ], [ 83.3356525, 28.3699309 ], [ 83.3389961, 28.3684018 ], [ 83.3410369, 28.3709843 ], [ 83.3518717, 28.3688505 ], [ 83.3633694, 28.3701051 ], [ 83.377819, 28.3553684 ], [ 83.3834057, 28.356897 ], [ 83.393974, 28.3557961 ], [ 83.4013997, 28.3577825 ], [ 83.4102585, 28.3568449 ], [ 83.4227478, 28.3455238 ], [ 83.4243262, 28.3434922 ], [ 83.4238329, 28.3407485 ], [ 83.4380502, 28.3399876 ], [ 83.4405642, 28.3361813 ], [ 83.4415367, 28.3293033 ], [ 83.4542456, 28.3274362 ], [ 83.462741, 28.3242501 ], [ 83.4822106, 28.3217465 ], [ 83.4828617, 28.3191412 ], [ 83.4964164, 28.3236917 ], [ 83.5119443, 28.3161527 ], [ 83.5230365, 28.3152249 ], [ 83.5326984, 28.3114192 ], [ 83.532342, 28.3067481 ], [ 83.5354644, 28.3032055 ], [ 83.5461703, 28.3132008 ], [ 83.553464, 28.3140698 ], [ 83.5622604, 28.317418 ], [ 83.571273, 28.3132421 ], [ 83.5853581, 28.3098194 ], [ 83.5916572, 28.3013501 ], [ 83.6015908, 28.2983322 ], [ 83.6001537, 28.290312 ], [ 83.6022624, 28.2870239 ], [ 83.6071054, 28.2858763 ], [ 83.6048895, 28.2795044 ], [ 83.6053115, 28.2694137 ], [ 83.6104513, 28.2672478 ], [ 83.6098137, 28.2588605 ], [ 83.613122, 28.2592983 ], [ 83.6166234, 28.2574086 ], [ 83.6168583, 28.2544784 ], [ 83.6227719, 28.2507608 ], [ 83.6290886, 28.2508036 ], [ 83.6300539, 28.2468801 ], [ 83.6372171, 28.2451414 ], [ 83.6484431, 28.2377505 ], [ 83.6567467, 28.237727 ], [ 83.6610535, 28.230091 ], [ 83.6649767, 28.2314119 ], [ 83.6678935, 28.2304038 ], [ 83.6686993, 28.2270173 ], [ 83.672568, 28.223016 ], [ 83.6742899, 28.2164322 ], [ 83.6735023, 28.2129813 ], [ 83.669172, 28.209832 ], [ 83.671698, 28.2054187 ], [ 83.6635411, 28.1988346 ], [ 83.6597513, 28.1995464 ], [ 83.6578254, 28.1936056 ], [ 83.6553895, 28.1940303 ], [ 83.6511468, 28.1865692 ], [ 83.6473881, 28.1864323 ], [ 83.6469532, 28.180436 ], [ 83.6452137, 28.1779169 ], [ 83.639467, 28.1751513 ], [ 83.6444371, 28.1678947 ], [ 83.6364329, 28.159713 ], [ 83.6385356, 28.1542574 ], [ 83.6335286, 28.1510509 ], [ 83.6373222, 28.1477057 ], [ 83.6363331, 28.1405265 ], [ 83.6390683, 28.1371128 ], [ 83.6328826, 28.1320662 ], [ 83.6332192, 28.12791 ], [ 83.6294426, 28.1222056 ], [ 83.6223312, 28.1216119 ], [ 83.6094128, 28.1124634 ], [ 83.6046788, 28.110719 ], [ 83.6014177, 28.1038709 ], [ 83.6003131, 28.0950391 ], [ 83.5975225, 28.0937869 ], [ 83.5890797, 28.0810403 ], [ 83.5848818, 28.0803632 ], [ 83.5813917, 28.0816411 ], [ 83.5805045, 28.0773946 ], [ 83.5754511, 28.0831177 ], [ 83.5754985, 28.0872968 ], [ 83.5674178, 28.0895507 ], [ 83.562191, 28.0930434 ], [ 83.5649207, 28.1012142 ], [ 83.5552988, 28.1061531 ], [ 83.5542958, 28.1171496 ], [ 83.5484529, 28.1198637 ], [ 83.5388983, 28.1206066 ], [ 83.5315156, 28.1164745 ], [ 83.524112, 28.1207891 ], [ 83.5209152, 28.120069 ], [ 83.5151993, 28.1223061 ], [ 83.5101088, 28.1263448 ], [ 83.5062518, 28.1262746 ], [ 83.499597, 28.1174742 ], [ 83.4851602, 28.1129571 ], [ 83.4833186, 28.1167592 ], [ 83.476734, 28.117556 ], [ 83.4740975, 28.1193925 ], [ 83.4781396, 28.1289949 ], [ 83.4735243, 28.1323682 ], [ 83.4670534, 28.1325091 ], [ 83.4619085, 28.1299781 ], [ 83.4573484, 28.1324075 ], [ 83.4516216, 28.1266909 ], [ 83.444837, 28.1250469 ], [ 83.4389805, 28.1310756 ], [ 83.4375493, 28.1308871 ], [ 83.436245, 28.1292281 ], [ 83.4306841, 28.129019 ], [ 83.4268419, 28.1254949 ], [ 83.4230499, 28.1254234 ], [ 83.4192836, 28.1283237 ], [ 83.4184666, 28.1368709 ], [ 83.4137376, 28.1376012 ], [ 83.4105909, 28.1445447 ], [ 83.4075572, 28.1453421 ], [ 83.4063017, 28.148581 ], [ 83.3995936, 28.1506436 ], [ 83.3958348, 28.1545754 ], [ 83.3900224, 28.1673855 ], [ 83.384018, 28.1635412 ], [ 83.3740016, 28.1752192 ], [ 83.3703673, 28.1764216 ], [ 83.3699341, 28.1826875 ], [ 83.364972, 28.1851685 ], [ 83.3643887, 28.1891569 ], [ 83.3616405, 28.1925093 ], [ 83.3555669, 28.1956874 ], [ 83.3557014, 28.1974678 ], [ 83.3527305, 28.198074 ], [ 83.350021, 28.1943857 ], [ 83.3447427, 28.1936482 ], [ 83.3377378, 28.1897914 ], [ 83.3265842, 28.1889643 ], [ 83.3249817, 28.1903926 ], [ 83.3161811, 28.1900704 ], [ 83.3074177, 28.1976937 ], [ 83.3048566, 28.197676 ], [ 83.29772, 28.1925143 ], [ 83.2896716, 28.1930329 ], [ 83.2799328, 28.1896822 ], [ 83.2775603, 28.1908816 ], [ 83.2730509, 28.1868064 ], [ 83.273215, 28.1891894 ], [ 83.2705532, 28.1913736 ], [ 83.2708289, 28.1950416 ], [ 83.2669555, 28.1989195 ], [ 83.2593421, 28.1997867 ], [ 83.258868, 28.2040262 ], [ 83.2542148, 28.2066064 ], [ 83.2537508, 28.2115881 ], [ 83.2518228, 28.2141105 ], [ 83.2441313, 28.2171753 ], [ 83.242883, 28.2193607 ], [ 83.2336293, 28.2219702 ], [ 83.2331972, 28.2261661 ], [ 83.2257868, 28.2327035 ], [ 83.2257999, 28.2357321 ], [ 83.2223554, 28.2367891 ], [ 83.2195651, 28.2417776 ], [ 83.2155982, 28.2440402 ], [ 83.2158362, 28.2482921 ], [ 83.2062235, 28.2515997 ], [ 83.2036442, 28.2562527 ], [ 83.1935339, 28.2633503 ], [ 83.1895858, 28.2643919 ], [ 83.1848678, 28.2708026 ], [ 83.1802254, 28.2686216 ], [ 83.178041, 28.2648581 ], [ 83.1678774, 28.2580701 ], [ 83.1614738, 28.266864 ], [ 83.1547632, 28.2703092 ], [ 83.1438819, 28.2613751 ], [ 83.1341579, 28.2507709 ], [ 83.1308316, 28.2498147 ], [ 83.1266424, 28.2518053 ], [ 83.1247505, 28.2580181 ], [ 83.1139107, 28.2530294 ], [ 83.105834, 28.2516559 ], [ 83.1013777, 28.2556266 ], [ 83.094088, 28.2567129 ], [ 83.0970347, 28.2770307 ], [ 83.0925274, 28.2776379 ], [ 83.0846378, 28.2896283 ], [ 83.0786694, 28.2911712 ], [ 83.0762053, 28.2979213 ], [ 83.068868, 28.30173 ], [ 83.0687037, 28.3116128 ], [ 83.0610622, 28.3173535 ], [ 83.0517282, 28.3181111 ], [ 83.0435509, 28.3242194 ], [ 83.032497, 28.3209958 ], [ 83.0284571, 28.3242314 ], [ 83.0182744, 28.324977 ], [ 83.0114209, 28.3331922 ], [ 83.0036045, 28.3328476 ], [ 82.9932753, 28.3510297 ], [ 82.9865366, 28.3538453 ], [ 82.9796852, 28.3594565 ], [ 82.9689921, 28.3575745 ], [ 82.9555748, 28.3599539 ], [ 82.9566376, 28.3642877 ], [ 82.9555589, 28.3714287 ], [ 82.9479152, 28.3769553 ], [ 82.9505738, 28.3835364 ], [ 82.947268, 28.3868579 ], [ 82.9459101, 28.3910089 ], [ 82.9419503, 28.3932929 ], [ 82.942876, 28.3972661 ], [ 82.9375337, 28.3990817 ], [ 82.9365055, 28.4017514 ], [ 82.9193512, 28.4009566 ], [ 82.9167081, 28.4030715 ], [ 82.9192464, 28.4067657 ], [ 82.9186088, 28.4163024 ], [ 82.9127175, 28.4271912 ], [ 82.9144251, 28.4337661 ], [ 82.909003, 28.4370099 ], [ 82.9003684, 28.4476533 ], [ 82.8960933, 28.4469072 ], [ 82.8859767, 28.4527032 ], [ 82.8866947, 28.4565479 ], [ 82.8824849, 28.4620278 ], [ 82.8786583, 28.4758271 ], [ 82.8897672, 28.4798861 ], [ 82.9022169, 28.4757017 ], [ 82.9069618, 28.4756806 ], [ 82.9127355, 28.4784876 ], [ 82.8928772, 28.4966307 ], [ 82.8868725, 28.5042451 ], [ 82.8871336, 28.5081022 ], [ 82.8751076, 28.5165372 ] ] ] } },
{ "type": "Feature", "properties": { "district_id": 47, "name": "बाजुरा" }, "geometry": { "type": "Polygon", "coordinates": [ [ [ 81.1694832, 29.3860657 ], [ 81.1770996, 29.3929363 ], [ 81.1886614, 29.3980394 ], [ 81.1933523, 29.4017671 ], [ 81.1993421, 29.398582 ], [ 81.2018059, 29.3954514 ], [ 81.212478, 29.4043462 ], [ 81.2187745, 29.4057098 ], [ 81.2195669, 29.4087094 ], [ 81.2256871, 29.4118198 ], [ 81.232026, 29.4106146 ], [ 81.2383146, 29.4144492 ], [ 81.2517276, 29.4132586 ], [ 81.2550422, 29.4164212 ], [ 81.2503093, 29.4221421 ], [ 81.2523531, 29.4225584 ], [ 81.2614944, 29.4336739 ], [ 81.2711674, 29.4369156 ], [ 81.2783711, 29.4371015 ], [ 81.2804128, 29.4429058 ], [ 81.2874958, 29.4434988 ], [ 81.288474, 29.4463644 ], [ 81.296567, 29.4503605 ], [ 81.3026291, 29.4508535 ], [ 81.302607, 29.4548895 ], [ 81.3077134, 29.4600037 ], [ 81.3037122, 29.4630169 ], [ 81.3034865, 29.4683194 ], [ 81.2940786, 29.4692094 ], [ 81.2911961, 29.4748544 ], [ 81.3115604, 29.4790739 ], [ 81.3131325, 29.4821724 ], [ 81.3166038, 29.4821943 ], [ 81.3175906, 29.4841247 ], [ 81.3146335, 29.4914892 ], [ 81.3183377, 29.4922995 ], [ 81.3203476, 29.4946063 ], [ 81.3261722, 29.4942986 ], [ 81.3394863, 29.504638 ], [ 81.3394761, 29.5097717 ], [ 81.350312, 29.5246068 ], [ 81.3496701, 29.5277473 ], [ 81.351635, 29.5317834 ], [ 81.3547489, 29.5314844 ], [ 81.3702306, 29.5489726 ], [ 81.3744414, 29.5515127 ], [ 81.3865532, 29.5539226 ], [ 81.3884215, 29.5563137 ], [ 81.3958948, 29.55665 ], [ 81.4001468, 29.5596014 ], [ 81.4020224, 29.564852 ], [ 81.4014068, 29.5672964 ], [ 81.3974738, 29.5706379 ], [ 81.3981342, 29.5762 ], [ 81.4024897, 29.5851912 ], [ 81.4148977, 29.593471 ], [ 81.4190738, 29.5988956 ], [ 81.4199901, 29.6191752 ], [ 81.4176708, 29.6244396 ], [ 81.421794, 29.6295918 ], [ 81.42022, 29.6337984 ], [ 81.4280204, 29.6454267 ], [ 81.434964, 29.6454218 ], [ 81.4416007, 29.6498091 ], [ 81.4463101, 29.6474674 ], [ 81.4659984, 29.6592442 ], [ 81.4762059, 29.6598033 ], [ 81.4870012, 29.6665117 ], [ 81.4946396, 29.6678618 ], [ 81.5062427, 29.6739381 ], [ 81.5074619, 29.6759357 ], [ 81.5157597, 29.6790653 ], [ 81.5151606, 29.6875385 ], [ 81.5190611, 29.6919585 ], [ 81.5142012, 29.7007239 ], [ 81.5189042, 29.7051821 ], [ 81.5220007, 29.7060939 ], [ 81.5241441, 29.7106099 ], [ 81.5214692, 29.7134805 ], [ 81.5171914, 29.723998 ], [ 81.5140509, 29.726127 ], [ 81.5107822, 29.7322116 ], [ 81.5110229, 29.7354324 ], [ 81.5078231, 29.7390499 ], [ 81.5075126, 29.7418628 ], [ 81.5128137, 29.7534928 ], [ 81.5243925, 29.7523353 ], [ 81.5344107, 29.7489229 ], [ 81.537945, 29.7458904 ], [ 81.5507949, 29.7525307 ], [ 81.5542009, 29.7625521 ], [ 81.5606026, 29.7687997 ], [ 81.5613085, 29.7715647 ], [ 81.555988, 29.7740905 ], [ 81.5466627, 29.7948921 ], [ 81.5477856, 29.8012993 ], [ 81.5513093, 29.8026403 ], [ 81.5584799, 29.8105198 ], [ 81.5610753, 29.836863 ], [ 81.564817, 29.8515928 ], [ 81.5566674, 29.8572187 ], [ 81.5563747, 29.8603994 ], [ 81.5415825, 29.8786149 ], [ 81.5258278, 29.8860661 ], [ 81.5094391, 29.8877707 ], [ 81.5072353, 29.8926263 ], [ 81.5049812, 29.8936783 ], [ 81.5170194, 29.903691 ], [ 81.5121738, 29.9136116 ], [ 81.5122958, 29.9166347 ], [ 81.5175125, 29.9225613 ], [ 81.5348327, 29.9275308 ], [ 81.5416656, 29.9271757 ], [ 81.5490033, 29.9231348 ], [ 81.555249, 29.9271103 ], [ 81.5599242, 29.9258436 ], [ 81.5642593, 29.9306093 ], [ 81.5726596, 29.9341675 ], [ 81.5774621, 29.9337514 ], [ 81.5823795, 29.9364927 ], [ 81.5865648, 29.9366684 ], [ 81.5906785, 29.9311016 ], [ 81.6032819, 29.9310587 ], [ 81.6052504, 29.9324725 ], [ 81.6058262, 29.9370997 ], [ 81.6123129, 29.9428264 ], [ 81.6150245, 29.9395029 ], [ 81.6255103, 29.9380532 ], [ 81.6341852, 29.9406985 ], [ 81.6368584, 29.9447036 ], [ 81.6436568, 29.9483944 ], [ 81.6535318, 29.9425042 ], [ 81.6570045, 29.9437577 ], [ 81.6696484, 29.9399346 ], [ 81.6873334, 29.9495583 ], [ 81.6993291, 29.9390646 ], [ 81.6975619, 29.9315369 ], [ 81.7085933, 29.9270438 ], [ 81.7105667, 29.9140208 ], [ 81.7155854, 29.9091325 ], [ 81.7273991, 29.9120625 ], [ 81.7316856, 29.910458 ], [ 81.7328425, 29.9074484 ], [ 81.7417481, 29.9070844 ], [ 81.7512853, 29.9091624 ], [ 81.7544586, 29.9082654 ], [ 81.7616782, 29.9122481 ], [ 81.7707737, 29.9093417 ], [ 81.7790346, 29.9112553 ], [ 81.781515, 29.9086926 ], [ 81.7857607, 29.9106722 ], [ 81.8003699, 29.9017176 ], [ 81.7985575, 29.8963648 ], [ 81.7931249, 29.8959312 ], [ 81.7957339, 29.8913923 ], [ 81.7953842, 29.8817115 ], [ 81.7970327, 29.8789128 ], [ 81.7958267, 29.8650203 ], [ 81.7912629, 29.8544825 ], [ 81.793921, 29.8496578 ], [ 81.7880337, 29.8434292 ], [ 81.7807958, 29.8397922 ], [ 81.7859494, 29.8307185 ], [ 81.7797678, 29.8066408 ], [ 81.7736165, 29.7983034 ], [ 81.764782, 29.8017816 ], [ 81.7559718, 29.7970969 ], [ 81.7521225, 29.8000792 ], [ 81.7446501, 29.7941294 ], [ 81.7393204, 29.7927348 ], [ 81.740347, 29.7900787 ], [ 81.7373162, 29.785699 ], [ 81.7359021, 29.7764285 ], [ 81.7297157, 29.7700066 ], [ 81.7316598, 29.7558544 ], [ 81.7264994, 29.7478926 ], [ 81.727785, 29.7421567 ], [ 81.7229589, 29.7303679 ], [ 81.7136541, 29.7232444 ], [ 81.709743, 29.7066091 ], [ 81.6971725, 29.6772423 ], [ 81.6989889, 29.6615342 ], [ 81.7026965, 29.6541141 ], [ 81.7002261, 29.6481455 ], [ 81.7036097, 29.6457754 ], [ 81.6992882, 29.643326 ], [ 81.7038489, 29.6402319 ], [ 81.7023591, 29.6379495 ], [ 81.7092021, 29.633099 ], [ 81.7094546, 29.6271069 ], [ 81.7132181, 29.6250187 ], [ 81.7166782, 29.6204414 ], [ 81.7197024, 29.6216068 ], [ 81.7205721, 29.6166502 ], [ 81.7282932, 29.6146562 ], [ 81.7363629, 29.6067665 ], [ 81.7740965, 29.6057053 ], [ 81.7763246, 29.6002404 ], [ 81.7900872, 29.5962096 ], [ 81.7905117, 29.5930715 ], [ 81.7884332, 29.5899564 ], [ 81.7974986, 29.5784997 ], [ 81.7985966, 29.5632429 ], [ 81.79666, 29.5526404 ], [ 81.7900567, 29.5405518 ], [ 81.7923931, 29.5294873 ], [ 81.7889459, 29.5296255 ], [ 81.7834297, 29.5267428 ], [ 81.7812513, 29.5206491 ], [ 81.7765609, 29.5171743 ], [ 81.7806646, 29.509108 ], [ 81.7759345, 29.5083887 ], [ 81.7698624, 29.5101252 ], [ 81.7625632, 29.5054201 ], [ 81.7873334, 29.5011768 ], [ 81.7896097, 29.4943064 ], [ 81.8043856, 29.474874 ], [ 81.8083777, 29.456695 ], [ 81.8077552, 29.4536567 ], [ 81.8061065, 29.4535054 ], [ 81.8027205, 29.4481576 ], [ 81.8051321, 29.43913 ], [ 81.801973, 29.4315321 ], [ 81.7990275, 29.4296438 ], [ 81.7989202, 29.4214699 ], [ 81.7968156, 29.414343 ], [ 81.7974661, 29.4069112 ], [ 81.794389, 29.3990773 ], [ 81.7900725, 29.3955037 ], [ 81.7886692, 29.3881246 ], [ 81.7693922, 29.3923604 ], [ 81.7663642, 29.3906202 ], [ 81.7673693, 29.3864985 ], [ 81.7600935, 29.3859424 ], [ 81.7599862, 29.3835098 ], [ 81.7576884, 29.3820316 ], [ 81.757538, 29.3778024 ], [ 81.7493614, 29.366529 ], [ 81.7491413, 29.3607532 ], [ 81.7509023, 29.359312 ], [ 81.7499789, 29.3537343 ], [ 81.7524716, 29.3525787 ], [ 81.7467841, 29.3464161 ], [ 81.7467878, 29.3421622 ], [ 81.7434483, 29.337383 ], [ 81.7388458, 29.3338557 ], [ 81.7304728, 29.3343943 ], [ 81.7157271, 29.3310967 ], [ 81.7023295, 29.3303602 ], [ 81.6955085, 29.3272057 ], [ 81.6905475, 29.3201072 ], [ 81.6827008, 29.3191829 ], [ 81.6786229, 29.3216823 ], [ 81.6700203, 29.3165162 ], [ 81.6640026, 29.3192273 ], [ 81.6572862, 29.3191114 ], [ 81.6525689, 29.321812 ], [ 81.6484863, 29.3207909 ], [ 81.6463245, 29.323109 ], [ 81.645282, 29.3286418 ], [ 81.6414801, 29.3339997 ], [ 81.6442591, 29.3450875 ], [ 81.6418689, 29.3560379 ], [ 81.6395871, 29.354925 ], [ 81.6377483, 29.3618888 ], [ 81.6339394, 29.3647696 ], [ 81.6269809, 29.3659414 ], [ 81.6250443, 29.3689374 ], [ 81.6180292, 29.3706673 ], [ 81.6114299, 29.3706168 ], [ 81.6089281, 29.3668195 ], [ 81.6041561, 29.3672583 ], [ 81.5998828, 29.3653379 ], [ 81.5812588, 29.3646829 ], [ 81.5730239, 29.3605502 ], [ 81.5702171, 29.3504992 ], [ 81.5668767, 29.3479171 ], [ 81.5604831, 29.351526 ], [ 81.5579918, 29.3569516 ], [ 81.5538162, 29.3536118 ], [ 81.5501959, 29.3493355 ], [ 81.5512455, 29.3474547 ], [ 81.5475626, 29.3382005 ], [ 81.5392482, 29.3310617 ], [ 81.5360274, 29.3309316 ], [ 81.53258, 29.3265009 ], [ 81.5287981, 29.3260335 ], [ 81.5237528, 29.3150523 ], [ 81.5179631, 29.3149255 ], [ 81.516125, 29.3123039 ], [ 81.5079169, 29.3145329 ], [ 81.5009557, 29.2982777 ], [ 81.4917054, 29.2911441 ], [ 81.4836274, 29.2790356 ], [ 81.4661787, 29.2718425 ], [ 81.4582474, 29.2796139 ], [ 81.4427154, 29.2870117 ], [ 81.4264755, 29.2854156 ], [ 81.416238, 29.2769087 ], [ 81.4047917, 29.2843866 ], [ 81.3966187, 29.2840749 ], [ 81.3950591, 29.2898449 ], [ 81.3886152, 29.2984079 ], [ 81.3819371, 29.3026642 ], [ 81.3820232, 29.2963309 ], [ 81.3765757, 29.2921908 ], [ 81.3727121, 29.2917323 ], [ 81.3664358, 29.2837058 ], [ 81.3536075, 29.284685 ], [ 81.3480758, 29.2913557 ], [ 81.3429531, 29.2921158 ], [ 81.3397159, 29.2980104 ], [ 81.3405026, 29.3018543 ], [ 81.3361764, 29.3017641 ], [ 81.33253, 29.3044941 ], [ 81.3299216, 29.3140408 ], [ 81.3280186, 29.3151842 ], [ 81.3227004, 29.3138814 ], [ 81.3203522, 29.3184652 ], [ 81.317471, 29.3192037 ], [ 81.3185916, 29.3223519 ], [ 81.3173643, 29.3235615 ], [ 81.3087377, 29.3253294 ], [ 81.308002, 29.3228133 ], [ 81.304239, 29.3205949 ], [ 81.3024234, 29.3223984 ], [ 81.3009293, 29.3184283 ], [ 81.298368, 29.3184283 ], [ 81.2990556, 29.3149222 ], [ 81.2955156, 29.3146065 ], [ 81.2948473, 29.3099578 ], [ 81.281962, 29.3096125 ], [ 81.2750963, 29.3046337 ], [ 81.2719303, 29.3042924 ], [ 81.2699381, 29.3017176 ], [ 81.2678215, 29.3017021 ], [ 81.2693156, 29.3036875 ], [ 81.2683907, 29.3062778 ], [ 81.2645177, 29.3079732 ], [ 81.2645665, 29.3112565 ], [ 81.2610803, 29.3132417 ], [ 81.2597389, 29.3177022 ], [ 81.2528272, 29.3279435 ], [ 81.255425, 29.3279441 ], [ 81.2585441, 29.3313762 ], [ 81.2589717, 29.3379329 ], [ 81.2549093, 29.3412769 ], [ 81.2543368, 29.34441 ], [ 81.2518645, 29.3441619 ], [ 81.248983, 29.3506272 ], [ 81.2425915, 29.3540263 ], [ 81.2364476, 29.3532502 ], [ 81.2351536, 29.3572525 ], [ 81.2296041, 29.3576246 ], [ 81.2220407, 29.3621732 ], [ 81.216647, 29.3633717 ], [ 81.210411, 29.3623107 ], [ 81.2065689, 29.3654317 ], [ 81.200884, 29.364774 ], [ 81.1902823, 29.3742396 ], [ 81.1863142, 29.374815 ], [ 81.1848101, 29.3772554 ], [ 81.1791755, 29.3803789 ], [ 81.177138, 29.3848503 ], [ 81.1694832, 29.3860657 ] ] ] } },
{ "type": "Feature", "properties": { "district_id": 48, "name": "बारा जिल्ला" }, "geometry": { "type": "Polygon", "coordinates": [ [ [ 84.8661352, 26.9839416 ], [ 84.868411, 26.9882334 ], [ 84.8670056, 26.9892014 ], [ 84.8704539, 26.9892704 ], [ 84.8739632, 26.9866081 ], [ 84.8787634, 26.9896002 ], [ 84.8804103, 26.9891389 ], [ 84.8801045, 26.9919186 ], [ 84.8863371, 26.9937087 ], [ 84.8885113, 26.9981438 ], [ 84.8910094, 26.999415 ], [ 84.8906283, 27.0014719 ], [ 84.8931991, 27.0019204 ], [ 84.8954414, 27.0049411 ], [ 84.8975681, 27.004402 ], [ 84.9009808, 27.0109138 ], [ 84.9030707, 27.0103399 ], [ 84.903355, 27.0122874 ], [ 84.905436, 27.012522 ], [ 84.9113453, 27.0182971 ], [ 84.909926, 27.0220943 ], [ 84.9134133, 27.0250735 ], [ 84.9141397, 27.0308081 ], [ 84.9166219, 27.0320091 ], [ 84.9171854, 27.0343524 ], [ 84.9015464, 27.0322052 ], [ 84.8986704, 27.033566 ], [ 84.9020393, 27.0392329 ], [ 84.9000786, 27.0462087 ], [ 84.9175827, 27.0726648 ], [ 84.9313586, 27.0685664 ], [ 84.9354033, 27.0697128 ], [ 84.9362938, 27.0746901 ], [ 84.9287085, 27.0770783 ], [ 84.928326, 27.0806742 ], [ 84.9256865, 27.0821119 ], [ 84.9274784, 27.0833966 ], [ 84.9241702, 27.0841473 ], [ 84.9283799, 27.0900278 ], [ 84.9402755, 27.0931966 ], [ 84.9384965, 27.0965448 ], [ 84.939621, 27.1000018 ], [ 84.9383845, 27.1040274 ], [ 84.9418713, 27.106193 ], [ 84.9413888, 27.1116843 ], [ 84.9514457, 27.1187821 ], [ 84.9548896, 27.1266123 ], [ 84.9536343, 27.1303458 ], [ 84.9553617, 27.1350148 ], [ 84.9468121, 27.1410525 ], [ 84.9504994, 27.1464878 ], [ 84.9512418, 27.1514444 ], [ 84.9527653, 27.1516354 ], [ 84.9492516, 27.1561019 ], [ 84.9506678, 27.1623306 ], [ 84.9462458, 27.1607498 ], [ 84.9448655, 27.1633102 ], [ 84.9494732, 27.1740322 ], [ 84.949372, 27.1821697 ], [ 84.9544249, 27.1872431 ], [ 84.953615, 27.1898548 ], [ 84.9568755, 27.1931152 ], [ 84.9595175, 27.1929249 ], [ 84.960679, 27.1956111 ], [ 84.9579051, 27.2059496 ], [ 84.9643359, 27.2222891 ], [ 84.9636114, 27.2345634 ], [ 84.973756, 27.2656121 ], [ 84.967705, 27.2777366 ], [ 84.9629114, 27.282751 ], [ 84.956427, 27.2994627 ], [ 84.958796, 27.3075408 ], [ 84.9626059, 27.3098597 ], [ 84.9619391, 27.3123793 ], [ 84.9675111, 27.3128593 ], [ 84.9674314, 27.3189122 ], [ 84.9687556, 27.3199109 ], [ 84.9644759, 27.3276562 ], [ 84.9637883, 27.3368341 ], [ 84.9667214, 27.3406108 ], [ 84.9660082, 27.343638 ], [ 84.9677782, 27.3477445 ], [ 84.9665318, 27.3509966 ], [ 84.9692074, 27.3563292 ], [ 84.9722367, 27.3550802 ], [ 84.9770271, 27.3561917 ], [ 84.9792997, 27.3608978 ], [ 84.9846857, 27.3625507 ], [ 84.9889837, 27.3619459 ], [ 84.995416, 27.3656454 ], [ 84.9990044, 27.3652427 ], [ 85.0010798, 27.3583695 ], [ 85.0003134, 27.3558988 ], [ 85.003642, 27.352447 ], [ 85.0125474, 27.3554096 ], [ 85.0204625, 27.3518791 ], [ 85.0219641, 27.3525504 ], [ 85.020559, 27.3567193 ], [ 85.0261055, 27.3588968 ], [ 85.0312519, 27.3606918 ], [ 85.0367032, 27.3570917 ], [ 85.0399377, 27.3592887 ], [ 85.0437582, 27.3592646 ], [ 85.0444241, 27.3615713 ], [ 85.0479927, 27.3614513 ], [ 85.0557179, 27.365248 ], [ 85.059423, 27.363838 ], [ 85.0594428, 27.3612686 ], [ 85.0614338, 27.3601634 ], [ 85.0652317, 27.3625532 ], [ 85.0668156, 27.3601785 ], [ 85.0692851, 27.3617062 ], [ 85.0693021, 27.3640355 ], [ 85.0863575, 27.3609608 ], [ 85.0878166, 27.3578164 ], [ 85.0906705, 27.3567872 ], [ 85.0899838, 27.3537189 ], [ 85.0919665, 27.3519674 ], [ 85.0924558, 27.3426238 ], [ 85.0911612, 27.3413483 ], [ 85.0937946, 27.3332031 ], [ 85.1029913, 27.3233079 ], [ 85.1039791, 27.3193436 ], [ 85.1162073, 27.3182239 ], [ 85.1186939, 27.3143804 ], [ 85.1207035, 27.301699 ], [ 85.1246206, 27.301699 ], [ 85.1266984, 27.2964323 ], [ 85.1260853, 27.2928605 ], [ 85.1360995, 27.2904389 ], [ 85.1395398, 27.2853231 ], [ 85.1442403, 27.2828105 ], [ 85.1450639, 27.2734241 ], [ 85.1488046, 27.2689144 ], [ 85.1508143, 27.268763 ], [ 85.1515296, 27.2656445 ], [ 85.1550379, 27.2637976 ], [ 85.1560257, 27.261457 ], [ 85.1678452, 27.2602853 ], [ 85.1700933, 27.2549561 ], [ 85.1806866, 27.2543807 ], [ 85.1774267, 27.2491667 ], [ 85.1914948, 27.2452384 ], [ 85.197342, 27.2455054 ], [ 85.1993376, 27.2493208 ], [ 85.2016121, 27.2504081 ], [ 85.2063355, 27.2484677 ], [ 85.2080601, 27.2451621 ], [ 85.2147334, 27.2466882 ], [ 85.2165359, 27.244523 ], [ 85.2209884, 27.2437026 ], [ 85.2238744, 27.2456104 ], [ 85.2311915, 27.243426 ], [ 85.2385085, 27.248262 ], [ 85.2431142, 27.2485435 ], [ 85.245139, 27.246507 ], [ 85.2512222, 27.2449045 ], [ 85.2532285, 27.2378935 ], [ 85.2581852, 27.2339919 ], [ 85.2568441, 27.2320553 ], [ 85.2575522, 27.2289167 ], [ 85.2611035, 27.2262932 ], [ 85.2667683, 27.2259498 ], [ 85.2687927, 27.2281266 ], [ 85.2708027, 27.2264356 ], [ 85.2623212, 27.2220402 ], [ 85.261623, 27.2201355 ], [ 85.2650677, 27.2133389 ], [ 85.2514972, 27.1900003 ], [ 85.2500781, 27.1742531 ], [ 85.2451276, 27.1648653 ], [ 85.2461495, 27.1593346 ], [ 85.2449743, 27.1560766 ], [ 85.2379916, 27.1517578 ], [ 85.2318775, 27.1450746 ], [ 85.2309919, 27.133935 ], [ 85.206078, 27.1168995 ], [ 85.196745, 27.1067123 ], [ 85.1966428, 27.0981009 ], [ 85.2013611, 27.092402 ], [ 85.2001172, 27.0893373 ], [ 85.2016159, 27.0889885 ], [ 85.2018477, 27.0821002 ], [ 85.1993864, 27.0829918 ], [ 85.1986184, 27.079466 ], [ 85.1966258, 27.080118 ], [ 85.194003, 27.0769487 ], [ 85.2001342, 27.0693967 ], [ 85.2002023, 27.0653929 ], [ 85.1974092, 27.0629209 ], [ 85.1939349, 27.0654688 ], [ 85.1914484, 27.0636943 ], [ 85.1923074, 27.0602348 ], [ 85.1830074, 27.0499782 ], [ 85.1869005, 27.046824 ], [ 85.1944973, 27.0507487 ], [ 85.1964443, 27.0501538 ], [ 85.1978767, 27.0464869 ], [ 85.1945243, 27.0429714 ], [ 85.2003639, 27.0419119 ], [ 85.2006883, 27.0391187 ], [ 85.1993365, 27.0377943 ], [ 85.1780059, 27.0384203 ], [ 85.1768975, 27.0364217 ], [ 85.1790873, 27.0332912 ], [ 85.1920101, 27.0329781 ], [ 85.1980836, 27.0278338 ], [ 85.1949028, 27.021852 ], [ 85.1827371, 27.0183839 ], [ 85.1821423, 27.0138319 ], [ 85.1860624, 27.0116882 ], [ 85.1869275, 27.0072805 ], [ 85.1778978, 27.0032338 ], [ 85.174924, 26.9992834 ], [ 85.1760163, 26.9975984 ], [ 85.1723822, 26.9964781 ], [ 85.1711848, 26.992088 ], [ 85.169371, 26.992179 ], [ 85.1659918, 26.9874396 ], [ 85.1634008, 26.9801638 ], [ 85.1647741, 26.9782755 ], [ 85.1684648, 26.9790786 ], [ 85.1719678, 26.9770229 ], [ 85.1708305, 26.9763393 ], [ 85.1727306, 26.9730971 ], [ 85.1698577, 26.9616885 ], [ 85.1706394, 26.9586898 ], [ 85.1683581, 26.9543417 ], [ 85.1756241, 26.9469642 ], [ 85.1747712, 26.9435976 ], [ 85.1691385, 26.9447932 ], [ 85.1640531, 26.9424738 ], [ 85.16386, 26.9382224 ], [ 85.1688757, 26.9335165 ], [ 85.1701041, 26.9343199 ], [ 85.1704743, 26.9323639 ], [ 85.1755866, 26.9307665 ], [ 85.176756, 26.9325743 ], [ 85.1788428, 26.9324547 ], [ 85.1793659, 26.9296847 ], [ 85.1781288, 26.9231969 ], [ 85.1696549, 26.920191 ], [ 85.1721584, 26.9200733 ], [ 85.170847, 26.918494 ], [ 85.1722308, 26.9188812 ], [ 85.1725374, 26.9174234 ], [ 85.1709407, 26.9158213 ], [ 85.175186, 26.9126321 ], [ 85.177021, 26.9071295 ], [ 85.1761486, 26.9009693 ], [ 85.1724103, 26.9017591 ], [ 85.1707328, 26.8995796 ], [ 85.1751608, 26.8966786 ], [ 85.1749139, 26.8921979 ], [ 85.1715247, 26.8910131 ], [ 85.1707413, 26.8922206 ], [ 85.1638036, 26.8918728 ], [ 85.1631055, 26.8889478 ], [ 85.164501, 26.887964 ], [ 85.164619, 26.8907772 ], [ 85.1680844, 26.8898156 ], [ 85.1674214, 26.8870873 ], [ 85.1694577, 26.8837248 ], [ 85.1707612, 26.8839162 ], [ 85.1698976, 26.8825095 ], [ 85.1713513, 26.8823038 ], [ 85.1729499, 26.8783611 ], [ 85.170761, 26.8773843 ], [ 85.167269, 26.8801124 ], [ 85.1654892, 26.8788674 ], [ 85.1685036, 26.8742012 ], [ 85.1755326, 26.871874 ], [ 85.1762574, 26.8691934 ], [ 85.1656964, 26.8686909 ], [ 85.1398528, 26.8711911 ], [ 85.1349409, 26.8678918 ], [ 85.1240445, 26.8714785 ], [ 85.111041, 26.8724361 ], [ 85.110076, 26.8713123 ], [ 85.0992304, 26.871232 ], [ 85.0958449, 26.867217 ], [ 85.0901058, 26.8685564 ], [ 85.0863957, 26.867099 ], [ 85.0856576, 26.8643946 ], [ 85.0893171, 26.860455 ], [ 85.0870354, 26.8586459 ], [ 85.0872937, 26.8565061 ], [ 85.0848412, 26.8552669 ], [ 85.0873055, 26.8528119 ], [ 85.0837142, 26.8541975 ], [ 85.0837511, 26.8566007 ], [ 85.0807518, 26.8552391 ], [ 85.0772751, 26.8587405 ], [ 85.0782465, 26.8562657 ], [ 85.0665241, 26.8536919 ], [ 85.0658805, 26.8504536 ], [ 85.0638596, 26.8495014 ], [ 85.0622932, 26.8501906 ], [ 85.0612563, 26.8552974 ], [ 85.0599093, 26.853691 ], [ 85.0585058, 26.855305 ], [ 85.0572595, 26.8546888 ], [ 85.056909, 26.8512815 ], [ 85.0585794, 26.8505509 ], [ 85.057308, 26.8491797 ], [ 85.0240928, 26.8543976 ], [ 85.0233733, 26.8568626 ], [ 85.0299566, 26.8599328 ], [ 85.027143, 26.8668703 ], [ 85.0308514, 26.8679895 ], [ 85.027881, 26.8709355 ], [ 85.028988, 26.8755765 ], [ 85.0354824, 26.874441 ], [ 85.0375673, 26.8752145 ], [ 85.0369584, 26.8773375 ], [ 85.0381208, 26.8775679 ], [ 85.041737, 26.8741777 ], [ 85.0436112, 26.8794883 ], [ 85.0470163, 26.8780569 ], [ 85.0532785, 26.8806985 ], [ 85.0495864, 26.8820832 ], [ 85.0487645, 26.8846432 ], [ 85.0509562, 26.8828745 ], [ 85.053722, 26.8840614 ], [ 85.0563456, 26.8807251 ], [ 85.0600357, 26.8837152 ], [ 85.0605491, 26.8861571 ], [ 85.0592315, 26.8846095 ], [ 85.0570267, 26.8850284 ], [ 85.0515411, 26.8870407 ], [ 85.0531919, 26.8889354 ], [ 85.0495198, 26.8898018 ], [ 85.0223568, 26.8917102 ], [ 85.0041458, 26.8950484 ], [ 84.9928306, 26.9030526 ], [ 84.9930958, 26.905666 ], [ 84.9957964, 26.906707 ], [ 85.0023767, 26.903568 ], [ 85.0005295, 26.906057 ], [ 85.0012654, 26.9099958 ], [ 84.9999173, 26.9119232 ], [ 84.9691569, 26.9164442 ], [ 84.9716582, 26.9225044 ], [ 84.9699326, 26.9246104 ], [ 84.9716827, 26.9271092 ], [ 84.970361, 26.9288878 ], [ 84.9772835, 26.9320712 ], [ 84.9786416, 26.9365545 ], [ 84.9749896, 26.9391394 ], [ 84.9784027, 26.9401139 ], [ 84.9660751, 26.9564033 ], [ 84.9662632, 26.958273 ], [ 84.9644945, 26.9581011 ], [ 84.9624956, 26.9605153 ], [ 84.9534666, 26.9600731 ], [ 84.9292986, 26.9687682 ], [ 84.9093193, 26.9680884 ], [ 84.8990003, 26.9701175 ], [ 84.8966185, 26.9731458 ], [ 84.8915638, 26.9722148 ], [ 84.8919684, 26.9696505 ], [ 84.888257, 26.9775305 ], [ 84.8661352, 26.9839416 ] ] ] } },
{ "type": "Feature", "properties": { "district_id": 49, "name": "बैतडी" }, "geometry": { "type": "Polygon", "coordinates": [ [ [ 80.2419874, 29.412192 ], [ 80.2453366, 29.4147176 ], [ 80.2440687, 29.4236377 ], [ 80.2473986, 29.4322538 ], [ 80.2469511, 29.4377696 ], [ 80.2424883, 29.4425452 ], [ 80.2441822, 29.445641 ], [ 80.2554976, 29.4479885 ], [ 80.2576393, 29.451476 ], [ 80.2659358, 29.4485921 ], [ 80.2701797, 29.4502204 ], [ 80.2742357, 29.4495642 ], [ 80.2747337, 29.4517892 ], [ 80.26969, 29.4536311 ], [ 80.2692136, 29.455379 ], [ 80.2770945, 29.4586776 ], [ 80.2805882, 29.4575659 ], [ 80.2792421, 29.4537631 ], [ 80.2815576, 29.4512657 ], [ 80.2938617, 29.4534916 ], [ 80.3017658, 29.4517468 ], [ 80.3024236, 29.4555273 ], [ 80.2931275, 29.4647836 ], [ 80.2873115, 29.4735218 ], [ 80.2871757, 29.4771981 ], [ 80.2936573, 29.4794942 ], [ 80.2966264, 29.4851077 ], [ 80.2965334, 29.488363 ], [ 80.2990359, 29.4904118 ], [ 80.300943, 29.4904118 ], [ 80.3043385, 29.4860632 ], [ 80.3131008, 29.4844212 ], [ 80.3146401, 29.4905939 ], [ 80.3129079, 29.496841 ], [ 80.3143835, 29.4995373 ], [ 80.3291778, 29.5056804 ], [ 80.3319939, 29.5129749 ], [ 80.3407686, 29.5097909 ], [ 80.3458345, 29.5142266 ], [ 80.3499714, 29.5192965 ], [ 80.3484054, 29.5243537 ], [ 80.3556413, 29.5278052 ], [ 80.3579371, 29.5325329 ], [ 80.357082, 29.5342099 ], [ 80.3519247, 29.53611 ], [ 80.3490398, 29.5401591 ], [ 80.3417573, 29.5405019 ], [ 80.341407, 29.5424127 ], [ 80.3458659, 29.5486225 ], [ 80.3425718, 29.5528699 ], [ 80.3487086, 29.5553642 ], [ 80.3631738, 29.5562811 ], [ 80.3644329, 29.5575329 ], [ 80.3621325, 29.5623172 ], [ 80.3639406, 29.5640958 ], [ 80.378934, 29.560806 ], [ 80.3785726, 29.571208 ], [ 80.3888131, 29.5726288 ], [ 80.3912175, 29.5812819 ], [ 80.3983124, 29.5871585 ], [ 80.4021483, 29.5882991 ], [ 80.4072808, 29.5951428 ], [ 80.4088206, 29.6049156 ], [ 80.4170277, 29.6061453 ], [ 80.4178673, 29.6091764 ], [ 80.4166494, 29.6121546 ], [ 80.4179815, 29.6143882 ], [ 80.4275413, 29.6117155 ], [ 80.4291204, 29.6182 ], [ 80.4371255, 29.6201537 ], [ 80.4418998, 29.6164827 ], [ 80.4508939, 29.6254262 ], [ 80.4586613, 29.6261998 ], [ 80.4671588, 29.620382 ], [ 80.4794214, 29.6230883 ], [ 80.49303, 29.6237218 ], [ 80.4982452, 29.6273728 ], [ 80.499564, 29.6332447 ], [ 80.5056327, 29.6384112 ], [ 80.505162, 29.6436543 ], [ 80.5105986, 29.647233 ], [ 80.5119981, 29.6500866 ], [ 80.5237741, 29.65471 ], [ 80.5431382, 29.6664669 ], [ 80.551939, 29.6680805 ], [ 80.5540652, 29.6715414 ], [ 80.5593672, 29.6707335 ], [ 80.5601903, 29.6733698 ], [ 80.5682023, 29.6780326 ], [ 80.5735767, 29.6876273 ], [ 80.5756793, 29.6867232 ], [ 80.5773358, 29.6883837 ], [ 80.5874451, 29.6885498 ], [ 80.5906719, 29.6907931 ], [ 80.5971931, 29.6904296 ], [ 80.6016744, 29.691963 ], [ 80.6074511, 29.6863911 ], [ 80.6127181, 29.6885313 ], [ 80.6256337, 29.687134 ], [ 80.6328516, 29.690487 ], [ 80.6395627, 29.6896752 ], [ 80.6431428, 29.6857195 ], [ 80.6456669, 29.6852063 ], [ 80.6470096, 29.6819869 ], [ 80.6552059, 29.6816706 ], [ 80.6611984, 29.6826912 ], [ 80.6651302, 29.6861135 ], [ 80.6676113, 29.6854097 ], [ 80.6699404, 29.6873232 ], [ 80.6749785, 29.6873671 ], [ 80.6757887, 29.691106 ], [ 80.680371, 29.6950867 ], [ 80.6848299, 29.7042168 ], [ 80.6949555, 29.7062659 ], [ 80.7079927, 29.7011413 ], [ 80.706928, 29.6997385 ], [ 80.7108803, 29.699618 ], [ 80.7203371, 29.7033723 ], [ 80.7322162, 29.7040215 ], [ 80.7351951, 29.706442 ], [ 80.7388466, 29.7047386 ], [ 80.7452706, 29.7048954 ], [ 80.7553323, 29.7082119 ], [ 80.7584598, 29.7043969 ], [ 80.7622465, 29.7042232 ], [ 80.765136, 29.7016461 ], [ 80.7797607, 29.7023435 ], [ 80.7839274, 29.6963809 ], [ 80.7876254, 29.6951448 ], [ 80.7927755, 29.6883751 ], [ 80.7959292, 29.6882527 ], [ 80.7948919, 29.6834583 ], [ 80.79157, 29.6813569 ], [ 80.7920719, 29.6779304 ], [ 80.7892419, 29.6789524 ], [ 80.787441, 29.6778799 ], [ 80.7827455, 29.6801907 ], [ 80.7805555, 29.6782539 ], [ 80.7786077, 29.6654699 ], [ 80.7759273, 29.6683615 ], [ 80.7710902, 29.6687087 ], [ 80.7629159, 29.6618854 ], [ 80.7640642, 29.6509414 ], [ 80.7621284, 29.6481309 ], [ 80.7714473, 29.6422566 ], [ 80.7760926, 29.642376 ], [ 80.7840969, 29.6458834 ], [ 80.7889526, 29.6438689 ], [ 80.7910148, 29.6411573 ], [ 80.7847415, 29.6353624 ], [ 80.7812851, 29.6343543 ], [ 80.7839618, 29.6257907 ], [ 80.7827787, 29.622229 ], [ 80.7876519, 29.6135959 ], [ 80.7875806, 29.6112449 ], [ 80.7859078, 29.6084227 ], [ 80.7865375, 29.6037231 ], [ 80.784668, 29.5954938 ], [ 80.7825381, 29.5910424 ], [ 80.7784359, 29.5887901 ], [ 80.7777235, 29.5822892 ], [ 80.7789447, 29.579978 ], [ 80.7764672, 29.5770219 ], [ 80.7801076, 29.5706005 ], [ 80.7772079, 29.5694024 ], [ 80.7755569, 29.5665835 ], [ 80.7764606, 29.5600115 ], [ 80.7715531, 29.5522442 ], [ 80.7646874, 29.5552521 ], [ 80.7486638, 29.557233 ], [ 80.7472602, 29.5551478 ], [ 80.7495216, 29.5416044 ], [ 80.7482261, 29.531158 ], [ 80.7676454, 29.5266479 ], [ 80.7702998, 29.524576 ], [ 80.7799795, 29.5236107 ], [ 80.781776, 29.5224211 ], [ 80.7813644, 29.5184784 ], [ 80.7852183, 29.5131916 ], [ 80.7864498, 29.5084167 ], [ 80.7896487, 29.505559 ], [ 80.8046466, 29.5154999 ], [ 80.8084468, 29.5135044 ], [ 80.8169514, 29.5156559 ], [ 80.8173236, 29.5135744 ], [ 80.8241271, 29.510467 ], [ 80.8218712, 29.5017123 ], [ 80.8322769, 29.4952802 ], [ 80.8423659, 29.4917456 ], [ 80.8534455, 29.4794841 ], [ 80.8540091, 29.4759808 ], [ 80.8563666, 29.4756651 ], [ 80.8566116, 29.4684566 ], [ 80.8631513, 29.4654822 ], [ 80.8705521, 29.4671648 ], [ 80.8755988, 29.4646129 ], [ 80.8784166, 29.4564088 ], [ 80.8846208, 29.4470672 ], [ 80.8841053, 29.4431488 ], [ 80.8873747, 29.4421642 ], [ 80.9018974, 29.4444306 ], [ 80.903351, 29.4419159 ], [ 80.9076375, 29.4417489 ], [ 80.9086213, 29.4403681 ], [ 80.9066542, 29.4382923 ], [ 80.9013967, 29.43704 ], [ 80.899478, 29.4328982 ], [ 80.8956355, 29.4311529 ], [ 80.8907412, 29.4239193 ], [ 80.8838108, 29.421851 ], [ 80.8742131, 29.4118064 ], [ 80.867388, 29.4116255 ], [ 80.86187, 29.4146182 ], [ 80.859891, 29.4095466 ], [ 80.8516781, 29.4076909 ], [ 80.8522325, 29.4048735 ], [ 80.8601128, 29.3974101 ], [ 80.8586544, 29.3883619 ], [ 80.8521401, 29.3773517 ], [ 80.8447753, 29.3757096 ], [ 80.8342259, 29.3809262 ], [ 80.8265519, 29.3709222 ], [ 80.821521, 29.3701169 ], [ 80.8123487, 29.3646666 ], [ 80.7950246, 29.3661389 ], [ 80.790842, 29.3650186 ], [ 80.7856631, 29.3663515 ], [ 80.7848779, 29.3735248 ], [ 80.7801748, 29.3758591 ], [ 80.7796576, 29.3786769 ], [ 80.7621777, 29.3859825 ], [ 80.7624951, 29.3923422 ], [ 80.7665348, 29.3960958 ], [ 80.767325, 29.3998415 ], [ 80.7574582, 29.3994299 ], [ 80.741062, 29.4017412 ], [ 80.7212732, 29.409464 ], [ 80.7185032, 29.4185839 ], [ 80.7119685, 29.4142758 ], [ 80.7065582, 29.4145531 ], [ 80.7025141, 29.4195608 ], [ 80.6952732, 29.419398 ], [ 80.6919377, 29.4219458 ], [ 80.6820235, 29.4250635 ], [ 80.6686681, 29.4186807 ], [ 80.6777396, 29.4105443 ], [ 80.6784899, 29.4012813 ], [ 80.6764129, 29.3990451 ], [ 80.6728227, 29.3994971 ], [ 80.666938, 29.3974523 ], [ 80.6619531, 29.3924458 ], [ 80.6577495, 29.3922693 ], [ 80.6538881, 29.3848866 ], [ 80.6504357, 29.3825039 ], [ 80.6450396, 29.3863589 ], [ 80.6380793, 29.3869045 ], [ 80.6353893, 29.3855538 ], [ 80.6264247, 29.3881795 ], [ 80.6229495, 29.3898861 ], [ 80.6224315, 29.3931413 ], [ 80.6161063, 29.396485 ], [ 80.5817765, 29.3963081 ], [ 80.5757356, 29.4121591 ], [ 80.5717033, 29.4143068 ], [ 80.5610174, 29.4150459 ], [ 80.5521234, 29.4184843 ], [ 80.550236, 29.4181336 ], [ 80.5477663, 29.4118923 ], [ 80.5478734, 29.3986785 ], [ 80.5427176, 29.3985549 ], [ 80.5377994, 29.3935866 ], [ 80.5320051, 29.3919464 ], [ 80.5164359, 29.3922668 ], [ 80.5078135, 29.394173 ], [ 80.5025018, 29.3988056 ], [ 80.4897788, 29.3943443 ], [ 80.479762, 29.3856574 ], [ 80.4577756, 29.3960142 ], [ 80.4519466, 29.3923714 ], [ 80.447462, 29.3943446 ], [ 80.4448363, 29.3922393 ], [ 80.4451241, 29.3885058 ], [ 80.4421988, 29.3888152 ], [ 80.4403518, 29.3860299 ], [ 80.4385954, 29.3919949 ], [ 80.4361747, 29.3940036 ], [ 80.4310909, 29.392465 ], [ 80.4294488, 29.3874916 ], [ 80.4249455, 29.3845051 ], [ 80.4241239, 29.3791031 ], [ 80.4197387, 29.3789122 ], [ 80.4177043, 29.3755606 ], [ 80.4183599, 29.3740295 ], [ 80.4155831, 29.373586 ], [ 80.4157566, 29.3709942 ], [ 80.4192509, 29.3684352 ], [ 80.4171991, 29.3668655 ], [ 80.4178161, 29.361547 ], [ 80.4143913, 29.3559605 ], [ 80.410199, 29.3597363 ], [ 80.402461, 29.3559489 ], [ 80.4013782, 29.3574298 ], [ 80.4034948, 29.3591087 ], [ 80.4018611, 29.360633 ], [ 80.3989673, 29.3576835 ], [ 80.3928627, 29.3583221 ], [ 80.3863232, 29.3558687 ], [ 80.3846961, 29.3540605 ], [ 80.3868684, 29.3513695 ], [ 80.3857997, 29.3488888 ], [ 80.3838802, 29.3495056 ], [ 80.3820947, 29.3537474 ], [ 80.3801044, 29.3541407 ], [ 80.3775511, 29.3489557 ], [ 80.3738225, 29.3504583 ], [ 80.3718417, 29.347289 ], [ 80.3682973, 29.350015 ], [ 80.3658579, 29.3404772 ], [ 80.371955, 29.3379324 ], [ 80.3699104, 29.3352706 ], [ 80.3668906, 29.3352002 ], [ 80.3666456, 29.3326953 ], [ 80.3648515, 29.3337528 ], [ 80.3622762, 29.3320763 ], [ 80.3621843, 29.3267115 ], [ 80.3542104, 29.3314212 ], [ 80.3547261, 29.3340358 ], [ 80.3535308, 29.3344164 ], [ 80.3503537, 29.3315215 ], [ 80.3509004, 29.3280669 ], [ 80.3437201, 29.3272072 ], [ 80.3423945, 29.3238612 ], [ 80.333332, 29.3194976 ], [ 80.3348851, 29.3124624 ], [ 80.3276187, 29.3089242 ], [ 80.3236622, 29.3086806 ], [ 80.3196601, 29.3110265 ], [ 80.3091129, 29.3223134 ], [ 80.2964363, 29.3237219 ], [ 80.2908803, 29.3308962 ], [ 80.2911909, 29.3360327 ], [ 80.2864847, 29.3388786 ], [ 80.2806008, 29.3455459 ], [ 80.2791108, 29.3505588 ], [ 80.2798, 29.3594216 ], [ 80.2716345, 29.3628529 ], [ 80.2710322, 29.3644934 ], [ 80.2711913, 29.3733389 ], [ 80.2791053, 29.3782736 ], [ 80.2728888, 29.38647 ], [ 80.275642, 29.3920464 ], [ 80.2721697, 29.3951506 ], [ 80.2633206, 29.3974666 ], [ 80.2463384, 29.4073167 ], [ 80.2419874, 29.412192 ] ] ] } },
{ "type": "Feature", "properties": { "district_id": 50, "name": "भक्तपुर जिल्ला" }, "geometry": { "type": "Polygon", "coordinates": [ [ [ 85.3519698, 27.6680913 ], [ 85.3554926, 27.6757196 ], [ 85.3556069, 27.6809228 ], [ 85.3614874, 27.6825941 ], [ 85.3662201, 27.6876592 ], [ 85.3759969, 27.6931901 ], [ 85.3911555, 27.6965071 ], [ 85.3900963, 27.6981151 ], [ 85.3923796, 27.703446 ], [ 85.3962157, 27.7019921 ], [ 85.3988938, 27.705653 ], [ 85.4122737, 27.7122897 ], [ 85.4112489, 27.7143823 ], [ 85.4240723, 27.724466 ], [ 85.4366905, 27.7280497 ], [ 85.438673, 27.7248881 ], [ 85.4458243, 27.7255008 ], [ 85.4509353, 27.7215651 ], [ 85.4533495, 27.7218972 ], [ 85.4567717, 27.7197584 ], [ 85.4588741, 27.7207369 ], [ 85.4634955, 27.7191378 ], [ 85.4686096, 27.7207369 ], [ 85.4697138, 27.7174815 ], [ 85.4740795, 27.7159879 ], [ 85.4794541, 27.7187193 ], [ 85.486305, 27.7187486 ], [ 85.4973257, 27.7235931 ], [ 85.503854, 27.7241086 ], [ 85.5157703, 27.7282146 ], [ 85.5201616, 27.7283925 ], [ 85.5248089, 27.7254717 ], [ 85.5191461, 27.7184011 ], [ 85.5212154, 27.7145263 ], [ 85.5200673, 27.7103825 ], [ 85.522514, 27.7030105 ], [ 85.5205945, 27.6988576 ], [ 85.5214405, 27.6947383 ], [ 85.5189474, 27.6925308 ], [ 85.5059118, 27.6926828 ], [ 85.5030137, 27.6894896 ], [ 85.5017423, 27.6810579 ], [ 85.498524, 27.6749257 ], [ 85.4960775, 27.6738492 ], [ 85.4941892, 27.6630047 ], [ 85.4913765, 27.6601994 ], [ 85.4906702, 27.6558254 ], [ 85.4928052, 27.6524375 ], [ 85.4842582, 27.6469374 ], [ 85.4800111, 27.6422303 ], [ 85.4780473, 27.6451371 ], [ 85.4767002, 27.6448352 ], [ 85.4775303, 27.6418384 ], [ 85.4698159, 27.6345658 ], [ 85.4637359, 27.6256031 ], [ 85.4606703, 27.6252711 ], [ 85.4535684, 27.6363613 ], [ 85.4477608, 27.629481 ], [ 85.4394582, 27.6276741 ], [ 85.4379979, 27.6241167 ], [ 85.4335358, 27.6233029 ], [ 85.428318, 27.6250829 ], [ 85.4258079, 27.6218005 ], [ 85.4181578, 27.6202126 ], [ 85.4056735, 27.6299032 ], [ 85.4042172, 27.6327637 ], [ 85.3977338, 27.6325727 ], [ 85.3930979, 27.6358741 ], [ 85.3899322, 27.6447875 ], [ 85.3871334, 27.6438885 ], [ 85.3849719, 27.648769 ], [ 85.3744422, 27.6513097 ], [ 85.3727179, 27.6536253 ], [ 85.3705603, 27.6537548 ], [ 85.3693069, 27.6609297 ], [ 85.3668025, 27.6597644 ], [ 85.3630305, 27.6629159 ], [ 85.3610753, 27.6611439 ], [ 85.36333, 27.6646113 ], [ 85.360723, 27.669094 ], [ 85.3519698, 27.6680913 ] ] ] } },
{ "type": "Feature", "properties": { "district_id": 51, "name": "भोजपुर जिल्ला" }, "geometry": { "type": "Polygon", "coordinates": [ [ [ 86.8947608, 27.2493711 ], [ 86.8989783, 27.2557642 ], [ 86.9129283, 27.2663864 ], [ 86.9262295, 27.2687414 ], [ 86.9457277, 27.2652795 ], [ 86.9654313, 27.2852204 ], [ 86.9655335, 27.2934238 ], [ 86.9696891, 27.3004462 ], [ 86.984898, 27.3083602 ], [ 86.9715625, 27.3136422 ], [ 86.9635579, 27.3203304 ], [ 86.9580058, 27.3284102 ], [ 86.9482641, 27.3361868 ], [ 86.9501375, 27.3413306 ], [ 86.945982, 27.3518897 ], [ 86.9340943, 27.3536141 ], [ 86.9307563, 27.356942 ], [ 86.9296322, 27.3617822 ], [ 86.9238076, 27.3703732 ], [ 86.9258854, 27.3720369 ], [ 86.9305813, 27.3845837 ], [ 86.9201289, 27.3893074 ], [ 86.9100126, 27.4060308 ], [ 86.9103872, 27.4111109 ], [ 86.908582, 27.4146789 ], [ 86.9062668, 27.433425 ], [ 86.9156135, 27.4402592 ], [ 86.9236373, 27.4404375 ], [ 86.9364406, 27.4483479 ], [ 86.938279, 27.4501233 ], [ 86.9411797, 27.4602554 ], [ 86.9428751, 27.4581145 ], [ 86.9465879, 27.4572833 ], [ 86.9555462, 27.4572531 ], [ 86.9640446, 27.4499989 ], [ 86.9758812, 27.4462809 ], [ 86.9798664, 27.442064 ], [ 86.9928099, 27.438119 ], [ 87.0047146, 27.4379376 ], [ 87.007695, 27.4363959 ], [ 87.0169939, 27.4368191 ], [ 87.0337864, 27.443908 ], [ 87.0364433, 27.4463716 ], [ 87.0432897, 27.4479888 ], [ 87.0464575, 27.4449357 ], [ 87.056403, 27.4411289 ], [ 87.05717, 27.4440138 ], [ 87.0726852, 27.4600791 ], [ 87.0777093, 27.4569962 ], [ 87.0859182, 27.4577216 ], [ 87.0889838, 27.4559988 ], [ 87.0944142, 27.4558117 ], [ 87.1045253, 27.4629125 ], [ 87.105877, 27.4620489 ], [ 87.1079587, 27.4635602 ], [ 87.1093375, 27.4632483 ], [ 87.1106082, 27.4585705 ], [ 87.1203688, 27.4572857 ], [ 87.1226509, 27.4555478 ], [ 87.1247117, 27.4574217 ], [ 87.1336785, 27.4525932 ], [ 87.138362, 27.4522985 ], [ 87.1383961, 27.449427 ], [ 87.1405113, 27.448394 ], [ 87.1326985, 27.4358775 ], [ 87.1273849, 27.4351217 ], [ 87.1240036, 27.4273849 ], [ 87.1264311, 27.423603 ], [ 87.1251027, 27.4181003 ], [ 87.1300417, 27.4089082 ], [ 87.1243874, 27.4024068 ], [ 87.1281002, 27.4007133 ], [ 87.1293605, 27.3962377 ], [ 87.1313999, 27.3945494 ], [ 87.1429852, 27.3931832 ], [ 87.1494911, 27.3882838 ], [ 87.1536337, 27.3819429 ], [ 87.1690767, 27.3757319 ], [ 87.1755144, 27.3648423 ], [ 87.1803543, 27.3631991 ], [ 87.1922728, 27.3524692 ], [ 87.1922047, 27.3464183 ], [ 87.1853761, 27.340998 ], [ 87.1844839, 27.3353303 ], [ 87.1908912, 27.3299026 ], [ 87.1908642, 27.326444 ], [ 87.1821709, 27.3177296 ], [ 87.1826478, 27.315248 ], [ 87.1878933, 27.3125242 ], [ 87.1902095, 27.3092556 ], [ 87.1988613, 27.3048972 ], [ 87.2015181, 27.2994491 ], [ 87.1989975, 27.2941823 ], [ 87.2062868, 27.280984 ], [ 87.2039706, 27.2728705 ], [ 87.2101698, 27.2677235 ], [ 87.2082624, 27.2647564 ], [ 87.2013819, 27.2677235 ], [ 87.1962044, 27.2645141 ], [ 87.1984525, 27.2613652 ], [ 87.2042431, 27.2603963 ], [ 87.2059462, 27.2525841 ], [ 87.2017906, 27.249132 ], [ 87.2041749, 27.2442868 ], [ 87.210783, 27.24356 ], [ 87.2156879, 27.2340506 ], [ 87.2276095, 27.2289624 ], [ 87.2297895, 27.221148 ], [ 87.2370106, 27.216756 ], [ 87.2380139, 27.2114444 ], [ 87.2426587, 27.2061724 ], [ 87.2426309, 27.202367 ], [ 87.2468886, 27.1976106 ], [ 87.2464417, 27.1920056 ], [ 87.2506817, 27.1904511 ], [ 87.2578256, 27.1841333 ], [ 87.257611, 27.1797622 ], [ 87.2603683, 27.177128 ], [ 87.268725, 27.1769437 ], [ 87.2714072, 27.1754834 ], [ 87.2754305, 27.1577387 ], [ 87.2742611, 27.154474 ], [ 87.2696906, 27.150221 ], [ 87.2716966, 27.1455915 ], [ 87.2696367, 27.1418108 ], [ 87.2563758, 27.1300096 ], [ 87.2482648, 27.1294367 ], [ 87.246162, 27.1276798 ], [ 87.244145, 27.1251589 ], [ 87.2461191, 27.1223325 ], [ 87.2447887, 27.1179016 ], [ 87.2372356, 27.1177488 ], [ 87.2330299, 27.1115606 ], [ 87.2286525, 27.1088484 ], [ 87.2168079, 27.1070147 ], [ 87.2138577, 27.0997269 ], [ 87.2073422, 27.0970314 ], [ 87.2019893, 27.0874521 ], [ 87.1961768, 27.0883427 ], [ 87.1899317, 27.0841304 ], [ 87.1910401, 27.0775831 ], [ 87.1826323, 27.0744538 ], [ 87.1821727, 27.0627058 ], [ 87.1790366, 27.0590223 ], [ 87.1783067, 27.0510048 ], [ 87.1830108, 27.0444556 ], [ 87.1868497, 27.0341253 ], [ 87.1899317, 27.0321747 ], [ 87.1916079, 27.0248778 ], [ 87.1941762, 27.0219637 ], [ 87.1980963, 27.0104993 ], [ 87.1978923, 27.0064462 ], [ 87.196312, 26.9985761 ], [ 87.191743, 26.996119 ], [ 87.1883366, 26.9919997 ], [ 87.1802802, 26.9895184 ], [ 87.1782526, 26.9831101 ], [ 87.173954, 26.984122 ], [ 87.1709532, 26.9808936 ], [ 87.1703229, 26.9738379 ], [ 87.1665079, 26.969345 ], [ 87.1606493, 26.9681914 ], [ 87.1597637, 26.96637 ], [ 87.1640048, 26.9598706 ], [ 87.1573224, 26.9552033 ], [ 87.1615323, 26.9466036 ], [ 87.1590574, 26.9430015 ], [ 87.1483245, 26.938591 ], [ 87.1502027, 26.9327541 ], [ 87.1551809, 26.9329836 ], [ 87.1582708, 26.9293871 ], [ 87.1537045, 26.9264191 ], [ 87.1555158, 26.9148726 ], [ 87.1484307, 26.925733 ], [ 87.1421436, 26.9277418 ], [ 87.1348694, 26.9273591 ], [ 87.1259001, 26.9242024 ], [ 87.1142486, 26.9230545 ], [ 87.1110943, 26.9182332 ], [ 87.0935634, 26.9169704 ], [ 87.0921043, 26.9156693 ], [ 87.0936921, 26.9099483 ], [ 87.0854095, 26.9102545 ], [ 87.0832422, 26.912321 ], [ 87.0760325, 26.9083411 ], [ 87.0652393, 26.9073078 ], [ 87.0632652, 26.9109816 ], [ 87.0590809, 26.9103884 ], [ 87.0548537, 26.9045524 ], [ 87.0498541, 26.9023518 ], [ 87.0433095, 26.9064659 ], [ 87.0416787, 26.9064467 ], [ 87.0388678, 26.901816 ], [ 87.0326665, 26.9037296 ], [ 87.0276669, 26.9007061 ], [ 87.0264652, 26.8979314 ], [ 87.0197061, 26.8960752 ], [ 87.0147064, 26.8923052 ], [ 87.0050934, 26.8919225 ], [ 87.0033553, 26.8870806 ], [ 87.0010594, 26.886583 ], [ 86.9982055, 26.8893581 ], [ 86.9931415, 26.890047 ], [ 86.9920901, 26.8917885 ], [ 86.97943, 26.8964388 ], [ 86.9774559, 26.8999216 ], [ 86.9790867, 26.9048968 ], [ 86.9774559, 26.9067337 ], [ 86.9753745, 26.9065041 ], [ 86.9724992, 26.9019691 ], [ 86.9659546, 26.9001129 ], [ 86.9624999, 26.9030024 ], [ 86.9505531, 26.9046342 ], [ 86.949813, 26.9085839 ], [ 86.9570852, 26.9177413 ], [ 86.9552714, 26.9201634 ], [ 86.9555524, 26.9235194 ], [ 86.9609342, 26.9244836 ], [ 86.9609868, 26.9277939 ], [ 86.9633966, 26.9262298 ], [ 86.9648443, 26.9284923 ], [ 86.9641801, 26.9311799 ], [ 86.965798, 26.9314988 ], [ 86.9643759, 26.9328729 ], [ 86.9652956, 26.9393107 ], [ 86.9641801, 26.9413907 ], [ 86.9664537, 26.9480177 ], [ 86.9707966, 26.9506289 ], [ 86.9727871, 26.9570918 ], [ 86.9713089, 26.9613648 ], [ 86.9719015, 26.9739106 ], [ 86.967201, 26.9802852 ], [ 86.960218, 26.9823656 ], [ 86.9582086, 26.9811959 ], [ 86.9566722, 26.9854538 ], [ 86.9588447, 26.9881594 ], [ 86.9654322, 26.9909319 ], [ 86.9658506, 26.9964672 ], [ 86.9683178, 27.0010377 ], [ 86.9663385, 27.005054 ], [ 86.9674706, 27.0065384 ], [ 86.9621773, 27.0114149 ], [ 86.9564379, 27.0123329 ], [ 86.9499235, 27.0190088 ], [ 86.9449335, 27.0199495 ], [ 86.9477809, 27.02816 ], [ 86.9501438, 27.0298447 ], [ 86.950133, 27.0373471 ], [ 86.9523093, 27.0393096 ], [ 86.9541815, 27.0490038 ], [ 86.9617775, 27.0506569 ], [ 86.9642031, 27.0579307 ], [ 86.9568872, 27.0716132 ], [ 86.9484523, 27.0789311 ], [ 86.9460404, 27.0857424 ], [ 86.923472, 27.091592 ], [ 86.9163304, 27.0988346 ], [ 86.9042728, 27.1047068 ], [ 86.8995147, 27.1122151 ], [ 86.8956089, 27.1152148 ], [ 86.9011831, 27.1219045 ], [ 86.9090233, 27.1274868 ], [ 86.9152954, 27.1281605 ], [ 86.9198373, 27.1405271 ], [ 86.9191344, 27.1456273 ], [ 86.922757, 27.1563562 ], [ 86.9210579, 27.1616698 ], [ 86.9130365, 27.1702689 ], [ 86.9160741, 27.1763498 ], [ 86.9163888, 27.1842661 ], [ 86.9290952, 27.1994158 ], [ 86.9297441, 27.2048019 ], [ 86.9267071, 27.221901 ], [ 86.9243281, 27.2266129 ], [ 86.9138926, 27.2309399 ], [ 86.9067049, 27.2381853 ], [ 86.9016728, 27.2484387 ], [ 86.8947608, 27.2493711 ] ] ] } },
{ "type": "Feature", "properties": { "district_id": 52, "name": "मकवानपुर जिल्ला" }, "geometry": { "type": "Polygon", "coordinates": [ [ [ 84.6635225, 27.4305825 ], [ 84.6673924, 27.4451934 ], [ 84.6809241, 27.4484168 ], [ 84.6811769, 27.4509818 ], [ 84.6827402, 27.4504866 ], [ 84.6861053, 27.454405 ], [ 84.6849539, 27.4569701 ], [ 84.6925079, 27.4596066 ], [ 84.6903424, 27.4625558 ], [ 84.686364, 27.4618856 ], [ 84.6860685, 27.4636897 ], [ 84.6926657, 27.4682474 ], [ 84.6929175, 27.4701688 ], [ 84.6903995, 27.4731624 ], [ 84.6966441, 27.4758879 ], [ 84.6940254, 27.4778538 ], [ 84.695939, 27.4801324 ], [ 84.6925146, 27.485985 ], [ 84.6924203, 27.4921216 ], [ 84.6871764, 27.503273 ], [ 84.6800757, 27.5113577 ], [ 84.6808311, 27.5214069 ], [ 84.6785879, 27.5279023 ], [ 84.6820752, 27.5322419 ], [ 84.6808665, 27.5368637 ], [ 84.6834097, 27.5437627 ], [ 84.6799349, 27.5515318 ], [ 84.6903846, 27.5650596 ], [ 84.7010105, 27.5600148 ], [ 84.7104584, 27.5617803 ], [ 84.7218627, 27.5745349 ], [ 84.7308204, 27.5814592 ], [ 84.7338463, 27.5880726 ], [ 84.7325961, 27.596585 ], [ 84.735103, 27.5976062 ], [ 84.7383749, 27.6036814 ], [ 84.7362147, 27.6046142 ], [ 84.7345551, 27.6161889 ], [ 84.7315148, 27.6169887 ], [ 84.7314198, 27.6243335 ], [ 84.723089, 27.6266572 ], [ 84.7228691, 27.6302258 ], [ 84.7185225, 27.6341398 ], [ 84.717156, 27.6383922 ], [ 84.7220853, 27.6468908 ], [ 84.7296953, 27.6464865 ], [ 84.7271207, 27.6499836 ], [ 84.7316246, 27.6538216 ], [ 84.731413, 27.6557566 ], [ 84.7351973, 27.6569985 ], [ 84.7455018, 27.6557766 ], [ 84.745911, 27.6532606 ], [ 84.7425561, 27.6503089 ], [ 84.7437291, 27.6475196 ], [ 84.7521075, 27.649932 ], [ 84.753587, 27.654622 ], [ 84.7592217, 27.653909 ], [ 84.766905, 27.6566248 ], [ 84.770282, 27.6619806 ], [ 84.7696535, 27.6682338 ], [ 84.7749354, 27.6684233 ], [ 84.779609, 27.6715966 ], [ 84.7831521, 27.6802426 ], [ 84.7918765, 27.6869402 ], [ 84.7950146, 27.6861293 ], [ 84.7968345, 27.6837061 ], [ 84.7973587, 27.6748809 ], [ 84.8002458, 27.6714693 ], [ 84.8070601, 27.6754432 ], [ 84.8090293, 27.6787663 ], [ 84.8183739, 27.6826122 ], [ 84.8298216, 27.6923212 ], [ 84.8528757, 27.6863776 ], [ 84.8681917, 27.678403 ], [ 84.8785187, 27.6684457 ], [ 84.8882046, 27.674726 ], [ 84.9009012, 27.694358 ], [ 84.9076636, 27.6985626 ], [ 84.9189085, 27.6941307 ], [ 84.9210788, 27.6893389 ], [ 84.9244335, 27.6874345 ], [ 84.9369247, 27.6857308 ], [ 84.9441711, 27.6864391 ], [ 84.9504768, 27.6832829 ], [ 84.9573511, 27.6855927 ], [ 84.9608963, 27.6888744 ], [ 84.9761988, 27.6942989 ], [ 84.9767957, 27.6994724 ], [ 84.9793864, 27.7029508 ], [ 84.9886985, 27.7040862 ], [ 84.9890316, 27.7069608 ], [ 84.9908811, 27.7075856 ], [ 85.0038657, 27.7055325 ], [ 85.0126707, 27.7073569 ], [ 85.0185294, 27.703527 ], [ 85.0223103, 27.7035119 ], [ 85.0306384, 27.6975256 ], [ 85.0352708, 27.7012954 ], [ 85.0344874, 27.7033612 ], [ 85.0384216, 27.7033762 ], [ 85.038847, 27.7053738 ], [ 85.0419548, 27.7018945 ], [ 85.0404558, 27.6934306 ], [ 85.0425204, 27.6901745 ], [ 85.0546082, 27.6988384 ], [ 85.0583923, 27.6960388 ], [ 85.0583268, 27.6937863 ], [ 85.0615658, 27.6935192 ], [ 85.0651901, 27.6957694 ], [ 85.0663029, 27.7022225 ], [ 85.070253, 27.7025509 ], [ 85.0741455, 27.7076839 ], [ 85.076614, 27.7080841 ], [ 85.0809726, 27.7055668 ], [ 85.0839394, 27.7060482 ], [ 85.0890487, 27.7111432 ], [ 85.0953711, 27.7101174 ], [ 85.1005378, 27.7079116 ], [ 85.1026359, 27.7040571 ], [ 85.1065885, 27.7014404 ], [ 85.1125715, 27.6990885 ], [ 85.1172699, 27.6940671 ], [ 85.1210235, 27.6835298 ], [ 85.1311018, 27.6809546 ], [ 85.1358844, 27.6744207 ], [ 85.139796, 27.6736789 ], [ 85.1430667, 27.6707064 ], [ 85.151245, 27.67001 ], [ 85.1581127, 27.6731672 ], [ 85.1616473, 27.6706696 ], [ 85.1738111, 27.6795886 ], [ 85.1879684, 27.68131 ], [ 85.1908612, 27.6777467 ], [ 85.1969682, 27.6729855 ], [ 85.2020981, 27.6711816 ], [ 85.2054762, 27.6665692 ], [ 85.2097544, 27.6649441 ], [ 85.2220853, 27.6543725 ], [ 85.2266129, 27.6553699 ], [ 85.2332542, 27.6499896 ], [ 85.2275302, 27.6424046 ], [ 85.2220173, 27.629166 ], [ 85.223331, 27.6258821 ], [ 85.2283278, 27.6254456 ], [ 85.2359051, 27.6200206 ], [ 85.2372188, 27.6167364 ], [ 85.2377818, 27.6012911 ], [ 85.2415118, 27.598235 ], [ 85.2429897, 27.5943056 ], [ 85.2392597, 27.5886712 ], [ 85.2401277, 27.580375 ], [ 85.2433886, 27.5776719 ], [ 85.2532883, 27.5787115 ], [ 85.2592235, 27.5774639 ], [ 85.2633202, 27.5706167 ], [ 85.2605571, 27.5698185 ], [ 85.2581281, 27.5713934 ], [ 85.2534675, 27.5688066 ], [ 85.249588, 27.5636023 ], [ 85.2511329, 27.5603836 ], [ 85.2482576, 27.5582911 ], [ 85.2458802, 27.553549 ], [ 85.2465948, 27.5501396 ], [ 85.2385545, 27.5470061 ], [ 85.2381543, 27.5446956 ], [ 85.23164, 27.5373985 ], [ 85.2377251, 27.533432 ], [ 85.2447414, 27.5330934 ], [ 85.245833, 27.5290196 ], [ 85.250838, 27.5287627 ], [ 85.250237, 27.5212886 ], [ 85.2412864, 27.5176958 ], [ 85.2416924, 27.5127358 ], [ 85.2370306, 27.5103312 ], [ 85.2345367, 27.5048002 ], [ 85.2373648, 27.5001848 ], [ 85.2419354, 27.5004936 ], [ 85.2479064, 27.4954995 ], [ 85.2444463, 27.4865421 ], [ 85.247325, 27.4836838 ], [ 85.2478258, 27.4762609 ], [ 85.2571991, 27.4684023 ], [ 85.2557358, 27.4656533 ], [ 85.2582341, 27.4622494 ], [ 85.2582818, 27.4584981 ], [ 85.2642742, 27.454209 ], [ 85.2728033, 27.454023 ], [ 85.2787385, 27.451522 ], [ 85.3010818, 27.4511107 ], [ 85.3076345, 27.4452533 ], [ 85.3122106, 27.445743 ], [ 85.3160303, 27.4416256 ], [ 85.3142798, 27.4379849 ], [ 85.3160282, 27.4363357 ], [ 85.3284554, 27.4384158 ], [ 85.3320935, 27.4367428 ], [ 85.3353074, 27.431977 ], [ 85.3405324, 27.4330474 ], [ 85.3466752, 27.4284816 ], [ 85.3501915, 27.4313603 ], [ 85.3685782, 27.4243651 ], [ 85.369, 27.4214261 ], [ 85.3714144, 27.4193205 ], [ 85.3775882, 27.4180327 ], [ 85.3790866, 27.4156874 ], [ 85.3839095, 27.4134156 ], [ 85.3848258, 27.4077507 ], [ 85.3891432, 27.4081879 ], [ 85.3949806, 27.4114148 ], [ 85.3979296, 27.4044449 ], [ 85.4045596, 27.4058295 ], [ 85.4050868, 27.4034226 ], [ 85.4067864, 27.4029808 ], [ 85.4094764, 27.4066252 ], [ 85.4142839, 27.404532 ], [ 85.4149997, 27.4076681 ], [ 85.4174354, 27.4087629 ], [ 85.4192045, 27.4080184 ], [ 85.4200676, 27.4025093 ], [ 85.4271537, 27.4057056 ], [ 85.4290522, 27.4102981 ], [ 85.4321846, 27.4102981 ], [ 85.4336005, 27.4078966 ], [ 85.4326513, 27.4034444 ], [ 85.4401765, 27.4029851 ], [ 85.4445057, 27.4005519 ], [ 85.4485318, 27.3874499 ], [ 85.4582691, 27.3951684 ], [ 85.4627621, 27.3869933 ], [ 85.4697388, 27.3884332 ], [ 85.4727529, 27.382793 ], [ 85.4732984, 27.3776398 ], [ 85.4790083, 27.3769264 ], [ 85.4773776, 27.374117 ], [ 85.4717561, 27.3722994 ], [ 85.4725455, 27.3663564 ], [ 85.4685527, 27.3600635 ], [ 85.4641607, 27.3554932 ], [ 85.455514, 27.3548143 ], [ 85.4490891, 27.3505306 ], [ 85.447274, 27.3361397 ], [ 85.4412102, 27.3360277 ], [ 85.4267746, 27.331512 ], [ 85.4180497, 27.3210886 ], [ 85.4238744, 27.3141569 ], [ 85.4275387, 27.3019991 ], [ 85.4340015, 27.2993315 ], [ 85.432247, 27.2917295 ], [ 85.4403152, 27.2829934 ], [ 85.4493886, 27.2844436 ], [ 85.453174, 27.2830184 ], [ 85.4548045, 27.2806181 ], [ 85.4611989, 27.2801413 ], [ 85.4758449, 27.2692948 ], [ 85.4812878, 27.2696408 ], [ 85.4846499, 27.266585 ], [ 85.485873, 27.2623328 ], [ 85.483679, 27.2573504 ], [ 85.4873021, 27.256291 ], [ 85.4919378, 27.250672 ], [ 85.4912674, 27.2308304 ], [ 85.4876993, 27.2213663 ], [ 85.4924176, 27.2197789 ], [ 85.5011616, 27.2234615 ], [ 85.5043528, 27.2229592 ], [ 85.50491, 27.2196506 ], [ 85.5025409, 27.2154285 ], [ 85.5016118, 27.2085256 ], [ 85.5106221, 27.1983346 ], [ 85.5013885, 27.1950032 ], [ 85.4880847, 27.1984195 ], [ 85.486903, 27.1927363 ], [ 85.4926767, 27.1876869 ], [ 85.4916467, 27.185355 ], [ 85.4871889, 27.1833756 ], [ 85.4822188, 27.1837457 ], [ 85.481176, 27.1809886 ], [ 85.4828621, 27.1763761 ], [ 85.487287, 27.1761246 ], [ 85.4903961, 27.1716072 ], [ 85.4956454, 27.1736634 ], [ 85.4950504, 27.1718318 ], [ 85.4938592, 27.1692346 ], [ 85.4823417, 27.1628778 ], [ 85.4723128, 27.1618519 ], [ 85.4677002, 27.1659557 ], [ 85.4596895, 27.1657172 ], [ 85.452871, 27.1683404 ], [ 85.4532006, 27.1779791 ], [ 85.4496403, 27.1801993 ], [ 85.4504632, 27.1834287 ], [ 85.4483557, 27.1865736 ], [ 85.4382666, 27.1866921 ], [ 85.426678, 27.1932198 ], [ 85.4183049, 27.189995 ], [ 85.4099852, 27.1968728 ], [ 85.3992224, 27.1964998 ], [ 85.3969998, 27.1976549 ], [ 85.3975191, 27.2055068 ], [ 85.3932475, 27.210174 ], [ 85.3836785, 27.2072467 ], [ 85.3759198, 27.2125646 ], [ 85.3729166, 27.2107471 ], [ 85.3618043, 27.2129225 ], [ 85.3600921, 27.2106228 ], [ 85.3483819, 27.2221317 ], [ 85.3394771, 27.2191732 ], [ 85.3331173, 27.2229643 ], [ 85.3166591, 27.2284474 ], [ 85.3153185, 27.2275709 ], [ 85.3125701, 27.2302974 ], [ 85.3023347, 27.230025 ], [ 85.2943468, 27.2331714 ], [ 85.2895944, 27.2312761 ], [ 85.2802992, 27.2312761 ], [ 85.2790413, 27.2280757 ], [ 85.2697187, 27.2290979 ], [ 85.268324, 27.2264554 ], [ 85.2611035, 27.2262932 ], [ 85.2575522, 27.2289167 ], [ 85.2568441, 27.2320553 ], [ 85.2581852, 27.2339919 ], [ 85.2532285, 27.2378935 ], [ 85.2512222, 27.2449045 ], [ 85.245139, 27.246507 ], [ 85.2431142, 27.2485435 ], [ 85.2385085, 27.248262 ], [ 85.2296787, 27.2433688 ], [ 85.2238744, 27.2456104 ], [ 85.2209884, 27.2437026 ], [ 85.2165359, 27.244523 ], [ 85.2147334, 27.2466882 ], [ 85.2080601, 27.2451621 ], [ 85.2063355, 27.2484677 ], [ 85.2016121, 27.2504081 ], [ 85.1993376, 27.2493208 ], [ 85.197342, 27.2455054 ], [ 85.1948207, 27.2450476 ], [ 85.1774267, 27.2491667 ], [ 85.1806866, 27.2543807 ], [ 85.1734995, 27.2538963 ], [ 85.1700933, 27.2549561 ], [ 85.1678452, 27.2602853 ], [ 85.1560257, 27.261457 ], [ 85.1550379, 27.2637976 ], [ 85.1515296, 27.2656445 ], [ 85.1508143, 27.268763 ], [ 85.1488046, 27.2689144 ], [ 85.1450639, 27.2734241 ], [ 85.1442403, 27.2828105 ], [ 85.1395398, 27.2853231 ], [ 85.1360995, 27.2904389 ], [ 85.1319099, 27.2921643 ], [ 85.1267665, 27.2919222 ], [ 85.1246206, 27.301699 ], [ 85.1207035, 27.301699 ], [ 85.1186939, 27.3143804 ], [ 85.1162073, 27.3182239 ], [ 85.1039791, 27.3193436 ], [ 85.1029913, 27.3233079 ], [ 85.0937946, 27.3332031 ], [ 85.0911612, 27.3413483 ], [ 85.0924558, 27.3426238 ], [ 85.0919665, 27.3519674 ], [ 85.0899838, 27.3537189 ], [ 85.0906705, 27.3567872 ], [ 85.0878166, 27.3578164 ], [ 85.0863575, 27.3609608 ], [ 85.0693021, 27.3640355 ], [ 85.0692851, 27.3617062 ], [ 85.0668156, 27.3601785 ], [ 85.0652317, 27.3625532 ], [ 85.0614338, 27.3601634 ], [ 85.0594428, 27.3612686 ], [ 85.059423, 27.363838 ], [ 85.0557179, 27.365248 ], [ 85.0479927, 27.3614513 ], [ 85.0444241, 27.3615713 ], [ 85.0437582, 27.3592646 ], [ 85.0399377, 27.3592887 ], [ 85.0367032, 27.3570917 ], [ 85.0312519, 27.3606918 ], [ 85.0261055, 27.3588968 ], [ 85.020559, 27.3567193 ], [ 85.0219641, 27.3525504 ], [ 85.0204625, 27.3518791 ], [ 85.0125474, 27.3554096 ], [ 85.003642, 27.352447 ], [ 85.0003134, 27.3558988 ], [ 85.0003852, 27.3621101 ], [ 84.9985013, 27.3655489 ], [ 84.9963866, 27.3645567 ], [ 84.995416, 27.3656454 ], [ 84.9889837, 27.3619459 ], [ 84.9822674, 27.3622318 ], [ 84.9792997, 27.3608978 ], [ 84.9770271, 27.3561917 ], [ 84.9722367, 27.3550802 ], [ 84.9666255, 27.3582565 ], [ 84.9638765, 27.3642726 ], [ 84.9567943, 27.3593174 ], [ 84.9531383, 27.361488 ], [ 84.9562577, 27.3645014 ], [ 84.9531613, 27.3668601 ], [ 84.9502405, 27.3670725 ], [ 84.9472854, 27.361881 ], [ 84.9441322, 27.3604406 ], [ 84.9441505, 27.362869 ], [ 84.9411852, 27.3636522 ], [ 84.9412735, 27.3660916 ], [ 84.9359249, 27.3670163 ], [ 84.9334956, 27.3650764 ], [ 84.9310051, 27.3662367 ], [ 84.9267229, 27.3641439 ], [ 84.9220637, 27.371041 ], [ 84.9142246, 27.3732708 ], [ 84.9082423, 27.3778327 ], [ 84.9013636, 27.3752468 ], [ 84.8979748, 27.3796518 ], [ 84.8968716, 27.3861167 ], [ 84.8915239, 27.387682 ], [ 84.8900132, 27.3897121 ], [ 84.88197, 27.3885702 ], [ 84.8786153, 27.3937345 ], [ 84.8788953, 27.3966766 ], [ 84.8768334, 27.3981176 ], [ 84.8716686, 27.3996491 ], [ 84.863952, 27.3975104 ], [ 84.8521117, 27.3991416 ], [ 84.8514361, 27.4044255 ], [ 84.8441175, 27.4124987 ], [ 84.8409996, 27.4125756 ], [ 84.8403644, 27.4152409 ], [ 84.8376795, 27.414895 ], [ 84.8336954, 27.4182137 ], [ 84.8298846, 27.4166633 ], [ 84.8257088, 27.420049 ], [ 84.815022, 27.4195778 ], [ 84.8100131, 27.4162045 ], [ 84.8058962, 27.4260308 ], [ 84.7975594, 27.4327226 ], [ 84.7964994, 27.4358282 ], [ 84.7896706, 27.4385796 ], [ 84.781067, 27.4348316 ], [ 84.7733676, 27.4392479 ], [ 84.7668943, 27.4378024 ], [ 84.7575646, 27.4382448 ], [ 84.7537899, 27.4362538 ], [ 84.7465888, 27.4384546 ], [ 84.7413517, 27.4428611 ], [ 84.7381468, 27.4408069 ], [ 84.7370073, 27.4427663 ], [ 84.7332683, 27.4427347 ], [ 84.7325205, 27.4451365 ], [ 84.7249, 27.4447888 ], [ 84.7176514, 27.432298 ], [ 84.7044113, 27.4339116 ], [ 84.6996396, 27.4324577 ], [ 84.6891703, 27.4332162 ], [ 84.6789615, 27.4297418 ], [ 84.6635225, 27.4305825 ] ] ] } },
{ "type": "Feature", "properties": { "district_id": 53, "name": "मनाङ" }, "geometry": { "type": "Polygon", "coordinates": [ [ [ 83.7872423, 28.6931551 ], [ 83.8050966, 28.7060728 ], [ 83.8127418, 28.7140585 ], [ 83.8174439, 28.7129447 ], [ 83.8203268, 28.7140781 ], [ 83.8229714, 28.7181331 ], [ 83.8301195, 28.718864 ], [ 83.8312948, 28.7222361 ], [ 83.8427636, 28.7265592 ], [ 83.8530842, 28.7259207 ], [ 83.8630056, 28.7226096 ], [ 83.8696999, 28.7265131 ], [ 83.877633, 28.7373087 ], [ 83.8846423, 28.7416407 ], [ 83.8908358, 28.7429073 ], [ 83.8896088, 28.7447311 ], [ 83.8906796, 28.7512123 ], [ 83.8940622, 28.7575043 ], [ 83.8949344, 28.7650125 ], [ 83.893074, 28.7723323 ], [ 83.8997305, 28.7726608 ], [ 83.9055389, 28.7774781 ], [ 83.9133213, 28.7792954 ], [ 83.9182918, 28.7777768 ], [ 83.9263867, 28.7817102 ], [ 83.9341407, 28.7828553 ], [ 83.9384337, 28.7911122 ], [ 83.9429044, 28.8065911 ], [ 83.9418797, 28.8087927 ], [ 83.9382747, 28.8098265 ], [ 83.9366579, 28.8135441 ], [ 83.9406164, 28.8273841 ], [ 83.9435004, 28.8307385 ], [ 83.950482, 28.834435 ], [ 83.9564605, 28.8356238 ], [ 83.9598872, 28.8329279 ], [ 83.9672637, 28.8180419 ], [ 83.9791, 28.8177299 ], [ 83.9960554, 28.8120835 ], [ 84.0036553, 28.8055312 ], [ 84.0043927, 28.8019112 ], [ 84.0104917, 28.8001177 ], [ 84.0221804, 28.8013084 ], [ 84.0260714, 28.8046123 ], [ 84.0271733, 28.8110535 ], [ 84.036506, 28.8125599 ], [ 84.044406, 28.8182982 ], [ 84.046357, 28.821952 ], [ 84.0480068, 28.8218506 ], [ 84.0462412, 28.8315877 ], [ 84.0511616, 28.8380691 ], [ 84.0510025, 28.8443948 ], [ 84.0610315, 28.8390706 ], [ 84.0711764, 28.8414394 ], [ 84.078708, 28.8477498 ], [ 84.0846917, 28.849791 ], [ 84.0885412, 28.8549118 ], [ 84.0834471, 28.8656598 ], [ 84.0911469, 28.8746759 ], [ 84.0894378, 28.8791086 ], [ 84.0936467, 28.8811009 ], [ 84.0959446, 28.887427 ], [ 84.106257, 28.8859565 ], [ 84.1159946, 28.8808694 ], [ 84.122198, 28.8820581 ], [ 84.1267712, 28.8892048 ], [ 84.1309896, 28.8892329 ], [ 84.139299, 28.8819753 ], [ 84.1465253, 28.880706 ], [ 84.149632, 28.8771197 ], [ 84.1582708, 28.8723816 ], [ 84.1619119, 28.8770659 ], [ 84.1698733, 28.8824602 ], [ 84.1845324, 28.9005714 ], [ 84.2007418, 28.8979555 ], [ 84.2213825, 28.891441 ], [ 84.2262376, 28.89306 ], [ 84.252924, 28.889221 ], [ 84.258521, 28.896179 ], [ 84.266387, 28.898902 ], [ 84.271983, 28.894062 ], [ 84.273799, 28.886498 ], [ 84.283328, 28.883473 ], [ 84.287261, 28.880297 ], [ 84.289833, 28.875607 ], [ 84.296791, 28.87228 ], [ 84.308741, 28.869557 ], [ 84.315396, 28.869708 ], [ 84.321447, 28.867137 ], [ 84.323565, 28.862145 ], [ 84.328405, 28.86154 ], [ 84.333851, 28.864414 ], [ 84.33854, 28.871523 ], [ 84.342624, 28.873338 ], [ 84.354574, 28.863204 ], [ 84.357145, 28.859271 ], [ 84.36849, 28.860783 ], [ 84.374995, 28.865473 ], [ 84.395567, 28.858817 ], [ 84.404491, 28.851556 ], [ 84.409029, 28.850649 ], [ 84.40797, 28.844447 ], [ 84.400256, 28.837942 ], [ 84.401617, 28.829472 ], [ 84.406609, 28.828262 ], [ 84.41508, 28.831438 ], [ 84.419769, 28.831438 ], [ 84.424156, 28.825085 ], [ 84.435047, 28.821152 ], [ 84.430055, 28.813135 ], [ 84.431265, 28.802244 ], [ 84.444274, 28.793773 ], [ 84.443518, 28.788328 ], [ 84.445484, 28.783033 ], [ 84.437648, 28.7733525 ], [ 84.4373937, 28.7701331 ], [ 84.4496297, 28.7651763 ], [ 84.457888, 28.758226 ], [ 84.459249, 28.753083 ], [ 84.466359, 28.752629 ], [ 84.474829, 28.747486 ], [ 84.47967, 28.747335 ], [ 84.485721, 28.736595 ], [ 84.4917093, 28.7343592 ], [ 84.4823549, 28.7183942 ], [ 84.4885764, 28.7146272 ], [ 84.4908084, 28.7098383 ], [ 84.501739, 28.6987492 ], [ 84.5206335, 28.6951737 ], [ 84.5214904, 28.6900186 ], [ 84.5166171, 28.6864033 ], [ 84.51297, 28.6759094 ], [ 84.5229349, 28.66134 ], [ 84.5208894, 28.6545561 ], [ 84.5187235, 28.6528403 ], [ 84.5219723, 28.6489069 ], [ 84.5312667, 28.6470337 ], [ 84.5347871, 28.641911 ], [ 84.5367646, 28.6319996 ], [ 84.5412741, 28.6266225 ], [ 84.540945, 28.6018261 ], [ 84.5494534, 28.5666362 ], [ 84.5473654, 28.5545696 ], [ 84.5575771, 28.5534469 ], [ 84.5598479, 28.5469815 ], [ 84.5580556, 28.5306981 ], [ 84.5663088, 28.5197091 ], [ 84.5705411, 28.5076202 ], [ 84.5650881, 28.4964836 ], [ 84.5646042, 28.4871807 ], [ 84.5714907, 28.4775769 ], [ 84.5625898, 28.4765522 ], [ 84.5500888, 28.4713299 ], [ 84.5343929, 28.4704131 ], [ 84.5317048, 28.4726073 ], [ 84.5110832, 28.4655857 ], [ 84.4905838, 28.4616694 ], [ 84.4857355, 28.4701113 ], [ 84.4808885, 28.472558 ], [ 84.4704037, 28.4839984 ], [ 84.4693093, 28.4878799 ], [ 84.4530645, 28.5053142 ], [ 84.4447158, 28.5091425 ], [ 84.433284, 28.5100492 ], [ 84.4222167, 28.5009232 ], [ 84.420929, 28.4981658 ], [ 84.4219336, 28.4945981 ], [ 84.4177318, 28.4917553 ], [ 84.4166482, 28.4885011 ], [ 84.4178956, 28.4792153 ], [ 84.4154043, 28.4719481 ], [ 84.4067973, 28.4624764 ], [ 84.3978094, 28.4563889 ], [ 84.3741688, 28.4611343 ], [ 84.3707539, 28.4595307 ], [ 84.3739768, 28.4540782 ], [ 84.3300422, 28.4526922 ], [ 84.2967224, 28.4485046 ], [ 84.2877111, 28.4449631 ], [ 84.2802674, 28.4463268 ], [ 84.2754242, 28.4518227 ], [ 84.2685847, 28.4557823 ], [ 84.2714054, 28.4625656 ], [ 84.27848, 28.4709622 ], [ 84.2730531, 28.4723574 ], [ 84.2657298, 28.4807731 ], [ 84.2618128, 28.4817519 ], [ 84.2522125, 28.479963 ], [ 84.2479499, 28.482157 ], [ 84.233308, 28.4841694 ], [ 84.2270486, 28.4805577 ], [ 84.2225494, 28.4817531 ], [ 84.2182862, 28.4860253 ], [ 84.188491, 28.4896049 ], [ 84.185338, 28.5054586 ], [ 84.1799409, 28.5054106 ], [ 84.1692269, 28.5113161 ], [ 84.1633724, 28.5118702 ], [ 84.1366802, 28.5390478 ], [ 84.126219, 28.5342977 ], [ 84.1152137, 28.5375964 ], [ 84.0857965, 28.5388155 ], [ 84.0814621, 28.542725 ], [ 84.07452, 28.5451349 ], [ 84.0626884, 28.5596255 ], [ 84.0611954, 28.5633626 ], [ 84.0323208, 28.5722553 ], [ 84.0146435, 28.5829711 ], [ 84.013365, 28.5871461 ], [ 83.9911674, 28.5849764 ], [ 83.9854755, 28.5874508 ], [ 83.9775443, 28.597905 ], [ 83.9681761, 28.6013294 ], [ 83.9633612, 28.6053998 ], [ 83.9443728, 28.6017257 ], [ 83.9362903, 28.6016043 ], [ 83.925118, 28.605734 ], [ 83.8866126, 28.6072506 ], [ 83.874446, 28.6129271 ], [ 83.8702888, 28.6129452 ], [ 83.8680556, 28.6197092 ], [ 83.8639096, 28.6250017 ], [ 83.8486894, 28.6541172 ], [ 83.8429115, 28.6573328 ], [ 83.8290485, 28.6706537 ], [ 83.8158253, 28.6779004 ], [ 83.8117708, 28.6826138 ], [ 83.8017161, 28.6854046 ], [ 83.7872423, 28.6931551 ] ] ] } },
{ "type": "Feature", "properties": { "district_id": 54, "name": "महोत्तरी जिल्ला" }, "geometry": { "type": "Polygon", "coordinates": [ [ [ 85.6749238, 26.8628146 ], [ 85.6798214, 26.866467 ], [ 85.6833082, 26.8726958 ], [ 85.6887712, 26.8720881 ], [ 85.6900059, 26.8785901 ], [ 85.6874513, 26.8808687 ], [ 85.6881666, 26.8823574 ], [ 85.6902784, 26.8815371 ], [ 85.6934462, 26.8829954 ], [ 85.6977721, 26.8971216 ], [ 85.7039884, 26.8982304 ], [ 85.7052998, 26.9009643 ], [ 85.7044098, 26.9024555 ], [ 85.7088575, 26.9031771 ], [ 85.7093712, 26.9045996 ], [ 85.7050855, 26.90582 ], [ 85.7069381, 26.9108436 ], [ 85.7102363, 26.910723 ], [ 85.7112366, 26.9122659 ], [ 85.7067886, 26.9153421 ], [ 85.7074234, 26.9196693 ], [ 85.7055566, 26.9203198 ], [ 85.7075307, 26.9215251 ], [ 85.7113073, 26.9205494 ], [ 85.710921, 26.9224626 ], [ 85.7070586, 26.9241462 ], [ 85.7087109, 26.9262698 ], [ 85.7132385, 26.9256385 ], [ 85.7111141, 26.9313204 ], [ 85.7172243, 26.9344466 ], [ 85.7161138, 26.9364281 ], [ 85.7191409, 26.9390052 ], [ 85.7175959, 26.9415493 ], [ 85.7194628, 26.9432901 ], [ 85.7187547, 26.9451838 ], [ 85.7233251, 26.9524523 ], [ 85.7266725, 26.9545753 ], [ 85.7270802, 26.9591083 ], [ 85.7301701, 26.9634306 ], [ 85.7289041, 26.9660699 ], [ 85.7315005, 26.9679632 ], [ 85.732582, 26.9748163 ], [ 85.7352855, 26.9798277 ], [ 85.7339958, 26.9856997 ], [ 85.7387433, 26.9915596 ], [ 85.7393922, 27.0114081 ], [ 85.7447992, 27.0211384 ], [ 85.7470714, 27.0346221 ], [ 85.7516133, 27.0386676 ], [ 85.7569002, 27.0481762 ], [ 85.7665738, 27.0542433 ], [ 85.7816973, 27.0726246 ], [ 85.7803521, 27.0769599 ], [ 85.7823797, 27.0798245 ], [ 85.7814605, 27.0819186 ], [ 85.7877056, 27.0889952 ], [ 85.7876785, 27.0905116 ], [ 85.7854617, 27.0910892 ], [ 85.7866429, 27.0926133 ], [ 85.7878875, 27.0921739 ], [ 85.7901191, 27.0952973 ], [ 85.7935523, 27.0952495 ], [ 85.7951831, 27.0934634 ], [ 85.7977258, 27.0952113 ], [ 85.7964169, 27.0967491 ], [ 85.7976829, 27.0977424 ], [ 85.7943784, 27.0999009 ], [ 85.7989811, 27.0999391 ], [ 85.8006358, 27.1065888 ], [ 85.796344, 27.1080442 ], [ 85.7923246, 27.1057399 ], [ 85.7922219, 27.1087734 ], [ 85.7979404, 27.1141214 ], [ 85.7908808, 27.1181322 ], [ 85.7912347, 27.1208386 ], [ 85.7929408, 27.1200612 ], [ 85.7978117, 27.1234034 ], [ 85.7946466, 27.1250458 ], [ 85.7919159, 27.1303576 ], [ 85.7934391, 27.1378458 ], [ 85.7993192, 27.1391089 ], [ 85.8012522, 27.1430905 ], [ 85.8108543, 27.1509087 ], [ 85.8104456, 27.1553337 ], [ 85.8124732, 27.1578354 ], [ 85.8251985, 27.1685587 ], [ 85.8305498, 27.1673016 ], [ 85.8433481, 27.1601587 ], [ 85.8396175, 27.1527209 ], [ 85.8345101, 27.1498426 ], [ 85.8355162, 27.147218 ], [ 85.8454015, 27.1410636 ], [ 85.8533834, 27.1381712 ], [ 85.8547597, 27.1341191 ], [ 85.8582613, 27.1327713 ], [ 85.8623294, 27.127297 ], [ 85.8827553, 27.1465326 ], [ 85.8864333, 27.1458985 ], [ 85.8907366, 27.1414518 ], [ 85.9054564, 27.1339775 ], [ 85.9007242, 27.1271173 ], [ 85.9050341, 27.1203424 ], [ 85.9161491, 27.1120533 ], [ 85.9170933, 27.1085007 ], [ 85.9203548, 27.1050626 ], [ 85.935976, 27.097995 ], [ 85.9386596, 27.0900595 ], [ 85.9383364, 27.0858453 ], [ 85.9351606, 27.0807634 ], [ 85.9352208, 27.0763597 ], [ 85.9455228, 27.0625301 ], [ 85.9339417, 27.0442078 ], [ 85.9284918, 27.0415381 ], [ 85.9167745, 27.0427516 ], [ 85.9138452, 27.0371086 ], [ 85.9169107, 27.0351669 ], [ 85.9213388, 27.0373513 ], [ 85.9267887, 27.0311619 ], [ 85.9261756, 27.0267928 ], [ 85.9171832, 27.018418 ], [ 85.9118696, 27.0110744 ], [ 85.9115289, 27.0048836 ], [ 85.9139133, 27.0004527 ], [ 85.9139133, 26.9947469 ], [ 85.908391, 26.9774921 ], [ 85.9091635, 26.9725201 ], [ 85.906374, 26.9605863 ], [ 85.9077473, 26.958559 ], [ 85.9176607, 26.9592858 ], [ 85.9170599, 26.9483453 ], [ 85.9133692, 26.9419182 ], [ 85.914957, 26.9375567 ], [ 85.9126825, 26.9326595 ], [ 85.9132534, 26.9225063 ], [ 85.9079545, 26.92106 ], [ 85.9070606, 26.9176603 ], [ 85.9050347, 26.9166245 ], [ 85.9040615, 26.9073674 ], [ 85.902058, 26.9054565 ], [ 85.8986921, 26.8931675 ], [ 85.8988638, 26.8870817 ], [ 85.90028, 26.8857038 ], [ 85.8950459, 26.8776617 ], [ 85.8967849, 26.8735575 ], [ 85.9069097, 26.8703288 ], [ 85.9167093, 26.8712064 ], [ 85.9144859, 26.8664214 ], [ 85.9167411, 26.8655406 ], [ 85.9177019, 26.8552765 ], [ 85.9198324, 26.8534807 ], [ 85.9178637, 26.8523081 ], [ 85.9197654, 26.846493 ], [ 85.9181963, 26.8451791 ], [ 85.9186166, 26.841593 ], [ 85.9153903, 26.8378875 ], [ 85.9174203, 26.8338295 ], [ 85.9155852, 26.8325654 ], [ 85.916607, 26.8249625 ], [ 85.9152317, 26.8183069 ], [ 85.9112934, 26.8112832 ], [ 85.912646, 26.8064717 ], [ 85.9088409, 26.8066015 ], [ 85.9085003, 26.8052638 ], [ 85.9108165, 26.8021628 ], [ 85.9078211, 26.7945509 ], [ 85.9100389, 26.7923346 ], [ 85.9085556, 26.7854006 ], [ 85.905336, 26.7846473 ], [ 85.9049578, 26.7821561 ], [ 85.9022439, 26.7826925 ], [ 85.8975077, 26.7757243 ], [ 85.8974326, 26.7677691 ], [ 85.8876185, 26.7588684 ], [ 85.8872202, 26.7511406 ], [ 85.8807814, 26.7511656 ], [ 85.8791593, 26.7459027 ], [ 85.8854855, 26.7420881 ], [ 85.8853773, 26.7404463 ], [ 85.8889568, 26.7376243 ], [ 85.888828, 26.7299108 ], [ 85.8932, 26.7236247 ], [ 85.8933954, 26.7183229 ], [ 85.891462, 26.7172231 ], [ 85.8921831, 26.7142907 ], [ 85.8889085, 26.7119234 ], [ 85.8889553, 26.7066387 ], [ 85.8870989, 26.7051021 ], [ 85.8873544, 26.7027134 ], [ 85.8895855, 26.7013441 ], [ 85.8868356, 26.6981824 ], [ 85.8912974, 26.6943185 ], [ 85.8914261, 26.6917497 ], [ 85.894752, 26.6903693 ], [ 85.8949022, 26.686976 ], [ 85.8998804, 26.6864967 ], [ 85.9064894, 26.6807641 ], [ 85.9032029, 26.6712928 ], [ 85.8964222, 26.6679564 ], [ 85.8980351, 26.6658083 ], [ 85.9060766, 26.6637972 ], [ 85.9042955, 26.6572591 ], [ 85.9054081, 26.6536765 ], [ 85.8982891, 26.6515455 ], [ 85.8939973, 26.6458526 ], [ 85.887541, 26.6447031 ], [ 85.8873387, 26.6422917 ], [ 85.8827062, 26.6410507 ], [ 85.8819678, 26.637614 ], [ 85.8789771, 26.6351188 ], [ 85.8782571, 26.637039 ], [ 85.874908, 26.6372066 ], [ 85.8744062, 26.6345394 ], [ 85.8721009, 26.6346789 ], [ 85.8696729, 26.6288024 ], [ 85.8630515, 26.6277264 ], [ 85.8619365, 26.6181793 ], [ 85.8548616, 26.6189122 ], [ 85.8520318, 26.6150161 ], [ 85.8506521, 26.6103931 ], [ 85.8543365, 26.6092363 ], [ 85.8535393, 26.6039135 ], [ 85.8508715, 26.6086141 ], [ 85.831057, 26.6113036 ], [ 85.8303519, 26.601676 ], [ 85.8173249, 26.60292 ], [ 85.8033203, 26.6149187 ], [ 85.8014816, 26.6243275 ], [ 85.7695045, 26.629906 ], [ 85.7592449, 26.6364842 ], [ 85.748537, 26.638882 ], [ 85.7366311, 26.6508291 ], [ 85.7342294, 26.6506694 ], [ 85.7353088, 26.6525727 ], [ 85.732289, 26.6538817 ], [ 85.7322628, 26.6558127 ], [ 85.7348773, 26.6574996 ], [ 85.7364357, 26.6643068 ], [ 85.730021, 26.6658189 ], [ 85.7305501, 26.6677611 ], [ 85.7290328, 26.6673332 ], [ 85.7254999, 26.6705414 ], [ 85.7265805, 26.6739863 ], [ 85.7235011, 26.6742996 ], [ 85.7253119, 26.6847611 ], [ 85.7232387, 26.6869615 ], [ 85.7252183, 26.6972071 ], [ 85.7231499, 26.6998609 ], [ 85.7246535, 26.7003351 ], [ 85.7242243, 26.7029229 ], [ 85.7262553, 26.7068498 ], [ 85.7248838, 26.7070924 ], [ 85.7246964, 26.7101399 ], [ 85.7279199, 26.7176223 ], [ 85.7255138, 26.7212445 ], [ 85.7293528, 26.7252289 ], [ 85.7285012, 26.7287905 ], [ 85.7313156, 26.7306464 ], [ 85.7292272, 26.7334956 ], [ 85.7304494, 26.7361761 ], [ 85.7337803, 26.7375573 ], [ 85.7286588, 26.7499209 ], [ 85.735041, 26.7797677 ], [ 85.7344079, 26.7959751 ], [ 85.728729, 26.8026258 ], [ 85.7287604, 26.8081752 ], [ 85.7209228, 26.8204411 ], [ 85.7040435, 26.832229 ], [ 85.6804997, 26.8432324 ], [ 85.6767899, 26.8543122 ], [ 85.6781865, 26.8585665 ], [ 85.6749238, 26.8628146 ] ] ] } },
{ "type": "Feature", "properties": { "district_id": 55, "name": "मुगु" }, "geometry": { "type": "Polygon", "coordinates": [ [ [ 81.7625632, 29.5054201 ], [ 81.7698624, 29.5101252 ], [ 81.7759345, 29.5083887 ], [ 81.7806646, 29.509108 ], [ 81.7765609, 29.5171743 ], [ 81.7812513, 29.5206491 ], [ 81.7834297, 29.5267428 ], [ 81.7889459, 29.5296255 ], [ 81.7923931, 29.5294873 ], [ 81.7900567, 29.5405518 ], [ 81.79666, 29.5526404 ], [ 81.7985966, 29.5632429 ], [ 81.7974986, 29.5784997 ], [ 81.7884332, 29.5899564 ], [ 81.7905117, 29.5930715 ], [ 81.7900872, 29.5962096 ], [ 81.7763246, 29.6002404 ], [ 81.7740965, 29.6057053 ], [ 81.7738206, 29.6093285 ], [ 81.7781163, 29.6189999 ], [ 81.7821525, 29.6194202 ], [ 81.7849873, 29.6247416 ], [ 81.7909673, 29.6276716 ], [ 81.7971109, 29.6238181 ], [ 81.8119681, 29.6221583 ], [ 81.8147526, 29.6236971 ], [ 81.8257431, 29.6199971 ], [ 81.842291, 29.6221756 ], [ 81.8525922, 29.6196855 ], [ 81.8681195, 29.633568 ], [ 81.8718942, 29.6339749 ], [ 81.8727899, 29.642989 ], [ 81.8762081, 29.6455594 ], [ 81.8766667, 29.64957 ], [ 81.8833596, 29.6534435 ], [ 81.8827074, 29.6581344 ], [ 81.887776, 29.664181 ], [ 81.8879528, 29.66669 ], [ 81.8914211, 29.6688817 ], [ 81.9017973, 29.6679851 ], [ 81.9064657, 29.665802 ], [ 81.9083001, 29.6632117 ], [ 81.9144054, 29.6634607 ], [ 81.9203674, 29.664731 ], [ 81.9192782, 29.6706088 ], [ 81.9216573, 29.6740954 ], [ 81.9298837, 29.6775073 ], [ 81.9388553, 29.6727008 ], [ 81.9458205, 29.6745686 ], [ 81.9671071, 29.6908022 ], [ 81.9879154, 29.70039 ], [ 81.9988907, 29.7125231 ], [ 81.9978199, 29.7153508 ], [ 82.0044411, 29.7191595 ], [ 82.0056737, 29.7268512 ], [ 82.0121229, 29.7306595 ], [ 82.0155339, 29.7355877 ], [ 82.0198047, 29.7358863 ], [ 82.0217538, 29.7388481 ], [ 82.0270852, 29.7399929 ], [ 82.0296868, 29.7451201 ], [ 82.035478, 29.7491946 ], [ 82.0457731, 29.7510483 ], [ 82.0490961, 29.7487626 ], [ 82.055862, 29.7481627 ], [ 82.0597561, 29.7461159 ], [ 82.058977, 29.743722 ], [ 82.0612081, 29.7384588 ], [ 82.0590402, 29.7323728 ], [ 82.0617108, 29.7283415 ], [ 82.0650743, 29.726761 ], [ 82.0724506, 29.7131947 ], [ 82.0781898, 29.7138907 ], [ 82.0797278, 29.7128453 ], [ 82.0777703, 29.7108643 ], [ 82.0822188, 29.7055995 ], [ 82.0911382, 29.7006103 ], [ 82.0912387, 29.6925002 ], [ 82.0984032, 29.6884144 ], [ 82.0966205, 29.6850224 ], [ 82.1005151, 29.6759592 ], [ 82.0937269, 29.6705203 ], [ 82.1027166, 29.6640482 ], [ 82.1033681, 29.6614282 ], [ 82.10955, 29.6565355 ], [ 82.1101815, 29.6525298 ], [ 82.1029263, 29.6444272 ], [ 82.1005941, 29.6392445 ], [ 82.1025187, 29.6370042 ], [ 82.1426201, 29.6458463 ], [ 82.1468069, 29.649624 ], [ 82.1495848, 29.6549947 ], [ 82.1557027, 29.658232 ], [ 82.1632879, 29.6570291 ], [ 82.1673006, 29.65378 ], [ 82.183698, 29.6581608 ], [ 82.1924491, 29.6529616 ], [ 82.1979175, 29.6559328 ], [ 82.2020933, 29.6606439 ], [ 82.2058543, 29.6571559 ], [ 82.2094413, 29.6582113 ], [ 82.2131531, 29.6551435 ], [ 82.2172593, 29.6583489 ], [ 82.2191465, 29.6633405 ], [ 82.2285978, 29.6646878 ], [ 82.2351059, 29.662871 ], [ 82.2361962, 29.6696812 ], [ 82.2344996, 29.6687227 ], [ 82.2324037, 29.6697954 ], [ 82.2299688, 29.6748238 ], [ 82.2341485, 29.6766196 ], [ 82.2341756, 29.6812821 ], [ 82.2294664, 29.6846114 ], [ 82.2319397, 29.6943063 ], [ 82.2307791, 29.6994301 ], [ 82.2349027, 29.6949252 ], [ 82.2489405, 29.6977203 ], [ 82.2518254, 29.6999467 ], [ 82.2604426, 29.7021545 ], [ 82.2709228, 29.6949642 ], [ 82.281971, 29.6921924 ], [ 82.2856502, 29.6946332 ], [ 82.2976738, 29.6968922 ], [ 82.3135777, 29.7113219 ], [ 82.3250733, 29.7105212 ], [ 82.3339518, 29.7125284 ], [ 82.3349006, 29.7140286 ], [ 82.3431707, 29.714978 ], [ 82.3496372, 29.7118675 ], [ 82.3505245, 29.7074338 ], [ 82.3546024, 29.7052175 ], [ 82.3611421, 29.7027399 ], [ 82.3638177, 29.7042212 ], [ 82.3760548, 29.7014213 ], [ 82.3827485, 29.6950502 ], [ 82.391668, 29.6957576 ], [ 82.4037615, 29.7115561 ], [ 82.4087675, 29.7118443 ], [ 82.4132938, 29.715585 ], [ 82.4132082, 29.7184523 ], [ 82.4108895, 29.7200071 ], [ 82.4114371, 29.7279516 ], [ 82.4142503, 29.7325856 ], [ 82.408846, 29.735999 ], [ 82.4080125, 29.7429255 ], [ 82.4018213, 29.7494381 ], [ 82.4006604, 29.7555885 ], [ 82.398267, 29.757601 ], [ 82.3977497, 29.7620024 ], [ 82.4037452, 29.7648593 ], [ 82.4042586, 29.7668643 ], [ 82.4110792, 29.7714655 ], [ 82.4118096, 29.7774004 ], [ 82.4116757, 29.7813438 ], [ 82.4078896, 29.7862712 ], [ 82.4036807, 29.7873688 ], [ 82.4040045, 29.7916462 ], [ 82.4023341, 29.7945454 ], [ 82.4037407, 29.8019646 ], [ 82.4009139, 29.8057433 ], [ 82.4054116, 29.8111276 ], [ 82.4226561, 29.8070035 ], [ 82.4268332, 29.8115637 ], [ 82.4374769, 29.8132018 ], [ 82.4395742, 29.8167335 ], [ 82.4395725, 29.8231541 ], [ 82.4353286, 29.8326178 ], [ 82.4284984, 29.836465 ], [ 82.4298763, 29.839671 ], [ 82.4350338, 29.8438334 ], [ 82.4361197, 29.8602817 ], [ 82.4393599, 29.8627177 ], [ 82.4450223, 29.8602624 ], [ 82.4640162, 29.8639292 ], [ 82.4633337, 29.8725437 ], [ 82.4579345, 29.8772781 ], [ 82.4599668, 29.8818675 ], [ 82.4489105, 29.8859045 ], [ 82.4463908, 29.8887215 ], [ 82.4559609, 29.8978226 ], [ 82.4671502, 29.8985547 ], [ 82.4688883, 29.9000714 ], [ 82.4694233, 29.9049589 ], [ 82.4738555, 29.9071689 ], [ 82.4744133, 29.9116752 ], [ 82.4727716, 29.9175222 ], [ 82.4710335, 29.9185142 ], [ 82.4722454, 29.9212939 ], [ 82.4775178, 29.9218959 ], [ 82.4864081, 29.9276366 ], [ 82.4959337, 29.9397798 ], [ 82.497195, 29.947469 ], [ 82.5095314, 29.9489867 ], [ 82.515346, 29.952915 ], [ 82.520187, 29.958058 ], [ 82.524725, 29.966529 ], [ 82.5300474, 29.9698703 ], [ 82.548776, 29.96426 ], [ 82.551952, 29.959873 ], [ 82.562692, 29.955032 ], [ 82.56239, 29.950494 ], [ 82.564507, 29.94641 ], [ 82.563751, 29.943234 ], [ 82.566776, 29.932948 ], [ 82.578878, 29.922208 ], [ 82.585382, 29.921754 ], [ 82.590071, 29.909048 ], [ 82.593248, 29.907081 ], [ 82.596576, 29.898762 ], [ 82.602475, 29.893468 ], [ 82.602777, 29.88893 ], [ 82.608677, 29.884392 ], [ 82.633938, 29.876526 ], [ 82.641804, 29.872442 ], [ 82.64256, 29.866845 ], [ 82.631215, 29.857467 ], [ 82.63061, 29.848996 ], [ 82.621383, 29.847634 ], [ 82.620929, 29.840676 ], [ 82.622895, 29.838256 ], [ 82.64014, 29.834021 ], [ 82.648611, 29.839164 ], [ 82.656174, 29.839617 ], [ 82.661014, 29.843248 ], [ 82.675233, 29.843248 ], [ 82.685217, 29.847483 ], [ 82.687032, 29.853231 ], [ 82.694444, 29.854441 ], [ 82.697015, 29.856408 ], [ 82.703671, 29.845668 ], [ 82.711839, 29.838407 ], [ 82.719402, 29.839769 ], [ 82.726663, 29.834626 ], [ 82.726815, 29.82918 ], [ 82.729991, 29.820861 ], [ 82.735285, 29.815415 ], [ 82.738613, 29.814659 ], [ 82.732411, 29.809667 ], [ 82.729235, 29.808911 ], [ 82.728327, 29.803768 ], [ 82.719251, 29.799986 ], [ 82.713806, 29.794238 ], [ 82.707755, 29.792272 ], [ 82.701251, 29.79454 ], [ 82.695351, 29.79212 ], [ 82.697318, 29.781078 ], [ 82.6875291, 29.7735532 ], [ 82.6900068, 29.768625 ], [ 82.6903085, 29.7631255 ], [ 82.693385, 29.7611899 ], [ 82.699133, 29.76217 ], [ 82.706091, 29.765195 ], [ 82.709268, 29.769431 ], [ 82.713654, 29.769431 ], [ 82.7191, 29.766708 ], [ 82.723789, 29.772758 ], [ 82.728176, 29.771246 ], [ 82.733773, 29.772153 ], [ 82.744966, 29.770792 ], [ 82.748445, 29.765195 ], [ 82.752076, 29.765498 ], [ 82.759941, 29.759447 ], [ 82.762664, 29.747497 ], [ 82.766748, 29.743262 ], [ 82.766899, 29.735094 ], [ 82.765236, 29.731009 ], [ 82.779757, 29.725564 ], [ 82.782631, 29.726169 ], [ 82.798816, 29.718908 ], [ 82.818632, 29.72148 ], [ 82.821809, 29.713463 ], [ 82.815304, 29.706202 ], [ 82.817271, 29.698639 ], [ 82.818329, 29.69637 ], [ 82.8285834, 29.689865 ], [ 82.8255175, 29.6810276 ], [ 82.8291026, 29.6711721 ], [ 82.8270943, 29.6502625 ], [ 82.824422, 29.6475583 ], [ 82.8201227, 29.6485633 ], [ 82.8156158, 29.6474552 ], [ 82.8095968, 29.6399563 ], [ 82.8042004, 29.6384873 ], [ 82.7984483, 29.6400078 ], [ 82.7938836, 29.6303799 ], [ 82.7967964, 29.6207903 ], [ 82.7969931, 29.6134147 ], [ 82.8049731, 29.6006303 ], [ 82.8058956, 29.5950518 ], [ 82.8085793, 29.5941403 ], [ 82.8079084, 29.5873946 ], [ 82.8135901, 29.576783 ], [ 82.8145546, 29.5653861 ], [ 82.8191042, 29.5620123 ], [ 82.8191999, 29.559394 ], [ 82.8144497, 29.5561035 ], [ 82.8084115, 29.5560488 ], [ 82.8034216, 29.5518175 ], [ 82.7992704, 29.5459993 ], [ 82.797048, 29.5387944 ], [ 82.7928548, 29.53604 ], [ 82.784699, 29.5254003 ], [ 82.7874246, 29.5207299 ], [ 82.786715, 29.5173008 ], [ 82.7818686, 29.5151653 ], [ 82.7759142, 29.5169168 ], [ 82.7670767, 29.5150432 ], [ 82.7636818, 29.5116372 ], [ 82.7547718, 29.5105277 ], [ 82.7485008, 29.5074699 ], [ 82.7407123, 29.5068999 ], [ 82.732387, 29.5084329 ], [ 82.7269774, 29.496548 ], [ 82.7282367, 29.489737 ], [ 82.7232849, 29.4791597 ], [ 82.7349175, 29.4704197 ], [ 82.7354946, 29.4684287 ], [ 82.7263293, 29.4554761 ], [ 82.7255398, 29.4492885 ], [ 82.7169802, 29.4450446 ], [ 82.7195799, 29.4413565 ], [ 82.7143858, 29.4310464 ], [ 82.7022518, 29.4276159 ], [ 82.6978693, 29.4285409 ], [ 82.6902002, 29.4252732 ], [ 82.685935, 29.4180814 ], [ 82.6887815, 29.4129158 ], [ 82.6858164, 29.408654 ], [ 82.6780184, 29.4084215 ], [ 82.6757698, 29.4034154 ], [ 82.6709421, 29.4013567 ], [ 82.6629936, 29.4025167 ], [ 82.6592722, 29.4004127 ], [ 82.6593245, 29.395393 ], [ 82.6426356, 29.3853458 ], [ 82.6406051, 29.3909647 ], [ 82.6234538, 29.3987719 ], [ 82.6271028, 29.4117188 ], [ 82.6266877, 29.4221531 ], [ 82.6245232, 29.4244516 ], [ 82.5976168, 29.4234454 ], [ 82.5907972, 29.4210178 ], [ 82.5880694, 29.4232228 ], [ 82.5854305, 29.4221541 ], [ 82.5828213, 29.4167692 ], [ 82.5758979, 29.4140056 ], [ 82.5589347, 29.4115737 ], [ 82.5423359, 29.4203825 ], [ 82.5318158, 29.4215806 ], [ 82.5164657, 29.4192653 ], [ 82.5122571, 29.4205877 ], [ 82.5111516, 29.4337988 ], [ 82.5099947, 29.4364855 ], [ 82.504853, 29.4399335 ], [ 82.5001636, 29.4556886 ], [ 82.5018343, 29.4578649 ], [ 82.5013021, 29.4620927 ], [ 82.5028397, 29.4664809 ], [ 82.5054362, 29.4684282 ], [ 82.5054463, 29.4704345 ], [ 82.5001778, 29.474461 ], [ 82.4998761, 29.4798419 ], [ 82.5014357, 29.4828149 ], [ 82.4957508, 29.4929719 ], [ 82.4885854, 29.491406 ], [ 82.4875692, 29.4877699 ], [ 82.4851876, 29.4857587 ], [ 82.4800794, 29.4857429 ], [ 82.4804429, 29.4824198 ], [ 82.4779343, 29.4800302 ], [ 82.4749712, 29.4804258 ], [ 82.4715938, 29.4758273 ], [ 82.466918, 29.4724656 ], [ 82.4615371, 29.4711613 ], [ 82.4528336, 29.4642332 ], [ 82.4524529, 29.4584012 ], [ 82.4478664, 29.4498856 ], [ 82.4432457, 29.4465495 ], [ 82.4325159, 29.4451501 ], [ 82.4265416, 29.4488629 ], [ 82.4180623, 29.4479122 ], [ 82.4170012, 29.4496334 ], [ 82.4106138, 29.4507114 ], [ 82.4119093, 29.4541367 ], [ 82.4101483, 29.4592853 ], [ 82.4110853, 29.4637672 ], [ 82.3848806, 29.5024288 ], [ 82.3702144, 29.49073 ], [ 82.3456374, 29.4944871 ], [ 82.3388544, 29.5048375 ], [ 82.3180075, 29.5058204 ], [ 82.310663, 29.5029823 ], [ 82.3070513, 29.4951619 ], [ 82.3024706, 29.4950852 ], [ 82.3023797, 29.4808828 ], [ 82.3067661, 29.477871 ], [ 82.3000041, 29.4694731 ], [ 82.3024706, 29.4610366 ], [ 82.2976257, 29.4549772 ], [ 82.3000922, 29.4484572 ], [ 82.2910455, 29.4409664 ], [ 82.2865977, 29.440439 ], [ 82.2836194, 29.442934 ], [ 82.2768935, 29.4409467 ], [ 82.2699344, 29.441358 ], [ 82.2675339, 29.4448004 ], [ 82.2625113, 29.4434544 ], [ 82.2587454, 29.4376625 ], [ 82.2511013, 29.436104 ], [ 82.250167, 29.4340426 ], [ 82.2467878, 29.4326864 ], [ 82.2456511, 29.4353581 ], [ 82.2397297, 29.4388462 ], [ 82.230001, 29.4309398 ], [ 82.2240212, 29.43075 ], [ 82.2213272, 29.4279425 ], [ 82.2232774, 29.4264138 ], [ 82.2217788, 29.4196551 ], [ 82.2136353, 29.4068501 ], [ 82.2104734, 29.4111365 ], [ 82.19981, 29.409143 ], [ 82.1934374, 29.4113807 ], [ 82.1843744, 29.4064428 ], [ 82.1803879, 29.4069041 ], [ 82.1780843, 29.4129411 ], [ 82.1750564, 29.4154667 ], [ 82.1711079, 29.4164815 ], [ 82.166592, 29.4146096 ], [ 82.160659, 29.4170648 ], [ 82.1509263, 29.4282956 ], [ 82.1425173, 29.4299231 ], [ 82.1381359, 29.4391833 ], [ 82.1447195, 29.4478008 ], [ 82.1423851, 29.4594598 ], [ 82.1322134, 29.4640313 ], [ 82.131539, 29.4684811 ], [ 82.1281145, 29.47083 ], [ 82.1243267, 29.4673405 ], [ 82.1208912, 29.4681074 ], [ 82.1110692, 29.4650396 ], [ 82.1052313, 29.4591915 ], [ 82.1024848, 29.4584137 ], [ 82.0945744, 29.4636974 ], [ 82.0864481, 29.4800709 ], [ 82.0836732, 29.4823714 ], [ 82.0760535, 29.4841734 ], [ 82.0675969, 29.4842885 ], [ 82.0571097, 29.4791181 ], [ 82.0523134, 29.4838355 ], [ 82.043157, 29.4847031 ], [ 82.0344988, 29.4802026 ], [ 82.0257784, 29.4692487 ], [ 82.020759, 29.4703139 ], [ 82.0127238, 29.4625046 ], [ 82.0068147, 29.474462 ], [ 81.9981797, 29.4714797 ], [ 81.9887563, 29.473465 ], [ 81.9789418, 29.4729547 ], [ 81.978979, 29.464515 ], [ 81.9726629, 29.4637151 ], [ 81.9713996, 29.4558158 ], [ 81.9574391, 29.444476 ], [ 81.9365221, 29.4447278 ], [ 81.9307456, 29.4400946 ], [ 81.9240856, 29.4403154 ], [ 81.9227903, 29.4447572 ], [ 81.8975576, 29.4477159 ], [ 81.8897954, 29.4440287 ], [ 81.8845886, 29.4437353 ], [ 81.8651954, 29.4598758 ], [ 81.8586788, 29.4592395 ], [ 81.8545374, 29.4617495 ], [ 81.8366725, 29.4605122 ], [ 81.8336679, 29.4561284 ], [ 81.8283085, 29.457684 ], [ 81.8234382, 29.4551467 ], [ 81.8083777, 29.456695 ], [ 81.8043856, 29.474874 ], [ 81.7896097, 29.4943064 ], [ 81.7873334, 29.5011768 ], [ 81.7625632, 29.5054201 ] ] ] } },
{ "type": "Feature", "properties": { "district_id": 56, "name": "मुस्ताङ" }, "geometry": { "type": "Polygon", "coordinates": [ [ [ 83.478999, 28.8229882 ], [ 83.4827569, 28.8326581 ], [ 83.4807005, 28.8443635 ], [ 83.4907552, 28.8467767 ], [ 83.4967775, 28.8436125 ], [ 83.4995621, 28.8449949 ], [ 83.5058581, 28.8571411 ], [ 83.5066191, 28.8643349 ], [ 83.5046877, 28.8676182 ], [ 83.5047445, 28.8712995 ], [ 83.5014498, 28.8726923 ], [ 83.4994889, 28.8772712 ], [ 83.5065896, 28.8850805 ], [ 83.5163755, 28.8911335 ], [ 83.5290581, 28.9081361 ], [ 83.555438, 28.9347861 ], [ 83.5575469, 28.942836 ], [ 83.5597521, 28.9448431 ], [ 83.5668612, 28.9430198 ], [ 83.5747113, 28.9538575 ], [ 83.5811588, 28.9574114 ], [ 83.5823233, 28.9667056 ], [ 83.5856413, 28.9689812 ], [ 83.5872633, 28.9730164 ], [ 83.5862273, 28.9759884 ], [ 83.5889891, 28.980665 ], [ 83.5933879, 28.984087 ], [ 83.5989066, 28.9854957 ], [ 83.6041754, 28.9798432 ], [ 83.6092178, 28.9800753 ], [ 83.609802, 28.9830893 ], [ 83.613821, 28.9863751 ], [ 83.6151538, 28.9956137 ], [ 83.6142005, 29.0005705 ], [ 83.6169404, 29.004906 ], [ 83.6116072, 29.0148952 ], [ 83.6156867, 29.0180294 ], [ 83.6122924, 29.0350584 ], [ 83.6182247, 29.0444065 ], [ 83.6192891, 29.0495685 ], [ 83.6180821, 29.0561989 ], [ 83.6219804, 29.0612611 ], [ 83.6316409, 29.0626826 ], [ 83.6265246, 29.0856443 ], [ 83.6149645, 29.0933138 ], [ 83.6150319, 29.0985905 ], [ 83.6205281, 29.0977452 ], [ 83.6229467, 29.1018222 ], [ 83.6307673, 29.1086405 ], [ 83.6381281, 29.1079643 ], [ 83.6463524, 29.1040079 ], [ 83.6520336, 29.1097512 ], [ 83.6500252, 29.1132956 ], [ 83.6499449, 29.1197701 ], [ 83.6575968, 29.1218755 ], [ 83.6602078, 29.1247002 ], [ 83.6799522, 29.1237786 ], [ 83.6797319, 29.1310284 ], [ 83.6762446, 29.1380995 ], [ 83.6780508, 29.1412659 ], [ 83.6765179, 29.146791 ], [ 83.6717787, 29.1529905 ], [ 83.6625395, 29.1553856 ], [ 83.6615359, 29.1649168 ], [ 83.6658734, 29.1698019 ], [ 83.6565907, 29.1765931 ], [ 83.662992, 29.183885 ], [ 83.657697, 29.188574 ], [ 83.658303, 29.195381 ], [ 83.655731, 29.200221 ], [ 83.656034, 29.204003 ], [ 83.668135, 29.207331 ], [ 83.674337, 29.207482 ], [ 83.6819, 29.211718 ], [ 83.691581, 29.220491 ], [ 83.700959, 29.234559 ], [ 83.70701, 29.237281 ], [ 83.711245, 29.244088 ], [ 83.717296, 29.244088 ], [ 83.722892, 29.241971 ], [ 83.731363, 29.244996 ], [ 83.741196, 29.245298 ], [ 83.74649, 29.243786 ], [ 83.749061, 29.244693 ], [ 83.764793, 29.240155 ], [ 83.768272, 29.24076 ], [ 83.771146, 29.247114 ], [ 83.777348, 29.24787 ], [ 83.780222, 29.244693 ], [ 83.792021, 29.247567 ], [ 83.796407, 29.25029 ], [ 83.796861, 29.253315 ], [ 83.80155, 29.255433 ], [ 83.79792, 29.266475 ], [ 83.793685, 29.273434 ], [ 83.794441, 29.27661 ], [ 83.79671, 29.280846 ], [ 83.800945, 29.280846 ], [ 83.8104375, 29.2903923 ], [ 83.8084901, 29.2949426 ], [ 83.812462, 29.2986066 ], [ 83.8121439, 29.3017749 ], [ 83.8191622, 29.3032594 ], [ 83.828627, 29.298544 ], [ 83.8315, 29.29809 ], [ 83.835131, 29.300964 ], [ 83.839064, 29.297938 ], [ 83.844509, 29.298846 ], [ 83.847837, 29.29688 ], [ 83.85419, 29.302023 ], [ 83.856308, 29.309283 ], [ 83.872191, 29.31246 ], [ 83.885351, 29.319116 ], [ 83.8974177, 29.3188184 ], [ 83.9035412, 29.3264194 ], [ 83.9138815, 29.3232171 ], [ 83.9190676, 29.3233129 ], [ 83.9268256, 29.3191543 ], [ 83.9356021, 29.3188204 ], [ 83.9433332, 29.3156036 ], [ 83.9482948, 29.3170609 ], [ 83.9550646, 29.3259007 ], [ 83.9627293, 29.3312532 ], [ 83.9763043, 29.3284517 ], [ 83.988211, 29.320628 ], [ 83.99169, 29.320326 ], [ 83.9951451, 29.3162616 ], [ 84.0015177, 29.3128628 ], [ 83.9987476, 29.3057364 ], [ 83.9888858, 29.3020305 ], [ 83.988936, 29.2986433 ], [ 83.9980707, 29.2952238 ], [ 84.0036631, 29.295927 ], [ 84.0113593, 29.2938347 ], [ 84.015708, 29.2893463 ], [ 84.0242189, 29.2884112 ], [ 84.0265632, 29.286246 ], [ 84.0303163, 29.2933112 ], [ 84.0421089, 29.3012274 ], [ 84.053557, 29.298241 ], [ 84.0551502, 29.2925324 ], [ 84.0636412, 29.2899483 ], [ 84.0670114, 29.2855226 ], [ 84.0699279, 29.2842822 ], [ 84.0811067, 29.288579 ], [ 84.085172, 29.294611 ], [ 84.098332, 29.291283 ], [ 84.101659, 29.28735 ], [ 84.108618, 29.285384 ], [ 84.117996, 29.279182 ], [ 84.117088, 29.277064 ], [ 84.121777, 29.27419 ], [ 84.11966, 29.267534 ], [ 84.113458, 29.263904 ], [ 84.115425, 29.259517 ], [ 84.113307, 29.255131 ], [ 84.114366, 29.253769 ], [ 84.113307, 29.248021 ], [ 84.116181, 29.244391 ], [ 84.1194549, 29.2457465 ], [ 84.141442, 29.237584 ], [ 84.149157, 29.240912 ], [ 84.159442, 29.241971 ], [ 84.170636, 29.240912 ], [ 84.179107, 29.237584 ], [ 84.183342, 29.241668 ], [ 84.193628, 29.244845 ], [ 84.195292, 29.242424 ], [ 84.200435, 29.240912 ], [ 84.202402, 29.236222 ], [ 84.197713, 29.22881 ], [ 84.199074, 29.213835 ], [ 84.193628, 29.211415 ], [ 84.187275, 29.205516 ], [ 84.181376, 29.208238 ], [ 84.17714, 29.206726 ], [ 84.1723, 29.201129 ], [ 84.167913, 29.200373 ], [ 84.164132, 29.193717 ], [ 84.166401, 29.189935 ], [ 84.162317, 29.185549 ], [ 84.168216, 29.172086 ], [ 84.166098, 29.164826 ], [ 84.167157, 29.157262 ], [ 84.1726262, 29.1510428 ], [ 84.173964, 29.131094 ], [ 84.186216, 29.126253 ], [ 84.200284, 29.124892 ], [ 84.20104, 29.104925 ], [ 84.195897, 29.099177 ], [ 84.195746, 29.09358 ], [ 84.186822, 29.081025 ], [ 84.186519, 29.068319 ], [ 84.188334, 29.066504 ], [ 84.1896092, 29.0471279 ], [ 84.1962, 29.047142 ], [ 84.208906, 29.053495 ], [ 84.219646, 29.053948 ], [ 84.228117, 29.050772 ], [ 84.236436, 29.044116 ], [ 84.242184, 29.043965 ], [ 84.249143, 29.036704 ], [ 84.247327, 29.030351 ], [ 84.251109, 29.023998 ], [ 84.25126, 29.018099 ], [ 84.243848, 29.009779 ], [ 84.239159, 28.997224 ], [ 84.2406007, 28.9914557 ], [ 84.238857, 28.988451 ], [ 84.239008, 28.982249 ], [ 84.241125, 28.976047 ], [ 84.23931, 28.968938 ], [ 84.235075, 28.967728 ], [ 84.234772, 28.963341 ], [ 84.231142, 28.960467 ], [ 84.229478, 28.947156 ], [ 84.225545, 28.943374 ], [ 84.225091, 28.925979 ], [ 84.222217, 28.914936 ], [ 84.2245286, 28.904958 ], [ 84.2243502, 28.8976766 ], [ 84.2262376, 28.89306 ], [ 84.2213825, 28.891441 ], [ 84.2007418, 28.8979555 ], [ 84.1845324, 28.9005714 ], [ 84.1698733, 28.8824602 ], [ 84.1619119, 28.8770659 ], [ 84.1582708, 28.8723816 ], [ 84.149632, 28.8771197 ], [ 84.1465253, 28.880706 ], [ 84.139299, 28.8819753 ], [ 84.1309896, 28.8892329 ], [ 84.1267712, 28.8892048 ], [ 84.122198, 28.8820581 ], [ 84.1159946, 28.8808694 ], [ 84.106257, 28.8859565 ], [ 84.0959446, 28.887427 ], [ 84.0936467, 28.8811009 ], [ 84.0894378, 28.8791086 ], [ 84.0911469, 28.8746759 ], [ 84.0834471, 28.8656598 ], [ 84.0885412, 28.8549118 ], [ 84.0846917, 28.849791 ], [ 84.078708, 28.8477498 ], [ 84.0711764, 28.8414394 ], [ 84.0610315, 28.8390706 ], [ 84.0510025, 28.8443948 ], [ 84.0511616, 28.8380691 ], [ 84.0462412, 28.8315877 ], [ 84.0480068, 28.8218506 ], [ 84.046357, 28.821952 ], [ 84.044406, 28.8182982 ], [ 84.036506, 28.8125599 ], [ 84.0271733, 28.8110535 ], [ 84.0260714, 28.8046123 ], [ 84.0221804, 28.8013084 ], [ 84.0104917, 28.8001177 ], [ 84.0043927, 28.8019112 ], [ 84.0036553, 28.8055312 ], [ 83.9960554, 28.8120835 ], [ 83.9791, 28.8177299 ], [ 83.9672637, 28.8180419 ], [ 83.9598872, 28.8329279 ], [ 83.9564605, 28.8356238 ], [ 83.9461833, 28.8324044 ], [ 83.9412721, 28.828901 ], [ 83.9366579, 28.8135441 ], [ 83.9382747, 28.8098265 ], [ 83.9418797, 28.8087927 ], [ 83.9429044, 28.8065911 ], [ 83.9384337, 28.7911122 ], [ 83.9341407, 28.7828553 ], [ 83.9263867, 28.7817102 ], [ 83.9182918, 28.7777768 ], [ 83.9133213, 28.7792954 ], [ 83.9055389, 28.7774781 ], [ 83.8997305, 28.7726608 ], [ 83.893074, 28.7723323 ], [ 83.8949344, 28.7650125 ], [ 83.8940622, 28.7575043 ], [ 83.8906796, 28.7512123 ], [ 83.8896088, 28.7447311 ], [ 83.8908358, 28.7429073 ], [ 83.8846423, 28.7416407 ], [ 83.877633, 28.7373087 ], [ 83.8696999, 28.7265131 ], [ 83.8630056, 28.7226096 ], [ 83.8494841, 28.7265558 ], [ 83.8398314, 28.7258019 ], [ 83.8312948, 28.7222361 ], [ 83.8301195, 28.718864 ], [ 83.8229714, 28.7181331 ], [ 83.8203268, 28.7140781 ], [ 83.8174439, 28.7129447 ], [ 83.8127418, 28.7140585 ], [ 83.8050966, 28.7060728 ], [ 83.7872423, 28.6931551 ], [ 83.780721, 28.6901239 ], [ 83.7660243, 28.6866712 ], [ 83.7443808, 28.6901213 ], [ 83.7360301, 28.6781942 ], [ 83.7354678, 28.6728242 ], [ 83.7263939, 28.6658154 ], [ 83.7261612, 28.6591803 ], [ 83.7296355, 28.6541069 ], [ 83.7248957, 28.6543734 ], [ 83.7200972, 28.6521597 ], [ 83.7130503, 28.6441707 ], [ 83.7087195, 28.6423666 ], [ 83.7049939, 28.6383773 ], [ 83.7046922, 28.6326496 ], [ 83.6991397, 28.6198574 ], [ 83.6971102, 28.617008 ], [ 83.6854923, 28.6125436 ], [ 83.682836, 28.5994536 ], [ 83.6791255, 28.5945776 ], [ 83.6758876, 28.584516 ], [ 83.6728314, 28.5814927 ], [ 83.6713966, 28.5755164 ], [ 83.6658668, 28.5727611 ], [ 83.6632043, 28.5663397 ], [ 83.6573877, 28.5645006 ], [ 83.6374923, 28.5663881 ], [ 83.6432236, 28.5722547 ], [ 83.6220005, 28.5754069 ], [ 83.6118267, 28.5848796 ], [ 83.6066718, 28.5848796 ], [ 83.5890408, 28.5906341 ], [ 83.579677, 28.5836742 ], [ 83.5694924, 28.5940636 ], [ 83.5706364, 28.5978429 ], [ 83.562313, 28.6129241 ], [ 83.5610195, 28.6205326 ], [ 83.5640054, 28.6288039 ], [ 83.5640661, 28.6341159 ], [ 83.5600328, 28.6458359 ], [ 83.5470001, 28.651573 ], [ 83.5438043, 28.6555514 ], [ 83.5399847, 28.6723939 ], [ 83.5347521, 28.6788554 ], [ 83.5345776, 28.6820533 ], [ 83.5261629, 28.6874282 ], [ 83.538676, 28.6964098 ], [ 83.5351907, 28.7082601 ], [ 83.5362501, 28.7117477 ], [ 83.547402, 28.7364768 ], [ 83.557636, 28.7447321 ], [ 83.5532153, 28.7714689 ], [ 83.5345671, 28.7806979 ], [ 83.5063864, 28.7888142 ], [ 83.502785, 28.7932375 ], [ 83.4952621, 28.7903313 ], [ 83.4856288, 28.7900377 ], [ 83.4873338, 28.8024694 ], [ 83.4840602, 28.8139083 ], [ 83.4791597, 28.8172166 ], [ 83.478999, 28.8229882 ] ] ] } },
{ "type": "Feature", "properties": { "district_id": 57, "name": "मोरङ जिल्ला" }, "geometry": { "type": "Polygon", "coordinates": [ [ [ 87.2384681, 26.4700124 ], [ 87.2432532, 26.4753137 ], [ 87.2442832, 26.484917 ], [ 87.2463646, 26.4871641 ], [ 87.2450771, 26.4908514 ], [ 87.2526517, 26.5032954 ], [ 87.2497608, 26.5086701 ], [ 87.2539413, 26.5195654 ], [ 87.2502745, 26.5221638 ], [ 87.2474124, 26.5155981 ], [ 87.2457948, 26.5209866 ], [ 87.2476316, 26.5238293 ], [ 87.2503592, 26.5244518 ], [ 87.2506341, 26.5273953 ], [ 87.2554479, 26.5290857 ], [ 87.2537098, 26.5366304 ], [ 87.2553835, 26.5347491 ], [ 87.2605169, 26.5337853 ], [ 87.2597193, 26.5400618 ], [ 87.2639773, 26.5442217 ], [ 87.2654924, 26.5481648 ], [ 87.2673317, 26.5500387 ], [ 87.2723048, 26.5503891 ], [ 87.2736502, 26.5550357 ], [ 87.2756088, 26.5554775 ], [ 87.2782315, 26.5596668 ], [ 87.2834771, 26.5589204 ], [ 87.2867811, 26.5731017 ], [ 87.2898977, 26.5747319 ], [ 87.2915157, 26.5781742 ], [ 87.2896423, 26.5849519 ], [ 87.2866789, 26.5876476 ], [ 87.2846222, 26.5934369 ], [ 87.2885275, 26.5952406 ], [ 87.2884845, 26.6013611 ], [ 87.291317, 26.6019943 ], [ 87.2937202, 26.6091697 ], [ 87.3010802, 26.615865 ], [ 87.3004365, 26.6313545 ], [ 87.294321, 26.6347495 ], [ 87.2953081, 26.6390459 ], [ 87.2894263, 26.6461507 ], [ 87.2893038, 26.649656 ], [ 87.2870977, 26.650698 ], [ 87.2847603, 26.6573347 ], [ 87.2875697, 26.6602354 ], [ 87.2861669, 26.663234 ], [ 87.2885, 26.6646701 ], [ 87.2894537, 26.6703469 ], [ 87.2939214, 26.6679111 ], [ 87.2957271, 26.6726517 ], [ 87.2991333, 26.6724301 ], [ 87.3006445, 26.6755669 ], [ 87.304419, 26.6766371 ], [ 87.3049188, 26.681175 ], [ 87.3094995, 26.6891769 ], [ 87.3101906, 26.6985197 ], [ 87.315654, 26.7074825 ], [ 87.3183617, 26.7077755 ], [ 87.319035, 26.7101092 ], [ 87.3223073, 26.7124094 ], [ 87.3191852, 26.716238 ], [ 87.3249949, 26.7149059 ], [ 87.3251187, 26.7200792 ], [ 87.3276078, 26.7217994 ], [ 87.3268246, 26.7234908 ], [ 87.3305671, 26.7242761 ], [ 87.3290195, 26.7283966 ], [ 87.3344108, 26.7315731 ], [ 87.334502, 26.7354011 ], [ 87.3385521, 26.73726 ], [ 87.3369589, 26.7403405 ], [ 87.3391959, 26.7480389 ], [ 87.3378386, 26.754204 ], [ 87.3357307, 26.7584585 ], [ 87.3327481, 26.7599374 ], [ 87.3323692, 26.7631347 ], [ 87.3294569, 26.764317 ], [ 87.3300572, 26.765773 ], [ 87.327328, 26.7675635 ], [ 87.3240794, 26.7739384 ], [ 87.3231214, 26.7797998 ], [ 87.324684, 26.7829014 ], [ 87.3234151, 26.7864363 ], [ 87.3273662, 26.7950702 ], [ 87.3307043, 26.7968945 ], [ 87.3369716, 26.8058329 ], [ 87.3405822, 26.8065018 ], [ 87.3495889, 26.8211653 ], [ 87.3494538, 26.8236503 ], [ 87.3465069, 26.8252909 ], [ 87.3538064, 26.8390176 ], [ 87.3476598, 26.8494625 ], [ 87.3582101, 26.8489083 ], [ 87.3676282, 26.8457477 ], [ 87.3782949, 26.8484933 ], [ 87.3815163, 26.8507835 ], [ 87.3864978, 26.8599666 ], [ 87.3918977, 26.8658335 ], [ 87.4013711, 26.8634402 ], [ 87.4215203, 26.8702322 ], [ 87.4289173, 26.8634165 ], [ 87.4312582, 26.8655176 ], [ 87.4487434, 26.8642246 ], [ 87.4514284, 26.8622251 ], [ 87.4522868, 26.8577816 ], [ 87.4607104, 26.8638024 ], [ 87.4623186, 26.862063 ], [ 87.4643315, 26.8632816 ], [ 87.4716845, 26.8619189 ], [ 87.4739161, 26.8670489 ], [ 87.4752341, 26.8659762 ], [ 87.4776, 26.8679495 ], [ 87.4836884, 26.8678138 ], [ 87.4872198, 26.8722552 ], [ 87.4965416, 26.869747 ], [ 87.499875, 26.8703077 ], [ 87.5021973, 26.8734037 ], [ 87.507272, 26.8712791 ], [ 87.5074862, 26.8624248 ], [ 87.5089191, 26.8616048 ], [ 87.5079822, 26.8587694 ], [ 87.5093516, 26.8571188 ], [ 87.5151101, 26.8611466 ], [ 87.520093, 26.8619189 ], [ 87.5288819, 26.8568455 ], [ 87.5314676, 26.8570657 ], [ 87.5344798, 26.8625154 ], [ 87.5359844, 26.8614302 ], [ 87.5402223, 26.8632679 ], [ 87.559966, 26.8628772 ], [ 87.5661432, 26.8572475 ], [ 87.5757455, 26.8571901 ], [ 87.5803458, 26.8616151 ], [ 87.5835177, 26.8600248 ], [ 87.5879345, 26.8621343 ], [ 87.5994718, 26.8623258 ], [ 87.604387, 26.8563087 ], [ 87.6143057, 26.8512454 ], [ 87.6139604, 26.849374 ], [ 87.6219153, 26.8430325 ], [ 87.6310527, 26.8391741 ], [ 87.6342236, 26.8406921 ], [ 87.6350709, 26.8377887 ], [ 87.6417981, 26.8305377 ], [ 87.6480994, 26.8307752 ], [ 87.6515, 26.8254118 ], [ 87.6523426, 26.8190493 ], [ 87.6559774, 26.818852 ], [ 87.6613926, 26.8150449 ], [ 87.6591717, 26.8089087 ], [ 87.6612593, 26.8084364 ], [ 87.6609999, 26.8059871 ], [ 87.6559719, 26.8016194 ], [ 87.6559407, 26.798368 ], [ 87.661341, 26.7924919 ], [ 87.6708115, 26.7909446 ], [ 87.6785277, 26.7846755 ], [ 87.6790742, 26.7816672 ], [ 87.6735568, 26.771711 ], [ 87.6630001, 26.7609433 ], [ 87.6720178, 26.7572047 ], [ 87.6728887, 26.7538903 ], [ 87.6753877, 26.7525178 ], [ 87.6794466, 26.7546736 ], [ 87.6823385, 26.7532179 ], [ 87.6852204, 26.7577598 ], [ 87.6879506, 26.7561715 ], [ 87.6902076, 26.7568691 ], [ 87.690771, 26.7537101 ], [ 87.6833708, 26.7464037 ], [ 87.6812679, 26.7336796 ], [ 87.6753688, 26.7273036 ], [ 87.6562054, 26.7175807 ], [ 87.6547033, 26.7150123 ], [ 87.6514546, 26.6905014 ], [ 87.6531027, 26.6864815 ], [ 87.6455168, 26.674524 ], [ 87.6451761, 26.6688017 ], [ 87.6421787, 26.6668537 ], [ 87.6429593, 26.663054 ], [ 87.6412931, 26.6563822 ], [ 87.644142, 26.6448701 ], [ 87.6470104, 26.6438969 ], [ 87.6547816, 26.6323917 ], [ 87.653224, 26.6257941 ], [ 87.6551904, 26.6218562 ], [ 87.6556624, 26.6155412 ], [ 87.6468111, 26.6075435 ], [ 87.6484461, 26.603767 ], [ 87.6458574, 26.5993204 ], [ 87.6381594, 26.5976758 ], [ 87.6398625, 26.5871371 ], [ 87.6423149, 26.584091 ], [ 87.6377808, 26.5807821 ], [ 87.6370849, 26.5731017 ], [ 87.6392777, 26.5689181 ], [ 87.6411568, 26.5581354 ], [ 87.6457211, 26.5518589 ], [ 87.6461299, 26.5465571 ], [ 87.6421403, 26.5394174 ], [ 87.6404412, 26.5288336 ], [ 87.6426508, 26.5231047 ], [ 87.6428211, 26.5075811 ], [ 87.6445471, 26.5013994 ], [ 87.6486772, 26.4968369 ], [ 87.649416, 26.482429 ], [ 87.6508355, 26.4793124 ], [ 87.6583117, 26.473066 ], [ 87.6600456, 26.4693378 ], [ 87.6568483, 26.4623534 ], [ 87.6606656, 26.4562658 ], [ 87.6672589, 26.4539849 ], [ 87.6728436, 26.4498696 ], [ 87.6723064, 26.441467 ], [ 87.6747383, 26.4358516 ], [ 87.6792343, 26.4363389 ], [ 87.6774084, 26.4356246 ], [ 87.6779435, 26.4159333 ], [ 87.6500098, 26.4060072 ], [ 87.6517134, 26.3935809 ], [ 87.6273988, 26.3938389 ], [ 87.6120215, 26.3902937 ], [ 87.6057945, 26.3805202 ], [ 87.5872673, 26.3817481 ], [ 87.5876368, 26.3929387 ], [ 87.5735115, 26.395988 ], [ 87.5528258, 26.4058227 ], [ 87.54751, 26.4184768 ], [ 87.5337781, 26.4218229 ], [ 87.5160757, 26.4308732 ], [ 87.4940206, 26.4359095 ], [ 87.4639078, 26.4398641 ], [ 87.4432073, 26.4331234 ], [ 87.427438, 26.4224961 ], [ 87.38843, 26.4191275 ], [ 87.3758537, 26.4070006 ], [ 87.3686008, 26.4081549 ], [ 87.355818, 26.3865066 ], [ 87.3533262, 26.3721222 ], [ 87.3582201, 26.3610975 ], [ 87.3478308, 26.3517636 ], [ 87.3409384, 26.3477581 ], [ 87.321816, 26.3603071 ], [ 87.3132733, 26.3677337 ], [ 87.3122259, 26.3715997 ], [ 87.3014909, 26.36623 ], [ 87.2893642, 26.3737567 ], [ 87.2733864, 26.372697 ], [ 87.2658365, 26.3739558 ], [ 87.2642694, 26.3876766 ], [ 87.2656527, 26.3906328 ], [ 87.2660797, 26.4056639 ], [ 87.2561361, 26.4111091 ], [ 87.2498, 26.4093602 ], [ 87.2475713, 26.4140014 ], [ 87.2453079, 26.4142044 ], [ 87.2417354, 26.418291 ], [ 87.2455544, 26.4226191 ], [ 87.2452414, 26.4262623 ], [ 87.2480597, 26.4332612 ], [ 87.24512, 26.4390638 ], [ 87.2458067, 26.4423108 ], [ 87.2440471, 26.4424261 ], [ 87.2444977, 26.4479208 ], [ 87.247137, 26.4536843 ], [ 87.2448625, 26.4548753 ], [ 87.2449698, 26.4653447 ], [ 87.2384681, 26.4700124 ] ] ] } },
{ "type": "Feature", "properties": { "district_id": 58, "name": "म्याग्दी" }, "geometry": { "type": "Polygon", "coordinates": [ [ [ 83.0999048, 28.5555909 ], [ 83.1013589, 28.562593 ], [ 83.1004358, 28.5670835 ], [ 83.1064399, 28.57237 ], [ 83.1083216, 28.5760135 ], [ 83.1085911, 28.5849915 ], [ 83.1025689, 28.6012686 ], [ 83.1040572, 28.6033563 ], [ 83.1029617, 28.6072063 ], [ 83.1059655, 28.6208042 ], [ 83.1050776, 28.6278585 ], [ 83.1072295, 28.6323642 ], [ 83.1155725, 28.6310865 ], [ 83.1152476, 28.6435863 ], [ 83.1209379, 28.6530312 ], [ 83.1232488, 28.6620751 ], [ 83.1165816, 28.6698668 ], [ 83.1222849, 28.6768066 ], [ 83.1330672, 28.6736795 ], [ 83.1383799, 28.6751939 ], [ 83.1460912, 28.6817232 ], [ 83.1425494, 28.6895303 ], [ 83.1433564, 28.6939351 ], [ 83.1502013, 28.6959598 ], [ 83.1521291, 28.7018586 ], [ 83.1431177, 28.7363797 ], [ 83.1462243, 28.7481549 ], [ 83.1885945, 28.7423929 ], [ 83.2051695, 28.7329227 ], [ 83.2110725, 28.7322955 ], [ 83.2179838, 28.7351133 ], [ 83.2282729, 28.7431428 ], [ 83.2365208, 28.739898 ], [ 83.240085, 28.7347581 ], [ 83.2491422, 28.7298997 ], [ 83.2572801, 28.7266051 ], [ 83.2729502, 28.7244023 ], [ 83.2765937, 28.7218989 ], [ 83.2811133, 28.7257506 ], [ 83.2990725, 28.7324848 ], [ 83.3072985, 28.7322804 ], [ 83.3138374, 28.7358675 ], [ 83.3256389, 28.7380817 ], [ 83.3608098, 28.7342136 ], [ 83.3729978, 28.7451418 ], [ 83.3767703, 28.7539524 ], [ 83.381906, 28.7563148 ], [ 83.3873903, 28.7632348 ], [ 83.4107862, 28.7606224 ], [ 83.4265419, 28.7660137 ], [ 83.4463872, 28.7691261 ], [ 83.4565799, 28.7741093 ], [ 83.4601367, 28.7795426 ], [ 83.4824774, 28.7817151 ], [ 83.4856288, 28.7900377 ], [ 83.4952621, 28.7903313 ], [ 83.502785, 28.7932375 ], [ 83.5063864, 28.7888142 ], [ 83.5345671, 28.7806979 ], [ 83.5532153, 28.7714689 ], [ 83.557636, 28.7447321 ], [ 83.547402, 28.7364768 ], [ 83.5362501, 28.7117477 ], [ 83.5351907, 28.7082601 ], [ 83.538676, 28.6964098 ], [ 83.5261629, 28.6874282 ], [ 83.5345776, 28.6820533 ], [ 83.5347521, 28.6788554 ], [ 83.5399847, 28.6723939 ], [ 83.5438043, 28.6555514 ], [ 83.5470001, 28.651573 ], [ 83.5600328, 28.6458359 ], [ 83.5640661, 28.6341159 ], [ 83.5640054, 28.6288039 ], [ 83.5610195, 28.6205326 ], [ 83.562313, 28.6129241 ], [ 83.5706364, 28.5978429 ], [ 83.5694924, 28.5940636 ], [ 83.579677, 28.5836742 ], [ 83.5890408, 28.5906341 ], [ 83.6066718, 28.5848796 ], [ 83.6118267, 28.5848796 ], [ 83.6220005, 28.5754069 ], [ 83.6432236, 28.5722547 ], [ 83.6374923, 28.5663881 ], [ 83.6573877, 28.5645006 ], [ 83.6632043, 28.5663397 ], [ 83.6658668, 28.5727611 ], [ 83.6713966, 28.5755164 ], [ 83.6728314, 28.5814927 ], [ 83.6758876, 28.584516 ], [ 83.6791255, 28.5945776 ], [ 83.682836, 28.5994536 ], [ 83.6854923, 28.6125436 ], [ 83.6971102, 28.617008 ], [ 83.6991397, 28.6198574 ], [ 83.7046922, 28.6326496 ], [ 83.7049939, 28.6383773 ], [ 83.7087195, 28.6423666 ], [ 83.7130503, 28.6441707 ], [ 83.7200972, 28.6521597 ], [ 83.7248957, 28.6543734 ], [ 83.7296355, 28.6541069 ], [ 83.7261612, 28.6591803 ], [ 83.7263939, 28.6658154 ], [ 83.7354678, 28.6728242 ], [ 83.7360301, 28.6781942 ], [ 83.7443808, 28.6901213 ], [ 83.7660243, 28.6866712 ], [ 83.7872423, 28.6931551 ], [ 83.8017161, 28.6854046 ], [ 83.8117708, 28.6826138 ], [ 83.8158253, 28.6779004 ], [ 83.8290485, 28.6706537 ], [ 83.8429115, 28.6573328 ], [ 83.8486894, 28.6541172 ], [ 83.8639096, 28.6250017 ], [ 83.8680556, 28.6197092 ], [ 83.8702888, 28.6129452 ], [ 83.855511, 28.6092143 ], [ 83.8487245, 28.6039544 ], [ 83.8434599, 28.6048451 ], [ 83.8313295, 28.5970664 ], [ 83.8074653, 28.5901096 ], [ 83.8015095, 28.581642 ], [ 83.8004996, 28.5782473 ], [ 83.8037763, 28.5720708 ], [ 83.8036118, 28.5690004 ], [ 83.8093903, 28.5597316 ], [ 83.8139234, 28.5568414 ], [ 83.8167734, 28.5500467 ], [ 83.8204442, 28.5482734 ], [ 83.8267863, 28.5415971 ], [ 83.8262867, 28.5330997 ], [ 83.8195486, 28.527468 ], [ 83.8125944, 28.5180064 ], [ 83.8060546, 28.5186453 ], [ 83.7844096, 28.4980043 ], [ 83.772311, 28.4802817 ], [ 83.7559217, 28.4760974 ], [ 83.7516731, 28.4718074 ], [ 83.7538941, 28.461587 ], [ 83.7522829, 28.4561608 ], [ 83.7355794, 28.4383971 ], [ 83.7369359, 28.4345129 ], [ 83.7361902, 28.4310742 ], [ 83.7317108, 28.4210768 ], [ 83.7372137, 28.4136484 ], [ 83.7380086, 28.4101354 ], [ 83.7459277, 28.4019918 ], [ 83.7529119, 28.4040436 ], [ 83.7560244, 28.4066328 ], [ 83.7614533, 28.4043134 ], [ 83.7619116, 28.3991043 ], [ 83.7602124, 28.3939437 ], [ 83.737002, 28.3942517 ], [ 83.7294385, 28.3962261 ], [ 83.7132572, 28.3952967 ], [ 83.7042518, 28.3996342 ], [ 83.6920088, 28.3976081 ], [ 83.6884129, 28.3991963 ], [ 83.6873562, 28.3920795 ], [ 83.6837779, 28.3897759 ], [ 83.6777242, 28.3774826 ], [ 83.678527, 28.3712363 ], [ 83.6737011, 28.3664592 ], [ 83.6731116, 28.3624057 ], [ 83.6654008, 28.3510867 ], [ 83.6608823, 28.3483861 ], [ 83.6577706, 28.3480785 ], [ 83.6493, 28.3524525 ], [ 83.6493794, 28.3563269 ], [ 83.634104, 28.3660094 ], [ 83.6283027, 28.3756162 ], [ 83.6278661, 28.3805769 ], [ 83.616705, 28.3830673 ], [ 83.5974463, 28.3915627 ], [ 83.5928827, 28.3913416 ], [ 83.5840675, 28.3807303 ], [ 83.5757774, 28.3773912 ], [ 83.5757963, 28.3755272 ], [ 83.5692686, 28.3743635 ], [ 83.565315, 28.3569731 ], [ 83.5688176, 28.3486722 ], [ 83.568084, 28.3409116 ], [ 83.5728553, 28.3403735 ], [ 83.5748507, 28.3342305 ], [ 83.5824705, 28.329566 ], [ 83.590798, 28.3217546 ], [ 83.5919226, 28.3184263 ], [ 83.5967892, 28.3157636 ], [ 83.6007936, 28.3087019 ], [ 83.6007349, 28.2980513 ], [ 83.5916572, 28.3013501 ], [ 83.5853581, 28.3098194 ], [ 83.571273, 28.3132421 ], [ 83.5622604, 28.317418 ], [ 83.553464, 28.3140698 ], [ 83.5461703, 28.3132008 ], [ 83.5354644, 28.3032055 ], [ 83.532342, 28.3067481 ], [ 83.5326984, 28.3114192 ], [ 83.5230365, 28.3152249 ], [ 83.5119443, 28.3161527 ], [ 83.4964164, 28.3236917 ], [ 83.4828617, 28.3191412 ], [ 83.4822106, 28.3217465 ], [ 83.462741, 28.3242501 ], [ 83.4542456, 28.3274362 ], [ 83.4415367, 28.3293033 ], [ 83.4405642, 28.3361813 ], [ 83.4380502, 28.3399876 ], [ 83.4238329, 28.3407485 ], [ 83.4243262, 28.3434922 ], [ 83.4227478, 28.3455238 ], [ 83.4102585, 28.3568449 ], [ 83.4013997, 28.3577825 ], [ 83.393974, 28.3557961 ], [ 83.3834057, 28.356897 ], [ 83.377819, 28.3553684 ], [ 83.3633694, 28.3701051 ], [ 83.3518717, 28.3688505 ], [ 83.3410369, 28.3709843 ], [ 83.3389961, 28.3684018 ], [ 83.3356525, 28.3699309 ], [ 83.3331228, 28.3652855 ], [ 83.3268315, 28.3654403 ], [ 83.321684, 28.3620142 ], [ 83.3193963, 28.3583363 ], [ 83.3132039, 28.3569522 ], [ 83.3103113, 28.3542517 ], [ 83.3009615, 28.3566155 ], [ 83.2966608, 28.3609206 ], [ 83.2890497, 28.36425 ], [ 83.2885235, 28.3668998 ], [ 83.2859793, 28.3685592 ], [ 83.2790216, 28.3675459 ], [ 83.2790378, 28.3699741 ], [ 83.2825154, 28.3721433 ], [ 83.2863848, 28.3804605 ], [ 83.2837313, 28.3827915 ], [ 83.2820488, 28.3925742 ], [ 83.2867929, 28.3973946 ], [ 83.2895358, 28.3964754 ], [ 83.2905705, 28.40694 ], [ 83.296629, 28.416618 ], [ 83.2891278, 28.4187339 ], [ 83.2894375, 28.4224672 ], [ 83.2873538, 28.4260609 ], [ 83.2834141, 28.4275518 ], [ 83.2799165, 28.4334221 ], [ 83.2785081, 28.4337876 ], [ 83.2766725, 28.4297775 ], [ 83.2746371, 28.4301998 ], [ 83.2729651, 28.4416718 ], [ 83.2878679, 28.4462397 ], [ 83.2976568, 28.4552912 ], [ 83.3002173, 28.4595083 ], [ 83.295743, 28.4660631 ], [ 83.2956933, 28.4700178 ], [ 83.2814886, 28.4768338 ], [ 83.2814666, 28.4834465 ], [ 83.271815, 28.4925457 ], [ 83.2653313, 28.4916636 ], [ 83.2547065, 28.4954142 ], [ 83.2413834, 28.5066123 ], [ 83.2178825, 28.513682 ], [ 83.2130977, 28.5114251 ], [ 83.2115692, 28.5078444 ], [ 83.2030122, 28.5029536 ], [ 83.1892191, 28.497475 ], [ 83.175917, 28.4968142 ], [ 83.1671179, 28.4928703 ], [ 83.1613988, 28.4955247 ], [ 83.1469879, 28.4972129 ], [ 83.1379439, 28.4975926 ], [ 83.1300558, 28.4955593 ], [ 83.12942, 28.5012835 ], [ 83.1310066, 28.5094302 ], [ 83.1307266, 28.5118358 ], [ 83.1263091, 28.5167562 ], [ 83.1267135, 28.5257217 ], [ 83.1247274, 28.5294213 ], [ 83.101292, 28.5415209 ], [ 83.1029482, 28.5508571 ], [ 83.0999048, 28.5555909 ] ] ] } },
{ "type": "Feature", "properties": { "district_id": 59, "name": "रसुवा जिल्ला" }, "geometry": { "type": "Polygon", "coordinates": [ [ [ 85.1194747, 28.1050798 ], [ 85.1431306, 28.1137481 ], [ 85.1610859, 28.1244954 ], [ 85.1605077, 28.1298425 ], [ 85.1579541, 28.1317514 ], [ 85.1546924, 28.1386712 ], [ 85.1681002, 28.149623 ], [ 85.1728527, 28.1579429 ], [ 85.1728204, 28.1622411 ], [ 85.1814818, 28.1673761 ], [ 85.1958497, 28.1684588 ], [ 85.1994568, 28.1758656 ], [ 85.2001584, 28.1791127 ], [ 85.1981428, 28.1849667 ], [ 85.2026319, 28.1945145 ], [ 85.2040247, 28.20397 ], [ 85.2001889, 28.2116845 ], [ 85.1873584, 28.2198313 ], [ 85.1876113, 28.2272853 ], [ 85.1942737, 28.2459005 ], [ 85.2017632, 28.2510561 ], [ 85.191648, 28.2653075 ], [ 85.185971, 28.2679002 ], [ 85.1835233, 28.2778116 ], [ 85.1806882, 28.2786635 ], [ 85.1791048, 28.2820856 ], [ 85.1788044, 28.291042 ], [ 85.1765298, 28.2960678 ], [ 85.1783967, 28.302461 ], [ 85.1596107, 28.331873 ], [ 85.1679, 28.331685 ], [ 85.170361, 28.329079 ], [ 85.182803, 28.323222 ], [ 85.194399, 28.332736 ], [ 85.195984, 28.336899 ], [ 85.2004063, 28.3399609 ], [ 85.2071559, 28.3393156 ], [ 85.21516, 28.331993 ], [ 85.2291977, 28.324754 ], [ 85.2313489, 28.322289 ], [ 85.239639, 28.31911 ], [ 85.2442932, 28.3135714 ], [ 85.2469003, 28.3030488 ], [ 85.2525437, 28.2987696 ], [ 85.2548236, 28.2930802 ], [ 85.2571546, 28.2951487 ], [ 85.2686822, 28.298243 ], [ 85.2731323, 28.2945185 ], [ 85.2728748, 28.2880849 ], [ 85.2925086, 28.287622 ], [ 85.297749, 28.290905 ], [ 85.305386, 28.290612 ], [ 85.321394, 28.295017 ], [ 85.325359, 28.298983 ], [ 85.3410888, 28.3034739 ], [ 85.3481054, 28.3009517 ], [ 85.3483307, 28.2929031 ], [ 85.3470092, 28.2908307 ], [ 85.3483594, 28.2877498 ], [ 85.3622104, 28.2852177 ], [ 85.3701512, 28.2854788 ], [ 85.3759038, 28.2823052 ], [ 85.3769971, 28.2780537 ], [ 85.391887, 28.288555 ], [ 85.3969645, 28.2943201 ], [ 85.398114, 28.298738 ], [ 85.403867, 28.301585 ], [ 85.411596, 28.308732 ], [ 85.413862, 28.315066 ], [ 85.413571, 28.324771 ], [ 85.415663, 28.327269 ], [ 85.424031, 28.330233 ], [ 85.430249, 28.330465 ], [ 85.436757, 28.334649 ], [ 85.459884, 28.336567 ], [ 85.474876, 28.333487 ], [ 85.483651, 28.333429 ], [ 85.487428, 28.331627 ], [ 85.500212, 28.333894 ], [ 85.506197, 28.333371 ], [ 85.523746, 28.328431 ], [ 85.536472, 28.320238 ], [ 85.542515, 28.318379 ], [ 85.54699, 28.31466 ], [ 85.554718, 28.31251 ], [ 85.55989, 28.308849 ], [ 85.577454, 28.309172 ], [ 85.580538, 28.305941 ], [ 85.5917, 28.307997 ], [ 85.600218, 28.304766 ], [ 85.596987, 28.299919 ], [ 85.599042, 28.278478 ], [ 85.604036, 28.263792 ], [ 85.606239, 28.263204 ], [ 85.606386, 28.256155 ], [ 85.608295, 28.256302 ], [ 85.626652, 28.26526 ], [ 85.630618, 28.270694 ], [ 85.637373, 28.273485 ], [ 85.646332, 28.29008 ], [ 85.65294, 28.293751 ], [ 85.6623397, 28.3030054 ], [ 85.653968, 28.316074 ], [ 85.657053, 28.324739 ], [ 85.662339, 28.326942 ], [ 85.665717, 28.331788 ], [ 85.666451, 28.347649 ], [ 85.6782, 28.349852 ], [ 85.682165, 28.349118 ], [ 85.686865, 28.345446 ], [ 85.683634, 28.382455 ], [ 85.711978, 28.385833 ], [ 85.716678, 28.375993 ], [ 85.722258, 28.372762 ], [ 85.719321, 28.366888 ], [ 85.719615, 28.36072 ], [ 85.721818, 28.353377 ], [ 85.725195, 28.351761 ], [ 85.727105, 28.342656 ], [ 85.731511, 28.33825 ], [ 85.7271198, 28.3281045 ], [ 85.7360737, 28.3230277 ], [ 85.737385, 28.309759 ], [ 85.735035, 28.30271 ], [ 85.7362805, 28.2990357 ], [ 85.732979, 28.291549 ], [ 85.735623, 28.289639 ], [ 85.738854, 28.27789 ], [ 85.741644, 28.274219 ], [ 85.742966, 28.257036 ], [ 85.747518, 28.251749 ], [ 85.750309, 28.236476 ], [ 85.755302, 28.234126 ], [ 85.757211, 28.228252 ], [ 85.762058, 28.22693 ], [ 85.775569, 28.215769 ], [ 85.7741, 28.21195 ], [ 85.77689, 28.208719 ], [ 85.781737, 28.208572 ], [ 85.783206, 28.205929 ], [ 85.800388, 28.197411 ], [ 85.800001, 28.1874682 ], [ 85.7820967, 28.1794937 ], [ 85.7794194, 28.1751199 ], [ 85.7718527, 28.1740906 ], [ 85.7651199, 28.1763475 ], [ 85.7518304, 28.1750493 ], [ 85.7427338, 28.1719634 ], [ 85.7285183, 28.1700598 ], [ 85.7220333, 28.173455 ], [ 85.7177662, 28.1727958 ], [ 85.7127539, 28.1685644 ], [ 85.7135758, 28.1631737 ], [ 85.7117789, 28.1620306 ], [ 85.7020875, 28.1627247 ], [ 85.6978528, 28.1585555 ], [ 85.6912849, 28.1566848 ], [ 85.6854463, 28.1560742 ], [ 85.6801876, 28.1587135 ], [ 85.6659902, 28.1541 ], [ 85.6607695, 28.1545281 ], [ 85.6518507, 28.151806 ], [ 85.6479379, 28.1461673 ], [ 85.6411974, 28.1443959 ], [ 85.636149, 28.1403313 ], [ 85.6343656, 28.133071 ], [ 85.6295964, 28.1301947 ], [ 85.6228286, 28.1298096 ], [ 85.6157761, 28.1326933 ], [ 85.6143969, 28.137934 ], [ 85.616082, 28.1441916 ], [ 85.6150125, 28.1483255 ], [ 85.6008699, 28.1584631 ], [ 85.5858802, 28.1531979 ], [ 85.5585202, 28.1669144 ], [ 85.5483635, 28.168581 ], [ 85.5331064, 28.1674401 ], [ 85.5314867, 28.1622071 ], [ 85.527547, 28.1579479 ], [ 85.5050748, 28.1516742 ], [ 85.4903979, 28.1388579 ], [ 85.4971321, 28.1189203 ], [ 85.4887526, 28.1119474 ], [ 85.4886026, 28.1043922 ], [ 85.4845637, 28.1061849 ], [ 85.4755407, 28.1059961 ], [ 85.4621654, 28.0972521 ], [ 85.4592787, 28.0937455 ], [ 85.4542443, 28.091536 ], [ 85.4440683, 28.090361 ], [ 85.4440909, 28.0842817 ], [ 85.4419313, 28.0822407 ], [ 85.4393383, 28.0829991 ], [ 85.4319455, 28.0806414 ], [ 85.4265967, 28.0713929 ], [ 85.4288059, 28.0670492 ], [ 85.426433, 28.0618494 ], [ 85.4198048, 28.0592003 ], [ 85.4142764, 28.0630822 ], [ 85.4048542, 28.0561839 ], [ 85.4050327, 28.0516138 ], [ 85.4027113, 28.0451579 ], [ 85.4035735, 28.0391449 ], [ 85.4000072, 28.0373067 ], [ 85.3931451, 28.0377245 ], [ 85.3908062, 28.0316258 ], [ 85.3763222, 28.0224772 ], [ 85.3716659, 28.0226287 ], [ 85.3693914, 28.0188782 ], [ 85.3566885, 28.0120017 ], [ 85.3462386, 28.011907 ], [ 85.342017, 28.0100503 ], [ 85.3360036, 28.0000052 ], [ 85.332359, 27.9899597 ], [ 85.3270113, 27.9873429 ], [ 85.3215535, 27.9894587 ], [ 85.3152639, 27.9891228 ], [ 85.2985292, 27.9832021 ], [ 85.2901268, 27.9833074 ], [ 85.2829385, 27.9757276 ], [ 85.2799845, 27.9683015 ], [ 85.2763932, 27.9649899 ], [ 85.2710516, 27.9672749 ], [ 85.2685991, 27.9667861 ], [ 85.2616253, 27.9702873 ], [ 85.2616505, 27.9719755 ], [ 85.2573264, 27.9711451 ], [ 85.25522, 27.9745367 ], [ 85.2534064, 27.9720705 ], [ 85.2503473, 27.9713119 ], [ 85.2378755, 27.9746892 ], [ 85.233399, 27.9727761 ], [ 85.2261445, 27.9749053 ], [ 85.2222582, 27.97406 ], [ 85.2191418, 27.9758201 ], [ 85.2130461, 27.9724456 ], [ 85.2069268, 27.9754164 ], [ 85.1891021, 27.9765868 ], [ 85.1834021, 27.973415 ], [ 85.1802678, 27.9817606 ], [ 85.1801505, 27.9881798 ], [ 85.1828312, 27.990253 ], [ 85.1820072, 27.9930334 ], [ 85.1862299, 27.9967729 ], [ 85.1839755, 28.0006435 ], [ 85.1832004, 28.0072666 ], [ 85.1870915, 28.0190147 ], [ 85.1784152, 28.0215216 ], [ 85.1735921, 28.0207351 ], [ 85.1690975, 28.0217638 ], [ 85.1663248, 28.0244778 ], [ 85.1616224, 28.023727 ], [ 85.1562359, 28.0266713 ], [ 85.1400502, 28.028989 ], [ 85.133721, 28.0372875 ], [ 85.1345273, 28.0418613 ], [ 85.1430987, 28.0544107 ], [ 85.1584279, 28.0721646 ], [ 85.1666817, 28.0772098 ], [ 85.1699525, 28.0830273 ], [ 85.1553732, 28.0884492 ], [ 85.1356456, 28.0840314 ], [ 85.130407, 28.0852858 ], [ 85.1222991, 28.0912138 ], [ 85.1231508, 28.0941866 ], [ 85.1194747, 28.1050798 ] ] ] } },
{ "type": "Feature", "properties": { "district_id": 60, "name": "रामेछाप जिल्ला" }, "geometry": { "type": "Polygon", "coordinates": [ [ [ 85.7976585, 27.4999927 ], [ 85.8005145, 27.5067588 ], [ 85.8048435, 27.5076693 ], [ 85.8048249, 27.5111084 ], [ 85.8084613, 27.509622 ], [ 85.8191255, 27.518065 ], [ 85.8182782, 27.5224965 ], [ 85.8157117, 27.5243722 ], [ 85.8194471, 27.5255897 ], [ 85.8190142, 27.5295602 ], [ 85.8245553, 27.5357954 ], [ 85.8247099, 27.5395846 ], [ 85.8273258, 27.5421289 ], [ 85.8286369, 27.5466746 ], [ 85.8229659, 27.567125 ], [ 85.8240723, 27.5712758 ], [ 85.8273561, 27.5734137 ], [ 85.8263296, 27.5755352 ], [ 85.8279746, 27.5765548 ], [ 85.8295825, 27.5743018 ], [ 85.8322239, 27.5771567 ], [ 85.8374629, 27.5749665 ], [ 85.8395234, 27.5773521 ], [ 85.8412584, 27.5759066 ], [ 85.8469247, 27.5787614 ], [ 85.8452922, 27.5814247 ], [ 85.8467575, 27.5825525 ], [ 85.8463881, 27.5853756 ], [ 85.8512427, 27.5871509 ], [ 85.850628, 27.5888602 ], [ 85.8529839, 27.5919431 ], [ 85.855092, 27.5911501 ], [ 85.8570956, 27.5928916 ], [ 85.8619938, 27.5932177 ], [ 85.8687562, 27.6030173 ], [ 85.8705906, 27.6092268 ], [ 85.8734071, 27.6106974 ], [ 85.8742005, 27.6129623 ], [ 85.8762841, 27.6123344 ], [ 85.8801121, 27.6146798 ], [ 85.8821939, 27.6131936 ], [ 85.8824625, 27.6103112 ], [ 85.8896882, 27.6125273 ], [ 85.896613, 27.6095368 ], [ 85.9012418, 27.6096006 ], [ 85.9090378, 27.6045116 ], [ 85.9149298, 27.6052301 ], [ 85.9186455, 27.6037859 ], [ 85.9204194, 27.6005916 ], [ 85.9248952, 27.5988553 ], [ 85.927057, 27.599524 ], [ 85.9300062, 27.5956844 ], [ 85.9337566, 27.5952733 ], [ 85.9356559, 27.5932642 ], [ 85.9407251, 27.5938896 ], [ 85.9419117, 27.5910582 ], [ 85.9521144, 27.5891999 ], [ 85.9550226, 27.5829454 ], [ 85.9613317, 27.5798545 ], [ 85.9821608, 27.5551985 ], [ 85.9939744, 27.5457028 ], [ 85.997525, 27.5461255 ], [ 86.0004523, 27.5413637 ], [ 85.9915287, 27.5233519 ], [ 85.9876412, 27.5197432 ], [ 85.9873298, 27.5077006 ], [ 85.9929807, 27.5082413 ], [ 85.9946178, 27.5034296 ], [ 85.9994057, 27.506844 ], [ 85.9993098, 27.5029314 ], [ 86.0007482, 27.5019836 ], [ 86.0070498, 27.5032777 ], [ 86.0089609, 27.5008596 ], [ 86.0161598, 27.5021051 ], [ 86.0216669, 27.50041 ], [ 86.031592, 27.5030772 ], [ 86.0399984, 27.4991614 ], [ 86.0425856, 27.4998571 ], [ 86.0442364, 27.4977063 ], [ 86.0459762, 27.4985873 ], [ 86.0454693, 27.4998085 ], [ 86.0486201, 27.4979858 ], [ 86.0556752, 27.5012059 ], [ 86.0564903, 27.500331 ], [ 86.0565657, 27.5018378 ], [ 86.0573809, 27.4989723 ], [ 86.059905, 27.5014947 ], [ 86.0592464, 27.4979858 ], [ 86.0616164, 27.4967023 ], [ 86.0620733, 27.4988124 ], [ 86.0645463, 27.4989634 ], [ 86.0646807, 27.5022418 ], [ 86.069591, 27.5000271 ], [ 86.0734292, 27.5019709 ], [ 86.0775983, 27.496485 ], [ 86.08028, 27.4976715 ], [ 86.0862314, 27.4970484 ], [ 86.0933543, 27.5002561 ], [ 86.0957926, 27.4981758 ], [ 86.0988177, 27.4980772 ], [ 86.1064981, 27.4892754 ], [ 86.1103838, 27.4820913 ], [ 86.115083, 27.4801686 ], [ 86.1126925, 27.4748596 ], [ 86.1160671, 27.4741124 ], [ 86.1220316, 27.4780958 ], [ 86.1292354, 27.4899571 ], [ 86.1317664, 27.4897486 ], [ 86.1372396, 27.4953197 ], [ 86.1418039, 27.4955699 ], [ 86.1431491, 27.5021089 ], [ 86.1417975, 27.5093301 ], [ 86.1475148, 27.5134635 ], [ 86.146982, 27.5154371 ], [ 86.1503435, 27.5152946 ], [ 86.1497206, 27.5176435 ], [ 86.1529756, 27.5250123 ], [ 86.1518708, 27.527347 ], [ 86.153434, 27.5283858 ], [ 86.1521899, 27.5311908 ], [ 86.1545955, 27.533317 ], [ 86.1542899, 27.5356932 ], [ 86.1585211, 27.5384655 ], [ 86.1583389, 27.5415859 ], [ 86.1610383, 27.5416484 ], [ 86.164301, 27.5467445 ], [ 86.170282, 27.5512149 ], [ 86.1725368, 27.5501716 ], [ 86.1767292, 27.555497 ], [ 86.1833171, 27.5581544 ], [ 86.1924434, 27.5726762 ], [ 86.1967484, 27.5745438 ], [ 86.2033276, 27.580966 ], [ 86.2161972, 27.5818236 ], [ 86.2176272, 27.5835078 ], [ 86.2203577, 27.5829061 ], [ 86.2233499, 27.5847952 ], [ 86.2354172, 27.5860778 ], [ 86.2384975, 27.5893019 ], [ 86.2468252, 27.5905778 ], [ 86.2495722, 27.5934712 ], [ 86.2590371, 27.5951334 ], [ 86.2597854, 27.5976958 ], [ 86.2622501, 27.5979895 ], [ 86.2683816, 27.5947431 ], [ 86.2785131, 27.5996491 ], [ 86.2810088, 27.6039856 ], [ 86.2858982, 27.6028086 ], [ 86.2902079, 27.6041557 ], [ 86.2941557, 27.6087464 ], [ 86.299322, 27.6106075 ], [ 86.2990268, 27.6133116 ], [ 86.303737, 27.6178973 ], [ 86.3024804, 27.6211024 ], [ 86.3059617, 27.6274924 ], [ 86.3058485, 27.6338669 ], [ 86.3113227, 27.6457022 ], [ 86.3169271, 27.6483299 ], [ 86.3218068, 27.6547734 ], [ 86.3261334, 27.6567395 ], [ 86.3306087, 27.66165 ], [ 86.3329264, 27.6670353 ], [ 86.3328823, 27.6731259 ], [ 86.3358405, 27.6756357 ], [ 86.3373016, 27.6811941 ], [ 86.3399944, 27.6844888 ], [ 86.3446504, 27.6862865 ], [ 86.3512202, 27.6936941 ], [ 86.3623297, 27.6918042 ], [ 86.375635, 27.6925123 ], [ 86.3780976, 27.6939425 ], [ 86.3814493, 27.7013759 ], [ 86.3964788, 27.7124411 ], [ 86.4088859, 27.7189877 ], [ 86.4204655, 27.7157541 ], [ 86.4252361, 27.7230592 ], [ 86.4269637, 27.7371698 ], [ 86.4228978, 27.7413088 ], [ 86.4103928, 27.7467228 ], [ 86.4124748, 27.7515644 ], [ 86.4101802, 27.7608906 ], [ 86.4138677, 27.7673116 ], [ 86.4117287, 27.7703506 ], [ 86.4129848, 27.7750374 ], [ 86.4220531, 27.7866205 ], [ 86.4105952, 27.7908227 ], [ 86.4173139, 27.794355 ], [ 86.4163567, 27.8013721 ], [ 86.4191381, 27.8036986 ], [ 86.4195856, 27.8136637 ], [ 86.4297096, 27.8154657 ], [ 86.4385459, 27.8284816 ], [ 86.4488883, 27.8320705 ], [ 86.4529365, 27.8281436 ], [ 86.4537733, 27.8243483 ], [ 86.4567345, 27.8225265 ], [ 86.4633465, 27.8230417 ], [ 86.4696306, 27.8255438 ], [ 86.4743328, 27.8208214 ], [ 86.4789891, 27.8207265 ], [ 86.4800303, 27.8116822 ], [ 86.4871001, 27.8091117 ], [ 86.4993203, 27.8142265 ], [ 86.5024096, 27.8090996 ], [ 86.5105282, 27.806539 ], [ 86.5195441, 27.8074035 ], [ 86.5225735, 27.8054351 ], [ 86.5379889, 27.8075744 ], [ 86.5420103, 27.8115078 ], [ 86.5462389, 27.8115884 ], [ 86.5665171, 27.8043638 ], [ 86.5656888, 27.8001435 ], [ 86.568722, 27.7952107 ], [ 86.565485, 27.785698 ], [ 86.5654528, 27.7750002 ], [ 86.5628028, 27.770605 ], [ 86.565358, 27.7649783 ], [ 86.5650451, 27.7621179 ], [ 86.5697434, 27.7599407 ], [ 86.572647, 27.7542227 ], [ 86.5639937, 27.7486358 ], [ 86.5636504, 27.7447903 ], [ 86.5573096, 27.7377825 ], [ 86.5578353, 27.7351046 ], [ 86.5561325, 27.7315753 ], [ 86.5570736, 27.7288749 ], [ 86.5511405, 27.7172693 ], [ 86.5519023, 27.7108676 ], [ 86.541034, 27.7032687 ], [ 86.5388346, 27.6970372 ], [ 86.5406427, 27.6929368 ], [ 86.5386756, 27.6879327 ], [ 86.5394354, 27.6836991 ], [ 86.5364647, 27.6787402 ], [ 86.5388346, 27.6757278 ], [ 86.5386414, 27.671053 ], [ 86.532875, 27.6629481 ], [ 86.5273684, 27.6609327 ], [ 86.5286887, 27.6557434 ], [ 86.5268612, 27.6511925 ], [ 86.5179348, 27.6465927 ], [ 86.513397, 27.6482112 ], [ 86.5112457, 27.6425608 ], [ 86.5068208, 27.640325 ], [ 86.5041375, 27.6329918 ], [ 86.5044594, 27.6293798 ], [ 86.4923251, 27.6143223 ], [ 86.4839589, 27.6173704 ], [ 86.4764827, 27.6159593 ], [ 86.4695549, 27.6172574 ], [ 86.4346513, 27.6104141 ], [ 86.4300852, 27.6043736 ], [ 86.4200438, 27.5988087 ], [ 86.4178201, 27.5915186 ], [ 86.4133145, 27.586933 ], [ 86.4098829, 27.5866613 ], [ 86.4084751, 27.5847152 ], [ 86.3983609, 27.5835975 ], [ 86.3881488, 27.5727098 ], [ 86.380132, 27.5713022 ], [ 86.3761536, 27.5682046 ], [ 86.3690986, 27.5583243 ], [ 86.3705305, 27.5523812 ], [ 86.3695154, 27.5497887 ], [ 86.3583965, 27.5399097 ], [ 86.3575134, 27.5297413 ], [ 86.3551204, 27.5248025 ], [ 86.3451885, 27.5230599 ], [ 86.3381974, 27.5199737 ], [ 86.3336176, 27.5149525 ], [ 86.3330752, 27.510772 ], [ 86.3297219, 27.5098681 ], [ 86.3285753, 27.5065403 ], [ 86.3258138, 27.5046887 ], [ 86.3242111, 27.4993815 ], [ 86.3188076, 27.4989788 ], [ 86.3164113, 27.4937277 ], [ 86.3060513, 27.4856784 ], [ 86.3046089, 27.4825103 ], [ 86.2949158, 27.4793553 ], [ 86.2947647, 27.4775816 ], [ 86.2925388, 27.476504 ], [ 86.2921667, 27.4704608 ], [ 86.2809368, 27.4645094 ], [ 86.2759808, 27.4641485 ], [ 86.2640551, 27.4569504 ], [ 86.2541143, 27.4409626 ], [ 86.2560458, 27.4397554 ], [ 86.2565471, 27.4367647 ], [ 86.250987, 27.4327308 ], [ 86.2524453, 27.4284585 ], [ 86.2483326, 27.4253715 ], [ 86.2479339, 27.4202903 ], [ 86.246471, 27.4190683 ], [ 86.2432513, 27.4199142 ], [ 86.2410938, 27.4181705 ], [ 86.2376011, 27.4130938 ], [ 86.2374965, 27.4095701 ], [ 86.2343466, 27.4082751 ], [ 86.2363574, 27.4061391 ], [ 86.2362005, 27.403967 ], [ 86.227576, 27.3982449 ], [ 86.2264137, 27.393405 ], [ 86.2275857, 27.3901715 ], [ 86.2247433, 27.3873349 ], [ 86.2259161, 27.3842566 ], [ 86.2218365, 27.3825249 ], [ 86.2247734, 27.3710481 ], [ 86.2188393, 27.3617199 ], [ 86.2217077, 27.3592453 ], [ 86.2169325, 27.3530405 ], [ 86.2184394, 27.3503078 ], [ 86.2165075, 27.3419642 ], [ 86.2181143, 27.3404164 ], [ 86.2167746, 27.3390037 ], [ 86.2181595, 27.336452 ], [ 86.2155788, 27.3335169 ], [ 86.2175704, 27.3280352 ], [ 86.2222223, 27.3273415 ], [ 86.2187188, 27.3225991 ], [ 86.2288952, 27.3197255 ], [ 86.2291365, 27.3150788 ], [ 86.2314928, 27.3143568 ], [ 86.2339649, 27.3072276 ], [ 86.237273, 27.3058108 ], [ 86.2378936, 27.3025024 ], [ 86.2352784, 27.2962935 ], [ 86.2378414, 27.2908913 ], [ 86.2410726, 27.2888615 ], [ 86.2329072, 27.2851634 ], [ 86.231867, 27.2822555 ], [ 86.226218, 27.277333 ], [ 86.2238468, 27.2775138 ], [ 86.2237016, 27.2748122 ], [ 86.2189649, 27.272769 ], [ 86.2161521, 27.2678099 ], [ 86.2136182, 27.2686261 ], [ 86.2111657, 27.2606963 ], [ 86.2080797, 27.2594202 ], [ 86.2042788, 27.2541505 ], [ 86.2054179, 27.2528486 ], [ 86.2044742, 27.2504386 ], [ 86.2002548, 27.2523499 ], [ 86.1904852, 27.2524291 ], [ 86.1877179, 27.2538651 ], [ 86.1827172, 27.2519169 ], [ 86.1736624, 27.2534337 ], [ 86.1582419, 27.252601 ], [ 86.1546724, 27.2497787 ], [ 86.1520201, 27.241943 ], [ 86.150735, 27.2418451 ], [ 86.1473394, 27.2427076 ], [ 86.1416369, 27.2484076 ], [ 86.1356288, 27.2503916 ], [ 86.1292182, 27.2590962 ], [ 86.1284796, 27.2642754 ], [ 86.1156621, 27.2694557 ], [ 86.1128034, 27.2725655 ], [ 86.110111, 27.2719053 ], [ 86.1070008, 27.2682124 ], [ 86.0945485, 27.2674594 ], [ 86.0817082, 27.2754217 ], [ 86.0774848, 27.2755779 ], [ 86.0754223, 27.2783537 ], [ 86.0761889, 27.2850119 ], [ 86.0742993, 27.291362 ], [ 86.0622493, 27.2910626 ], [ 86.0603548, 27.2905527 ], [ 86.0593567, 27.2872111 ], [ 86.0547147, 27.2879743 ], [ 86.0468928, 27.29705 ], [ 86.0416207, 27.2971933 ], [ 86.0365757, 27.2998035 ], [ 86.0300186, 27.3099852 ], [ 86.021989, 27.3086731 ], [ 86.0207576, 27.3112432 ], [ 86.0231367, 27.3140788 ], [ 86.0174834, 27.3212158 ], [ 86.0086519, 27.325992 ], [ 86.0084618, 27.3284312 ], [ 85.997379, 27.3373659 ], [ 85.9909975, 27.3380687 ], [ 85.9874565, 27.3354793 ], [ 85.9837094, 27.3353635 ], [ 85.9813353, 27.3405635 ], [ 85.9833651, 27.3501533 ], [ 85.9783383, 27.3544489 ], [ 85.9794969, 27.3567914 ], [ 85.9777627, 27.3607885 ], [ 85.9770137, 27.3712814 ], [ 85.9700986, 27.3750577 ], [ 85.9672865, 27.3826958 ], [ 85.961177, 27.3880359 ], [ 85.952904, 27.3885203 ], [ 85.9510307, 27.3857214 ], [ 85.9522291, 27.3816626 ], [ 85.9435416, 27.3799463 ], [ 85.9408324, 27.3860472 ], [ 85.9338227, 27.3886546 ], [ 85.9333476, 27.395894 ], [ 85.9273044, 27.3970726 ], [ 85.9253985, 27.4042979 ], [ 85.9184156, 27.4088022 ], [ 85.9103881, 27.4092034 ], [ 85.8965853, 27.4163561 ], [ 85.8933016, 27.4137053 ], [ 85.8909101, 27.4137339 ], [ 85.8856723, 27.4201339 ], [ 85.8780591, 27.4167301 ], [ 85.8730798, 27.4200958 ], [ 85.8691319, 27.4184247 ], [ 85.8593596, 27.4244366 ], [ 85.8480895, 27.4240326 ], [ 85.8402825, 27.4337612 ], [ 85.8316386, 27.4359123 ], [ 85.8273854, 27.4413845 ], [ 85.8293243, 27.4476394 ], [ 85.8172134, 27.4525976 ], [ 85.8142629, 27.451913 ], [ 85.8090703, 27.4552353 ], [ 85.8094693, 27.4625741 ], [ 85.8142498, 27.4631605 ], [ 85.8130553, 27.4687125 ], [ 85.8140212, 27.4727983 ], [ 85.8067422, 27.479379 ], [ 85.8088611, 27.4838497 ], [ 85.8032582, 27.4900033 ], [ 85.8016831, 27.4974317 ], [ 85.7976585, 27.4999927 ] ] ] } },
{ "type": "Feature", "properties": { "district_id": 61, "name": "रुपन्देही" }, "geometry": { "type": "Polygon", "coordinates": [ [ [ 83.2042469, 27.5601403 ], [ 83.2089608, 27.5643632 ], [ 83.2094936, 27.5686489 ], [ 83.2057572, 27.5699622 ], [ 83.2059327, 27.571097 ], [ 83.2116445, 27.5752788 ], [ 83.2143152, 27.5852028 ], [ 83.216869, 27.5847305 ], [ 83.2191758, 27.5863028 ], [ 83.2195722, 27.5921023 ], [ 83.2216906, 27.596243 ], [ 83.2240494, 27.5973199 ], [ 83.2228992, 27.5994679 ], [ 83.2247849, 27.5991347 ], [ 83.2290152, 27.6040525 ], [ 83.2312366, 27.6093913 ], [ 83.2294947, 27.6151809 ], [ 83.2303145, 27.6254859 ], [ 83.2280003, 27.6272055 ], [ 83.2260179, 27.6349582 ], [ 83.2214145, 27.6396169 ], [ 83.2228329, 27.642681 ], [ 83.2204938, 27.6456494 ], [ 83.2245745, 27.6489885 ], [ 83.2235621, 27.6610584 ], [ 83.2259421, 27.6663347 ], [ 83.2276664, 27.6667815 ], [ 83.2280652, 27.6697734 ], [ 83.2254377, 27.6721628 ], [ 83.2274318, 27.6735756 ], [ 83.226857, 27.6760065 ], [ 83.2284406, 27.6773466 ], [ 83.2281825, 27.6795696 ], [ 83.2259303, 27.6810654 ], [ 83.2271151, 27.6817717 ], [ 83.2266459, 27.6856255 ], [ 83.2281591, 27.6863006 ], [ 83.2270564, 27.6904969 ], [ 83.2289919, 27.6948489 ], [ 83.2261415, 27.6941322 ], [ 83.2267045, 27.6989826 ], [ 83.2236077, 27.7001043 ], [ 83.2248042, 27.7029603 ], [ 83.2217896, 27.7034692 ], [ 83.2214494, 27.7140307 ], [ 83.2226576, 27.7152146 ], [ 83.2151089, 27.726423 ], [ 83.2180905, 27.7306863 ], [ 83.2166685, 27.733772 ], [ 83.2178621, 27.7360628 ], [ 83.2107924, 27.7532423 ], [ 83.2124817, 27.7594845 ], [ 83.2190535, 27.7618559 ], [ 83.2265144, 27.7621319 ], [ 83.2374491, 27.7498111 ], [ 83.2404331, 27.750213 ], [ 83.2420549, 27.7521936 ], [ 83.2458822, 27.750701 ], [ 83.248769, 27.755925 ], [ 83.2474391, 27.7581065 ], [ 83.2515584, 27.7602878 ], [ 83.2556438, 27.7670653 ], [ 83.2599922, 27.7607669 ], [ 83.259732, 27.7563556 ], [ 83.2625215, 27.7556667 ], [ 83.2746828, 27.7572588 ], [ 83.2855334, 27.7564192 ], [ 83.2963055, 27.7600248 ], [ 83.3016898, 27.7672862 ], [ 83.3130878, 27.7618951 ], [ 83.3180828, 27.7641051 ], [ 83.3238887, 27.7622683 ], [ 83.3284945, 27.7668604 ], [ 83.3339902, 27.7647801 ], [ 83.3391048, 27.7578188 ], [ 83.3435656, 27.7563575 ], [ 83.3462835, 27.7489796 ], [ 83.354625, 27.7521602 ], [ 83.3574764, 27.751581 ], [ 83.3619171, 27.7416938 ], [ 83.3643712, 27.7409285 ], [ 83.3662877, 27.7368119 ], [ 83.3709807, 27.7350581 ], [ 83.3729251, 27.7348124 ], [ 83.3755663, 27.7428522 ], [ 83.3838488, 27.7425151 ], [ 83.3843965, 27.7467872 ], [ 83.3883701, 27.7490946 ], [ 83.3941754, 27.74564 ], [ 83.4002755, 27.7367038 ], [ 83.4048798, 27.7344076 ], [ 83.408035, 27.7345317 ], [ 83.4163158, 27.7415715 ], [ 83.4215813, 27.7393276 ], [ 83.423694, 27.7414276 ], [ 83.4310397, 27.7389824 ], [ 83.4330874, 27.7363933 ], [ 83.4332174, 27.7317327 ], [ 83.4379304, 27.7319341 ], [ 83.4428891, 27.7240709 ], [ 83.454656, 27.7276582 ], [ 83.4622455, 27.7256586 ], [ 83.4706791, 27.7210587 ], [ 83.4800942, 27.7237166 ], [ 83.4865054, 27.7298592 ], [ 83.490934, 27.7258169 ], [ 83.4939974, 27.7257881 ], [ 83.4984016, 27.7291111 ], [ 83.5021476, 27.7255939 ], [ 83.505211, 27.7249538 ], [ 83.5099402, 27.7256227 ], [ 83.5128492, 27.7289026 ], [ 83.5173184, 27.725558 ], [ 83.5284019, 27.7235727 ], [ 83.5300921, 27.7255292 ], [ 83.5470659, 27.7164737 ], [ 83.5558254, 27.7166914 ], [ 83.5623364, 27.7132599 ], [ 83.5659198, 27.7130526 ], [ 83.567489, 27.7105126 ], [ 83.577478, 27.7053081 ], [ 83.5994292, 27.7053336 ], [ 83.6095551, 27.7007539 ], [ 83.6118503, 27.6958677 ], [ 83.6183224, 27.6918629 ], [ 83.620297, 27.6886724 ], [ 83.6305073, 27.6938578 ], [ 83.6324959, 27.6929996 ], [ 83.6325072, 27.6896288 ], [ 83.6342033, 27.688508 ], [ 83.6326506, 27.6852427 ], [ 83.6343973, 27.6834345 ], [ 83.6325916, 27.6823734 ], [ 83.6320178, 27.6793694 ], [ 83.6341442, 27.6777628 ], [ 83.6316549, 27.6769408 ], [ 83.6286087, 27.6698639 ], [ 83.6304145, 27.6646773 ], [ 83.6203637, 27.6606052 ], [ 83.6105149, 27.6524266 ], [ 83.6091035, 27.649493 ], [ 83.6026969, 27.6488783 ], [ 83.5983392, 27.6415858 ], [ 83.6008318, 27.63605 ], [ 83.5962698, 27.6340029 ], [ 83.5981277, 27.6302254 ], [ 83.5920329, 27.6304971 ], [ 83.5908802, 27.6258152 ], [ 83.5881315, 27.6260385 ], [ 83.5882911, 27.6236824 ], [ 83.5808342, 27.6170014 ], [ 83.5786488, 27.6164842 ], [ 83.5767084, 27.6181298 ], [ 83.5725603, 27.616082 ], [ 83.5716571, 27.6090959 ], [ 83.575656, 27.597218 ], [ 83.5802725, 27.5935121 ], [ 83.5798666, 27.5903135 ], [ 83.5826851, 27.5887652 ], [ 83.5820887, 27.5845393 ], [ 83.5803935, 27.5835754 ], [ 83.5830377, 27.5821946 ], [ 83.5806189, 27.5812589 ], [ 83.5805741, 27.5746509 ], [ 83.5884445, 27.5736552 ], [ 83.590659, 27.576222 ], [ 83.5944819, 27.575368 ], [ 83.5959855, 27.572709 ], [ 83.5963132, 27.5662348 ], [ 83.5940763, 27.5642064 ], [ 83.5950602, 27.5616079 ], [ 83.5925243, 27.5586521 ], [ 83.5931718, 27.5557986 ], [ 83.5910048, 27.553154 ], [ 83.5917799, 27.548971 ], [ 83.5960128, 27.5487155 ], [ 83.5960952, 27.5464126 ], [ 83.5904369, 27.5433103 ], [ 83.5896135, 27.5381898 ], [ 83.5916046, 27.5341875 ], [ 83.586582, 27.5315922 ], [ 83.5904294, 27.528041 ], [ 83.5938652, 27.5274834 ], [ 83.5902573, 27.5263484 ], [ 83.591687, 27.5246955 ], [ 83.5895836, 27.5243238 ], [ 83.5909449, 27.5209319 ], [ 83.5935719, 27.5215057 ], [ 83.5970198, 27.5184993 ], [ 83.598198, 27.519433 ], [ 83.5969811, 27.5161524 ], [ 83.5984202, 27.5152873 ], [ 83.5967976, 27.512375 ], [ 83.5989707, 27.5114071 ], [ 83.5942383, 27.5108674 ], [ 83.5940548, 27.5073725 ], [ 83.5962181, 27.5038089 ], [ 83.5949723, 27.5012989 ], [ 83.593002, 27.5020271 ], [ 83.5940354, 27.4993372 ], [ 83.5984781, 27.4996884 ], [ 83.5977151, 27.4971783 ], [ 83.6030798, 27.4968369 ], [ 83.6068947, 27.4908913 ], [ 83.6109897, 27.4896662 ], [ 83.6100384, 27.485528 ], [ 83.6129019, 27.4782365 ], [ 83.6111877, 27.4757559 ], [ 83.6141575, 27.4726669 ], [ 83.614844, 27.4690235 ], [ 83.3889139, 27.4797631 ], [ 83.3921545, 27.4761391 ], [ 83.3887055, 27.4732021 ], [ 83.3885069, 27.4705693 ], [ 83.3953025, 27.4697248 ], [ 83.3950625, 27.4668422 ], [ 83.3977568, 27.4654651 ], [ 83.4010097, 27.4673526 ], [ 83.4023978, 27.4661796 ], [ 83.3996561, 27.4637401 ], [ 83.3999515, 27.4593782 ], [ 83.4017808, 27.4570352 ], [ 83.3986964, 27.4491737 ], [ 83.3961094, 27.446987 ], [ 83.3910759, 27.4465455 ], [ 83.3838533, 27.4426914 ], [ 83.3862296, 27.4394969 ], [ 83.3840406, 27.4366814 ], [ 83.3915499, 27.4297776 ], [ 83.3927791, 27.4252579 ], [ 83.3952139, 27.4228006 ], [ 83.40089, 27.4210002 ], [ 83.3994084, 27.4191523 ], [ 83.4054881, 27.4186527 ], [ 83.4096063, 27.4129201 ], [ 83.4062011, 27.4118262 ], [ 83.4053807, 27.4053424 ], [ 83.4024872, 27.4009227 ], [ 83.3970267, 27.3977911 ], [ 83.3960739, 27.3957268 ], [ 83.39236, 27.395718 ], [ 83.3845529, 27.3903104 ], [ 83.3847382, 27.3861201 ], [ 83.3879051, 27.3835001 ], [ 83.3862996, 27.3802802 ], [ 83.3880198, 27.3760987 ], [ 83.3825592, 27.3707881 ], [ 83.3745119, 27.3699969 ], [ 83.3722115, 27.3641102 ], [ 83.3737553, 27.357247 ], [ 83.3701031, 27.3581203 ], [ 83.3671832, 27.3553415 ], [ 83.3638751, 27.3554209 ], [ 83.3579205, 27.3509307 ], [ 83.359182, 27.3431148 ], [ 83.3542049, 27.344054 ], [ 83.3507242, 27.3422825 ], [ 83.3525207, 27.3400244 ], [ 83.3438875, 27.3382279 ], [ 83.3425722, 27.3346482 ], [ 83.3376441, 27.3327461 ], [ 83.3351492, 27.3338083 ], [ 83.3316291, 27.3327585 ], [ 83.3269851, 27.3341541 ], [ 83.3244037, 27.3368467 ], [ 83.318117, 27.3374519 ], [ 83.3187346, 27.3361674 ], [ 83.3155356, 27.3334501 ], [ 83.3171907, 27.3301647 ], [ 83.3080879, 27.3336724 ], [ 83.3047408, 27.3314863 ], [ 83.300208, 27.3347223 ], [ 83.2950699, 27.3333266 ], [ 83.2943782, 27.3349323 ], [ 83.2916021, 27.3349828 ], [ 83.2925033, 27.336286 ], [ 83.2724657, 27.3526667 ], [ 83.2653135, 27.3654862 ], [ 83.2722019, 27.3834518 ], [ 83.2401301, 27.4064099 ], [ 83.2257675, 27.4117375 ], [ 83.2170217, 27.4178941 ], [ 83.2197941, 27.4194859 ], [ 83.2216564, 27.4182675 ], [ 83.220746, 27.4198531 ], [ 83.2231622, 27.4214705 ], [ 83.2229963, 27.424684 ], [ 83.22526, 27.4256507 ], [ 83.2255717, 27.4287669 ], [ 83.2263325, 27.4274379 ], [ 83.2312363, 27.4306719 ], [ 83.2293634, 27.4325218 ], [ 83.2294845, 27.435202 ], [ 83.2282433, 27.433966 ], [ 83.2282812, 27.4354908 ], [ 83.2211805, 27.4391678 ], [ 83.220126, 27.4378033 ], [ 83.218746, 27.4399772 ], [ 83.219907, 27.4407748 ], [ 83.2167335, 27.4437945 ], [ 83.2180148, 27.4451876 ], [ 83.2172808, 27.4496717 ], [ 83.2189651, 27.450884 ], [ 83.2177942, 27.4532785 ], [ 83.2224356, 27.4545736 ], [ 83.2273824, 27.4690143 ], [ 83.2232926, 27.4685024 ], [ 83.2247266, 27.4719806 ], [ 83.2205264, 27.4736293 ], [ 83.2218161, 27.4793732 ], [ 83.218719, 27.4795839 ], [ 83.2212137, 27.4812325 ], [ 83.2197033, 27.4831747 ], [ 83.2228428, 27.4856813 ], [ 83.2215276, 27.4886321 ], [ 83.2227665, 27.4896256 ], [ 83.221044, 27.4914321 ], [ 83.224134, 27.4922559 ], [ 83.224308, 27.4953535 ], [ 83.2279199, 27.4952098 ], [ 83.225886, 27.4967 ], [ 83.2277219, 27.4968278 ], [ 83.2298399, 27.5008832 ], [ 83.2263018, 27.50538 ], [ 83.2293225, 27.5067949 ], [ 83.2311214, 27.5059219 ], [ 83.2291189, 27.5081646 ], [ 83.2329203, 27.5140798 ], [ 83.2312402, 27.5142604 ], [ 83.2322924, 27.5161117 ], [ 83.229034, 27.51858 ], [ 83.2316305, 27.5183241 ], [ 83.2304648, 27.5218255 ], [ 83.2276462, 27.5222045 ], [ 83.2280196, 27.525129 ], [ 83.2235681, 27.5278263 ], [ 83.2248417, 27.5287368 ], [ 83.2236266, 27.5300679 ], [ 83.2248157, 27.5310475 ], [ 83.2233666, 27.5311339 ], [ 83.2244128, 27.5349715 ], [ 83.2228403, 27.5337326 ], [ 83.2210793, 27.5345854 ], [ 83.220449, 27.5381233 ], [ 83.2166606, 27.5409466 ], [ 83.2182851, 27.5447493 ], [ 83.2167645, 27.5451468 ], [ 83.2161147, 27.5480506 ], [ 83.2143083, 27.5478201 ], [ 83.2154519, 27.5504934 ], [ 83.2121639, 27.5492662 ], [ 83.2087371, 27.5562171 ], [ 83.2054751, 27.5567817 ], [ 83.2042469, 27.5601403 ] ] ] } },
{ "type": "Feature", "properties": { "district_id": 62, "name": "रोल्पा" }, "geometry": { "type": "Polygon", "coordinates": [ [ [ 82.3500839, 28.4235474 ], [ 82.3688562, 28.4256672 ], [ 82.3769866, 28.4304877 ], [ 82.3739875, 28.4484235 ], [ 82.3838733, 28.4567527 ], [ 82.388131, 28.4584426 ], [ 82.391458, 28.4579223 ], [ 82.3964145, 28.4607591 ], [ 82.3964668, 28.4684171 ], [ 82.400925, 28.4700568 ], [ 82.4062727, 28.4795854 ], [ 82.4055128, 28.486282 ], [ 82.4091661, 28.4884107 ], [ 82.4115908, 28.4926068 ], [ 82.4116121, 28.4973136 ], [ 82.4079181, 28.5036542 ], [ 82.4128636, 28.5140459 ], [ 82.4146521, 28.5131478 ], [ 82.4169517, 28.5177727 ], [ 82.418383, 28.5285427 ], [ 82.4309166, 28.5246892 ], [ 82.4354421, 28.5255915 ], [ 82.4439825, 28.5226991 ], [ 82.4622767, 28.5210747 ], [ 82.4735543, 28.5303898 ], [ 82.4797023, 28.5306391 ], [ 82.4845167, 28.5356583 ], [ 82.4922045, 28.5385688 ], [ 82.4947518, 28.5440772 ], [ 82.4917473, 28.5525113 ], [ 82.4995199, 28.5546341 ], [ 82.5089255, 28.5517654 ], [ 82.5165675, 28.5549209 ], [ 82.5215969, 28.5540603 ], [ 82.5229685, 28.5568715 ], [ 82.5272141, 28.5593384 ], [ 82.5353905, 28.5545895 ], [ 82.53576, 28.5431488 ], [ 82.5413022, 28.539335 ], [ 82.5452012, 28.5254545 ], [ 82.5632968, 28.5223395 ], [ 82.5760641, 28.5145545 ], [ 82.5851571, 28.5128477 ], [ 82.5877343, 28.5150884 ], [ 82.5936461, 28.5116794 ], [ 82.5981532, 28.5066244 ], [ 82.6051001, 28.5098937 ], [ 82.6136447, 28.5109322 ], [ 82.6366991, 28.4995256 ], [ 82.6415326, 28.4949334 ], [ 82.6576031, 28.4934445 ], [ 82.659831, 28.4989213 ], [ 82.6675223, 28.5020675 ], [ 82.6699304, 28.5076361 ], [ 82.6812386, 28.5155365 ], [ 82.6813674, 28.5173088 ], [ 82.6864542, 28.5149224 ], [ 82.6820969, 28.5197599 ], [ 82.6868924, 28.5237893 ], [ 82.6943064, 28.5203066 ], [ 82.6943064, 28.5176294 ], [ 82.6899504, 28.5121238 ], [ 82.6958942, 28.5121803 ], [ 82.7029117, 28.5090728 ], [ 82.7109757, 28.5141383 ], [ 82.7183926, 28.5219375 ], [ 82.7374577, 28.5265847 ], [ 82.7427146, 28.5244418 ], [ 82.7414151, 28.5155628 ], [ 82.7427943, 28.5126525 ], [ 82.7519891, 28.5054385 ], [ 82.7573261, 28.5060277 ], [ 82.7670049, 28.5006781 ], [ 82.7837366, 28.4992307 ], [ 82.7906471, 28.5005367 ], [ 82.792722, 28.498599 ], [ 82.8098435, 28.4927131 ], [ 82.8122124, 28.4886898 ], [ 82.8261704, 28.4840184 ], [ 82.8327697, 28.4781961 ], [ 82.8439704, 28.4794133 ], [ 82.8576007, 28.4778647 ], [ 82.8676298, 28.4793492 ], [ 82.8786583, 28.4758271 ], [ 82.8824849, 28.4620278 ], [ 82.8866947, 28.4565479 ], [ 82.8859767, 28.4527032 ], [ 82.8960933, 28.4469072 ], [ 82.9003684, 28.4476533 ], [ 82.909003, 28.4370099 ], [ 82.9144251, 28.4337661 ], [ 82.9127175, 28.4271912 ], [ 82.9186088, 28.4163024 ], [ 82.9192464, 28.4067657 ], [ 82.9167081, 28.4030715 ], [ 82.9193512, 28.4009566 ], [ 82.9365055, 28.4017514 ], [ 82.9375337, 28.3990817 ], [ 82.942876, 28.3972661 ], [ 82.9419503, 28.3932929 ], [ 82.9459101, 28.3910089 ], [ 82.947268, 28.3868579 ], [ 82.9505738, 28.3835364 ], [ 82.9479152, 28.3769553 ], [ 82.9555589, 28.3714287 ], [ 82.9566376, 28.3642877 ], [ 82.9555748, 28.3599539 ], [ 82.9474963, 28.3624354 ], [ 82.9401602, 28.3622006 ], [ 82.9342782, 28.3535363 ], [ 82.927559, 28.3484249 ], [ 82.9253885, 28.343385 ], [ 82.9253587, 28.3327187 ], [ 82.9193037, 28.319953 ], [ 82.9041763, 28.3106906 ], [ 82.9015621, 28.3080301 ], [ 82.9006244, 28.3011782 ], [ 82.8983272, 28.2982062 ], [ 82.8964051, 28.2983713 ], [ 82.8941317, 28.2950238 ], [ 82.8910137, 28.2961423 ], [ 82.886706, 28.2918713 ], [ 82.8889488, 28.2866517 ], [ 82.88844, 28.2776052 ], [ 82.8792112, 28.2683118 ], [ 82.8768672, 28.268766 ], [ 82.8613025, 28.2576997 ], [ 82.8555361, 28.2586494 ], [ 82.8481185, 28.2558459 ], [ 82.8527466, 28.2365719 ], [ 82.8496503, 28.2320175 ], [ 82.8474146, 28.2333647 ], [ 82.8386826, 28.2314431 ], [ 82.8364443, 28.2261776 ], [ 82.8297901, 28.2204662 ], [ 82.8165437, 28.2141787 ], [ 82.8240616, 28.206901 ], [ 82.8246762, 28.1998197 ], [ 82.8144399, 28.1875114 ], [ 82.8055197, 28.1860291 ], [ 82.7933946, 28.1888713 ], [ 82.7865529, 28.1777938 ], [ 82.7800083, 28.1776898 ], [ 82.7690434, 28.1807161 ], [ 82.7587545, 28.1797515 ], [ 82.7501707, 28.1929891 ], [ 82.7463695, 28.1924202 ], [ 82.7448895, 28.1977882 ], [ 82.7429352, 28.197738 ], [ 82.7410919, 28.2006436 ], [ 82.7359131, 28.2009796 ], [ 82.7323304, 28.2081318 ], [ 82.7287477, 28.2060055 ], [ 82.7259777, 28.2085682 ], [ 82.712551, 28.2099575 ], [ 82.7047462, 28.2073898 ], [ 82.6960656, 28.2114432 ], [ 82.6965427, 28.2075702 ], [ 82.6951742, 28.2066244 ], [ 82.6969452, 28.2053238 ], [ 82.6900692, 28.1990464 ], [ 82.6861287, 28.1905514 ], [ 82.6871912, 28.1888289 ], [ 82.6838866, 28.1855321 ], [ 82.6812334, 28.1864708 ], [ 82.6821184, 28.1928725 ], [ 82.6725637, 28.1902495 ], [ 82.6690727, 28.1913043 ], [ 82.6650203, 28.1886318 ], [ 82.6620771, 28.1909844 ], [ 82.6596529, 28.1909269 ], [ 82.6498398, 28.1870296 ], [ 82.6471404, 28.1842695 ], [ 82.6414474, 28.1840658 ], [ 82.6393088, 28.1806717 ], [ 82.6366577, 28.181353 ], [ 82.625393, 28.1784603 ], [ 82.624876, 28.1762638 ], [ 82.6222831, 28.1744465 ], [ 82.6186363, 28.1747553 ], [ 82.6138111, 28.1702697 ], [ 82.6096558, 28.1566168 ], [ 82.6065385, 28.1517092 ], [ 82.5999588, 28.1481542 ], [ 82.5899191, 28.1472565 ], [ 82.5885118, 28.1398354 ], [ 82.6011437, 28.1310202 ], [ 82.6042674, 28.130778 ], [ 82.6041067, 28.1273397 ], [ 82.6072886, 28.1193838 ], [ 82.6067408, 28.1033247 ], [ 82.6003886, 28.0936265 ], [ 82.597847, 28.0925627 ], [ 82.5949178, 28.1014739 ], [ 82.5874987, 28.1036447 ], [ 82.5882961, 28.1054484 ], [ 82.5854385, 28.1066151 ], [ 82.5849281, 28.1087947 ], [ 82.5815848, 28.1108352 ], [ 82.5774046, 28.1096398 ], [ 82.5734979, 28.1136185 ], [ 82.5710975, 28.113172 ], [ 82.5666233, 28.1153612 ], [ 82.5664927, 28.1173487 ], [ 82.5642393, 28.1181696 ], [ 82.5651863, 28.1207187 ], [ 82.5619532, 28.1227925 ], [ 82.5631779, 28.1253703 ], [ 82.5610388, 28.1259319 ], [ 82.5609282, 28.1296481 ], [ 82.559023, 28.1307987 ], [ 82.5618021, 28.1336211 ], [ 82.5579281, 28.135989 ], [ 82.5542446, 28.1370488 ], [ 82.5458816, 28.1345165 ], [ 82.5426486, 28.1311767 ], [ 82.5301785, 28.136227 ], [ 82.5276783, 28.1352835 ], [ 82.5223269, 28.1388336 ], [ 82.5161381, 28.1396481 ], [ 82.5196482, 28.1473859 ], [ 82.5032985, 28.1500736 ], [ 82.499916, 28.1404801 ], [ 82.496941, 28.1391515 ], [ 82.4952784, 28.1349158 ], [ 82.4915835, 28.1357304 ], [ 82.4841938, 28.1305985 ], [ 82.4796976, 28.1446166 ], [ 82.4777278, 28.1447716 ], [ 82.4730169, 28.1397216 ], [ 82.4610086, 28.1427353 ], [ 82.4596579, 28.1448877 ], [ 82.4500164, 28.1477852 ], [ 82.4365302, 28.1491698 ], [ 82.4296024, 28.1548708 ], [ 82.4241525, 28.154545 ], [ 82.4091883, 28.1610602 ], [ 82.3972068, 28.1694581 ], [ 82.401794, 28.1766579 ], [ 82.3994541, 28.1796691 ], [ 82.404049, 28.1855954 ], [ 82.4005093, 28.1924418 ], [ 82.4020587, 28.1934769 ], [ 82.4025033, 28.2061009 ], [ 82.4048763, 28.2120043 ], [ 82.4038252, 28.2132613 ], [ 82.4059274, 28.2152019 ], [ 82.4072438, 28.2212005 ], [ 82.4147555, 28.2239921 ], [ 82.4195079, 28.2303404 ], [ 82.4243113, 28.2280893 ], [ 82.4279471, 28.2309862 ], [ 82.4267558, 28.238947 ], [ 82.4350274, 28.2435066 ], [ 82.4371889, 28.2466023 ], [ 82.4347309, 28.2489184 ], [ 82.4306151, 28.2491656 ], [ 82.4266405, 28.2526669 ], [ 82.4240217, 28.2512555 ], [ 82.4199668, 28.2536109 ], [ 82.4129696, 28.2540807 ], [ 82.4101421, 28.2581147 ], [ 82.4034683, 28.2622086 ], [ 82.4035028, 28.2647345 ], [ 82.3964299, 28.2760839 ], [ 82.3953284, 28.2830364 ], [ 82.3863347, 28.291766 ], [ 82.3837797, 28.291406 ], [ 82.3814291, 28.2986952 ], [ 82.3753992, 28.3060738 ], [ 82.3777498, 28.3112926 ], [ 82.376319, 28.3156113 ], [ 82.3726398, 28.3182205 ], [ 82.3642593, 28.3193001 ], [ 82.3681429, 28.3249681 ], [ 82.3672938, 28.3299738 ], [ 82.3642683, 28.3297365 ], [ 82.363121, 28.3404395 ], [ 82.365165, 28.3437676 ], [ 82.3788553, 28.3510529 ], [ 82.3784494, 28.3565765 ], [ 82.3759603, 28.3584648 ], [ 82.3829448, 28.3650641 ], [ 82.3835027, 28.3727674 ], [ 82.376311, 28.37714 ], [ 82.3663975, 28.386761 ], [ 82.3620029, 28.3941335 ], [ 82.3667041, 28.4039328 ], [ 82.3627183, 28.4050116 ], [ 82.3601749, 28.4086396 ], [ 82.3533393, 28.4101682 ], [ 82.3538653, 28.4150982 ], [ 82.3500839, 28.4235474 ] ] ] } },
{ "type": "Feature", "properties": { "district_id": 63, "name": "रौतहट जिल्ला" }, "geometry": { "type": "Polygon", "coordinates": [ [ [ 85.1631055, 26.8889478 ], [ 85.1638036, 26.8918728 ], [ 85.1707413, 26.8922206 ], [ 85.1715247, 26.8910131 ], [ 85.1749139, 26.8921979 ], [ 85.1751608, 26.8966786 ], [ 85.1707328, 26.8995796 ], [ 85.1724103, 26.9017591 ], [ 85.1761486, 26.9009693 ], [ 85.177021, 26.9071295 ], [ 85.175186, 26.9126321 ], [ 85.1709407, 26.9158213 ], [ 85.1725374, 26.9174234 ], [ 85.1722308, 26.9188812 ], [ 85.170847, 26.918494 ], [ 85.1721584, 26.9200733 ], [ 85.1696549, 26.920191 ], [ 85.1781288, 26.9231969 ], [ 85.1793659, 26.9296847 ], [ 85.1788428, 26.9324547 ], [ 85.176756, 26.9325743 ], [ 85.1755866, 26.9307665 ], [ 85.1704743, 26.9323639 ], [ 85.1701041, 26.9343199 ], [ 85.1688757, 26.9335165 ], [ 85.16386, 26.9382224 ], [ 85.1640531, 26.9424738 ], [ 85.1691385, 26.9447932 ], [ 85.1747712, 26.9435976 ], [ 85.1756241, 26.9469642 ], [ 85.1683581, 26.9543417 ], [ 85.1706394, 26.9586898 ], [ 85.1698577, 26.9616885 ], [ 85.1727306, 26.9730971 ], [ 85.1708305, 26.9763393 ], [ 85.1719678, 26.9770229 ], [ 85.1684648, 26.9790786 ], [ 85.1647741, 26.9782755 ], [ 85.1634008, 26.9801638 ], [ 85.1639319, 26.9827836 ], [ 85.1690475, 26.99183 ], [ 85.1716191, 26.9927026 ], [ 85.1707335, 26.9941042 ], [ 85.1723822, 26.9964781 ], [ 85.1760163, 26.9975984 ], [ 85.174924, 26.9992834 ], [ 85.1778978, 27.0032338 ], [ 85.1869275, 27.0072805 ], [ 85.1860624, 27.0116882 ], [ 85.1821423, 27.0138319 ], [ 85.1827371, 27.0183839 ], [ 85.1949028, 27.021852 ], [ 85.1980836, 27.0278338 ], [ 85.1920101, 27.0329781 ], [ 85.1790873, 27.0332912 ], [ 85.1768975, 27.0364217 ], [ 85.1780059, 27.0384203 ], [ 85.1993365, 27.0377943 ], [ 85.2006883, 27.0391187 ], [ 85.2003639, 27.0419119 ], [ 85.1945243, 27.0429714 ], [ 85.1978767, 27.0464869 ], [ 85.1964443, 27.0501538 ], [ 85.1944973, 27.0507487 ], [ 85.1869005, 27.046824 ], [ 85.1830074, 27.0499782 ], [ 85.1923074, 27.0602348 ], [ 85.1914484, 27.0636943 ], [ 85.1939349, 27.0654688 ], [ 85.1974092, 27.0629209 ], [ 85.2002023, 27.0653929 ], [ 85.2001342, 27.0693967 ], [ 85.194003, 27.0769487 ], [ 85.1966258, 27.080118 ], [ 85.1986184, 27.079466 ], [ 85.1993864, 27.0829918 ], [ 85.2018477, 27.0821002 ], [ 85.2016159, 27.0889885 ], [ 85.2001172, 27.0893373 ], [ 85.2013611, 27.092402 ], [ 85.1966428, 27.0981009 ], [ 85.196745, 27.1067123 ], [ 85.206078, 27.1168995 ], [ 85.2309919, 27.133935 ], [ 85.2318775, 27.1450746 ], [ 85.2379916, 27.1517578 ], [ 85.2449743, 27.1560766 ], [ 85.2461495, 27.1593346 ], [ 85.2451276, 27.1648653 ], [ 85.2500781, 27.1742531 ], [ 85.2514972, 27.1900003 ], [ 85.2650677, 27.2133389 ], [ 85.261623, 27.2201355 ], [ 85.2623212, 27.2220402 ], [ 85.2699816, 27.2254648 ], [ 85.2697187, 27.2290979 ], [ 85.2790413, 27.2280757 ], [ 85.2802992, 27.2312761 ], [ 85.2895944, 27.2312761 ], [ 85.2943468, 27.2331714 ], [ 85.3023347, 27.230025 ], [ 85.3125701, 27.2302974 ], [ 85.3153185, 27.2275709 ], [ 85.3166591, 27.2284474 ], [ 85.3331173, 27.2229643 ], [ 85.3394771, 27.2191732 ], [ 85.3483819, 27.2221317 ], [ 85.3600921, 27.2106228 ], [ 85.3618043, 27.2129225 ], [ 85.3729166, 27.2107471 ], [ 85.3759198, 27.2125646 ], [ 85.3836785, 27.2072467 ], [ 85.3932475, 27.210174 ], [ 85.3975191, 27.2055068 ], [ 85.3969998, 27.1976549 ], [ 85.3992224, 27.1964998 ], [ 85.4099852, 27.1968728 ], [ 85.4183049, 27.189995 ], [ 85.426678, 27.1932198 ], [ 85.4382666, 27.1866921 ], [ 85.4483557, 27.1865736 ], [ 85.4504632, 27.1834287 ], [ 85.4496403, 27.1801993 ], [ 85.4532006, 27.1779791 ], [ 85.452871, 27.1683404 ], [ 85.4596895, 27.1657172 ], [ 85.4677002, 27.1659557 ], [ 85.4723128, 27.1618519 ], [ 85.4823417, 27.1628778 ], [ 85.4938592, 27.1692346 ], [ 85.4956454, 27.1736634 ], [ 85.5003805, 27.1754129 ], [ 85.5027408, 27.1741721 ], [ 85.5031056, 27.1713659 ], [ 85.4994149, 27.1679106 ], [ 85.5037708, 27.1656771 ], [ 85.5040712, 27.1628134 ], [ 85.4933853, 27.1623552 ], [ 85.4891375, 27.1536423 ], [ 85.4910331, 27.148283 ], [ 85.4878975, 27.139121 ], [ 85.4729472, 27.127813 ], [ 85.4707303, 27.1240113 ], [ 85.4703518, 27.117731 ], [ 85.4641879, 27.109814 ], [ 85.4490213, 27.1012707 ], [ 85.4470207, 27.0952538 ], [ 85.4437224, 27.0911382 ], [ 85.4349901, 27.0897422 ], [ 85.4320163, 27.0855059 ], [ 85.4309889, 27.0785976 ], [ 85.4335032, 27.0674279 ], [ 85.4234462, 27.061337 ], [ 85.4234732, 27.0534883 ], [ 85.4157412, 27.0503823 ], [ 85.4110642, 27.0439534 ], [ 85.4113615, 27.037789 ], [ 85.4099016, 27.0355255 ], [ 85.4024941, 27.0344659 ], [ 85.4006827, 27.0320096 ], [ 85.4003583, 27.0268802 ], [ 85.3963301, 27.0241588 ], [ 85.3940862, 27.0185473 ], [ 85.3897606, 27.0162833 ], [ 85.3858152, 27.0085799 ], [ 85.3879491, 27.006181 ], [ 85.3878969, 27.0021005 ], [ 85.3898704, 26.999234 ], [ 85.3970347, 26.9937176 ], [ 85.3975213, 26.989285 ], [ 85.4009548, 26.9846836 ], [ 85.4016577, 26.9784196 ], [ 85.3956019, 26.9696735 ], [ 85.3992516, 26.9609268 ], [ 85.3981431, 26.9568302 ], [ 85.4005763, 26.9544687 ], [ 85.3973862, 26.9500345 ], [ 85.3985216, 26.9403704 ], [ 85.3886809, 26.9244625 ], [ 85.3868696, 26.9241251 ], [ 85.3859233, 26.9196898 ], [ 85.3868425, 26.9160015 ], [ 85.3891405, 26.9145793 ], [ 85.3911141, 26.8989089 ], [ 85.3950341, 26.8927125 ], [ 85.3921414, 26.8863228 ], [ 85.3925469, 26.8833569 ], [ 85.388789, 26.8800051 ], [ 85.3801379, 26.8809697 ], [ 85.3695401, 26.8724089 ], [ 85.3610241, 26.8715649 ], [ 85.3482366, 26.8640405 ], [ 85.3471822, 26.8613393 ], [ 85.342885, 26.8604596 ], [ 85.3424781, 26.8553579 ], [ 85.3522918, 26.8494244 ], [ 85.3519944, 26.8404754 ], [ 85.3474526, 26.8363021 ], [ 85.3361249, 26.8349994 ], [ 85.3317182, 26.8262664 ], [ 85.3318264, 26.8218755 ], [ 85.3273656, 26.8184495 ], [ 85.3266356, 26.8152164 ], [ 85.3232022, 26.8123693 ], [ 85.3245675, 26.8077244 ], [ 85.3216477, 26.8047927 ], [ 85.3253244, 26.7983981 ], [ 85.3311505, 26.7982291 ], [ 85.3402392, 26.7887134 ], [ 85.3402392, 26.7836507 ], [ 85.3384907, 26.7814704 ], [ 85.3300287, 26.7770048 ], [ 85.3451778, 26.7751849 ], [ 85.345843, 26.7661808 ], [ 85.3505208, 26.7637476 ], [ 85.3505637, 26.7609312 ], [ 85.3331401, 26.7595518 ], [ 85.3314878, 26.7510637 ], [ 85.3255921, 26.7447845 ], [ 85.3220076, 26.7458867 ], [ 85.3192713, 26.7493573 ], [ 85.3067164, 26.7521404 ], [ 85.2605551, 26.7555136 ], [ 85.2403128, 26.7619584 ], [ 85.2324949, 26.762557 ], [ 85.2130478, 26.7581535 ], [ 85.2059244, 26.7614406 ], [ 85.2009379, 26.7687362 ], [ 85.197047, 26.7699334 ], [ 85.1914669, 26.7820811 ], [ 85.1945272, 26.7845411 ], [ 85.1926606, 26.7907379 ], [ 85.1864172, 26.7909949 ], [ 85.1865565, 26.7950852 ], [ 85.1803065, 26.7958963 ], [ 85.1792398, 26.798439 ], [ 85.1823439, 26.8007868 ], [ 85.1765049, 26.8102599 ], [ 85.1771354, 26.8152559 ], [ 85.1849308, 26.8224761 ], [ 85.1911615, 26.8313904 ], [ 85.1926468, 26.8388099 ], [ 85.1908351, 26.8491844 ], [ 85.1928798, 26.8663013 ], [ 85.1907447, 26.8698969 ], [ 85.1762574, 26.8691934 ], [ 85.1755326, 26.871874 ], [ 85.1685036, 26.8742012 ], [ 85.1656514, 26.8796993 ], [ 85.167269, 26.8801124 ], [ 85.170761, 26.8773843 ], [ 85.1732128, 26.8796387 ], [ 85.1719843, 26.8795334 ], [ 85.1713513, 26.8823038 ], [ 85.1698976, 26.8825095 ], [ 85.1707612, 26.8839162 ], [ 85.1694577, 26.8837248 ], [ 85.1674214, 26.8870873 ], [ 85.1680844, 26.8898156 ], [ 85.164619, 26.8907772 ], [ 85.164501, 26.887964 ], [ 85.1631055, 26.8889478 ] ] ] } },
{ "type": "Feature", "properties": { "district_id": 64, "name": "लमजुङ" }, "geometry": { "type": "Polygon", "coordinates": [ [ [ 84.1870965, 28.2962344 ], [ 84.1928341, 28.2996202 ], [ 84.1970254, 28.3130193 ], [ 84.1973916, 28.3194316 ], [ 84.2052054, 28.3268128 ], [ 84.2097739, 28.3507549 ], [ 84.21714, 28.3584527 ], [ 84.2178804, 28.3772213 ], [ 84.2132268, 28.3882256 ], [ 84.2254268, 28.4017928 ], [ 84.2288797, 28.4155608 ], [ 84.2446868, 28.4265743 ], [ 84.2455277, 28.4413175 ], [ 84.2685847, 28.4557823 ], [ 84.2754242, 28.4518227 ], [ 84.2802674, 28.4463268 ], [ 84.2877111, 28.4449631 ], [ 84.2967224, 28.4485046 ], [ 84.3128108, 28.4509396 ], [ 84.3739768, 28.4540782 ], [ 84.3707539, 28.4595307 ], [ 84.3741688, 28.4611343 ], [ 84.3978094, 28.4563889 ], [ 84.4067973, 28.4624764 ], [ 84.4154043, 28.4719481 ], [ 84.4178956, 28.4792153 ], [ 84.4166482, 28.4885011 ], [ 84.4177318, 28.4917553 ], [ 84.4219336, 28.4945981 ], [ 84.420929, 28.4981658 ], [ 84.4222167, 28.5009232 ], [ 84.433284, 28.5100492 ], [ 84.4447158, 28.5091425 ], [ 84.4530645, 28.5053142 ], [ 84.4693093, 28.4878799 ], [ 84.4704037, 28.4839984 ], [ 84.4808885, 28.472558 ], [ 84.4857355, 28.4701113 ], [ 84.4905838, 28.4616694 ], [ 84.5110832, 28.4655857 ], [ 84.5317048, 28.4726073 ], [ 84.5343929, 28.4704131 ], [ 84.5500888, 28.4713299 ], [ 84.5625898, 28.4765522 ], [ 84.5714907, 28.4775769 ], [ 84.5818515, 28.4738649 ], [ 84.5919848, 28.4664851 ], [ 84.5991463, 28.4506283 ], [ 84.6105953, 28.4480827 ], [ 84.6182969, 28.449975 ], [ 84.6350716, 28.4411438 ], [ 84.6467737, 28.4189565 ], [ 84.654422, 28.4145734 ], [ 84.6645824, 28.4030887 ], [ 84.6755262, 28.3864756 ], [ 84.6753471, 28.3769718 ], [ 84.6948627, 28.3620056 ], [ 84.6799426, 28.3427827 ], [ 84.6696775, 28.3432029 ], [ 84.6669355, 28.3274318 ], [ 84.6636323, 28.3210808 ], [ 84.6582153, 28.3234149 ], [ 84.6598553, 28.3149324 ], [ 84.6547921, 28.3123713 ], [ 84.6517627, 28.3061029 ], [ 84.6470905, 28.2930317 ], [ 84.6464575, 28.2820878 ], [ 84.6506776, 28.2772565 ], [ 84.6516734, 28.2678675 ], [ 84.6472313, 28.2518823 ], [ 84.6354742, 28.2367407 ], [ 84.6327289, 28.2296423 ], [ 84.6336554, 28.2215299 ], [ 84.6370856, 28.2162856 ], [ 84.6375033, 28.2103955 ], [ 84.6401293, 28.2041369 ], [ 84.6363483, 28.1986088 ], [ 84.6330813, 28.189177 ], [ 84.6231848, 28.1841967 ], [ 84.6227715, 28.1803394 ], [ 84.61931, 28.1798923 ], [ 84.6159687, 28.1751268 ], [ 84.6117007, 28.1726323 ], [ 84.613476, 28.1707032 ], [ 84.6125687, 28.1677828 ], [ 84.6095302, 28.1664249 ], [ 84.6082853, 28.1623325 ], [ 84.6094036, 28.1599886 ], [ 84.6053231, 28.155895 ], [ 84.6023041, 28.1557234 ], [ 84.600755, 28.1518274 ], [ 84.585736, 28.1465266 ], [ 84.5872553, 28.1433207 ], [ 84.5761385, 28.1383039 ], [ 84.5768509, 28.1362065 ], [ 84.5747344, 28.1342292 ], [ 84.5760223, 28.1330612 ], [ 84.5739696, 28.1305795 ], [ 84.570271, 28.1308475 ], [ 84.5704183, 28.1285699 ], [ 84.5611344, 28.1278629 ], [ 84.5589655, 28.1249614 ], [ 84.5558432, 28.1247027 ], [ 84.5556913, 28.1211909 ], [ 84.5518512, 28.1203503 ], [ 84.5543344, 28.1189919 ], [ 84.5540694, 28.1160763 ], [ 84.550881, 28.1150704 ], [ 84.5492031, 28.1124252 ], [ 84.5509555, 28.1087498 ], [ 84.5471982, 28.1073871 ], [ 84.5408365, 28.0999874 ], [ 84.5349738, 28.1009167 ], [ 84.526268, 28.0961438 ], [ 84.5204689, 28.0951147 ], [ 84.5177751, 28.0909519 ], [ 84.5128667, 28.0879287 ], [ 84.4983172, 28.0855404 ], [ 84.4937638, 28.0869002 ], [ 84.4905478, 28.0858131 ], [ 84.4787361, 28.0893592 ], [ 84.4775864, 28.0879471 ], [ 84.4793916, 28.0793451 ], [ 84.4860434, 28.0806136 ], [ 84.4876742, 28.0777927 ], [ 84.4877818, 28.0766983 ], [ 84.4847433, 28.0779703 ], [ 84.4834773, 28.0765994 ], [ 84.487982, 28.0710755 ], [ 84.4868833, 28.069747 ], [ 84.4882261, 28.0665334 ], [ 84.4856015, 28.0647739 ], [ 84.4871708, 28.0625731 ], [ 84.4823257, 28.055671 ], [ 84.4748452, 28.0616954 ], [ 84.4762263, 28.0651993 ], [ 84.472831, 28.0688554 ], [ 84.4678819, 28.0700233 ], [ 84.4697235, 28.0713436 ], [ 84.4687451, 28.0757103 ], [ 84.4654074, 28.0768782 ], [ 84.4658678, 28.0823617 ], [ 84.4612064, 28.0833772 ], [ 84.4568904, 28.0915512 ], [ 84.4510172, 28.0928258 ], [ 84.4519189, 28.0959333 ], [ 84.4424236, 28.0994614 ], [ 84.4436609, 28.1045631 ], [ 84.438273, 28.1051342 ], [ 84.4367552, 28.1079134 ], [ 84.4342248, 28.1078388 ], [ 84.4312108, 28.111269 ], [ 84.4273299, 28.1110942 ], [ 84.4264545, 28.1153388 ], [ 84.422461, 28.1170598 ], [ 84.4223372, 28.118996 ], [ 84.4208723, 28.1193907 ], [ 84.4190615, 28.1172194 ], [ 84.4169862, 28.1195343 ], [ 84.3991076, 28.1269772 ], [ 84.3963785, 28.1294717 ], [ 84.3935836, 28.1295431 ], [ 84.3920271, 28.1274348 ], [ 84.3876877, 28.1262816 ], [ 84.359001, 28.1290975 ], [ 84.3450678, 28.1256961 ], [ 84.3399558, 28.1217418 ], [ 84.3300594, 28.123924 ], [ 84.3266702, 28.1228791 ], [ 84.3257745, 28.1210276 ], [ 84.3234091, 28.1206597 ], [ 84.3202013, 28.1153618 ], [ 84.3180211, 28.1152509 ], [ 84.3087648, 28.1072161 ], [ 84.3041604, 28.1072978 ], [ 84.2802803, 28.0968784 ], [ 84.2776302, 28.0927202 ], [ 84.2690493, 28.0909701 ], [ 84.2672741, 28.0930702 ], [ 84.2648631, 28.0930702 ], [ 84.2539174, 28.0850647 ], [ 84.251173, 28.0852051 ], [ 84.2491259, 28.0879996 ], [ 84.2465115, 28.0868059 ], [ 84.2452195, 28.0826055 ], [ 84.242371, 28.08388 ], [ 84.2392247, 28.0807966 ], [ 84.2317867, 28.0780802 ], [ 84.2302185, 28.0912046 ], [ 84.2262621, 28.0939841 ], [ 84.229678, 28.0995223 ], [ 84.2286304, 28.101059 ], [ 84.2297936, 28.1050678 ], [ 84.2248928, 28.1099917 ], [ 84.2239058, 28.1188774 ], [ 84.2185759, 28.1224304 ], [ 84.2175806, 28.1254082 ], [ 84.218856, 28.1327165 ], [ 84.2258263, 28.1358707 ], [ 84.2282944, 28.1395999 ], [ 84.2269579, 28.143218 ], [ 84.2208472, 28.149688 ], [ 84.222098, 28.1541763 ], [ 84.2185516, 28.158323 ], [ 84.2197685, 28.1652455 ], [ 84.2133683, 28.1719086 ], [ 84.2181981, 28.1813024 ], [ 84.2090837, 28.1836126 ], [ 84.2052805, 28.1893973 ], [ 84.1943228, 28.1882538 ], [ 84.1932289, 28.1933208 ], [ 84.1898341, 28.1957351 ], [ 84.1926452, 28.1984367 ], [ 84.1948695, 28.1972059 ], [ 84.2038969, 28.2021124 ], [ 84.2081342, 28.208146 ], [ 84.2104073, 28.2128875 ], [ 84.2088685, 28.2160285 ], [ 84.2096213, 28.2196141 ], [ 84.2114932, 28.2204747 ], [ 84.2109235, 28.2256736 ], [ 84.2128551, 28.2274805 ], [ 84.2112897, 28.2301193 ], [ 84.213894, 28.2371819 ], [ 84.2114118, 28.238114 ], [ 84.2143823, 28.2396197 ], [ 84.2125105, 28.2404442 ], [ 84.2134464, 28.250553 ], [ 84.2108421, 28.2636715 ], [ 84.2053587, 28.2733435 ], [ 84.1958058, 28.2784622 ], [ 84.1870965, 28.2962344 ] ] ] } },
{ "type": "Feature", "properties": { "district_id": 65, "name": "ललितपुर जिल्ला" }, "geometry": { "type": "Polygon", "coordinates": [ [ [ 85.2316185, 27.5365082 ], [ 85.2385545, 27.5470061 ], [ 85.2465948, 27.5501396 ], [ 85.2458802, 27.553549 ], [ 85.2482576, 27.5582911 ], [ 85.2511329, 27.5603836 ], [ 85.249588, 27.5636023 ], [ 85.2534675, 27.5688066 ], [ 85.2581281, 27.5713934 ], [ 85.2605571, 27.5698185 ], [ 85.2664273, 27.5701754 ], [ 85.2680121, 27.5737091 ], [ 85.2766669, 27.5824852 ], [ 85.2804434, 27.5850717 ], [ 85.2848644, 27.5856202 ], [ 85.2841249, 27.5874364 ], [ 85.2794229, 27.5888272 ], [ 85.2816128, 27.5917165 ], [ 85.2799482, 27.5956028 ], [ 85.283535, 27.5959435 ], [ 85.2849093, 27.5932245 ], [ 85.2879134, 27.5979938 ], [ 85.2918874, 27.5974081 ], [ 85.2912351, 27.6014395 ], [ 85.2945224, 27.6037746 ], [ 85.2943936, 27.608072 ], [ 85.2901135, 27.6117281 ], [ 85.2939216, 27.6126353 ], [ 85.2917387, 27.6190764 ], [ 85.2934658, 27.6216601 ], [ 85.2926908, 27.6257086 ], [ 85.2948459, 27.6274436 ], [ 85.2932745, 27.6292523 ], [ 85.2929741, 27.633944 ], [ 85.2857557, 27.6382782 ], [ 85.2823595, 27.6441981 ], [ 85.2831805, 27.6453089 ], [ 85.2874552, 27.6444978 ], [ 85.2871885, 27.6504277 ], [ 85.2932367, 27.6558821 ], [ 85.2943735, 27.6599776 ], [ 85.2970731, 27.6607927 ], [ 85.2963934, 27.6647669 ], [ 85.2977866, 27.6678866 ], [ 85.2929957, 27.6694414 ], [ 85.2918262, 27.6722926 ], [ 85.2986991, 27.678053 ], [ 85.2991705, 27.6837303 ], [ 85.3023526, 27.691424 ], [ 85.3068277, 27.6933161 ], [ 85.3218888, 27.6867028 ], [ 85.3264146, 27.686279 ], [ 85.3308588, 27.6796019 ], [ 85.3477889, 27.66882 ], [ 85.3553284, 27.6678376 ], [ 85.360723, 27.669094 ], [ 85.36333, 27.6646113 ], [ 85.3610753, 27.6611439 ], [ 85.3630305, 27.6629159 ], [ 85.3668025, 27.6597644 ], [ 85.3693069, 27.6609297 ], [ 85.3705603, 27.6537548 ], [ 85.3727179, 27.6536253 ], [ 85.3744422, 27.6513097 ], [ 85.3848702, 27.6488394 ], [ 85.3871334, 27.6438885 ], [ 85.3896105, 27.6451465 ], [ 85.3930979, 27.6358741 ], [ 85.3957363, 27.6337189 ], [ 85.4042172, 27.6327637 ], [ 85.4056735, 27.6299032 ], [ 85.4164786, 27.6212141 ], [ 85.419966, 27.6206855 ], [ 85.4205768, 27.6172915 ], [ 85.4289293, 27.6161876 ], [ 85.4354698, 27.6091754 ], [ 85.4355972, 27.6067667 ], [ 85.4325818, 27.6041072 ], [ 85.4328083, 27.600883 ], [ 85.4266359, 27.6036932 ], [ 85.4254043, 27.602401 ], [ 85.4283347, 27.5973325 ], [ 85.4257157, 27.5940077 ], [ 85.4222615, 27.5929663 ], [ 85.4149424, 27.5987125 ], [ 85.4168536, 27.6069549 ], [ 85.4128614, 27.6073438 ], [ 85.4114032, 27.6034799 ], [ 85.4024715, 27.6026452 ], [ 85.4044673, 27.600235 ], [ 85.4045377, 27.5960814 ], [ 85.4030042, 27.59471 ], [ 85.4054988, 27.592768 ], [ 85.4041953, 27.5884954 ], [ 85.4057572, 27.586902 ], [ 85.4027322, 27.5823154 ], [ 85.4019156, 27.5746159 ], [ 85.3930243, 27.5661278 ], [ 85.3907043, 27.5661992 ], [ 85.3867128, 27.5632878 ], [ 85.3988325, 27.5546437 ], [ 85.403466, 27.545595 ], [ 85.4097318, 27.545159 ], [ 85.4122078, 27.5484381 ], [ 85.4156468, 27.5487696 ], [ 85.424175, 27.5413163 ], [ 85.429382, 27.541258 ], [ 85.4319608, 27.5392292 ], [ 85.436796, 27.5421563 ], [ 85.4403786, 27.5322243 ], [ 85.4379164, 27.5284148 ], [ 85.4406738, 27.5187684 ], [ 85.4424405, 27.5171476 ], [ 85.4388414, 27.5031004 ], [ 85.4386318, 27.4895518 ], [ 85.443213, 27.4796295 ], [ 85.4414545, 27.4760795 ], [ 85.4376269, 27.4740688 ], [ 85.4356523, 27.4700737 ], [ 85.4287827, 27.4636909 ], [ 85.4259618, 27.4641901 ], [ 85.4223132, 27.4617887 ], [ 85.4211777, 27.4581263 ], [ 85.4178746, 27.4591115 ], [ 85.4165676, 27.4562138 ], [ 85.4126213, 27.4546824 ], [ 85.4116952, 27.4515291 ], [ 85.4065427, 27.4480366 ], [ 85.4094745, 27.4438433 ], [ 85.4182846, 27.4445277 ], [ 85.4181133, 27.4430223 ], [ 85.4113338, 27.4386997 ], [ 85.4155458, 27.4353294 ], [ 85.4102066, 27.4334089 ], [ 85.4141157, 27.4258957 ], [ 85.4104055, 27.4223678 ], [ 85.4089334, 27.4167954 ], [ 85.411859, 27.4138354 ], [ 85.4154671, 27.4142032 ], [ 85.4184409, 27.4085623 ], [ 85.4154869, 27.4081471 ], [ 85.4142839, 27.404532 ], [ 85.4094764, 27.4066252 ], [ 85.4067864, 27.4029808 ], [ 85.4050868, 27.4034226 ], [ 85.4045596, 27.4058295 ], [ 85.3979296, 27.4044449 ], [ 85.3949806, 27.4114148 ], [ 85.3891432, 27.4081879 ], [ 85.3848258, 27.4077507 ], [ 85.3839095, 27.4134156 ], [ 85.3790866, 27.4156874 ], [ 85.3775882, 27.4180327 ], [ 85.3714144, 27.4193205 ], [ 85.369, 27.4214261 ], [ 85.3685782, 27.4243651 ], [ 85.3501915, 27.4313603 ], [ 85.3466752, 27.4284816 ], [ 85.3405324, 27.4330474 ], [ 85.3353074, 27.431977 ], [ 85.3320935, 27.4367428 ], [ 85.3284554, 27.4384158 ], [ 85.3160282, 27.4363357 ], [ 85.3142798, 27.4379849 ], [ 85.3160303, 27.4416256 ], [ 85.3122106, 27.445743 ], [ 85.3076345, 27.4452533 ], [ 85.3016215, 27.4509055 ], [ 85.2796558, 27.4514125 ], [ 85.2728033, 27.454023 ], [ 85.2642742, 27.454209 ], [ 85.257865, 27.4588827 ], [ 85.2582341, 27.4622494 ], [ 85.2557358, 27.4656533 ], [ 85.257033, 27.4687009 ], [ 85.2478258, 27.4762609 ], [ 85.247325, 27.4836838 ], [ 85.244402, 27.4869743 ], [ 85.2479064, 27.4954995 ], [ 85.2419354, 27.5004936 ], [ 85.2373648, 27.5001848 ], [ 85.2345367, 27.5048002 ], [ 85.2370306, 27.5103312 ], [ 85.2416924, 27.5127358 ], [ 85.2412864, 27.5176958 ], [ 85.250237, 27.5212886 ], [ 85.250838, 27.5287627 ], [ 85.245833, 27.5290196 ], [ 85.2447414, 27.5330934 ], [ 85.2377251, 27.533432 ], [ 85.2316185, 27.5365082 ] ] ] } },
{ "type": "Feature", "properties": { "district_id": 66, "name": "सङ्खुवासभा जिल्ला" }, "geometry": { "type": "Polygon", "coordinates": [ [ [ 86.9408478, 27.5078426 ], [ 86.946245, 27.5266715 ], [ 86.9582783, 27.5375938 ], [ 86.965195, 27.5398786 ], [ 86.9668391, 27.5418091 ], [ 86.9656711, 27.5448282 ], [ 86.9663478, 27.5557361 ], [ 86.96411, 27.5648137 ], [ 86.9602109, 27.5687511 ], [ 86.9553285, 27.5705544 ], [ 86.9541567, 27.5743984 ], [ 86.9560744, 27.5772265 ], [ 86.9560405, 27.5854007 ], [ 86.9575324, 27.5880753 ], [ 86.9556675, 27.5947618 ], [ 86.9561083, 27.5992694 ], [ 86.9528243, 27.6047043 ], [ 86.9571491, 27.6083401 ], [ 86.9578612, 27.6118557 ], [ 86.9563014, 27.6163626 ], [ 86.9637274, 27.6231528 ], [ 86.9679321, 27.6293116 ], [ 86.9680678, 27.6321355 ], [ 86.972442, 27.6355602 ], [ 86.9757142, 27.6411712 ], [ 86.9832281, 27.6463049 ], [ 86.9824127, 27.6501824 ], [ 86.9864201, 27.6563718 ], [ 86.9859695, 27.6599829 ], [ 86.9879058, 27.6635626 ], [ 86.9865755, 27.686024 ], [ 86.9917202, 27.6967332 ], [ 86.9993179, 27.7013747 ], [ 87.000523, 27.7081008 ], [ 87.004042, 27.7101145 ], [ 87.0073894, 27.7192326 ], [ 87.0068316, 27.7277895 ], [ 86.9956898, 27.7316669 ], [ 86.9943371, 27.7329166 ], [ 86.9930076, 27.7430431 ], [ 86.9787383, 27.751152 ], [ 86.9825797, 27.7542329 ], [ 86.9827989, 27.7563427 ], [ 86.9783735, 27.7754749 ], [ 86.9857386, 27.7797912 ], [ 86.985803, 27.7859041 ], [ 86.9838238, 27.7920098 ], [ 86.9963121, 27.7975336 ], [ 87.0074752, 27.8109784 ], [ 87.0099643, 27.814888 ], [ 87.0093886, 27.8179045 ], [ 87.0007431, 27.8205462 ], [ 86.9992947, 27.8235161 ], [ 86.9939303, 27.825281 ], [ 86.9770751, 27.8254367 ], [ 86.9857979, 27.8336873 ], [ 86.9862485, 27.8363248 ], [ 86.9894242, 27.8395315 ], [ 86.9908986, 27.8471292 ], [ 86.9860983, 27.8558291 ], [ 86.9878149, 27.8631328 ], [ 86.9838667, 27.8644227 ], [ 86.9786739, 27.874002 ], [ 86.9735934, 27.8778307 ], [ 86.9733542, 27.8958288 ], [ 86.9673443, 27.902166 ], [ 86.9679665, 27.9078548 ], [ 86.9716251, 27.9108792 ], [ 86.973803, 27.9165107 ], [ 86.980868, 27.9198193 ], [ 86.9781697, 27.9272703 ], [ 86.9833813, 27.9496738 ], [ 86.994338, 27.9561786 ], [ 87.008028, 27.9534871 ], [ 87.0152042, 27.957236 ], [ 87.025913, 27.9485494 ], [ 87.0388393, 27.9505651 ], [ 87.0533627, 27.9267016 ], [ 87.0609426, 27.9257536 ], [ 87.0733237, 27.9210327 ], [ 87.0788598, 27.916615 ], [ 87.0798576, 27.9140173 ], [ 87.0779688, 27.9083334 ], [ 87.079231, 27.902436 ], [ 87.0889959, 27.8907093 ], [ 87.089138, 27.8835236 ], [ 87.1045486, 27.8785182 ], [ 87.1072912, 27.8737175 ], [ 87.1073556, 27.8593766 ], [ 87.109912, 27.847602 ], [ 87.1152842, 27.8407933 ], [ 87.1210807, 27.8395139 ], [ 87.1265602, 27.8347119 ], [ 87.1341927, 27.837458 ], [ 87.140792, 27.8369699 ], [ 87.1526576, 27.8302619 ], [ 87.156821, 27.8245956 ], [ 87.1718573, 27.8213338 ], [ 87.1829295, 27.8223396 ], [ 87.1940962, 27.8201999 ], [ 87.1988391, 27.8220938 ], [ 87.2058034, 27.8214666 ], [ 87.2181386, 27.8237907 ], [ 87.2259521, 27.8201572 ], [ 87.238912, 27.840007 ], [ 87.253062, 27.84405 ], [ 87.2590828, 27.8504221 ], [ 87.264518, 27.850788 ], [ 87.2843814, 27.8445595 ], [ 87.2876644, 27.8461912 ], [ 87.304275, 27.843376 ], [ 87.304573, 27.8356797 ], [ 87.3176096, 27.8264637 ], [ 87.3295283, 27.8270505 ], [ 87.3380792, 27.8293229 ], [ 87.345154, 27.828327 ], [ 87.3478478, 27.8304283 ], [ 87.351893, 27.828102 ], [ 87.358182, 27.828102 ], [ 87.360652, 27.828551 ], [ 87.374129, 27.845622 ], [ 87.3805761, 27.8460394 ], [ 87.4009013, 27.8517321 ], [ 87.4185897, 27.8625548 ], [ 87.4194211, 27.8606065 ], [ 87.4253168, 27.8595453 ], [ 87.4268935, 27.8523654 ], [ 87.4302855, 27.8506575 ], [ 87.4333405, 27.8460963 ], [ 87.4321389, 27.8434591 ], [ 87.425487, 27.840262 ], [ 87.4227941, 27.8412581 ], [ 87.408191, 27.838437 ], [ 87.405121, 27.837374 ], [ 87.4027656, 27.8335787 ], [ 87.413624, 27.833477 ], [ 87.4508071, 27.8222447 ], [ 87.479789, 27.839101 ], [ 87.480425, 27.841648 ], [ 87.483291, 27.843558 ], [ 87.4906359, 27.8466924 ], [ 87.4938163, 27.8442061 ], [ 87.4998223, 27.8461668 ], [ 87.5041407, 27.8452103 ], [ 87.509079, 27.847379 ], [ 87.522769, 27.843877 ], [ 87.530092, 27.846424 ], [ 87.532957, 27.846105 ], [ 87.534868, 27.843877 ], [ 87.538051, 27.844513 ], [ 87.548876, 27.853746 ], [ 87.55206, 27.865208 ], [ 87.562885, 27.8668 ], [ 87.56575, 27.865844 ], [ 87.569571, 27.861387 ], [ 87.578485, 27.862024 ], [ 87.582942, 27.855338 ], [ 87.586126, 27.853428 ], [ 87.588036, 27.840056 ], [ 87.589947, 27.836872 ], [ 87.588673, 27.826366 ], [ 87.590583, 27.81968 ], [ 87.595041, 27.822227 ], [ 87.602363, 27.820635 ], [ 87.608731, 27.815859 ], [ 87.610323, 27.810765 ], [ 87.613506, 27.812039 ], [ 87.618282, 27.820317 ], [ 87.631335, 27.823819 ], [ 87.633246, 27.83337 ], [ 87.6414478, 27.8351199 ], [ 87.6473291, 27.8337175 ], [ 87.657442, 27.836236 ], [ 87.660626, 27.835599 ], [ 87.664446, 27.837509 ], [ 87.669222, 27.835917 ], [ 87.669222, 27.829231 ], [ 87.662536, 27.822227 ], [ 87.664446, 27.819998 ], [ 87.663173, 27.814268 ], [ 87.6675156, 27.8032259 ], [ 87.672417, 27.7996532 ], [ 87.677188, 27.7900097 ], [ 87.6707356, 27.7808542 ], [ 87.6714926, 27.7735857 ], [ 87.6649024, 27.7660234 ], [ 87.6570094, 27.761815 ], [ 87.6635675, 27.7504217 ], [ 87.6577571, 27.7447595 ], [ 87.6550949, 27.7397956 ], [ 87.6516003, 27.7390848 ], [ 87.6410743, 27.7311 ], [ 87.6439851, 27.7273367 ], [ 87.6377812, 27.7188936 ], [ 87.6395339, 27.7149169 ], [ 87.6388085, 27.7100057 ], [ 87.6299527, 27.7125602 ], [ 87.6234628, 27.7124995 ], [ 87.6150374, 27.704681 ], [ 87.6126452, 27.6994844 ], [ 87.6165213, 27.690641 ], [ 87.6153971, 27.687 ], [ 87.6118898, 27.6837561 ], [ 87.6137996, 27.6763834 ], [ 87.6124692, 27.674198 ], [ 87.6077016, 27.6754674 ], [ 87.6012743, 27.6743258 ], [ 87.5995517, 27.6794522 ], [ 87.5923672, 27.6799888 ], [ 87.5904762, 27.6815763 ], [ 87.5831445, 27.6771039 ], [ 87.5789094, 27.6768584 ], [ 87.5747118, 27.6829669 ], [ 87.5744769, 27.6932765 ], [ 87.5671885, 27.6951495 ], [ 87.5642727, 27.6991375 ], [ 87.560981, 27.6986248 ], [ 87.5578845, 27.6947228 ], [ 87.5578466, 27.6912507 ], [ 87.5527096, 27.6879998 ], [ 87.5492264, 27.6808998 ], [ 87.5490437, 27.6690668 ], [ 87.5449773, 27.664893 ], [ 87.5455723, 27.6600759 ], [ 87.5331424, 27.6516332 ], [ 87.5436509, 27.6466319 ], [ 87.5449022, 27.6383715 ], [ 87.5437888, 27.6362122 ], [ 87.534602, 27.6321506 ], [ 87.5359421, 27.6242126 ], [ 87.5304331, 27.6143199 ], [ 87.5275886, 27.6032052 ], [ 87.5292553, 27.5950809 ], [ 87.524853, 27.5930264 ], [ 87.520065, 27.5968033 ], [ 87.5126523, 27.5991029 ], [ 87.4986717, 27.5813837 ], [ 87.4896144, 27.5769892 ], [ 87.4875623, 27.5697222 ], [ 87.481693, 27.5673014 ], [ 87.4819186, 27.5551733 ], [ 87.4870852, 27.5466672 ], [ 87.4805694, 27.5434318 ], [ 87.4784233, 27.5335884 ], [ 87.4748427, 27.5272989 ], [ 87.4745833, 27.5220021 ], [ 87.4774003, 27.5173648 ], [ 87.4762192, 27.5125517 ], [ 87.4680778, 27.5076124 ], [ 87.4696295, 27.5000696 ], [ 87.4663532, 27.4960654 ], [ 87.4710839, 27.4907067 ], [ 87.471118, 27.4868282 ], [ 87.458509, 27.4738934 ], [ 87.4604337, 27.4667956 ], [ 87.4609509, 27.4468685 ], [ 87.4560773, 27.4260724 ], [ 87.4521147, 27.4180777 ], [ 87.446952, 27.4140781 ], [ 87.4443032, 27.4063608 ], [ 87.456566, 27.3868652 ], [ 87.4566004, 27.3778358 ], [ 87.4583669, 27.371791 ], [ 87.4664068, 27.3669915 ], [ 87.4742416, 27.3575904 ], [ 87.4743615, 27.3538121 ], [ 87.4795817, 27.3434641 ], [ 87.4923844, 27.3326497 ], [ 87.4939893, 27.3222078 ], [ 87.4973343, 27.3140976 ], [ 87.5015505, 27.3133259 ], [ 87.5066836, 27.3091195 ], [ 87.5142273, 27.306301 ], [ 87.5165196, 27.2974924 ], [ 87.5041884, 27.280909 ], [ 87.4892692, 27.2652263 ], [ 87.4882474, 27.2604727 ], [ 87.4798852, 27.2508436 ], [ 87.476614, 27.2342757 ], [ 87.4738674, 27.2321389 ], [ 87.4719572, 27.225453 ], [ 87.4669227, 27.2187151 ], [ 87.4687621, 27.2144744 ], [ 87.468694, 27.2045384 ], [ 87.4673996, 27.2018725 ], [ 87.4702608, 27.1976311 ], [ 87.4619497, 27.1918748 ], [ 87.4537067, 27.1839972 ], [ 87.4511013, 27.1794235 ], [ 87.4308528, 27.1796488 ], [ 87.4252011, 27.1768117 ], [ 87.4205985, 27.1766038 ], [ 87.4122647, 27.1674045 ], [ 87.4057763, 27.1543192 ], [ 87.4093449, 27.1454666 ], [ 87.4072464, 27.1360752 ], [ 87.3895286, 27.1476931 ], [ 87.3870824, 27.1516454 ], [ 87.3864561, 27.1583959 ], [ 87.3775522, 27.1664003 ], [ 87.3741419, 27.1670658 ], [ 87.3766832, 27.1778889 ], [ 87.375886, 27.1797722 ], [ 87.3656844, 27.1879834 ], [ 87.3602686, 27.1873925 ], [ 87.3566069, 27.1903769 ], [ 87.3436668, 27.1871186 ], [ 87.3293653, 27.1886216 ], [ 87.3113035, 27.1825061 ], [ 87.3067115, 27.1835941 ], [ 87.3068403, 27.1850782 ], [ 87.3015402, 27.185145 ], [ 87.2915249, 27.1903414 ], [ 87.2873138, 27.1901887 ], [ 87.2647028, 27.1825586 ], [ 87.2630344, 27.1798624 ], [ 87.2641556, 27.1769228 ], [ 87.2603683, 27.177128 ], [ 87.257611, 27.1797622 ], [ 87.2578256, 27.1841333 ], [ 87.2506817, 27.1904511 ], [ 87.2467856, 27.1915581 ], [ 87.2468886, 27.1976106 ], [ 87.2426309, 27.202367 ], [ 87.2426587, 27.2061724 ], [ 87.2380139, 27.2114444 ], [ 87.2370106, 27.216756 ], [ 87.2297895, 27.221148 ], [ 87.2276095, 27.2289624 ], [ 87.2156879, 27.2340506 ], [ 87.210783, 27.24356 ], [ 87.2041749, 27.2442868 ], [ 87.2017906, 27.249132 ], [ 87.2059462, 27.2525841 ], [ 87.2042431, 27.2603963 ], [ 87.1984525, 27.2613652 ], [ 87.1962044, 27.2645141 ], [ 87.2013819, 27.2677235 ], [ 87.2082624, 27.2647564 ], [ 87.2101698, 27.2677235 ], [ 87.2039706, 27.2728705 ], [ 87.2062868, 27.280984 ], [ 87.1989975, 27.2941823 ], [ 87.2015181, 27.2994491 ], [ 87.1988613, 27.3048972 ], [ 87.1826478, 27.315248 ], [ 87.1821709, 27.3177296 ], [ 87.1908642, 27.326444 ], [ 87.1908912, 27.3299026 ], [ 87.1844839, 27.3353303 ], [ 87.1853761, 27.340998 ], [ 87.1922047, 27.3464183 ], [ 87.1922728, 27.3524692 ], [ 87.1803543, 27.3631991 ], [ 87.1755144, 27.3648423 ], [ 87.1690767, 27.3757319 ], [ 87.1536337, 27.3819429 ], [ 87.1494911, 27.3882838 ], [ 87.1429852, 27.3931832 ], [ 87.1313999, 27.3945494 ], [ 87.1293605, 27.3962377 ], [ 87.1281002, 27.4007133 ], [ 87.1243874, 27.4024068 ], [ 87.1300417, 27.4089082 ], [ 87.1251027, 27.4181003 ], [ 87.1264311, 27.423603 ], [ 87.1240036, 27.4273849 ], [ 87.1273849, 27.4351217 ], [ 87.1326985, 27.4358775 ], [ 87.1405113, 27.448394 ], [ 87.1383961, 27.449427 ], [ 87.138362, 27.4522985 ], [ 87.1336785, 27.4525932 ], [ 87.1247117, 27.4574217 ], [ 87.1226509, 27.4555478 ], [ 87.1203688, 27.4572857 ], [ 87.1106082, 27.4585705 ], [ 87.1093375, 27.4632483 ], [ 87.1079587, 27.4635602 ], [ 87.105877, 27.4620489 ], [ 87.1045253, 27.4629125 ], [ 87.0944142, 27.4558117 ], [ 87.0889838, 27.4559988 ], [ 87.0859182, 27.4577216 ], [ 87.0777093, 27.4569962 ], [ 87.0726852, 27.4600791 ], [ 87.05717, 27.4440138 ], [ 87.056403, 27.4411289 ], [ 87.0464575, 27.4449357 ], [ 87.0432897, 27.4479888 ], [ 87.0364433, 27.4463716 ], [ 87.0337864, 27.443908 ], [ 87.0169939, 27.4368191 ], [ 86.9928099, 27.438119 ], [ 86.9798664, 27.442064 ], [ 86.9716575, 27.448291 ], [ 86.9640446, 27.4499989 ], [ 86.9555462, 27.4572531 ], [ 86.9465879, 27.4572833 ], [ 86.9428751, 27.4581145 ], [ 86.9411797, 27.4602554 ], [ 86.9470749, 27.4688277 ], [ 86.9483812, 27.4759602 ], [ 86.9570121, 27.4782574 ], [ 86.9625743, 27.4833622 ], [ 86.95332, 27.4956976 ], [ 86.9408478, 27.5078426 ] ] ] } },
{ "type": "Feature", "properties": { "district_id": 67, "name": "सप्तरी जिल्ला" }, "geometry": { "type": "Polygon", "coordinates": [ [ [ 86.4858863, 26.5500124 ], [ 86.4968814, 26.5621442 ], [ 86.4935577, 26.5768594 ], [ 86.4974762, 26.5840746 ], [ 86.50285, 26.5867618 ], [ 86.5051541, 26.5893209 ], [ 86.5049378, 26.592367 ], [ 86.5122913, 26.5999577 ], [ 86.5126698, 26.6025684 ], [ 86.5094797, 26.6065327 ], [ 86.5107465, 26.6077907 ], [ 86.5106152, 26.6208417 ], [ 86.5124536, 26.6234036 ], [ 86.5054785, 26.6335539 ], [ 86.5072088, 26.6396436 ], [ 86.5039105, 26.6429784 ], [ 86.5054245, 26.6472795 ], [ 86.5042349, 26.6527403 ], [ 86.5006663, 26.6542867 ], [ 86.4985035, 26.6579109 ], [ 86.4986522, 26.6637578 ], [ 86.504289, 26.6684931 ], [ 86.503306, 26.6712882 ], [ 86.5094372, 26.6825038 ], [ 86.5068518, 26.6898527 ], [ 86.5101322, 26.6958774 ], [ 86.5096239, 26.6996279 ], [ 86.505785, 26.7045066 ], [ 86.5067339, 26.7147554 ], [ 86.5044593, 26.7169021 ], [ 86.5025711, 26.7234953 ], [ 86.506176, 26.7263318 ], [ 86.5054893, 26.7285933 ], [ 86.5094076, 26.7345951 ], [ 86.5289449, 26.744182 ], [ 86.5279987, 26.7508694 ], [ 86.5200396, 26.7605376 ], [ 86.5232405, 26.7633257 ], [ 86.524731, 26.7718553 ], [ 86.5233174, 26.7797618 ], [ 86.5255485, 26.7852808 ], [ 86.5297892, 26.7862234 ], [ 86.5312538, 26.7885191 ], [ 86.5377937, 26.787014 ], [ 86.5364144, 26.7839061 ], [ 86.5381288, 26.7827355 ], [ 86.5402717, 26.7845955 ], [ 86.5407172, 26.7833947 ], [ 86.5431487, 26.7844212 ], [ 86.5477031, 26.7819786 ], [ 86.5493684, 26.7827902 ], [ 86.5482672, 26.7834143 ], [ 86.5491884, 26.7852197 ], [ 86.5503196, 26.7844536 ], [ 86.551806, 26.7868582 ], [ 86.5559367, 26.7878121 ], [ 86.5577761, 26.7909211 ], [ 86.5625788, 26.7903434 ], [ 86.5642479, 26.7917116 ], [ 86.5662916, 26.781495 ], [ 86.5732061, 26.7844749 ], [ 86.5782814, 26.7845053 ], [ 86.5769189, 26.7746225 ], [ 86.5740211, 26.7730097 ], [ 86.5722367, 26.768134 ], [ 86.5680734, 26.7680857 ], [ 86.5679652, 26.7651891 ], [ 86.5628826, 26.7583336 ], [ 86.5595844, 26.7580439 ], [ 86.5594762, 26.7540849 ], [ 86.5532067, 26.7457599 ], [ 86.5628738, 26.7444717 ], [ 86.5742961, 26.7392447 ], [ 86.5717548, 26.73345 ], [ 86.5728497, 26.7319047 ], [ 86.5724036, 26.7224513 ], [ 86.5805952, 26.7160762 ], [ 86.5807034, 26.712804 ], [ 86.5834474, 26.7124297 ], [ 86.5815144, 26.7071649 ], [ 86.5835104, 26.7017477 ], [ 86.5864031, 26.7006246 ], [ 86.5862409, 26.6967119 ], [ 86.5988932, 26.6977746 ], [ 86.6021824, 26.6999528 ], [ 86.6054546, 26.6924644 ], [ 86.6111448, 26.6890987 ], [ 86.614141, 26.6942966 ], [ 86.6166723, 26.6950115 ], [ 86.6274118, 26.6899695 ], [ 86.6279912, 26.6937462 ], [ 86.6317892, 26.6947815 ], [ 86.6346216, 26.6986538 ], [ 86.6417624, 26.6984921 ], [ 86.6491154, 26.6894611 ], [ 86.6522315, 26.6919613 ], [ 86.6564068, 26.6918634 ], [ 86.6651072, 26.7046911 ], [ 86.6687786, 26.7017357 ], [ 86.6708921, 26.6971419 ], [ 86.6703378, 26.6936759 ], [ 86.6842744, 26.6880963 ], [ 86.6902626, 26.6894611 ], [ 86.6985083, 26.6984945 ], [ 86.7023472, 26.6993277 ], [ 86.7055239, 26.7071649 ], [ 86.7147293, 26.7083845 ], [ 86.7177977, 26.706863 ], [ 86.7224971, 26.7097055 ], [ 86.7368387, 26.7122603 ], [ 86.7398448, 26.7100992 ], [ 86.7391283, 26.706211 ], [ 86.7418724, 26.7052329 ], [ 86.7419805, 26.7021415 ], [ 86.7439676, 26.6998591 ], [ 86.7456978, 26.699521 ], [ 86.7467792, 26.6968883 ], [ 86.7489961, 26.6981201 ], [ 86.7528215, 26.6953546 ], [ 86.7529432, 26.6862968 ], [ 86.7596479, 26.6955478 ], [ 86.7646088, 26.6954391 ], [ 86.7684478, 26.6995572 ], [ 86.7715703, 26.6989413 ], [ 86.7755332, 26.7028212 ], [ 86.7815407, 26.7017294 ], [ 86.7891654, 26.7080149 ], [ 86.792734, 26.7083047 ], [ 86.800466, 26.7128932 ], [ 86.8077654, 26.7123137 ], [ 86.8087387, 26.7093191 ], [ 86.8141158, 26.7079252 ], [ 86.8157137, 26.7102368 ], [ 86.8187416, 26.7094157 ], [ 86.8242912, 26.7142874 ], [ 86.8374822, 26.7101616 ], [ 86.842184, 26.6948483 ], [ 86.8405859, 26.6915914 ], [ 86.8422427, 26.6905504 ], [ 86.8455827, 26.6935162 ], [ 86.8483196, 26.6911925 ], [ 86.851454, 26.6932806 ], [ 86.8513066, 26.6964363 ], [ 86.8588108, 26.6978252 ], [ 86.8593482, 26.7007212 ], [ 86.8626833, 26.7018545 ], [ 86.8659782, 26.7006092 ], [ 86.8669124, 26.7102094 ], [ 86.8716825, 26.7131562 ], [ 86.8851828, 26.7118515 ], [ 86.8894643, 26.7196534 ], [ 86.8943855, 26.7248708 ], [ 86.8983326, 26.7257884 ], [ 86.8984407, 26.7282996 ], [ 86.901739, 26.7295069 ], [ 86.9014146, 26.7317766 ], [ 86.9038477, 26.7308108 ], [ 86.9049832, 26.7345292 ], [ 86.9035774, 26.7359779 ], [ 86.9073082, 26.7360262 ], [ 86.9073623, 26.7389718 ], [ 86.9116581, 26.7403924 ], [ 86.9088257, 26.7474442 ], [ 86.9084437, 26.7522019 ], [ 86.9100658, 26.7541815 ], [ 86.9084824, 26.7590172 ], [ 86.9158638, 26.7611631 ], [ 86.9219578, 26.7668341 ], [ 86.9265926, 26.7626192 ], [ 86.9282234, 26.7583275 ], [ 86.9249618, 26.7506633 ], [ 86.9351683, 26.7384858 ], [ 86.9457329, 26.7324971 ], [ 86.9518269, 26.7324971 ], [ 86.9664181, 26.7360999 ], [ 86.9714821, 26.729814 ], [ 86.9725519, 26.7222054 ], [ 86.974694, 26.7194807 ], [ 86.9836183, 26.7149778 ], [ 86.9840951, 26.709501 ], [ 86.9876376, 26.708649 ], [ 86.9949925, 26.7024207 ], [ 87.0008612, 26.7073758 ], [ 87.0002389, 26.7107111 ], [ 87.0034253, 26.7085834 ], [ 87.0102705, 26.7095663 ], [ 87.0088841, 26.7070941 ], [ 87.0094381, 26.7032227 ], [ 87.0193393, 26.6919071 ], [ 87.0177114, 26.6859047 ], [ 87.0131944, 26.6824424 ], [ 87.012048, 26.6796562 ], [ 87.0137525, 26.6717876 ], [ 87.0119383, 26.6687141 ], [ 87.0070545, 26.6670852 ], [ 87.0037527, 26.6636736 ], [ 87.0025021, 26.6586978 ], [ 86.9963238, 26.651348 ], [ 86.9909814, 26.6499852 ], [ 86.9858225, 26.6510611 ], [ 86.9804915, 26.6479666 ], [ 86.9804342, 26.643499 ], [ 86.9843092, 26.6393899 ], [ 86.9857739, 26.6307468 ], [ 86.9848849, 26.628622 ], [ 86.9782123, 26.625199 ], [ 86.9861098, 26.6143519 ], [ 86.9893863, 26.6050644 ], [ 86.9826358, 26.5929832 ], [ 86.9820463, 26.5868733 ], [ 86.9853934, 26.5816688 ], [ 86.9907463, 26.5774619 ], [ 86.9921386, 26.5716348 ], [ 86.9734389, 26.5578345 ], [ 86.9720423, 26.5538736 ], [ 86.9686021, 26.5519236 ], [ 86.9664562, 26.5472312 ], [ 86.9617556, 26.5435747 ], [ 86.9563739, 26.5428129 ], [ 86.950488, 26.5373424 ], [ 86.9331164, 26.5334722 ], [ 86.9179355, 26.5152427 ], [ 86.9156646, 26.5105495 ], [ 86.9176652, 26.5045254 ], [ 86.9038504, 26.4882278 ], [ 86.8941007, 26.4879638 ], [ 86.8903977, 26.4825708 ], [ 86.8931642, 26.4768061 ], [ 86.8924448, 26.4687722 ], [ 86.8953571, 26.4681014 ], [ 86.8941021, 26.4619734 ], [ 86.8847421, 26.4613577 ], [ 86.8731278, 26.4544481 ], [ 86.8676047, 26.4546621 ], [ 86.863056, 26.458333 ], [ 86.8592657, 26.454754 ], [ 86.8566175, 26.4486401 ], [ 86.8460582, 26.4488814 ], [ 86.8454621, 26.4433918 ], [ 86.8430025, 26.4403083 ], [ 86.8354138, 26.4412875 ], [ 86.8334002, 26.4388673 ], [ 86.7913062, 26.4505146 ], [ 86.7689033, 26.4592789 ], [ 86.7654313, 26.4593635 ], [ 86.762863, 26.4551884 ], [ 86.7647526, 26.4550224 ], [ 86.763322, 26.4537759 ], [ 86.7645951, 26.4511075 ], [ 86.7602947, 26.4520539 ], [ 86.7601575, 26.44818 ], [ 86.7533732, 26.4470146 ], [ 86.7523535, 26.4446459 ], [ 86.7534078, 26.441959 ], [ 86.7496688, 26.4418857 ], [ 86.7472965, 26.436675 ], [ 86.743795, 26.4357278 ], [ 86.7473351, 26.4287929 ], [ 86.7427878, 26.4270543 ], [ 86.7409633, 26.4246644 ], [ 86.7375912, 26.4255795 ], [ 86.7370207, 26.4231987 ], [ 86.733061, 26.4246034 ], [ 86.730881, 26.4224377 ], [ 86.7295526, 26.423185 ], [ 86.7306426, 26.4263559 ], [ 86.7289054, 26.4269979 ], [ 86.7268958, 26.4246949 ], [ 86.719929, 26.4349507 ], [ 86.6998141, 26.4374009 ], [ 86.6980465, 26.4433366 ], [ 86.6952865, 26.4455477 ], [ 86.6963807, 26.4488384 ], [ 86.6940365, 26.4495097 ], [ 86.6938773, 26.4512215 ], [ 86.6390206, 26.4633976 ], [ 86.6381987, 26.4658377 ], [ 86.633892, 26.4665902 ], [ 86.632862, 26.4647182 ], [ 86.6311987, 26.4676698 ], [ 86.626135, 26.4686873 ], [ 86.6272773, 26.4793308 ], [ 86.6220934, 26.4809465 ], [ 86.6219392, 26.4839 ], [ 86.6160764, 26.4842988 ], [ 86.6142672, 26.4872477 ], [ 86.6088696, 26.4868004 ], [ 86.5875947, 26.4937639 ], [ 86.5700779, 26.4965203 ], [ 86.5685733, 26.4994013 ], [ 86.5648038, 26.5002885 ], [ 86.5614928, 26.5098166 ], [ 86.5534515, 26.5182227 ], [ 86.5556617, 26.5174259 ], [ 86.555254, 26.523877 ], [ 86.5511531, 26.5250186 ], [ 86.5509293, 26.5302933 ], [ 86.5473868, 26.531878 ], [ 86.5417837, 26.5387041 ], [ 86.5213589, 26.5437244 ], [ 86.5156364, 26.5391078 ], [ 86.5053157, 26.540799 ], [ 86.4977365, 26.5423624 ], [ 86.4858863, 26.5500124 ] ] ] } },
{ "type": "Feature", "properties": { "district_id": 68, "name": "सर्लाही जिल्ला" }, "geometry": { "type": "Polygon", "coordinates": [ [ [ 85.3215396, 26.8036586 ], [ 85.3245675, 26.8077244 ], [ 85.3232022, 26.8123693 ], [ 85.3266356, 26.8152164 ], [ 85.3273656, 26.8184495 ], [ 85.3318264, 26.8218755 ], [ 85.3317182, 26.8262664 ], [ 85.3361249, 26.8349994 ], [ 85.3474526, 26.8363021 ], [ 85.3519944, 26.8404754 ], [ 85.3522918, 26.8494244 ], [ 85.3424781, 26.8553579 ], [ 85.342885, 26.8604596 ], [ 85.3471822, 26.8613393 ], [ 85.3482366, 26.8640405 ], [ 85.3610241, 26.8715649 ], [ 85.3695401, 26.8724089 ], [ 85.3801379, 26.8809697 ], [ 85.388789, 26.8800051 ], [ 85.3925469, 26.8833569 ], [ 85.3921414, 26.8863228 ], [ 85.3950341, 26.8927125 ], [ 85.3911141, 26.8989089 ], [ 85.3891405, 26.9145793 ], [ 85.3868425, 26.9160015 ], [ 85.3859233, 26.9196898 ], [ 85.3868696, 26.9241251 ], [ 85.3886809, 26.9244625 ], [ 85.3985216, 26.9403704 ], [ 85.3973862, 26.9500345 ], [ 85.4005763, 26.9544687 ], [ 85.3981431, 26.9568302 ], [ 85.3992516, 26.9609268 ], [ 85.3956019, 26.9696735 ], [ 85.4016577, 26.9784196 ], [ 85.4009548, 26.9846836 ], [ 85.3975213, 26.989285 ], [ 85.3970347, 26.9937176 ], [ 85.3878969, 27.0021005 ], [ 85.3879491, 27.006181 ], [ 85.3858152, 27.0085799 ], [ 85.3876789, 27.0135135 ], [ 85.3940862, 27.0185473 ], [ 85.3963301, 27.0241588 ], [ 85.4003583, 27.0268802 ], [ 85.4006827, 27.0320096 ], [ 85.4024941, 27.0344659 ], [ 85.4099016, 27.0355255 ], [ 85.4113615, 27.037789 ], [ 85.4110642, 27.0439534 ], [ 85.4157412, 27.0503823 ], [ 85.4234732, 27.0534883 ], [ 85.4234462, 27.061337 ], [ 85.4252034, 27.0634556 ], [ 85.4335032, 27.0674279 ], [ 85.4309889, 27.0785976 ], [ 85.4320163, 27.0855059 ], [ 85.4349901, 27.0897422 ], [ 85.4437224, 27.0911382 ], [ 85.4470207, 27.0952538 ], [ 85.4490213, 27.1012707 ], [ 85.4641879, 27.109814 ], [ 85.4703518, 27.117731 ], [ 85.4707303, 27.1240113 ], [ 85.4729472, 27.127813 ], [ 85.4878975, 27.139121 ], [ 85.4910331, 27.148283 ], [ 85.4893936, 27.1546616 ], [ 85.4910854, 27.1542153 ], [ 85.4960868, 27.1461443 ], [ 85.5005312, 27.1437817 ], [ 85.5158242, 27.1427892 ], [ 85.5206372, 27.1410172 ], [ 85.5306509, 27.1411336 ], [ 85.5330266, 27.1465932 ], [ 85.5365166, 27.1489849 ], [ 85.5421114, 27.146363 ], [ 85.5421842, 27.144665 ], [ 85.5458106, 27.1440754 ], [ 85.5466483, 27.14077 ], [ 85.5515918, 27.1406948 ], [ 85.5490554, 27.1427599 ], [ 85.5496287, 27.1458453 ], [ 85.553416, 27.1469312 ], [ 85.5589063, 27.1440142 ], [ 85.5687812, 27.1436302 ], [ 85.5709469, 27.1372 ], [ 85.5805693, 27.144077 ], [ 85.5945475, 27.140766 ], [ 85.5999105, 27.1437547 ], [ 85.6048409, 27.1397519 ], [ 85.6126465, 27.1418507 ], [ 85.6199436, 27.1389492 ], [ 85.6226663, 27.1408078 ], [ 85.629631, 27.1375551 ], [ 85.6333201, 27.1414805 ], [ 85.6415999, 27.1422783 ], [ 85.6466446, 27.14475 ], [ 85.6501495, 27.1505571 ], [ 85.6533565, 27.1530289 ], [ 85.6561947, 27.1527493 ], [ 85.6559272, 27.1552059 ], [ 85.6623068, 27.1562956 ], [ 85.6655837, 27.1623731 ], [ 85.6694776, 27.1641653 ], [ 85.6709389, 27.1665954 ], [ 85.6815793, 27.1694798 ], [ 85.6857251, 27.1765419 ], [ 85.6899905, 27.1778926 ], [ 85.6947534, 27.1842247 ], [ 85.6988109, 27.1864012 ], [ 85.7035908, 27.1849181 ], [ 85.716717, 27.187974 ], [ 85.7235155, 27.1953684 ], [ 85.7430497, 27.1876779 ], [ 85.7474103, 27.1884795 ], [ 85.7501854, 27.1861398 ], [ 85.7693048, 27.1822998 ], [ 85.7732861, 27.1786324 ], [ 85.7879706, 27.1739184 ], [ 85.7938932, 27.168442 ], [ 85.7988631, 27.1673813 ], [ 85.8088578, 27.1618149 ], [ 85.8157249, 27.1614307 ], [ 85.8157444, 27.1595914 ], [ 85.8104456, 27.1553337 ], [ 85.8108543, 27.1509087 ], [ 85.8012522, 27.1430905 ], [ 85.7993192, 27.1391089 ], [ 85.7929659, 27.136703 ], [ 85.7919159, 27.1303576 ], [ 85.7946466, 27.1250458 ], [ 85.7978117, 27.1234034 ], [ 85.7929408, 27.1200612 ], [ 85.7912347, 27.1208386 ], [ 85.7908808, 27.1181322 ], [ 85.7979404, 27.1141214 ], [ 85.7922219, 27.1087734 ], [ 85.7923246, 27.1057399 ], [ 85.796344, 27.1080442 ], [ 85.8007835, 27.1054881 ], [ 85.7985841, 27.0995284 ], [ 85.7943784, 27.0999009 ], [ 85.7976829, 27.0977424 ], [ 85.7964169, 27.0967491 ], [ 85.7975021, 27.0947632 ], [ 85.7951831, 27.0934634 ], [ 85.7935523, 27.0952495 ], [ 85.7901191, 27.0952973 ], [ 85.7878875, 27.0921739 ], [ 85.7866429, 27.0926133 ], [ 85.7854617, 27.0910892 ], [ 85.7876785, 27.0905116 ], [ 85.7877056, 27.0889952 ], [ 85.7814605, 27.0819186 ], [ 85.7823797, 27.0798245 ], [ 85.7803521, 27.0769599 ], [ 85.7816973, 27.0726246 ], [ 85.7665738, 27.0542433 ], [ 85.7569002, 27.0481762 ], [ 85.7516133, 27.0386676 ], [ 85.7470714, 27.0346221 ], [ 85.7447992, 27.0211384 ], [ 85.7393922, 27.0114081 ], [ 85.7387433, 26.9915596 ], [ 85.7339958, 26.9856997 ], [ 85.7352855, 26.9798277 ], [ 85.732582, 26.9748163 ], [ 85.7315005, 26.9679632 ], [ 85.7289041, 26.9660699 ], [ 85.7301701, 26.9634306 ], [ 85.7270802, 26.9591083 ], [ 85.7266725, 26.9545753 ], [ 85.7233251, 26.9524523 ], [ 85.7187547, 26.9451838 ], [ 85.7194628, 26.9432901 ], [ 85.7175959, 26.9415493 ], [ 85.7191409, 26.9390052 ], [ 85.7161138, 26.9364281 ], [ 85.7172243, 26.9344466 ], [ 85.7111141, 26.9313204 ], [ 85.7132385, 26.9256385 ], [ 85.7087109, 26.9262698 ], [ 85.7070586, 26.9241462 ], [ 85.710921, 26.9224626 ], [ 85.7113073, 26.9205494 ], [ 85.7075307, 26.9215251 ], [ 85.7055566, 26.9203198 ], [ 85.7074234, 26.9196693 ], [ 85.7067886, 26.9153421 ], [ 85.7112366, 26.9122659 ], [ 85.7102363, 26.910723 ], [ 85.7069381, 26.9108436 ], [ 85.7050855, 26.90582 ], [ 85.7093712, 26.9045996 ], [ 85.7088575, 26.9031771 ], [ 85.7044098, 26.9024555 ], [ 85.7052998, 26.9009643 ], [ 85.7039884, 26.8982304 ], [ 85.6977721, 26.8971216 ], [ 85.6934462, 26.8829954 ], [ 85.6902784, 26.8815371 ], [ 85.6881666, 26.8823574 ], [ 85.6874513, 26.8808687 ], [ 85.6900059, 26.8785901 ], [ 85.6887712, 26.8720881 ], [ 85.6833082, 26.8726958 ], [ 85.6798214, 26.866467 ], [ 85.6749238, 26.8628146 ], [ 85.6781865, 26.8585665 ], [ 85.6767899, 26.8543122 ], [ 85.6804997, 26.8432324 ], [ 85.6422349, 26.8532324 ], [ 85.6344089, 26.8721927 ], [ 85.6285677, 26.8731862 ], [ 85.6238726, 26.873879 ], [ 85.6063191, 26.8570121 ], [ 85.5893041, 26.8495513 ], [ 85.5869122, 26.8506125 ], [ 85.584947, 26.8564823 ], [ 85.5815634, 26.8584771 ], [ 85.5781647, 26.856545 ], [ 85.578266, 26.859107 ], [ 85.5753717, 26.8610553 ], [ 85.5719885, 26.8573501 ], [ 85.5657649, 26.8411053 ], [ 85.5575997, 26.8442743 ], [ 85.5534711, 26.8345515 ], [ 85.543102, 26.8383049 ], [ 85.5196242, 26.814504 ], [ 85.507512, 26.8167036 ], [ 85.4978632, 26.8122865 ], [ 85.4982738, 26.8104595 ], [ 85.4964976, 26.8098115 ], [ 85.4979233, 26.8078901 ], [ 85.4968222, 26.8029251 ], [ 85.494771, 26.802554 ], [ 85.4962665, 26.8000374 ], [ 85.4953792, 26.7973102 ], [ 85.4795182, 26.8024744 ], [ 85.4773042, 26.7927726 ], [ 85.4732646, 26.7902668 ], [ 85.4639004, 26.7887005 ], [ 85.4575059, 26.7846821 ], [ 85.4579011, 26.7836097 ], [ 85.4516347, 26.7814461 ], [ 85.4323744, 26.7902371 ], [ 85.4302363, 26.7874113 ], [ 85.4261725, 26.7861 ], [ 85.4173579, 26.7908129 ], [ 85.4075605, 26.7914216 ], [ 85.4022995, 26.7828025 ], [ 85.3978045, 26.7788577 ], [ 85.3924301, 26.7756475 ], [ 85.3843124, 26.7744237 ], [ 85.3752325, 26.7612196 ], [ 85.3706054, 26.7585174 ], [ 85.364238, 26.7600747 ], [ 85.3614383, 26.7629107 ], [ 85.3555683, 26.7604043 ], [ 85.3340743, 26.7419078 ], [ 85.3255921, 26.7447845 ], [ 85.3314878, 26.7510637 ], [ 85.3331401, 26.7595518 ], [ 85.3475811, 26.7597625 ], [ 85.3505637, 26.7609312 ], [ 85.3505208, 26.7637476 ], [ 85.345843, 26.7661808 ], [ 85.3451778, 26.7751849 ], [ 85.3300287, 26.7770048 ], [ 85.3384907, 26.7814704 ], [ 85.3402392, 26.7836507 ], [ 85.3402392, 26.7887134 ], [ 85.3311505, 26.7982291 ], [ 85.3253244, 26.7983981 ], [ 85.3215396, 26.8036586 ] ] ] } },
{ "type": "Feature", "properties": { "district_id": 69, "name": "सल्यान" }, "geometry": { "type": "Polygon", "coordinates": [ [ [ 81.7433729, 28.3183158 ], [ 81.7470562, 28.3276536 ], [ 81.7491925, 28.3284317 ], [ 81.7514024, 28.3324519 ], [ 81.7515359, 28.3443717 ], [ 81.7684598, 28.3722739 ], [ 81.7683867, 28.3841393 ], [ 81.7794733, 28.3910088 ], [ 81.7922207, 28.3894301 ], [ 81.793801, 28.3924021 ], [ 81.8052191, 28.388125 ], [ 81.8070975, 28.3902636 ], [ 81.8105229, 28.3899072 ], [ 81.8136537, 28.3845282 ], [ 81.8192154, 28.3811257 ], [ 81.8331804, 28.3796201 ], [ 81.8357955, 28.3817589 ], [ 81.8415229, 28.3790287 ], [ 81.8422596, 28.3750751 ], [ 81.8622227, 28.3704084 ], [ 81.866127, 28.3648988 ], [ 81.8767103, 28.36157 ], [ 81.8846799, 28.3617992 ], [ 81.8910747, 28.3555178 ], [ 81.90243, 28.3548761 ], [ 81.9066214, 28.3497296 ], [ 81.9187581, 28.3457872 ], [ 81.9290701, 28.3381826 ], [ 81.9372469, 28.337437 ], [ 81.9394568, 28.3419107 ], [ 81.9466023, 28.3422349 ], [ 81.9607257, 28.3531794 ], [ 81.9680181, 28.3509791 ], [ 81.9756857, 28.3606474 ], [ 81.9814276, 28.3633012 ], [ 81.9757272, 28.3759137 ], [ 81.9778006, 28.3814432 ], [ 81.9769774, 28.3859958 ], [ 81.9815207, 28.3916504 ], [ 81.9899841, 28.395731 ], [ 81.9842164, 28.3969733 ], [ 81.9785908, 28.4034338 ], [ 81.9744758, 28.4043044 ], [ 81.9721839, 28.4165371 ], [ 81.967548, 28.4182321 ], [ 81.9653082, 28.4233171 ], [ 81.9620266, 28.4241875 ], [ 81.9623391, 28.4300968 ], [ 81.9606723, 28.4316084 ], [ 81.9654162, 28.436647 ], [ 81.965895, 28.4457153 ], [ 81.9611321, 28.4469803 ], [ 81.9615488, 28.4498349 ], [ 81.9647532, 28.451357 ], [ 81.9687916, 28.4476327 ], [ 81.9763922, 28.4457722 ], [ 81.9867789, 28.4471972 ], [ 81.9861896, 28.4510833 ], [ 81.982801, 28.4539169 ], [ 81.9906832, 28.4618342 ], [ 82.001496, 28.4638334 ], [ 82.0037618, 28.4664664 ], [ 82.0091978, 28.467372 ], [ 82.0110694, 28.4737075 ], [ 82.0082333, 28.4780945 ], [ 82.0255207, 28.4996189 ], [ 82.0256276, 28.5016969 ], [ 82.0211008, 28.5055908 ], [ 82.0203145, 28.5097989 ], [ 82.0236137, 28.5145998 ], [ 82.0278665, 28.5167507 ], [ 82.0261431, 28.5218164 ], [ 82.0181214, 28.5276287 ], [ 82.0192153, 28.540442 ], [ 82.0162462, 28.5464362 ], [ 82.0097351, 28.5505085 ], [ 82.0045491, 28.5625723 ], [ 81.9960409, 28.56681 ], [ 81.9943834, 28.5698507 ], [ 81.9952321, 28.5748942 ], [ 82.0029933, 28.5792398 ], [ 82.0027328, 28.5828533 ], [ 81.999656, 28.5877171 ], [ 82.0091398, 28.5925499 ], [ 82.0112712, 28.5973501 ], [ 82.0112865, 28.599428 ], [ 82.0065464, 28.6032466 ], [ 82.0076142, 28.6047558 ], [ 82.0034845, 28.6137205 ], [ 82.0069371, 28.6158221 ], [ 82.0143076, 28.6155935 ], [ 82.0189289, 28.6123777 ], [ 82.025079, 28.6139516 ], [ 82.0269376, 28.617259 ], [ 82.0243983, 28.6195224 ], [ 82.0214422, 28.6265181 ], [ 82.0220922, 28.6291165 ], [ 82.0265489, 28.6325595 ], [ 82.0264384, 28.6388633 ], [ 82.0279301, 28.640722 ], [ 82.0396099, 28.636687 ], [ 82.045817, 28.6372261 ], [ 82.0458954, 28.6423985 ], [ 82.0581726, 28.6451033 ], [ 82.0589584, 28.6418202 ], [ 82.0544239, 28.6369688 ], [ 82.054633, 28.6344915 ], [ 82.0594811, 28.6342162 ], [ 82.0735222, 28.6282304 ], [ 82.0833687, 28.6166321 ], [ 82.089911, 28.6211079 ], [ 82.095141, 28.6185448 ], [ 82.1006112, 28.6219839 ], [ 82.1098514, 28.6195506 ], [ 82.1185741, 28.623525 ], [ 82.1279067, 28.6223246 ], [ 82.135574, 28.6264427 ], [ 82.1384616, 28.6264926 ], [ 82.1443173, 28.6230546 ], [ 82.1411387, 28.6179608 ], [ 82.1425063, 28.6150893 ], [ 82.150804, 28.6156896 ], [ 82.1545555, 28.6134346 ], [ 82.1613211, 28.6134795 ], [ 82.1672187, 28.6115645 ], [ 82.1697276, 28.6123698 ], [ 82.16977, 28.6153075 ], [ 82.1784322, 28.617685 ], [ 82.1833364, 28.6220948 ], [ 82.2011018, 28.6229676 ], [ 82.2224301, 28.6076233 ], [ 82.2383391, 28.6102454 ], [ 82.2443453, 28.6043099 ], [ 82.253335, 28.5999424 ], [ 82.2566735, 28.5999217 ], [ 82.2594477, 28.5967428 ], [ 82.2651322, 28.5966827 ], [ 82.2729499, 28.5931216 ], [ 82.2830391, 28.5969467 ], [ 82.2935611, 28.5939158 ], [ 82.2987854, 28.5976464 ], [ 82.3055857, 28.5967855 ], [ 82.3071609, 28.5928427 ], [ 82.3130385, 28.594267 ], [ 82.3145197, 28.5917692 ], [ 82.3246527, 28.5923472 ], [ 82.3384699, 28.5883723 ], [ 82.3412296, 28.5892627 ], [ 82.3480334, 28.5825499 ], [ 82.3524363, 28.5805968 ], [ 82.3531122, 28.5769445 ], [ 82.3642347, 28.5743101 ], [ 82.3755741, 28.5667601 ], [ 82.3776015, 28.5584152 ], [ 82.3756536, 28.5536663 ], [ 82.3818155, 28.5480093 ], [ 82.3821733, 28.544587 ], [ 82.3780382, 28.540879 ], [ 82.383829, 28.5286298 ], [ 82.3892262, 28.5292596 ], [ 82.3932741, 28.5260983 ], [ 82.4017635, 28.5357424 ], [ 82.4072731, 28.5315317 ], [ 82.4112086, 28.5335074 ], [ 82.4173367, 28.5310872 ], [ 82.418383, 28.5285427 ], [ 82.4169517, 28.5177727 ], [ 82.4146521, 28.5131478 ], [ 82.4128636, 28.5140459 ], [ 82.4079181, 28.5036542 ], [ 82.4116121, 28.4973136 ], [ 82.4115908, 28.4926068 ], [ 82.4091661, 28.4884107 ], [ 82.4055128, 28.486282 ], [ 82.4062727, 28.4795854 ], [ 82.400925, 28.4700568 ], [ 82.3964668, 28.4684171 ], [ 82.3964145, 28.4607591 ], [ 82.391458, 28.4579223 ], [ 82.388131, 28.4584426 ], [ 82.3838733, 28.4567527 ], [ 82.3739875, 28.4484235 ], [ 82.3769866, 28.4304877 ], [ 82.3688562, 28.4256672 ], [ 82.3500839, 28.4235474 ], [ 82.3538653, 28.4150982 ], [ 82.3533393, 28.4101682 ], [ 82.3601749, 28.4086396 ], [ 82.3627183, 28.4050116 ], [ 82.3667041, 28.4039328 ], [ 82.3620029, 28.3941335 ], [ 82.3663975, 28.386761 ], [ 82.376311, 28.37714 ], [ 82.3835027, 28.3727674 ], [ 82.3829448, 28.3650641 ], [ 82.3759603, 28.3584648 ], [ 82.3784494, 28.3565765 ], [ 82.3788553, 28.3510529 ], [ 82.365165, 28.3437676 ], [ 82.363121, 28.3404395 ], [ 82.3642683, 28.3297365 ], [ 82.3672938, 28.3299738 ], [ 82.3681429, 28.3249681 ], [ 82.3642593, 28.3193001 ], [ 82.3726398, 28.3182205 ], [ 82.376319, 28.3156113 ], [ 82.3777498, 28.3112926 ], [ 82.3753992, 28.3060738 ], [ 82.3814291, 28.2986952 ], [ 82.3837797, 28.291406 ], [ 82.3863347, 28.291766 ], [ 82.3953284, 28.2830364 ], [ 82.3964299, 28.2760839 ], [ 82.4035028, 28.2647345 ], [ 82.4034683, 28.2622086 ], [ 82.4101421, 28.2581147 ], [ 82.4129696, 28.2540807 ], [ 82.4199668, 28.2536109 ], [ 82.4240217, 28.2512555 ], [ 82.4266405, 28.2526669 ], [ 82.4306151, 28.2491656 ], [ 82.4347309, 28.2489184 ], [ 82.4371889, 28.2466023 ], [ 82.4350274, 28.2435066 ], [ 82.4267558, 28.238947 ], [ 82.4279471, 28.2309862 ], [ 82.4243113, 28.2280893 ], [ 82.4195079, 28.2303404 ], [ 82.4147555, 28.2239921 ], [ 82.4072438, 28.2212005 ], [ 82.4059274, 28.2152019 ], [ 82.4038252, 28.2132613 ], [ 82.4048763, 28.2120043 ], [ 82.4025033, 28.2061009 ], [ 82.4020587, 28.1934769 ], [ 82.4005093, 28.1924418 ], [ 82.404049, 28.1855954 ], [ 82.3994541, 28.1796691 ], [ 82.401794, 28.1766579 ], [ 82.3972068, 28.1694581 ], [ 82.3943245, 28.1730042 ], [ 82.394449, 28.1773351 ], [ 82.397311, 28.1835347 ], [ 82.3923986, 28.1892909 ], [ 82.3787475, 28.1843139 ], [ 82.3663718, 28.1910759 ], [ 82.3544381, 28.2052195 ], [ 82.346777, 28.2089846 ], [ 82.346335, 28.2156058 ], [ 82.3386739, 28.2227458 ], [ 82.3190031, 28.2246973 ], [ 82.3123549, 28.2230097 ], [ 82.3102299, 28.2317408 ], [ 82.3061118, 28.2309119 ], [ 82.3021362, 28.2324815 ], [ 82.3015446, 28.2447189 ], [ 82.3000736, 28.2458503 ], [ 82.2970326, 28.2452218 ], [ 82.2930097, 28.2467705 ], [ 82.2874174, 28.2456292 ], [ 82.2762444, 28.2487494 ], [ 82.2648369, 28.2437478 ], [ 82.259055, 28.2439314 ], [ 82.2563985, 28.2398473 ], [ 82.2441038, 28.2377508 ], [ 82.2331894, 28.2395927 ], [ 82.2231287, 28.2480969 ], [ 82.219041, 28.2496066 ], [ 82.2045631, 28.2454388 ], [ 82.1991149, 28.242183 ], [ 82.1934295, 28.2471338 ], [ 82.1814491, 28.2505293 ], [ 82.1748859, 28.2491527 ], [ 82.1693609, 28.2513427 ], [ 82.160301, 28.2409849 ], [ 82.1537378, 28.2412524 ], [ 82.153112, 28.238133 ], [ 82.149154, 28.2392411 ], [ 82.1460934, 28.2373601 ], [ 82.1430075, 28.2375891 ], [ 82.1422783, 28.2417191 ], [ 82.1368476, 28.2454594 ], [ 82.1326431, 28.2514779 ], [ 82.1264128, 28.254677 ], [ 82.1172622, 28.2509411 ], [ 82.1080946, 28.2583282 ], [ 82.1008282, 28.2594293 ], [ 82.0939881, 28.2551977 ], [ 82.0925553, 28.2490395 ], [ 82.0816951, 28.2490035 ], [ 82.0685688, 28.2370727 ], [ 82.0621855, 28.2406372 ], [ 82.0541402, 28.2424417 ], [ 82.0465352, 28.2341357 ], [ 82.0461773, 28.2320182 ], [ 82.0423681, 28.2303725 ], [ 82.0401406, 28.2228289 ], [ 82.0282069, 28.2104958 ], [ 82.0260706, 28.2027058 ], [ 82.0227557, 28.2006933 ], [ 82.016673, 28.2027677 ], [ 81.9950866, 28.2159285 ], [ 81.9713544, 28.2242476 ], [ 81.9639945, 28.2369519 ], [ 81.9638657, 28.2425474 ], [ 81.9768691, 28.2429444 ], [ 81.9783067, 28.2442298 ], [ 81.9781512, 28.2491491 ], [ 81.9850284, 28.2504534 ], [ 81.9850498, 28.2584722 ], [ 81.9826895, 28.2597054 ], [ 81.9804096, 28.257735 ], [ 81.9798034, 28.260159 ], [ 81.9731033, 28.2598613 ], [ 81.963222, 28.2723536 ], [ 81.9530511, 28.2813108 ], [ 81.9435434, 28.2830258 ], [ 81.9368014, 28.2794994 ], [ 81.9325929, 28.2706116 ], [ 81.9326351, 28.2688513 ], [ 81.9381949, 28.2642149 ], [ 81.9414092, 28.2589873 ], [ 81.9476603, 28.2548777 ], [ 81.9523978, 28.2493719 ], [ 81.9529153, 28.2430944 ], [ 81.9390413, 28.2324673 ], [ 81.9275558, 28.2325199 ], [ 81.9183322, 28.2266549 ], [ 81.9136963, 28.2281694 ], [ 81.9094771, 28.2324833 ], [ 81.8984093, 28.232824 ], [ 81.8879123, 28.2367971 ], [ 81.8868184, 28.2408354 ], [ 81.8827034, 28.2434969 ], [ 81.8769785, 28.239715 ], [ 81.8605705, 28.2390266 ], [ 81.8638, 28.2443955 ], [ 81.8646907, 28.2497295 ], [ 81.8613949, 28.2556808 ], [ 81.8522605, 28.2613907 ], [ 81.8501507, 28.2657586 ], [ 81.8419474, 28.2730691 ], [ 81.8305001, 28.2740507 ], [ 81.8267725, 28.2770914 ], [ 81.821616, 28.2765724 ], [ 81.8070303, 28.2837083 ], [ 81.7976451, 28.2732823 ], [ 81.7926446, 28.2741998 ], [ 81.7916028, 28.2826403 ], [ 81.7859772, 28.2957584 ], [ 81.7798307, 28.2951163 ], [ 81.777018, 28.2980517 ], [ 81.772955, 28.2976848 ], [ 81.7706631, 28.3007117 ], [ 81.7671211, 28.3008952 ], [ 81.7610788, 28.3093336 ], [ 81.7531613, 28.3070406 ], [ 81.7444529, 28.3135806 ], [ 81.7433729, 28.3183158 ] ] ] } },
{ "type": "Feature", "properties": { "district_id": 70, "name": "सिन्धुपाल्चोक जिल्ला" }, "geometry": { "type": "Polygon", "coordinates": [ [ [ 85.4419313, 28.0822407 ], [ 85.4440909, 28.0842817 ], [ 85.4440683, 28.090361 ], [ 85.4542443, 28.091536 ], [ 85.4592787, 28.0937455 ], [ 85.4722838, 28.1045661 ], [ 85.4845637, 28.1061849 ], [ 85.4886026, 28.1043922 ], [ 85.4887526, 28.1119474 ], [ 85.4971321, 28.1189203 ], [ 85.4903979, 28.1388579 ], [ 85.5050748, 28.1516742 ], [ 85.527547, 28.1579479 ], [ 85.5314867, 28.1622071 ], [ 85.5331064, 28.1674401 ], [ 85.5483635, 28.168581 ], [ 85.5585202, 28.1669144 ], [ 85.5858802, 28.1531979 ], [ 85.6008699, 28.1584631 ], [ 85.6150125, 28.1483255 ], [ 85.616082, 28.1441916 ], [ 85.6143969, 28.137934 ], [ 85.6157761, 28.1326933 ], [ 85.6228286, 28.1298096 ], [ 85.6295964, 28.1301947 ], [ 85.6343656, 28.133071 ], [ 85.636149, 28.1403313 ], [ 85.6411974, 28.1443959 ], [ 85.6479379, 28.1461673 ], [ 85.6518507, 28.151806 ], [ 85.6607695, 28.1545281 ], [ 85.6659902, 28.1541 ], [ 85.6801876, 28.1587135 ], [ 85.6854463, 28.1560742 ], [ 85.6912849, 28.1566848 ], [ 85.6978528, 28.1585555 ], [ 85.7020875, 28.1627247 ], [ 85.7117789, 28.1620306 ], [ 85.7135758, 28.1631737 ], [ 85.7127539, 28.1685644 ], [ 85.7177662, 28.1727958 ], [ 85.7220333, 28.173455 ], [ 85.7285183, 28.1700598 ], [ 85.7427338, 28.1719634 ], [ 85.7518304, 28.1750493 ], [ 85.7651199, 28.1763475 ], [ 85.7718527, 28.1740906 ], [ 85.7794194, 28.1751199 ], [ 85.7820967, 28.1794937 ], [ 85.800001, 28.1874682 ], [ 85.800388, 28.197411 ], [ 85.8092, 28.198292 ], [ 85.816249, 28.202551 ], [ 85.818746, 28.193299 ], [ 85.828438, 28.184781 ], [ 85.830788, 28.183606 ], [ 85.849439, 28.183312 ], [ 85.849586, 28.171564 ], [ 85.851202, 28.167011 ], [ 85.858692, 28.162018 ], [ 85.859279, 28.156143 ], [ 85.863538, 28.149681 ], [ 85.871469, 28.146597 ], [ 85.869559, 28.133674 ], [ 85.870293, 28.123687 ], [ 85.878224, 28.116638 ], [ 85.8885584, 28.1162923 ], [ 85.8895652, 28.1134516 ], [ 85.8970383, 28.1094012 ], [ 85.8994674, 28.1040603 ], [ 85.899078, 28.09828 ], [ 85.90275, 28.09079 ], [ 85.900253, 28.086531 ], [ 85.900106, 28.078014 ], [ 85.8959587, 28.0756781 ], [ 85.896435, 28.067586 ], [ 85.900106, 28.0623 ], [ 85.900694, 28.053341 ], [ 85.9089379, 28.0493368 ], [ 85.9120328, 28.0513171 ], [ 85.9153744, 28.0510519 ], [ 85.925807, 28.033368 ], [ 85.928304, 28.030137 ], [ 85.931388, 28.029109 ], [ 85.935206, 28.022941 ], [ 85.940346, 28.023088 ], [ 85.953416, 28.013542 ], [ 85.962816, 28.002821 ], [ 85.968249, 27.999443 ], [ 85.9736692, 28.0009339 ], [ 85.9768265, 27.9966307 ], [ 85.9777276, 27.9879101 ], [ 85.9605686, 27.9700273 ], [ 85.9570276, 27.9567319 ], [ 85.9528936, 27.9483339 ], [ 85.9472851, 27.9415678 ], [ 85.967211, 27.932501 ], [ 85.98449, 27.919178 ], [ 85.998055, 27.91393 ], [ 86.000154, 27.911588 ], [ 86.013639, 27.914737 ], [ 86.021229, 27.908358 ], [ 86.037658, 27.904431 ], [ 86.048005, 27.907018 ], [ 86.050222, 27.90517 ], [ 86.059275, 27.903323 ], [ 86.064818, 27.899812 ], [ 86.0561641, 27.895436 ], [ 86.0476539, 27.8862451 ], [ 86.0484206, 27.8815353 ], [ 86.0441141, 27.8747983 ], [ 86.0423467, 27.8679481 ], [ 86.0339337, 27.8658071 ], [ 86.0303183, 27.8629053 ], [ 86.0247975, 27.8462666 ], [ 86.0103831, 27.8396485 ], [ 86.0023737, 27.8303209 ], [ 86.0096009, 27.8192282 ], [ 86.0126917, 27.8178403 ], [ 86.0203235, 27.8088281 ], [ 86.0225414, 27.7998801 ], [ 86.0216793, 27.7911883 ], [ 86.025987, 27.7857162 ], [ 86.0196504, 27.7725909 ], [ 86.0231455, 27.7663912 ], [ 86.0339538, 27.7567526 ], [ 86.0304416, 27.7429142 ], [ 86.0277731, 27.739548 ], [ 86.0127993, 27.744804 ], [ 86.0044751, 27.7453603 ], [ 85.977108, 27.7354935 ], [ 85.9696753, 27.7410716 ], [ 85.9608975, 27.742319 ], [ 85.9608151, 27.7360353 ], [ 85.9531086, 27.7296242 ], [ 85.9517181, 27.7226132 ], [ 85.9361951, 27.709094 ], [ 85.9364414, 27.7027868 ], [ 85.939107, 27.6980357 ], [ 85.9388293, 27.6935937 ], [ 85.9341359, 27.6876672 ], [ 85.9381154, 27.6774328 ], [ 85.9390112, 27.6693258 ], [ 85.9259864, 27.6637839 ], [ 85.9181081, 27.6636572 ], [ 85.9159103, 27.6594235 ], [ 85.9149337, 27.6470279 ], [ 85.9094171, 27.6422718 ], [ 85.9103811, 27.6373078 ], [ 85.8909949, 27.6246098 ], [ 85.88428, 27.6142495 ], [ 85.8855578, 27.6108411 ], [ 85.8824625, 27.6103112 ], [ 85.8800192, 27.6167089 ], [ 85.8751738, 27.6164599 ], [ 85.8755691, 27.6198957 ], [ 85.8718066, 27.6201216 ], [ 85.8711727, 27.6235753 ], [ 85.8684388, 27.6251969 ], [ 85.8668555, 27.6291501 ], [ 85.8646846, 27.6282141 ], [ 85.8569991, 27.6327984 ], [ 85.8500173, 27.6274368 ], [ 85.8423371, 27.6265616 ], [ 85.8235645, 27.6421204 ], [ 85.8172532, 27.6442077 ], [ 85.8157548, 27.648197 ], [ 85.8217361, 27.6557762 ], [ 85.8185018, 27.6630311 ], [ 85.812451, 27.6691766 ], [ 85.8024163, 27.6661145 ], [ 85.7918521, 27.6651385 ], [ 85.7798112, 27.6687982 ], [ 85.768862, 27.6678667 ], [ 85.7665476, 27.6716835 ], [ 85.7601693, 27.6717416 ], [ 85.7589479, 27.6736505 ], [ 85.7542382, 27.6749663 ], [ 85.7512725, 27.6733198 ], [ 85.749794, 27.6765393 ], [ 85.7477052, 27.6760783 ], [ 85.7456699, 27.6781195 ], [ 85.7374136, 27.6754231 ], [ 85.7345837, 27.6768028 ], [ 85.7311785, 27.6748676 ], [ 85.7312959, 27.6702959 ], [ 85.7255883, 27.6676785 ], [ 85.7245684, 27.6624962 ], [ 85.7201943, 27.6613798 ], [ 85.7227649, 27.6642798 ], [ 85.7205327, 27.6663483 ], [ 85.715194, 27.6616945 ], [ 85.7132474, 27.6621592 ], [ 85.7094388, 27.6549769 ], [ 85.7049434, 27.6564875 ], [ 85.7081155, 27.653387 ], [ 85.7063988, 27.6417068 ], [ 85.7059788, 27.6534445 ], [ 85.7008014, 27.65619 ], [ 85.6986355, 27.6599879 ], [ 85.6942243, 27.6631408 ], [ 85.6940858, 27.6710623 ], [ 85.686361, 27.6793223 ], [ 85.6880669, 27.6813793 ], [ 85.6877397, 27.6843293 ], [ 85.680782, 27.6858256 ], [ 85.6818817, 27.6921575 ], [ 85.6796019, 27.6954539 ], [ 85.6802713, 27.6996099 ], [ 85.6712873, 27.704849 ], [ 85.6698866, 27.708842 ], [ 85.6656712, 27.7125553 ], [ 85.6576201, 27.7145393 ], [ 85.654536, 27.720307 ], [ 85.6440215, 27.7184335 ], [ 85.6362007, 27.7215623 ], [ 85.6304652, 27.7269401 ], [ 85.623605, 27.7302265 ], [ 85.6156643, 27.7318753 ], [ 85.6127166, 27.7340407 ], [ 85.6104974, 27.7436171 ], [ 85.6037432, 27.7491972 ], [ 85.5954714, 27.7442887 ], [ 85.5816786, 27.7498666 ], [ 85.5738168, 27.7491676 ], [ 85.5724397, 27.7459275 ], [ 85.5696961, 27.7449247 ], [ 85.5671261, 27.7449703 ], [ 85.5616501, 27.7489401 ], [ 85.5539614, 27.7492885 ], [ 85.5493324, 27.754645 ], [ 85.5498782, 27.7570599 ], [ 85.5600125, 27.7576576 ], [ 85.5639465, 27.7550931 ], [ 85.5659596, 27.760808 ], [ 85.5654756, 27.7645086 ], [ 85.5590847, 27.7677579 ], [ 85.5508794, 27.7812493 ], [ 85.5401634, 27.7862831 ], [ 85.5335448, 27.7919477 ], [ 85.531477, 27.7925861 ], [ 85.5292708, 27.7903996 ], [ 85.5232825, 27.7906197 ], [ 85.5151193, 27.7867707 ], [ 85.5059233, 27.7864801 ], [ 85.50417, 27.7850569 ], [ 85.4967039, 27.7862968 ], [ 85.4891327, 27.7803041 ], [ 85.4815844, 27.7811428 ], [ 85.4758548, 27.7783738 ], [ 85.4716261, 27.7792004 ], [ 85.4680349, 27.7838149 ], [ 85.4678218, 27.7975244 ], [ 85.4633972, 27.8041903 ], [ 85.4584752, 27.8056658 ], [ 85.457283, 27.8080544 ], [ 85.4531776, 27.8093616 ], [ 85.4515355, 27.8115818 ], [ 85.4509498, 27.8169769 ], [ 85.4490496, 27.8180558 ], [ 85.448268, 27.8275358 ], [ 85.4505569, 27.8338088 ], [ 85.4527839, 27.83483 ], [ 85.4548116, 27.844677 ], [ 85.4511159, 27.8503992 ], [ 85.4607121, 27.8593196 ], [ 85.4613339, 27.8637293 ], [ 85.4655243, 27.865976 ], [ 85.4658487, 27.8680552 ], [ 85.4691605, 27.8682823 ], [ 85.4700969, 27.8774296 ], [ 85.4679218, 27.8819521 ], [ 85.4730281, 27.8827069 ], [ 85.4755317, 27.8854165 ], [ 85.4793544, 27.9046374 ], [ 85.4877311, 27.9200672 ], [ 85.4871258, 27.9265938 ], [ 85.4818719, 27.939824 ], [ 85.4823676, 27.9537194 ], [ 85.4786271, 27.9595333 ], [ 85.4809588, 27.9658406 ], [ 85.4859852, 27.9710933 ], [ 85.4907555, 27.9711882 ], [ 85.4930218, 27.9751913 ], [ 85.4880035, 27.9929892 ], [ 85.497442, 28.0235178 ], [ 85.4958428, 28.035922 ], [ 85.4834802, 28.0442571 ], [ 85.4807446, 28.0478656 ], [ 85.4819071, 28.0505785 ], [ 85.4805613, 28.0541573 ], [ 85.4649724, 28.0683153 ], [ 85.4485009, 28.0748144 ], [ 85.4434305, 28.0785311 ], [ 85.4419313, 28.0822407 ] ] ] } },
{ "type": "Feature", "properties": { "district_id": 71, "name": "सिन्धुली जिल्ला" }, "geometry": { "type": "Polygon", "coordinates": [ [ [ 85.4180497, 27.3210886 ], [ 85.4267746, 27.331512 ], [ 85.4412102, 27.3360277 ], [ 85.447274, 27.3361397 ], [ 85.4490891, 27.3505306 ], [ 85.455514, 27.3548143 ], [ 85.4641607, 27.3554932 ], [ 85.4725455, 27.3663564 ], [ 85.4717561, 27.3722994 ], [ 85.4773776, 27.374117 ], [ 85.4790083, 27.3769264 ], [ 85.4839999, 27.3753605 ], [ 85.4883582, 27.3763949 ], [ 85.4906741, 27.3747684 ], [ 85.4945372, 27.3760371 ], [ 85.4964077, 27.3723144 ], [ 85.5014833, 27.3726984 ], [ 85.5053887, 27.3688504 ], [ 85.5062159, 27.3642343 ], [ 85.5091014, 27.3658495 ], [ 85.51061, 27.3645598 ], [ 85.5038378, 27.356884 ], [ 85.5147222, 27.3502179 ], [ 85.5232521, 27.3500718 ], [ 85.5275523, 27.3545048 ], [ 85.5333234, 27.3569842 ], [ 85.536021, 27.3543838 ], [ 85.5395505, 27.3539538 ], [ 85.5400298, 27.3493914 ], [ 85.5488229, 27.3471456 ], [ 85.5499978, 27.3432382 ], [ 85.5535977, 27.3463357 ], [ 85.5554823, 27.3461437 ], [ 85.5550029, 27.3425369 ], [ 85.5585276, 27.3393433 ], [ 85.5631145, 27.3406625 ], [ 85.5625505, 27.3432842 ], [ 85.5643928, 27.3447578 ], [ 85.5665265, 27.3430838 ], [ 85.5649662, 27.3408211 ], [ 85.5694966, 27.3403536 ], [ 85.5772652, 27.3418356 ], [ 85.5778197, 27.3445741 ], [ 85.5859595, 27.3438185 ], [ 85.587078, 27.3451794 ], [ 85.5927129, 27.3434428 ], [ 85.5977603, 27.344812 ], [ 85.5994851, 27.3430379 ], [ 85.6059941, 27.3441525 ], [ 85.6117982, 27.3426997 ], [ 85.6145287, 27.3447953 ], [ 85.622988, 27.3447745 ], [ 85.6311889, 27.3473918 ], [ 85.6318234, 27.3491576 ], [ 85.6342954, 27.3496126 ], [ 85.6348594, 27.3511821 ], [ 85.6331957, 27.3525262 ], [ 85.6350379, 27.3534404 ], [ 85.638088, 27.3522007 ], [ 85.6391266, 27.3485482 ], [ 85.6418054, 27.3498672 ], [ 85.6415611, 27.3474962 ], [ 85.6391313, 27.3477508 ], [ 85.6396013, 27.3461353 ], [ 85.6434409, 27.3459016 ], [ 85.6419558, 27.3423491 ], [ 85.6460868, 27.340028 ], [ 85.6510966, 27.3336948 ], [ 85.6604959, 27.3342375 ], [ 85.6624463, 27.337473 ], [ 85.6720994, 27.3411843 ], [ 85.6712863, 27.3435388 ], [ 85.6728231, 27.3444447 ], [ 85.6748205, 27.3433259 ], [ 85.6796799, 27.3451209 ], [ 85.6807044, 27.3427248 ], [ 85.6846427, 27.3415851 ], [ 85.6886841, 27.3368603 ], [ 85.6924774, 27.337958 ], [ 85.699124, 27.3407622 ], [ 85.7005146, 27.3438966 ], [ 85.7043337, 27.3467178 ], [ 85.7054569, 27.3506364 ], [ 85.7041812, 27.3577753 ], [ 85.695044, 27.3643526 ], [ 85.6976662, 27.3680951 ], [ 85.6965662, 27.3727615 ], [ 85.7028929, 27.3887993 ], [ 85.711843, 27.3970632 ], [ 85.7122032, 27.403845 ], [ 85.7158838, 27.4079728 ], [ 85.7283177, 27.4119943 ], [ 85.7346748, 27.4081652 ], [ 85.7387423, 27.4095476 ], [ 85.7438594, 27.4083076 ], [ 85.7479262, 27.4049186 ], [ 85.7537842, 27.4043662 ], [ 85.7592077, 27.4005363 ], [ 85.773426, 27.3988346 ], [ 85.7793832, 27.4189763 ], [ 85.7842831, 27.4211715 ], [ 85.7831383, 27.4265378 ], [ 85.7850761, 27.4287971 ], [ 85.7841905, 27.4327878 ], [ 85.7860942, 27.4380617 ], [ 85.7918796, 27.4430507 ], [ 85.7990639, 27.4384924 ], [ 85.8021202, 27.4387088 ], [ 85.8047649, 27.4413702 ], [ 85.8085924, 27.4419916 ], [ 85.8093676, 27.4457786 ], [ 85.8134164, 27.4454194 ], [ 85.8213907, 27.4511667 ], [ 85.8293243, 27.4476394 ], [ 85.8273854, 27.4413845 ], [ 85.8300558, 27.4373987 ], [ 85.8402825, 27.4337612 ], [ 85.8472024, 27.4243796 ], [ 85.8593596, 27.4244366 ], [ 85.8691319, 27.4184247 ], [ 85.8730798, 27.4200958 ], [ 85.8780591, 27.4167301 ], [ 85.8856723, 27.4201339 ], [ 85.8909101, 27.4137339 ], [ 85.8933016, 27.4137053 ], [ 85.8965853, 27.4163561 ], [ 85.9103881, 27.4092034 ], [ 85.9184156, 27.4088022 ], [ 85.9253985, 27.4042979 ], [ 85.9273044, 27.3970726 ], [ 85.9333476, 27.395894 ], [ 85.9338227, 27.3886546 ], [ 85.9408324, 27.3860472 ], [ 85.9435416, 27.3799463 ], [ 85.9522291, 27.3816626 ], [ 85.9510307, 27.3857214 ], [ 85.952904, 27.3885203 ], [ 85.961177, 27.3880359 ], [ 85.9672865, 27.3826958 ], [ 85.9700986, 27.3750577 ], [ 85.9770137, 27.3712814 ], [ 85.9777627, 27.3607885 ], [ 85.9794969, 27.3567914 ], [ 85.9783383, 27.3544489 ], [ 85.9833651, 27.3501533 ], [ 85.9813353, 27.3405635 ], [ 85.9837094, 27.3353635 ], [ 85.9874565, 27.3354793 ], [ 85.9909975, 27.3380687 ], [ 85.997379, 27.3373659 ], [ 86.0084618, 27.3284312 ], [ 86.0086519, 27.325992 ], [ 86.0174834, 27.3212158 ], [ 86.0231367, 27.3140788 ], [ 86.0207576, 27.3112432 ], [ 86.021989, 27.3086731 ], [ 86.0300186, 27.3099852 ], [ 86.0365757, 27.2998035 ], [ 86.0416207, 27.2971933 ], [ 86.0468928, 27.29705 ], [ 86.0547147, 27.2879743 ], [ 86.0593567, 27.2872111 ], [ 86.0603548, 27.2905527 ], [ 86.0622493, 27.2910626 ], [ 86.0742993, 27.291362 ], [ 86.0761889, 27.2850119 ], [ 86.0760788, 27.2770117 ], [ 86.0782945, 27.2752029 ], [ 86.0817082, 27.2754217 ], [ 86.093063, 27.2676554 ], [ 86.1070008, 27.2682124 ], [ 86.110111, 27.2719053 ], [ 86.1128034, 27.2725655 ], [ 86.1156621, 27.2694557 ], [ 86.1284796, 27.2642754 ], [ 86.1292182, 27.2590962 ], [ 86.1336522, 27.2524418 ], [ 86.1429304, 27.2476035 ], [ 86.1473394, 27.2427076 ], [ 86.1520201, 27.241943 ], [ 86.1546724, 27.2497787 ], [ 86.1572689, 27.2523659 ], [ 86.1736624, 27.2534337 ], [ 86.1827172, 27.2519169 ], [ 86.1877179, 27.2538651 ], [ 86.2026271, 27.2514832 ], [ 86.2197153, 27.2403066 ], [ 86.2303671, 27.2372539 ], [ 86.2388831, 27.2409796 ], [ 86.2425869, 27.2466521 ], [ 86.2522113, 27.2501372 ], [ 86.2571317, 27.257852 ], [ 86.2587538, 27.2588373 ], [ 86.2619439, 27.2575395 ], [ 86.2654044, 27.2611685 ], [ 86.2669695, 27.2598821 ], [ 86.2669724, 27.2532376 ], [ 86.2756884, 27.2508638 ], [ 86.2803925, 27.2459607 ], [ 86.2846775, 27.2469581 ], [ 86.2878947, 27.2454439 ], [ 86.2948438, 27.2379243 ], [ 86.3044238, 27.2375924 ], [ 86.3091016, 27.2330311 ], [ 86.3147857, 27.2317886 ], [ 86.3284923, 27.2300109 ], [ 86.3333895, 27.2308566 ], [ 86.3419889, 27.2284637 ], [ 86.3409673, 27.22519 ], [ 86.3427536, 27.2209615 ], [ 86.3399325, 27.2101767 ], [ 86.3432241, 27.2026201 ], [ 86.3516259, 27.2005833 ], [ 86.3593377, 27.2006548 ], [ 86.3695709, 27.1918792 ], [ 86.3745287, 27.1935283 ], [ 86.37892, 27.192698 ], [ 86.3838392, 27.1813451 ], [ 86.3897507, 27.1798678 ], [ 86.3844714, 27.1758859 ], [ 86.3848705, 27.1731106 ], [ 86.383093, 27.1733688 ], [ 86.377911, 27.1651027 ], [ 86.379362, 27.1640515 ], [ 86.373496, 27.1580947 ], [ 86.3733353, 27.1545075 ], [ 86.3700655, 27.1514136 ], [ 86.3734131, 27.1477294 ], [ 86.3701691, 27.1466273 ], [ 86.3676352, 27.1402084 ], [ 86.3632686, 27.142178 ], [ 86.3618098, 27.1398912 ], [ 86.3587047, 27.1390873 ], [ 86.3573998, 27.1426484 ], [ 86.3446785, 27.1435976 ], [ 86.3443104, 27.1463762 ], [ 86.3426077, 27.1469591 ], [ 86.3407436, 27.1448815 ], [ 86.3410897, 27.1408015 ], [ 86.3365615, 27.1382267 ], [ 86.3363817, 27.1361338 ], [ 86.3383975, 27.1359865 ], [ 86.3377161, 27.1337883 ], [ 86.3349903, 27.1340453 ], [ 86.3358565, 27.1315227 ], [ 86.3341672, 27.1301835 ], [ 86.3364622, 27.129257 ], [ 86.3347019, 27.1280315 ], [ 86.3365852, 27.1265449 ], [ 86.3349148, 27.1267597 ], [ 86.3336893, 27.1217438 ], [ 86.3322224, 27.1216174 ], [ 86.3311151, 27.1172289 ], [ 86.3285788, 27.115582 ], [ 86.3263289, 27.11058 ], [ 86.3130984, 27.1110104 ], [ 86.3062915, 27.1090253 ], [ 86.3110553, 27.1031032 ], [ 86.317014, 27.1022681 ], [ 86.3229441, 27.0992485 ], [ 86.3276929, 27.100677 ], [ 86.3322192, 27.1000194 ], [ 86.3410506, 27.1066271 ], [ 86.354767, 27.1044163 ], [ 86.3559742, 27.1002611 ], [ 86.3624846, 27.0996771 ], [ 86.3568886, 27.094322 ], [ 86.3586437, 27.0919722 ], [ 86.3581403, 27.084156 ], [ 86.3551391, 27.0817077 ], [ 86.3534675, 27.0770361 ], [ 86.3551063, 27.0754326 ], [ 86.3513951, 27.0738826 ], [ 86.3506844, 27.0694857 ], [ 86.3468511, 27.0706741 ], [ 86.345454, 27.067671 ], [ 86.3460191, 27.0652183 ], [ 86.3479263, 27.0645553 ], [ 86.3507903, 27.0667974 ], [ 86.3511185, 27.0617598 ], [ 86.3570719, 27.0587234 ], [ 86.3600156, 27.0551208 ], [ 86.3631172, 27.0544427 ], [ 86.3643031, 27.0475525 ], [ 86.3633909, 27.0432589 ], [ 86.3667951, 27.0378463 ], [ 86.3789499, 27.0347293 ], [ 86.3821702, 27.0322913 ], [ 86.3818326, 27.0299979 ], [ 86.3794495, 27.0320983 ], [ 86.3794002, 27.0290863 ], [ 86.3740069, 27.0240341 ], [ 86.3755133, 27.0206556 ], [ 86.3719453, 27.0165439 ], [ 86.3740292, 27.0129291 ], [ 86.3723377, 27.0106094 ], [ 86.3745124, 27.0071945 ], [ 86.3718634, 27.0026803 ], [ 86.3671728, 27.0005486 ], [ 86.3683759, 26.9969594 ], [ 86.3661608, 26.9804596 ], [ 86.3513302, 26.9628449 ], [ 86.3433433, 26.9621608 ], [ 86.3345464, 26.9650147 ], [ 86.3246615, 26.965898 ], [ 86.3103187, 26.9621265 ], [ 86.2928287, 26.95066 ], [ 86.2828522, 26.9486724 ], [ 86.2778328, 26.9377979 ], [ 86.2787583, 26.9356253 ], [ 86.2724429, 26.9305228 ], [ 86.261563, 26.9266691 ], [ 86.2595457, 26.9192698 ], [ 86.2571074, 26.9216984 ], [ 86.2577879, 26.9285005 ], [ 86.2552784, 26.9325782 ], [ 86.2412705, 26.9400196 ], [ 86.2352411, 26.9468893 ], [ 86.2340469, 26.9505968 ], [ 86.2265019, 26.949696 ], [ 86.2215522, 26.9550118 ], [ 86.2186626, 26.9544272 ], [ 86.2183232, 26.9579002 ], [ 86.2100654, 26.9656928 ], [ 86.1984716, 26.9706794 ], [ 86.192424, 26.9751756 ], [ 86.1913823, 26.9787099 ], [ 86.1871239, 26.977582 ], [ 86.1874391, 26.9825772 ], [ 86.178743, 26.984571 ], [ 86.1699739, 26.9892377 ], [ 86.1670526, 26.9889361 ], [ 86.162948, 26.992021 ], [ 86.1402404, 26.999434 ], [ 86.1062633, 27.0153688 ], [ 86.0890362, 27.0192656 ], [ 86.0551265, 27.018363 ], [ 86.0489245, 27.0191448 ], [ 86.0473935, 27.0215284 ], [ 86.042, 27.0197116 ], [ 86.0302022, 27.0209237 ], [ 86.0209612, 27.019357 ], [ 86.0148252, 27.0202732 ], [ 86.0121555, 27.0188172 ], [ 86.0107363, 27.0206461 ], [ 86.0056164, 27.0221624 ], [ 86.0017303, 27.0211376 ], [ 85.9915292, 27.024975 ], [ 85.9707633, 27.0510966 ], [ 85.9695521, 27.0611664 ], [ 85.9659305, 27.0673264 ], [ 85.9667456, 27.0705431 ], [ 85.9653463, 27.0739307 ], [ 85.9630762, 27.0733567 ], [ 85.9618744, 27.0799766 ], [ 85.9554648, 27.0843717 ], [ 85.9498067, 27.084149 ], [ 85.9508375, 27.0879562 ], [ 85.94794, 27.0883497 ], [ 85.9410542, 27.0942685 ], [ 85.9357596, 27.1103284 ], [ 85.9378186, 27.121695 ], [ 85.9189138, 27.1292602 ], [ 85.9139756, 27.1298629 ], [ 85.9119327, 27.1323469 ], [ 85.901752, 27.1355504 ], [ 85.8907366, 27.1414518 ], [ 85.8864333, 27.1458985 ], [ 85.8828833, 27.1465358 ], [ 85.8623294, 27.127297 ], [ 85.8582613, 27.1327713 ], [ 85.8547597, 27.1341191 ], [ 85.8533834, 27.1381712 ], [ 85.8454015, 27.1410636 ], [ 85.8355162, 27.147218 ], [ 85.8345101, 27.1498426 ], [ 85.8396175, 27.1527209 ], [ 85.8434115, 27.1600622 ], [ 85.8314198, 27.1668757 ], [ 85.8244319, 27.1683899 ], [ 85.8157249, 27.1614307 ], [ 85.8088578, 27.1618149 ], [ 85.7988631, 27.1673813 ], [ 85.7935538, 27.1685992 ], [ 85.7879706, 27.1739184 ], [ 85.7727765, 27.1788671 ], [ 85.7693048, 27.1822998 ], [ 85.7501854, 27.1861398 ], [ 85.7474103, 27.1884795 ], [ 85.7430497, 27.1876779 ], [ 85.7246156, 27.1952543 ], [ 85.7225089, 27.1950005 ], [ 85.7207126, 27.1911781 ], [ 85.716717, 27.187974 ], [ 85.7035908, 27.1849181 ], [ 85.6988109, 27.1864012 ], [ 85.6947534, 27.1842247 ], [ 85.6899905, 27.1778926 ], [ 85.6857251, 27.1765419 ], [ 85.6815793, 27.1694798 ], [ 85.6709389, 27.1665954 ], [ 85.6694776, 27.1641653 ], [ 85.6655837, 27.1623731 ], [ 85.6623068, 27.1562956 ], [ 85.6559272, 27.1552059 ], [ 85.6561947, 27.1527493 ], [ 85.6533565, 27.1530289 ], [ 85.6501495, 27.1505571 ], [ 85.6466446, 27.14475 ], [ 85.6415999, 27.1422783 ], [ 85.6333201, 27.1414805 ], [ 85.629631, 27.1375551 ], [ 85.6226663, 27.1408078 ], [ 85.6199436, 27.1389492 ], [ 85.6126465, 27.1418507 ], [ 85.6048409, 27.1397519 ], [ 85.5999105, 27.1437547 ], [ 85.5945475, 27.140766 ], [ 85.5805693, 27.144077 ], [ 85.5709469, 27.1372 ], [ 85.5687812, 27.1436302 ], [ 85.5589063, 27.1440142 ], [ 85.553416, 27.1469312 ], [ 85.5496287, 27.1458453 ], [ 85.5490554, 27.1427599 ], [ 85.5515918, 27.1406948 ], [ 85.5466483, 27.14077 ], [ 85.5458106, 27.1440754 ], [ 85.5421842, 27.144665 ], [ 85.5421114, 27.146363 ], [ 85.5365166, 27.1489849 ], [ 85.5330266, 27.1465932 ], [ 85.5309153, 27.1413349 ], [ 85.5279565, 27.1405324 ], [ 85.5005312, 27.1437817 ], [ 85.4960868, 27.1461443 ], [ 85.4910854, 27.1542153 ], [ 85.4893936, 27.1546616 ], [ 85.4933853, 27.1623552 ], [ 85.5040712, 27.1628134 ], [ 85.5037708, 27.1656771 ], [ 85.4994149, 27.1679106 ], [ 85.5033202, 27.173084 ], [ 85.5003805, 27.1754129 ], [ 85.4903961, 27.1716072 ], [ 85.487287, 27.1761246 ], [ 85.4828621, 27.1763761 ], [ 85.4811857, 27.1823672 ], [ 85.483213, 27.1842919 ], [ 85.486057, 27.1831408 ], [ 85.4918613, 27.1856699 ], [ 85.4924868, 27.1881999 ], [ 85.486903, 27.1927363 ], [ 85.4880847, 27.1984195 ], [ 85.5013885, 27.1950032 ], [ 85.5106221, 27.1983346 ], [ 85.5016118, 27.2085256 ], [ 85.5025409, 27.2154285 ], [ 85.50491, 27.2196506 ], [ 85.5043528, 27.2229592 ], [ 85.5011616, 27.2234615 ], [ 85.4924176, 27.2197789 ], [ 85.4876993, 27.2213663 ], [ 85.4912674, 27.2308304 ], [ 85.4919378, 27.250672 ], [ 85.4873021, 27.256291 ], [ 85.483679, 27.2573504 ], [ 85.485873, 27.2623328 ], [ 85.4846499, 27.266585 ], [ 85.4812878, 27.2696408 ], [ 85.4758449, 27.2692948 ], [ 85.4611989, 27.2801413 ], [ 85.4548045, 27.2806181 ], [ 85.453174, 27.2830184 ], [ 85.4493886, 27.2844436 ], [ 85.4403152, 27.2829934 ], [ 85.432247, 27.2917295 ], [ 85.4340015, 27.2993315 ], [ 85.4275387, 27.3019991 ], [ 85.4238744, 27.3141569 ], [ 85.4180497, 27.3210886 ] ] ] } },
{ "type": "Feature", "properties": { "district_id": 72, "name": "सिराहा जिल्ला" }, "geometry": { "type": "Polygon", "coordinates": [ [ [ 86.1311283, 26.8926736 ], [ 86.1341428, 26.8969872 ], [ 86.1319628, 26.9056747 ], [ 86.1330301, 26.9160429 ], [ 86.1394905, 26.9212028 ], [ 86.1436461, 26.9271932 ], [ 86.1552239, 26.9354054 ], [ 86.1589146, 26.9340281 ], [ 86.1558713, 26.926115 ], [ 86.1573042, 26.9223065 ], [ 86.1557767, 26.9184858 ], [ 86.1605078, 26.91446 ], [ 86.1682128, 26.9138453 ], [ 86.1690551, 26.9105109 ], [ 86.1745525, 26.9070591 ], [ 86.1776615, 26.9004894 ], [ 86.1805678, 26.8996094 ], [ 86.1841634, 26.9008028 ], [ 86.1860424, 26.8994406 ], [ 86.1872164, 26.8946053 ], [ 86.1939122, 26.8941768 ], [ 86.1982722, 26.892263 ], [ 86.1997028, 26.8892555 ], [ 86.2005543, 26.8901061 ], [ 86.2171765, 26.8827845 ], [ 86.2245036, 26.8824825 ], [ 86.2439126, 26.8642991 ], [ 86.246796, 26.8641071 ], [ 86.2570693, 26.872982 ], [ 86.2646452, 26.877576 ], [ 86.2671343, 26.8775377 ], [ 86.2711399, 26.8827546 ], [ 86.278421, 26.8852316 ], [ 86.2821546, 26.8848106 ], [ 86.2863174, 26.8870306 ], [ 86.2939564, 26.8850403 ], [ 86.2983337, 26.8863799 ], [ 86.3069168, 26.8817101 ], [ 86.310161, 26.8827067 ], [ 86.3140415, 26.8793251 ], [ 86.3169613, 26.881206 ], [ 86.320638, 26.8786017 ], [ 86.3404479, 26.8805083 ], [ 86.3465375, 26.877396 ], [ 86.3501602, 26.8783606 ], [ 86.3578382, 26.8749845 ], [ 86.3618934, 26.8754186 ], [ 86.3655161, 26.8726212 ], [ 86.3697876, 26.8755151 ], [ 86.3686521, 26.8772031 ], [ 86.3695173, 26.8804344 ], [ 86.3738969, 26.8838585 ], [ 86.3749243, 26.8911887 ], [ 86.3771411, 26.8922978 ], [ 86.3767086, 26.8974575 ], [ 86.3828185, 26.902617 ], [ 86.3837065, 26.9096727 ], [ 86.3858464, 26.9082102 ], [ 86.3938487, 26.9079691 ], [ 86.3960656, 26.9098013 ], [ 86.4016889, 26.9085959 ], [ 86.4043383, 26.9099459 ], [ 86.4057982, 26.9077762 ], [ 86.4188831, 26.9064262 ], [ 86.4230465, 26.9033885 ], [ 86.4283994, 26.9027134 ], [ 86.4386727, 26.8953358 ], [ 86.4515986, 26.8896947 ], [ 86.4625716, 26.8876201 ], [ 86.4800903, 26.8888257 ], [ 86.4800903, 26.8860287 ], [ 86.4773327, 26.8835209 ], [ 86.4809554, 26.8760456 ], [ 86.4811717, 26.8737305 ], [ 86.4791503, 26.8726227 ], [ 86.4829019, 26.8696791 ], [ 86.4879925, 26.8694165 ], [ 86.488282, 26.8668793 ], [ 86.4905471, 26.8663476 ], [ 86.4929144, 26.8614251 ], [ 86.4944642, 26.8611364 ], [ 86.4931018, 26.8597082 ], [ 86.4957075, 26.8564111 ], [ 86.5031829, 26.8576155 ], [ 86.5054799, 26.8559118 ], [ 86.5063586, 26.8472012 ], [ 86.512046, 26.8469141 ], [ 86.510737, 26.8429319 ], [ 86.5126039, 26.8400409 ], [ 86.5152646, 26.8438892 ], [ 86.5181829, 26.8439083 ], [ 86.5207149, 26.8359627 ], [ 86.5194918, 26.8320376 ], [ 86.5242125, 26.8320184 ], [ 86.5250279, 26.8332247 ], [ 86.5273453, 26.8318844 ], [ 86.5370227, 26.8315206 ], [ 86.5391899, 26.8353309 ], [ 86.5470434, 26.8375136 ], [ 86.5523435, 26.8355223 ], [ 86.5513993, 26.8322099 ], [ 86.5550042, 26.8315972 ], [ 86.551571, 26.8248571 ], [ 86.5534807, 26.8154547 ], [ 86.5497256, 26.8123906 ], [ 86.5477301, 26.8083114 ], [ 86.5445973, 26.8066644 ], [ 86.5459491, 26.8039448 ], [ 86.5425373, 26.8006315 ], [ 86.5396191, 26.7993099 ], [ 86.5368939, 26.801321 ], [ 86.535113, 26.7995972 ], [ 86.5353061, 26.7959006 ], [ 86.5306712, 26.7912463 ], [ 86.5312538, 26.7885191 ], [ 86.5297892, 26.7862234 ], [ 86.5255485, 26.7852808 ], [ 86.5233174, 26.7797618 ], [ 86.524731, 26.7718553 ], [ 86.5232405, 26.7633257 ], [ 86.5200396, 26.7605376 ], [ 86.5279987, 26.7508694 ], [ 86.5289449, 26.744182 ], [ 86.5094076, 26.7345951 ], [ 86.5054893, 26.7285933 ], [ 86.506176, 26.7263318 ], [ 86.5025711, 26.7234953 ], [ 86.5044593, 26.7169021 ], [ 86.5067339, 26.7147554 ], [ 86.505785, 26.7045066 ], [ 86.5096239, 26.6996279 ], [ 86.5101322, 26.6958774 ], [ 86.5068518, 26.6898527 ], [ 86.5094372, 26.6825038 ], [ 86.503306, 26.6712882 ], [ 86.504289, 26.6684931 ], [ 86.4986522, 26.6637578 ], [ 86.4985035, 26.6579109 ], [ 86.5006663, 26.6542867 ], [ 86.5042349, 26.6527403 ], [ 86.5054245, 26.6472795 ], [ 86.5039105, 26.6429784 ], [ 86.5072088, 26.6396436 ], [ 86.5054785, 26.6335539 ], [ 86.5124536, 26.6234036 ], [ 86.5106152, 26.6208417 ], [ 86.5107465, 26.6077907 ], [ 86.5094797, 26.6065327 ], [ 86.5126698, 26.6025684 ], [ 86.5122913, 26.5999577 ], [ 86.5049378, 26.592367 ], [ 86.5051541, 26.5893209 ], [ 86.4974762, 26.5840746 ], [ 86.4935577, 26.5768594 ], [ 86.4968814, 26.5621442 ], [ 86.4957376, 26.5594333 ], [ 86.4858863, 26.5500124 ], [ 86.4558921, 26.5676189 ], [ 86.4290593, 26.5732899 ], [ 86.3948873, 26.5851543 ], [ 86.3971948, 26.5930924 ], [ 86.356734, 26.6040969 ], [ 86.3413327, 26.6061008 ], [ 86.3388491, 26.6097642 ], [ 86.3440855, 26.6167203 ], [ 86.3330643, 26.6191208 ], [ 86.3061551, 26.6201665 ], [ 86.2928524, 26.6130812 ], [ 86.2759394, 26.6173113 ], [ 86.2530125, 26.6148959 ], [ 86.2524245, 26.617186 ], [ 86.2477745, 26.6123398 ], [ 86.2484233, 26.6087746 ], [ 86.2462673, 26.607566 ], [ 86.2451588, 26.609397 ], [ 86.2439355, 26.6088229 ], [ 86.2429352, 26.602792 ], [ 86.2399749, 26.6033782 ], [ 86.2396437, 26.601396 ], [ 86.2375407, 26.6018278 ], [ 86.2372241, 26.5994561 ], [ 86.2348122, 26.5983381 ], [ 86.2341893, 26.5907722 ], [ 86.231032, 26.5931965 ], [ 86.2304955, 26.5914299 ], [ 86.2236321, 26.5914581 ], [ 86.2172941, 26.5885714 ], [ 86.2133116, 26.5906203 ], [ 86.2128223, 26.5926782 ], [ 86.2076376, 26.5933672 ], [ 86.20536, 26.5966579 ], [ 86.2016594, 26.5947248 ], [ 86.2008642, 26.5972354 ], [ 86.1978185, 26.5931707 ], [ 86.1958444, 26.5940437 ], [ 86.1954796, 26.6076228 ], [ 86.1907214, 26.6106924 ], [ 86.1902815, 26.6125005 ], [ 86.1935002, 26.611244 ], [ 86.1941761, 26.6125341 ], [ 86.1911884, 26.615215 ], [ 86.1829481, 26.6139335 ], [ 86.1760087, 26.6155363 ], [ 86.1741274, 26.6138865 ], [ 86.1708052, 26.6169421 ], [ 86.1679438, 26.6138923 ], [ 86.1613986, 26.6155433 ], [ 86.1566405, 26.6128914 ], [ 86.1550552, 26.6098644 ], [ 86.1469923, 26.6086971 ], [ 86.154462, 26.6223707 ], [ 86.1552988, 26.6269745 ], [ 86.1539685, 26.6319233 ], [ 86.150664, 26.6334578 ], [ 86.1508356, 26.6375624 ], [ 86.153196, 26.6394804 ], [ 86.1615216, 26.6406312 ], [ 86.1648046, 26.6388667 ], [ 86.1682606, 26.6419927 ], [ 86.1709367, 26.6524343 ], [ 86.1769731, 26.6521597 ], [ 86.1835046, 26.655361 ], [ 86.1854295, 26.6595771 ], [ 86.1903795, 26.664166 ], [ 86.1951482, 26.6648357 ], [ 86.1976854, 26.6695077 ], [ 86.1966104, 26.6758199 ], [ 86.2001893, 26.6854108 ], [ 86.1970556, 26.6885151 ], [ 86.1948556, 26.6979197 ], [ 86.19288, 26.6980718 ], [ 86.194191, 26.6996327 ], [ 86.1919262, 26.7064399 ], [ 86.1927272, 26.7126016 ], [ 86.1883545, 26.7155808 ], [ 86.1885262, 26.7192608 ], [ 86.183548, 26.7227107 ], [ 86.1807263, 26.7327117 ], [ 86.1769497, 26.7384608 ], [ 86.1750614, 26.7481953 ], [ 86.1731625, 26.7495397 ], [ 86.1624337, 26.7503828 ], [ 86.156683, 26.7555179 ], [ 86.156683, 26.7597331 ], [ 86.1476708, 26.7709984 ], [ 86.1479351, 26.7799603 ], [ 86.1445998, 26.7874397 ], [ 86.1508798, 26.7949035 ], [ 86.1521673, 26.8004005 ], [ 86.1516309, 26.8102254 ], [ 86.1550057, 26.8197421 ], [ 86.1494707, 26.8305176 ], [ 86.149675, 26.836019 ], [ 86.1538987, 26.8406995 ], [ 86.1547162, 26.8454406 ], [ 86.1533452, 26.8513287 ], [ 86.1441832, 26.8561499 ], [ 86.143264, 26.860443 ], [ 86.1396413, 26.8641571 ], [ 86.1413312, 26.8723154 ], [ 86.1375342, 26.8770449 ], [ 86.1311283, 26.8926736 ] ] ] } },
{ "type": "Feature", "properties": { "district_id": 73, "name": "सुनसरी जिल्ला" }, "geometry": { "type": "Polygon", "coordinates": [ [ [ 86.9038504, 26.4882278 ], [ 86.9176652, 26.5045254 ], [ 86.9156646, 26.5105495 ], [ 86.9179355, 26.5152427 ], [ 86.9331164, 26.5334722 ], [ 86.950488, 26.5373424 ], [ 86.9563739, 26.5428129 ], [ 86.9617556, 26.5435747 ], [ 86.9664562, 26.5472312 ], [ 86.9686021, 26.5519236 ], [ 86.9720423, 26.5538736 ], [ 86.9734389, 26.5578345 ], [ 86.9921386, 26.5716348 ], [ 86.9907463, 26.5774619 ], [ 86.9853934, 26.5816688 ], [ 86.9820463, 26.5868733 ], [ 86.9826358, 26.5929832 ], [ 86.9893863, 26.6050644 ], [ 86.9861098, 26.6143519 ], [ 86.9782123, 26.625199 ], [ 86.9848849, 26.628622 ], [ 86.9857739, 26.6307468 ], [ 86.9843092, 26.6393899 ], [ 86.9804342, 26.643499 ], [ 86.9804915, 26.6479666 ], [ 86.9858225, 26.6510611 ], [ 86.9909814, 26.6499852 ], [ 86.9963238, 26.651348 ], [ 87.0025021, 26.6586978 ], [ 87.0037527, 26.6636736 ], [ 87.0136367, 26.6709865 ], [ 87.012048, 26.6796562 ], [ 87.0196145, 26.6898175 ], [ 87.0185827, 26.6936688 ], [ 87.0118875, 26.6992815 ], [ 87.0090042, 26.7047183 ], [ 87.0090473, 26.7078263 ], [ 87.0132897, 26.7161397 ], [ 87.0119226, 26.7226137 ], [ 87.0165896, 26.7273859 ], [ 87.0199424, 26.7346588 ], [ 87.025854, 26.7377872 ], [ 87.028048, 26.7426307 ], [ 87.0341527, 26.744408 ], [ 87.0352324, 26.7462444 ], [ 87.0342343, 26.7503272 ], [ 87.039793, 26.7555952 ], [ 87.044596, 26.756703 ], [ 87.0481997, 26.752213 ], [ 87.0634787, 26.7444399 ], [ 87.0662525, 26.7457647 ], [ 87.0691818, 26.7509964 ], [ 87.0991563, 26.7509964 ], [ 87.1065137, 26.7554979 ], [ 87.1274576, 26.78901 ], [ 87.1347182, 26.8106451 ], [ 87.1428873, 26.816025 ], [ 87.1441456, 26.8202843 ], [ 87.141413, 26.8356153 ], [ 87.1494811, 26.8457243 ], [ 87.1518844, 26.8696149 ], [ 87.1652748, 26.8785077 ], [ 87.1706728, 26.8780406 ], [ 87.1797971, 26.8766601 ], [ 87.1813787, 26.8729162 ], [ 87.1854497, 26.8703328 ], [ 87.1880139, 26.8710027 ], [ 87.2001968, 26.8661534 ], [ 87.2065153, 26.8663813 ], [ 87.2169553, 26.8633427 ], [ 87.2207532, 26.8691463 ], [ 87.2264585, 26.8715011 ], [ 87.2333214, 26.8788928 ], [ 87.2374094, 26.8756484 ], [ 87.2407475, 26.8756484 ], [ 87.2438301, 26.8724582 ], [ 87.2528395, 26.8699211 ], [ 87.2559385, 26.8656454 ], [ 87.2619681, 26.8676119 ], [ 87.2645057, 26.8667307 ], [ 87.2691381, 26.8690703 ], [ 87.2737024, 26.8679309 ], [ 87.2974941, 26.8746392 ], [ 87.2991297, 26.8737495 ], [ 87.3004915, 26.8691701 ], [ 87.3025359, 26.8689336 ], [ 87.3065856, 26.8717395 ], [ 87.3107448, 26.8701794 ], [ 87.3117837, 26.8671105 ], [ 87.3193625, 26.8623095 ], [ 87.3238075, 26.853877 ], [ 87.3345711, 26.854819 ], [ 87.3432733, 26.8493576 ], [ 87.3476598, 26.8494625 ], [ 87.3499123, 26.8469337 ], [ 87.3538064, 26.8390176 ], [ 87.3465069, 26.8252909 ], [ 87.3494538, 26.8236503 ], [ 87.3495889, 26.8211653 ], [ 87.3405822, 26.8065018 ], [ 87.3369716, 26.8058329 ], [ 87.3307043, 26.7968945 ], [ 87.3273662, 26.7950702 ], [ 87.3234151, 26.7864363 ], [ 87.324684, 26.7829014 ], [ 87.3231214, 26.7797998 ], [ 87.3240794, 26.7739384 ], [ 87.327328, 26.7675635 ], [ 87.3300572, 26.765773 ], [ 87.3294569, 26.764317 ], [ 87.3323692, 26.7631347 ], [ 87.3327481, 26.7599374 ], [ 87.3357307, 26.7584585 ], [ 87.3378386, 26.754204 ], [ 87.3391959, 26.7480389 ], [ 87.3369589, 26.7403405 ], [ 87.3383536, 26.7366372 ], [ 87.334502, 26.7354011 ], [ 87.3344108, 26.7315731 ], [ 87.3297276, 26.7295561 ], [ 87.3288693, 26.7281187 ], [ 87.3305671, 26.7242761 ], [ 87.3268246, 26.7234908 ], [ 87.3276078, 26.7217994 ], [ 87.3251187, 26.7200792 ], [ 87.3249949, 26.7149059 ], [ 87.3191852, 26.716238 ], [ 87.3223073, 26.7124094 ], [ 87.319035, 26.7101092 ], [ 87.3183617, 26.7077755 ], [ 87.315654, 26.7074825 ], [ 87.3101906, 26.6985197 ], [ 87.3094995, 26.6891769 ], [ 87.3049188, 26.681175 ], [ 87.304419, 26.6766371 ], [ 87.3006445, 26.6755669 ], [ 87.2991333, 26.6724301 ], [ 87.2957271, 26.6726517 ], [ 87.2939214, 26.6679111 ], [ 87.2894537, 26.6703469 ], [ 87.2885, 26.6646701 ], [ 87.2861669, 26.663234 ], [ 87.2875697, 26.6602354 ], [ 87.2847603, 26.6573347 ], [ 87.2870977, 26.650698 ], [ 87.2893038, 26.649656 ], [ 87.2894263, 26.6461507 ], [ 87.2953081, 26.6390459 ], [ 87.294321, 26.6347495 ], [ 87.3004365, 26.6313545 ], [ 87.3008227, 26.6290527 ], [ 87.3010802, 26.615865 ], [ 87.2937202, 26.6091697 ], [ 87.291317, 26.6019943 ], [ 87.2884845, 26.6013611 ], [ 87.2885275, 26.5952406 ], [ 87.2846222, 26.5934369 ], [ 87.2866789, 26.5876476 ], [ 87.2896423, 26.5849519 ], [ 87.2913624, 26.5769405 ], [ 87.2867811, 26.5731017 ], [ 87.2834771, 26.5589204 ], [ 87.2782315, 26.5596668 ], [ 87.2756088, 26.5554775 ], [ 87.2736502, 26.5550357 ], [ 87.2723048, 26.5503891 ], [ 87.2673317, 26.5500387 ], [ 87.2654924, 26.5481648 ], [ 87.2639773, 26.5442217 ], [ 87.2597193, 26.5400618 ], [ 87.2605169, 26.5337853 ], [ 87.2553835, 26.5347491 ], [ 87.2537098, 26.5366304 ], [ 87.2554479, 26.5290857 ], [ 87.2506341, 26.5273953 ], [ 87.2503592, 26.5244518 ], [ 87.2476316, 26.5238293 ], [ 87.2457948, 26.5209866 ], [ 87.2474124, 26.5155981 ], [ 87.2502745, 26.5221638 ], [ 87.2539413, 26.5195654 ], [ 87.2497608, 26.5086701 ], [ 87.2526517, 26.5032954 ], [ 87.2450771, 26.4908514 ], [ 87.2463646, 26.4871641 ], [ 87.2442832, 26.484917 ], [ 87.2432532, 26.4753137 ], [ 87.2384681, 26.4700124 ], [ 87.2449698, 26.4653447 ], [ 87.2448625, 26.4548753 ], [ 87.247137, 26.4536843 ], [ 87.2444977, 26.4479208 ], [ 87.2440471, 26.4424261 ], [ 87.2458067, 26.4423108 ], [ 87.24512, 26.4390638 ], [ 87.2480597, 26.4332612 ], [ 87.2452414, 26.4262623 ], [ 87.2455544, 26.4226191 ], [ 87.2417354, 26.418291 ], [ 87.2453079, 26.4142044 ], [ 87.2288221, 26.41353 ], [ 87.2261399, 26.4108683 ], [ 87.2264242, 26.4090378 ], [ 87.2237581, 26.4088216 ], [ 87.2237366, 26.405809 ], [ 87.22018, 26.4034115 ], [ 87.2180262, 26.4042571 ], [ 87.2170435, 26.4068932 ], [ 87.2113209, 26.4089922 ], [ 87.2112868, 26.4132927 ], [ 87.1868542, 26.4142558 ], [ 87.1885674, 26.4055013 ], [ 87.1727739, 26.4034008 ], [ 87.1630778, 26.4038928 ], [ 87.1391889, 26.4147691 ], [ 87.0914995, 26.450408 ], [ 87.0800246, 26.5230624 ], [ 87.0767736, 26.5349428 ], [ 87.0726602, 26.5427705 ], [ 87.0730155, 26.5781768 ], [ 87.0711578, 26.5860156 ], [ 87.0446154, 26.5873071 ], [ 87.0422565, 26.5683181 ], [ 87.0151705, 26.5319823 ], [ 86.9901185, 26.5231519 ], [ 86.9792976, 26.5251593 ], [ 86.974848, 26.5201727 ], [ 86.9612002, 26.5239822 ], [ 86.9593442, 26.5205375 ], [ 86.9458824, 26.5206967 ], [ 86.9438831, 26.5173387 ], [ 86.9367851, 26.5178575 ], [ 86.9318441, 26.515929 ], [ 86.9276896, 26.5014346 ], [ 86.9292177, 26.4890348 ], [ 86.9038504, 26.4882278 ] ] ] } },
{ "type": "Feature", "properties": { "district_id": 74, "name": "सुर्खेत" }, "geometry": { "type": "Polygon", "coordinates": [ [ [ 80.9809188, 28.938757 ], [ 80.9832384, 28.9426326 ], [ 80.9925787, 28.9483506 ], [ 80.9996549, 28.9557147 ], [ 81.0039311, 28.9575352 ], [ 81.0089047, 28.9577083 ], [ 81.0192654, 28.9523857 ], [ 81.0429978, 28.9744248 ], [ 81.0504589, 28.9785703 ], [ 81.0676254, 28.9703462 ], [ 81.0906689, 28.9678064 ], [ 81.1002087, 28.9635162 ], [ 81.1031839, 28.9651218 ], [ 81.1152763, 28.9653883 ], [ 81.1249053, 28.9600058 ], [ 81.1310203, 28.9502076 ], [ 81.1416669, 28.9461193 ], [ 81.1463031, 28.938083 ], [ 81.1558827, 28.9329982 ], [ 81.1698406, 28.9206038 ], [ 81.183909, 28.914923 ], [ 81.192904, 28.9164361 ], [ 81.2039917, 28.9081741 ], [ 81.2364744, 28.9061352 ], [ 81.2384429, 28.9070909 ], [ 81.2407387, 28.9138809 ], [ 81.2462701, 28.9153315 ], [ 81.2514621, 28.9139456 ], [ 81.2616639, 28.9023169 ], [ 81.2656706, 28.9025203 ], [ 81.2724282, 28.9072702 ], [ 81.2759158, 28.9166588 ], [ 81.2814795, 28.9191174 ], [ 81.283998, 28.9226244 ], [ 81.3024957, 28.9258216 ], [ 81.3105806, 28.9198476 ], [ 81.3160024, 28.9206202 ], [ 81.3239459, 28.9078172 ], [ 81.3336748, 28.9087853 ], [ 81.3367308, 28.9071471 ], [ 81.3370439, 28.9006375 ], [ 81.3414669, 28.8935725 ], [ 81.3468469, 28.8903676 ], [ 81.3567924, 28.8899016 ], [ 81.374846, 28.8931132 ], [ 81.3856566, 28.8990657 ], [ 81.3948889, 28.9085511 ], [ 81.4034703, 28.9088828 ], [ 81.4144551, 28.9143499 ], [ 81.4186939, 28.9111071 ], [ 81.4241732, 28.9096672 ], [ 81.4311846, 28.9102096 ], [ 81.4420637, 28.8998949 ], [ 81.4646971, 28.8938903 ], [ 81.467335, 28.8902873 ], [ 81.4668074, 28.8851599 ], [ 81.4633254, 28.8817876 ], [ 81.4626395, 28.874396 ], [ 81.465594, 28.8702379 ], [ 81.4670529, 28.8607485 ], [ 81.4627981, 28.8557533 ], [ 81.4627098, 28.8531067 ], [ 81.4726504, 28.8498034 ], [ 81.4806701, 28.8434169 ], [ 81.4900286, 28.8414261 ], [ 81.4903696, 28.8371426 ], [ 81.4940629, 28.8332863 ], [ 81.4978478, 28.8219601 ], [ 81.5112677, 28.8086688 ], [ 81.5160912, 28.807685 ], [ 81.5222901, 28.8038821 ], [ 81.5231309, 28.7989271 ], [ 81.5186901, 28.7962397 ], [ 81.5157915, 28.7860244 ], [ 81.5158856, 28.779558 ], [ 81.5177038, 28.7773137 ], [ 81.5278314, 28.7745363 ], [ 81.5354418, 28.7626331 ], [ 81.5287851, 28.7557927 ], [ 81.5197547, 28.7512518 ], [ 81.5205568, 28.7485208 ], [ 81.5463966, 28.7488554 ], [ 81.5483412, 28.7399737 ], [ 81.5523954, 28.7371917 ], [ 81.5592111, 28.7364962 ], [ 81.5604743, 28.732323 ], [ 81.5584472, 28.7290256 ], [ 81.5615025, 28.7273511 ], [ 81.5621195, 28.7234094 ], [ 81.5737021, 28.7173707 ], [ 81.5744499, 28.7126703 ], [ 81.5858337, 28.7072773 ], [ 81.5877448, 28.7082247 ], [ 81.5932705, 28.7061841 ], [ 81.6017043, 28.7066543 ], [ 81.6055096, 28.7027498 ], [ 81.6089995, 28.695607 ], [ 81.616561, 28.6894843 ], [ 81.6218315, 28.6917296 ], [ 81.6301472, 28.6918388 ], [ 81.6391753, 28.6760194 ], [ 81.6585939, 28.6786705 ], [ 81.6611431, 28.677332 ], [ 81.6650274, 28.6791416 ], [ 81.6698901, 28.6766136 ], [ 81.674597, 28.6795279 ], [ 81.6905914, 28.6743277 ], [ 81.6993513, 28.6658369 ], [ 81.7021103, 28.6601181 ], [ 81.7121065, 28.6559778 ], [ 81.7287121, 28.6551344 ], [ 81.7331545, 28.6486675 ], [ 81.7395141, 28.6456774 ], [ 81.7426728, 28.6447374 ], [ 81.7461727, 28.6470348 ], [ 81.7498266, 28.6465878 ], [ 81.7761285, 28.6340067 ], [ 81.7834819, 28.6354329 ], [ 81.7832557, 28.6403959 ], [ 81.7813331, 28.6422817 ], [ 81.7825772, 28.652703 ], [ 81.789589, 28.6531992 ], [ 81.7942602, 28.6582221 ], [ 81.7961755, 28.6667528 ], [ 81.8075897, 28.6745825 ], [ 81.8103564, 28.6790327 ], [ 81.8098377, 28.6884446 ], [ 81.8069556, 28.6950178 ], [ 81.8114516, 28.698456 ], [ 81.8132235, 28.7192005 ], [ 81.8191247, 28.724112 ], [ 81.8370461, 28.7129784 ], [ 81.8390435, 28.7134202 ], [ 81.8445669, 28.7106325 ], [ 81.8477281, 28.7034571 ], [ 81.8595696, 28.6919875 ], [ 81.8612625, 28.6843181 ], [ 81.8651858, 28.6809239 ], [ 81.8669582, 28.6743053 ], [ 81.8669227, 28.6640083 ], [ 81.8733947, 28.6608252 ], [ 81.8782398, 28.6561482 ], [ 81.8782291, 28.6486501 ], [ 81.8817163, 28.6475522 ], [ 81.8836433, 28.644304 ], [ 81.8997635, 28.6438534 ], [ 81.9062039, 28.6453034 ], [ 81.921372, 28.6433541 ], [ 81.9249297, 28.6408276 ], [ 81.9272469, 28.6424451 ], [ 81.9319189, 28.6403038 ], [ 81.936646, 28.6414088 ], [ 81.945543, 28.6368663 ], [ 81.9575128, 28.6408999 ], [ 81.9755426, 28.6380758 ], [ 81.9794482, 28.641094 ], [ 81.9896176, 28.643142 ], [ 82.0180133, 28.6447372 ], [ 82.0306911, 28.6448382 ], [ 82.0404201, 28.6417333 ], [ 82.0348378, 28.6383077 ], [ 82.0294219, 28.6407819 ], [ 82.0264384, 28.6388633 ], [ 82.0265489, 28.6325595 ], [ 82.0220922, 28.6291165 ], [ 82.0213641, 28.6253979 ], [ 82.0269376, 28.617259 ], [ 82.025079, 28.6139516 ], [ 82.0189289, 28.6123777 ], [ 82.0143076, 28.6155935 ], [ 82.0069371, 28.6158221 ], [ 82.0034845, 28.6137205 ], [ 82.0076142, 28.6047558 ], [ 82.0065464, 28.6032466 ], [ 82.0112865, 28.599428 ], [ 82.0112712, 28.5973501 ], [ 82.0091398, 28.5925499 ], [ 81.999656, 28.5877171 ], [ 82.0027328, 28.5828533 ], [ 82.0029933, 28.5792398 ], [ 81.9952321, 28.5748942 ], [ 81.9943834, 28.5698507 ], [ 81.9960409, 28.56681 ], [ 82.0045491, 28.5625723 ], [ 82.0097351, 28.5505085 ], [ 82.0162462, 28.5464362 ], [ 82.0192153, 28.540442 ], [ 82.0181214, 28.5276287 ], [ 82.0261431, 28.5218164 ], [ 82.0278665, 28.5167507 ], [ 82.0236137, 28.5145998 ], [ 82.0203145, 28.5097989 ], [ 82.0211008, 28.5055908 ], [ 82.0256276, 28.5016969 ], [ 82.0255207, 28.4996189 ], [ 82.0082333, 28.4780945 ], [ 82.0110694, 28.4737075 ], [ 82.0091978, 28.467372 ], [ 82.0037618, 28.4664664 ], [ 82.001496, 28.4638334 ], [ 81.9906832, 28.4618342 ], [ 81.982801, 28.4539169 ], [ 81.9861896, 28.4510833 ], [ 81.9867789, 28.4471972 ], [ 81.9763922, 28.4457722 ], [ 81.9687916, 28.4476327 ], [ 81.9647532, 28.451357 ], [ 81.9615488, 28.4498349 ], [ 81.9611321, 28.4469803 ], [ 81.965895, 28.4457153 ], [ 81.9654162, 28.436647 ], [ 81.9606723, 28.4316084 ], [ 81.9623391, 28.4300968 ], [ 81.9620266, 28.4241875 ], [ 81.9653082, 28.4233171 ], [ 81.967548, 28.4182321 ], [ 81.9721839, 28.4165371 ], [ 81.9744758, 28.4043044 ], [ 81.9785908, 28.4034338 ], [ 81.9842164, 28.3969733 ], [ 81.9899841, 28.395731 ], [ 81.9815207, 28.3916504 ], [ 81.9769774, 28.3859958 ], [ 81.9778006, 28.3814432 ], [ 81.9757272, 28.3759137 ], [ 81.9814276, 28.3633012 ], [ 81.9756857, 28.3606474 ], [ 81.9680181, 28.3509791 ], [ 81.9607257, 28.3531794 ], [ 81.9466023, 28.3422349 ], [ 81.9394568, 28.3419107 ], [ 81.9372469, 28.337437 ], [ 81.9290701, 28.3381826 ], [ 81.9187581, 28.3457872 ], [ 81.9066214, 28.3497296 ], [ 81.90243, 28.3548761 ], [ 81.8910747, 28.3555178 ], [ 81.8846799, 28.3617992 ], [ 81.8767103, 28.36157 ], [ 81.866127, 28.3648988 ], [ 81.8622227, 28.3704084 ], [ 81.8422596, 28.3750751 ], [ 81.8415229, 28.3790287 ], [ 81.8357955, 28.3817589 ], [ 81.8331804, 28.3796201 ], [ 81.8192154, 28.3811257 ], [ 81.8136537, 28.3845282 ], [ 81.8105229, 28.3899072 ], [ 81.8070975, 28.3902636 ], [ 81.8052191, 28.388125 ], [ 81.793801, 28.3924021 ], [ 81.7922207, 28.3894301 ], [ 81.7794733, 28.3910088 ], [ 81.7683867, 28.3841393 ], [ 81.7680552, 28.377561 ], [ 81.7693444, 28.3750009 ], [ 81.767031, 28.3704268 ], [ 81.7626766, 28.3715307 ], [ 81.7584912, 28.3703717 ], [ 81.7550919, 28.3710446 ], [ 81.7525211, 28.3746151 ], [ 81.7317427, 28.377849 ], [ 81.7246466, 28.383438 ], [ 81.721049, 28.3828109 ], [ 81.7133555, 28.3869106 ], [ 81.7089254, 28.3915338 ], [ 81.7038476, 28.3927497 ], [ 81.6986797, 28.3985381 ], [ 81.6951087, 28.3994777 ], [ 81.6916339, 28.4033879 ], [ 81.6921146, 28.4066387 ], [ 81.687146, 28.4116252 ], [ 81.6829339, 28.4122082 ], [ 81.6736552, 28.41892 ], [ 81.6719086, 28.414633 ], [ 81.6700009, 28.4140616 ], [ 81.6591231, 28.416005 ], [ 81.6490951, 28.4224328 ], [ 81.644336, 28.4303549 ], [ 81.6317585, 28.4361839 ], [ 81.6262455, 28.4451631 ], [ 81.6209657, 28.4459731 ], [ 81.6117875, 28.4562096 ], [ 81.6081231, 28.4549829 ], [ 81.5923795, 28.4688904 ], [ 81.587812, 28.4689298 ], [ 81.5568044, 28.4958674 ], [ 81.5527181, 28.4936493 ], [ 81.5425025, 28.4956562 ], [ 81.5388969, 28.494283 ], [ 81.5398584, 28.5003035 ], [ 81.5301235, 28.5104425 ], [ 81.515461, 28.5137164 ], [ 81.5125638, 28.5234434 ], [ 81.4971365, 28.5347422 ], [ 81.4917282, 28.5333696 ], [ 81.4872814, 28.5402325 ], [ 81.4758639, 28.5405492 ], [ 81.466129, 28.5554349 ], [ 81.454036, 28.5531725 ], [ 81.4448563, 28.5546959 ], [ 81.4416114, 28.559763 ], [ 81.4335897, 28.5637074 ], [ 81.4334198, 28.5722159 ], [ 81.4302673, 28.5787081 ], [ 81.424361, 28.5784096 ], [ 81.4226163, 28.5819756 ], [ 81.4249957, 28.5884041 ], [ 81.4202673, 28.5911219 ], [ 81.419684, 28.5942984 ], [ 81.4165931, 28.5966929 ], [ 81.4106443, 28.5959467 ], [ 81.4001804, 28.6036998 ], [ 81.4011966, 28.6076616 ], [ 81.3779623, 28.6130704 ], [ 81.3754957, 28.6167993 ], [ 81.3709491, 28.6181048 ], [ 81.3637336, 28.624894 ], [ 81.345093, 28.6257138 ], [ 81.3397185, 28.6299608 ], [ 81.3312202, 28.6315272 ], [ 81.3242009, 28.6361303 ], [ 81.3168163, 28.6377208 ], [ 81.3139603, 28.6457305 ], [ 81.3105379, 28.649397 ], [ 81.3103421, 28.6528905 ], [ 81.3161381, 28.6523223 ], [ 81.3164048, 28.6560275 ], [ 81.3216049, 28.6632426 ], [ 81.3215339, 28.667674 ], [ 81.3181971, 28.6702226 ], [ 81.3086907, 28.671697 ], [ 81.3070343, 28.6732767 ], [ 81.3038895, 28.6727922 ], [ 81.302113, 28.6706017 ], [ 81.301969, 28.6732135 ], [ 81.3003126, 28.6739296 ], [ 81.2943351, 28.6732135 ], [ 81.2911903, 28.6747931 ], [ 81.2853128, 28.6733422 ], [ 81.2847007, 28.681191 ], [ 81.2793644, 28.6972353 ], [ 81.2662314, 28.7038319 ], [ 81.2729663, 28.7176146 ], [ 81.2740888, 28.7230287 ], [ 81.2702724, 28.728541 ], [ 81.2571394, 28.7289347 ], [ 81.2547822, 28.7323797 ], [ 81.2550628, 28.7360706 ], [ 81.2620783, 28.7457649 ], [ 81.2607874, 28.7501935 ], [ 81.2513586, 28.7548187 ], [ 81.2469112, 28.7613962 ], [ 81.2498433, 28.7684962 ], [ 81.2504045, 28.7745472 ], [ 81.2457462, 28.7812373 ], [ 81.2323543, 28.786133 ], [ 81.2257662, 28.7952065 ], [ 81.2268325, 28.7987969 ], [ 81.238919, 28.8036192 ], [ 81.2422666, 28.8086328 ], [ 81.2409171, 28.812762 ], [ 81.2293729, 28.8174304 ], [ 81.2299427, 28.8273277 ], [ 81.2331745, 28.8313504 ], [ 81.2234651, 28.838971 ], [ 81.2120773, 28.8444729 ], [ 81.2064816, 28.8498608 ], [ 81.2053704, 28.8546924 ], [ 81.2074738, 28.8568821 ], [ 81.2076325, 28.8600103 ], [ 81.2048942, 28.8637292 ], [ 81.2027712, 28.8642478 ], [ 81.1983064, 28.8614701 ], [ 81.2002904, 28.8526309 ], [ 81.195449, 28.8328966 ], [ 81.2070769, 28.8247263 ], [ 81.2071563, 28.8201368 ], [ 81.2015606, 28.8173551 ], [ 81.1779874, 28.8268819 ], [ 81.1729839, 28.8362963 ], [ 81.1671136, 28.8364774 ], [ 81.1558032, 28.8286898 ], [ 81.152549, 28.8312973 ], [ 81.1573112, 28.8439862 ], [ 81.151914, 28.8484704 ], [ 81.1451742, 28.8704182 ], [ 81.1409608, 28.8732517 ], [ 81.1345781, 28.8717438 ], [ 81.1268071, 28.8619639 ], [ 81.1259191, 28.8510754 ], [ 81.1125295, 28.8499059 ], [ 81.1035374, 28.8453072 ], [ 81.1011959, 28.8457591 ], [ 81.0916317, 28.8570038 ], [ 81.0897325, 28.8625472 ], [ 81.0769282, 28.8630514 ], [ 81.0718683, 28.8656755 ], [ 81.0710547, 28.8678997 ], [ 81.0739121, 28.8747113 ], [ 81.0725231, 28.8769701 ], [ 81.0702015, 28.8776304 ], [ 81.0575418, 28.8737556 ], [ 81.0514084, 28.8768341 ], [ 81.0488705, 28.8824607 ], [ 81.0395596, 28.8905408 ], [ 81.0294644, 28.9090087 ], [ 81.0208957, 28.9201234 ], [ 81.0065822, 28.9276595 ], [ 80.9988945, 28.9288264 ], [ 80.9859463, 28.9347161 ], [ 80.9809188, 28.938757 ] ] ] } },
{ "type": "Feature", "properties": { "district_id": 75, "name": "सोलुखुम्बु जिल्ला" }, "geometry": { "type": "Polygon", "coordinates": [ [ [ 86.3557174, 27.5265068 ], [ 86.3575134, 27.5297413 ], [ 86.3583965, 27.5399097 ], [ 86.3695154, 27.5497887 ], [ 86.3705305, 27.5523812 ], [ 86.3690986, 27.5583243 ], [ 86.3761536, 27.5682046 ], [ 86.3806492, 27.5715662 ], [ 86.3881488, 27.5727098 ], [ 86.3983609, 27.5835975 ], [ 86.4084751, 27.5847152 ], [ 86.4098829, 27.5866613 ], [ 86.4133145, 27.586933 ], [ 86.4178201, 27.5915186 ], [ 86.4200438, 27.5988087 ], [ 86.4300852, 27.6043736 ], [ 86.4346513, 27.6104141 ], [ 86.4695549, 27.6172574 ], [ 86.4764827, 27.6159593 ], [ 86.4839589, 27.6173704 ], [ 86.4923251, 27.6143223 ], [ 86.4939129, 27.6157673 ], [ 86.5044594, 27.6293798 ], [ 86.5041375, 27.6329918 ], [ 86.5070375, 27.6407274 ], [ 86.5112457, 27.6425608 ], [ 86.5135663, 27.6483291 ], [ 86.5179348, 27.6465927 ], [ 86.5268612, 27.6511925 ], [ 86.5286887, 27.6557434 ], [ 86.5273684, 27.6609327 ], [ 86.532875, 27.6629481 ], [ 86.5386414, 27.671053 ], [ 86.5388346, 27.6757278 ], [ 86.5364647, 27.6787402 ], [ 86.5394354, 27.6836991 ], [ 86.5386756, 27.6879327 ], [ 86.5406427, 27.6929368 ], [ 86.5388346, 27.6970372 ], [ 86.541034, 27.7032687 ], [ 86.5519023, 27.7108676 ], [ 86.5511405, 27.7172693 ], [ 86.5570736, 27.7288749 ], [ 86.5561325, 27.7315753 ], [ 86.5578353, 27.7351046 ], [ 86.5573096, 27.7377825 ], [ 86.5636504, 27.7447903 ], [ 86.5639937, 27.7486358 ], [ 86.572647, 27.7542227 ], [ 86.5697434, 27.7599407 ], [ 86.5650451, 27.7621179 ], [ 86.565358, 27.7649783 ], [ 86.5628028, 27.770605 ], [ 86.5654528, 27.7750002 ], [ 86.565485, 27.785698 ], [ 86.568722, 27.7952107 ], [ 86.5656888, 27.8001435 ], [ 86.5665171, 27.8043638 ], [ 86.5480697, 27.8111297 ], [ 86.5420103, 27.8115078 ], [ 86.5399289, 27.8149382 ], [ 86.5436007, 27.8226305 ], [ 86.544239, 27.8292252 ], [ 86.5537369, 27.8598129 ], [ 86.5508863, 27.8762881 ], [ 86.5544495, 27.8862019 ], [ 86.5510762, 27.8984776 ], [ 86.5547347, 27.907248 ], [ 86.5496484, 27.9192592 ], [ 86.5487883, 27.9283068 ], [ 86.5471759, 27.9310372 ], [ 86.5342641, 27.9392042 ], [ 86.5336203, 27.9418202 ], [ 86.5270543, 27.9398393 ], [ 86.5207243, 27.9402563 ], [ 86.5180805, 27.9533283 ], [ 86.512554, 27.959253 ], [ 86.512903, 27.9636177 ], [ 86.5110898, 27.967645 ], [ 86.5121198, 27.9698244 ], [ 86.5165186, 27.9708288 ], [ 86.519351, 27.9736051 ], [ 86.5148663, 27.9780489 ], [ 86.5124738, 27.9857234 ], [ 86.5153116, 27.9908251 ], [ 86.5150809, 28.0017621 ], [ 86.5189862, 28.004405 ], [ 86.5213465, 28.019579 ], [ 86.5238786, 28.0227992 ], [ 86.528561, 28.024165 ], [ 86.530911, 28.027836 ], [ 86.530324, 28.03092 ], [ 86.533995, 28.04076 ], [ 86.533261, 28.047956 ], [ 86.5364206, 28.0508486 ], [ 86.5497351, 28.0515398 ], [ 86.5557432, 28.0570409 ], [ 86.55764, 28.062789 ], [ 86.5650129, 28.0696136 ], [ 86.558374, 28.078209 ], [ 86.5589322, 28.0832068 ], [ 86.5648694, 28.0871084 ], [ 86.5667982, 28.091292 ], [ 86.5618533, 28.1035328 ], [ 86.5630495, 28.108487 ], [ 86.5687144, 28.1116951 ], [ 86.571298, 28.110812 ], [ 86.5785527, 28.1133133 ], [ 86.5941739, 28.103159 ], [ 86.6023455, 28.1018494 ], [ 86.604635, 28.100238 ], [ 86.6077888, 28.0915745 ], [ 86.6023493, 28.0875708 ], [ 86.6043556, 28.0843809 ], [ 86.6037547, 28.0825919 ], [ 86.6085184, 28.0758142 ], [ 86.6126597, 28.0730974 ], [ 86.627986, 28.073804 ], [ 86.6355487, 28.070525 ], [ 86.6397285, 28.073921 ], [ 86.6498478, 28.07477 ], [ 86.6572595, 28.080623 ], [ 86.6599095, 28.0902684 ], [ 86.6601133, 28.0928523 ], [ 86.6584495, 28.0946469 ], [ 86.659634, 28.0967465 ], [ 86.6666472, 28.1011526 ], [ 86.6799831, 28.1035375 ], [ 86.6888451, 28.1085627 ], [ 86.7042732, 28.1070391 ], [ 86.7054963, 28.1056007 ], [ 86.7141008, 28.1070013 ], [ 86.7317605, 28.1025722 ], [ 86.7377686, 28.1031968 ], [ 86.7419636, 28.0986825 ], [ 86.7460084, 28.0976698 ], [ 86.7463088, 28.0875235 ], [ 86.751642, 28.080266 ], [ 86.7650413, 28.0750096 ], [ 86.752524, 28.066754 ], [ 86.7491412, 28.0451484 ], [ 86.7503214, 28.0404896 ], [ 86.7543769, 28.0370805 ], [ 86.759571, 28.0346233 ], [ 86.7740925, 28.0382499 ], [ 86.775434, 28.034004 ], [ 86.778665, 28.031802 ], [ 86.778958, 28.027689 ], [ 86.7898112, 28.0190339 ], [ 86.801721, 28.023724 ], [ 86.8097387, 28.0199479 ], [ 86.8190208, 28.0196466 ], [ 86.8273505, 28.0158523 ], [ 86.8346469, 28.0153173 ], [ 86.8461646, 28.019484 ], [ 86.848307, 28.025488 ], [ 86.851087, 28.027756 ], [ 86.8652211, 28.0258345 ], [ 86.872193, 28.0219052 ], [ 86.8728471, 28.0193788 ], [ 86.8709564, 28.0133235 ], [ 86.8764352, 28.0103933 ], [ 86.8790169, 28.0069868 ], [ 86.8881904, 28.0025338 ], [ 86.8890099, 27.9967624 ], [ 86.92521, 27.9880614 ], [ 86.9253087, 27.984918 ], [ 86.9298186, 27.9813527 ], [ 86.9300723, 27.9764571 ], [ 86.9319071, 27.9741973 ], [ 86.9325045, 27.9619855 ], [ 86.9506437, 27.9566686 ], [ 86.9715822, 27.9549087 ], [ 86.9833813, 27.9496738 ], [ 86.9781697, 27.9272703 ], [ 86.980868, 27.9198193 ], [ 86.973803, 27.9165107 ], [ 86.9716251, 27.9108792 ], [ 86.9679665, 27.9078548 ], [ 86.9673443, 27.902166 ], [ 86.9733542, 27.8958288 ], [ 86.9735934, 27.8778307 ], [ 86.9786739, 27.874002 ], [ 86.9838667, 27.8644227 ], [ 86.9878149, 27.8631328 ], [ 86.9860983, 27.8558291 ], [ 86.9908986, 27.8471292 ], [ 86.9894242, 27.8395315 ], [ 86.9862485, 27.8363248 ], [ 86.9857979, 27.8336873 ], [ 86.9770751, 27.8254367 ], [ 86.9939303, 27.825281 ], [ 86.9992947, 27.8235161 ], [ 87.0007431, 27.8205462 ], [ 87.0093886, 27.8179045 ], [ 87.0099643, 27.814888 ], [ 86.9939947, 27.7955026 ], [ 86.9838238, 27.7920098 ], [ 86.985803, 27.7859041 ], [ 86.9857386, 27.7797912 ], [ 86.9783735, 27.7754749 ], [ 86.9825797, 27.7542329 ], [ 86.9787383, 27.751152 ], [ 86.9930076, 27.7430431 ], [ 86.9943371, 27.7329166 ], [ 86.9956898, 27.7316669 ], [ 87.0068316, 27.7277895 ], [ 87.0073894, 27.7192326 ], [ 87.004042, 27.7101145 ], [ 87.000523, 27.7081008 ], [ 86.9993179, 27.7013747 ], [ 86.9917202, 27.6967332 ], [ 86.9865755, 27.686024 ], [ 86.9879058, 27.6635626 ], [ 86.9859695, 27.6599829 ], [ 86.9864201, 27.6563718 ], [ 86.9824127, 27.6501824 ], [ 86.9832281, 27.6463049 ], [ 86.9757142, 27.6411712 ], [ 86.972442, 27.6355602 ], [ 86.9680678, 27.6321355 ], [ 86.9679321, 27.6293116 ], [ 86.9637274, 27.6231528 ], [ 86.9563014, 27.6163626 ], [ 86.9578612, 27.6118557 ], [ 86.9571491, 27.6083401 ], [ 86.9528243, 27.6047043 ], [ 86.9561083, 27.5992694 ], [ 86.9556675, 27.5947618 ], [ 86.9575324, 27.5880753 ], [ 86.9560405, 27.5854007 ], [ 86.9560744, 27.5772265 ], [ 86.9541567, 27.5743984 ], [ 86.9553285, 27.5705544 ], [ 86.9602109, 27.5687511 ], [ 86.96411, 27.5648137 ], [ 86.9663478, 27.5557361 ], [ 86.9656711, 27.5448282 ], [ 86.9668391, 27.5418091 ], [ 86.965195, 27.5398786 ], [ 86.9582783, 27.5375938 ], [ 86.946245, 27.5266715 ], [ 86.9408478, 27.5078426 ], [ 86.95332, 27.4956976 ], [ 86.9625743, 27.4833622 ], [ 86.9570121, 27.4782574 ], [ 86.9483812, 27.4759602 ], [ 86.9470749, 27.4688277 ], [ 86.9399555, 27.4583622 ], [ 86.938279, 27.4501233 ], [ 86.9364406, 27.4483479 ], [ 86.9236373, 27.4404375 ], [ 86.9156135, 27.4402592 ], [ 86.9062668, 27.433425 ], [ 86.8894942, 27.4346905 ], [ 86.8850151, 27.4313197 ], [ 86.8802294, 27.4311081 ], [ 86.8711859, 27.4273441 ], [ 86.8594346, 27.434887 ], [ 86.8523241, 27.4328149 ], [ 86.8477321, 27.4344527 ], [ 86.8341842, 27.4308536 ], [ 86.83059, 27.4318167 ], [ 86.8244189, 27.4394604 ], [ 86.8203386, 27.439583 ], [ 86.8029218, 27.4203801 ], [ 86.7855943, 27.4111749 ], [ 86.7705395, 27.4118371 ], [ 86.7585588, 27.3990131 ], [ 86.755872, 27.3995735 ], [ 86.7510762, 27.394525 ], [ 86.7396036, 27.3970913 ], [ 86.7338101, 27.3945765 ], [ 86.7075459, 27.3949576 ], [ 86.6855133, 27.3927949 ], [ 86.6819728, 27.3906707 ], [ 86.6828526, 27.389318 ], [ 86.680026, 27.3851576 ], [ 86.6828633, 27.3833449 ], [ 86.6835151, 27.3801511 ], [ 86.6815651, 27.3772858 ], [ 86.6817772, 27.3702777 ], [ 86.678862, 27.3666342 ], [ 86.6802785, 27.3569523 ], [ 86.6786446, 27.353662 ], [ 86.6704918, 27.3527551 ], [ 86.6571107, 27.3399204 ], [ 86.6348209, 27.3381965 ], [ 86.6068388, 27.3435741 ], [ 86.5981893, 27.3415414 ], [ 86.5895257, 27.3438402 ], [ 86.5706292, 27.3409043 ], [ 86.5665393, 27.3462234 ], [ 86.5637569, 27.353523 ], [ 86.5642976, 27.3657066 ], [ 86.556287, 27.3736191 ], [ 86.5478523, 27.3784838 ], [ 86.5420915, 27.3850738 ], [ 86.535948, 27.3875918 ], [ 86.5318715, 27.3969374 ], [ 86.5263528, 27.398426 ], [ 86.524274, 27.4028796 ], [ 86.5096385, 27.4109043 ], [ 86.5051091, 27.4178602 ], [ 86.5050076, 27.4214316 ], [ 86.502454, 27.4255515 ], [ 86.4912044, 27.4276882 ], [ 86.4881838, 27.4269665 ], [ 86.4847865, 27.4225835 ], [ 86.4771073, 27.4229543 ], [ 86.473296, 27.421453 ], [ 86.4696749, 27.423048 ], [ 86.464478, 27.4285922 ], [ 86.4601913, 27.43453 ], [ 86.4659198, 27.4409148 ], [ 86.4672782, 27.4456988 ], [ 86.4543723, 27.4546334 ], [ 86.453627, 27.461661 ], [ 86.4397448, 27.485784 ], [ 86.4320274, 27.4866846 ], [ 86.4286675, 27.4848229 ], [ 86.4229877, 27.4875837 ], [ 86.415128, 27.4954952 ], [ 86.414077, 27.498977 ], [ 86.4116639, 27.5006468 ], [ 86.4107264, 27.5064965 ], [ 86.4023464, 27.5163609 ], [ 86.3979913, 27.5181303 ], [ 86.386409, 27.5157208 ], [ 86.3809068, 27.5166339 ], [ 86.3753416, 27.5154367 ], [ 86.3636735, 27.5215288 ], [ 86.3611512, 27.5255816 ], [ 86.3570559, 27.5243287 ], [ 86.3557174, 27.5265068 ] ] ] } },
{ "type": "Feature", "properties": { "district_id": 76, "name": "स्याङ्जा" }, "geometry": { "type": "Polygon", "coordinates": [ [ [ 83.4397183, 27.9334545 ], [ 83.4456931, 27.9388679 ], [ 83.4441258, 27.9445653 ], [ 83.4574531, 27.950742 ], [ 83.4637596, 27.9553885 ], [ 83.4659298, 27.963082 ], [ 83.4755881, 27.9746995 ], [ 83.4779993, 27.9748009 ], [ 83.4824771, 27.9812143 ], [ 83.4862087, 27.981848 ], [ 83.5021682, 27.9766515 ], [ 83.51004, 27.9680075 ], [ 83.522778, 27.9639915 ], [ 83.5279668, 27.9668361 ], [ 83.5311511, 27.9647191 ], [ 83.5338183, 27.9681911 ], [ 83.5418424, 27.9716431 ], [ 83.5463528, 27.9711485 ], [ 83.5498448, 27.976789 ], [ 83.5549283, 27.9763374 ], [ 83.5563694, 27.973959 ], [ 83.5713465, 27.976075 ], [ 83.5766664, 27.9744276 ], [ 83.578541, 27.9754904 ], [ 83.5794256, 27.9792898 ], [ 83.5845675, 27.9791134 ], [ 83.5841191, 27.9870497 ], [ 83.5916914, 27.9886229 ], [ 83.6025816, 27.9962406 ], [ 83.60398, 27.999656 ], [ 83.6030279, 28.0026509 ], [ 83.6049917, 28.0054356 ], [ 83.6048959, 28.0122795 ], [ 83.6080713, 28.0103875 ], [ 83.610288, 28.0125678 ], [ 83.6148339, 28.0118097 ], [ 83.6270782, 28.0053627 ], [ 83.6271005, 28.0120222 ], [ 83.6316637, 28.0163166 ], [ 83.6376088, 28.0181585 ], [ 83.6459094, 28.0133586 ], [ 83.6550426, 28.0121113 ], [ 83.6634323, 28.014518 ], [ 83.6703979, 28.014517 ], [ 83.6722369, 28.0168839 ], [ 83.6750657, 28.0167021 ], [ 83.6860772, 28.0225 ], [ 83.6888067, 28.0288465 ], [ 83.6935023, 28.0265252 ], [ 83.6982121, 28.0323878 ], [ 83.6941802, 28.0339311 ], [ 83.6915682, 28.0324687 ], [ 83.6885406, 28.0387375 ], [ 83.6924765, 28.0389379 ], [ 83.6940407, 28.0412538 ], [ 83.6944318, 28.0452286 ], [ 83.6916186, 28.0469988 ], [ 83.6938506, 28.0526125 ], [ 83.7022874, 28.0521794 ], [ 83.7088643, 28.060996 ], [ 83.7127267, 28.0631686 ], [ 83.7107143, 28.0741638 ], [ 83.7085877, 28.0756046 ], [ 83.7087305, 28.0826248 ], [ 83.7106929, 28.0834118 ], [ 83.7030247, 28.0902188 ], [ 83.7132976, 28.0889521 ], [ 83.7176506, 28.0898649 ], [ 83.7201125, 28.0915647 ], [ 83.7237773, 28.0985839 ], [ 83.7300382, 28.1013974 ], [ 83.7184431, 28.1088394 ], [ 83.714673, 28.113218 ], [ 83.7071138, 28.1167876 ], [ 83.707694, 28.1285413 ], [ 83.7114054, 28.1334199 ], [ 83.7176028, 28.134902 ], [ 83.7269465, 28.144667 ], [ 83.7345094, 28.1481556 ], [ 83.7488473, 28.1486495 ], [ 83.7592897, 28.1460927 ], [ 83.7642908, 28.1529254 ], [ 83.7629539, 28.1599105 ], [ 83.7606454, 28.1630062 ], [ 83.7657704, 28.1709509 ], [ 83.7612981, 28.1744448 ], [ 83.757269, 28.1828147 ], [ 83.7566251, 28.190378 ], [ 83.7628455, 28.1916199 ], [ 83.7714038, 28.198185 ], [ 83.7767359, 28.1999368 ], [ 83.782663, 28.1963639 ], [ 83.7834419, 28.1987411 ], [ 83.7868771, 28.199661 ], [ 83.7871792, 28.2026976 ], [ 83.7995783, 28.2090084 ], [ 83.8027831, 28.2201671 ], [ 83.8044835, 28.221166 ], [ 83.805968, 28.2189542 ], [ 83.8095977, 28.2195682 ], [ 83.8163233, 28.210159 ], [ 83.8234273, 28.2144086 ], [ 83.8356215, 28.2133432 ], [ 83.8408889, 28.209618 ], [ 83.8428845, 28.2041531 ], [ 83.8466825, 28.202489 ], [ 83.8467254, 28.1995579 ], [ 83.8555708, 28.193827 ], [ 83.8627864, 28.197941 ], [ 83.873613, 28.1974163 ], [ 83.8764979, 28.1929673 ], [ 83.8903606, 28.1952104 ], [ 83.8985012, 28.1894282 ], [ 83.9070977, 28.1751288 ], [ 83.923795, 28.1686432 ], [ 83.9270514, 28.1612855 ], [ 83.9223786, 28.1559306 ], [ 83.923483, 28.1514262 ], [ 83.9296436, 28.1451944 ], [ 83.9341036, 28.1440336 ], [ 83.936968, 28.1380649 ], [ 83.9497646, 28.1400039 ], [ 83.9557194, 28.1391056 ], [ 83.9600657, 28.1411375 ], [ 83.9613235, 28.1389802 ], [ 83.9688703, 28.1435751 ], [ 83.9701419, 28.1415397 ], [ 83.9792229, 28.1434776 ], [ 83.9796929, 28.1402356 ], [ 83.9823052, 28.1404794 ], [ 83.9833004, 28.1380173 ], [ 83.9860648, 28.1389924 ], [ 83.9865762, 28.136445 ], [ 83.9905293, 28.1371642 ], [ 83.9901423, 28.1342267 ], [ 83.9918562, 28.1359819 ], [ 84.0003775, 28.1310088 ], [ 84.0017251, 28.1316487 ], [ 84.0027, 28.1301265 ], [ 83.9987921, 28.126447 ], [ 83.9988837, 28.1218448 ], [ 84.0047096, 28.1156947 ], [ 83.9946568, 28.1101688 ], [ 83.9951108, 28.102327 ], [ 83.990153, 28.0984949 ], [ 83.9849149, 28.0982634 ], [ 83.9821424, 28.0997255 ], [ 83.9692321, 28.0887572 ], [ 83.9626043, 28.0879806 ], [ 83.9589259, 28.0845231 ], [ 83.9587485, 28.0797533 ], [ 83.9685332, 28.0770981 ], [ 83.9693853, 28.075693 ], [ 83.9601581, 28.0704495 ], [ 83.9546524, 28.0702338 ], [ 83.9503469, 28.0673978 ], [ 83.9400798, 28.0688684 ], [ 83.9408075, 28.0618942 ], [ 83.9469837, 28.0521962 ], [ 83.9544016, 28.0513835 ], [ 83.9595317, 28.0467592 ], [ 83.9615273, 28.0437481 ], [ 83.9612672, 28.0399643 ], [ 83.9668215, 28.0377065 ], [ 83.9806204, 28.0377596 ], [ 83.9857084, 28.0407636 ], [ 83.9883383, 28.0446625 ], [ 83.9960387, 28.0469721 ], [ 83.9967044, 28.0345252 ], [ 84.0021445, 28.0345346 ], [ 84.0032536, 28.0312196 ], [ 84.0093265, 28.028675 ], [ 84.0176021, 28.0306539 ], [ 84.0201344, 28.0273585 ], [ 84.0284803, 28.0237368 ], [ 84.0299112, 28.0195651 ], [ 84.0313983, 28.0197867 ], [ 84.0255846, 28.014724 ], [ 84.0166142, 28.0118596 ], [ 84.013387, 28.0137002 ], [ 84.0056931, 28.0138623 ], [ 84.0037483, 28.0070262 ], [ 83.9917703, 28.0061207 ], [ 83.9921252, 28.0010136 ], [ 83.987976, 27.9981601 ], [ 83.9793205, 27.9976144 ], [ 83.9810051, 27.9922571 ], [ 83.9782668, 27.9887223 ], [ 83.9807345, 27.9789357 ], [ 83.9798861, 27.9728291 ], [ 83.9773945, 27.9706446 ], [ 83.9767473, 27.9662674 ], [ 83.9713485, 27.9624918 ], [ 83.9701873, 27.9583989 ], [ 83.9676698, 27.9596487 ], [ 83.967277, 27.9555057 ], [ 83.9704799, 27.9479144 ], [ 83.9691884, 27.9384834 ], [ 83.9724643, 27.9357601 ], [ 83.9745779, 27.930236 ], [ 83.9735202, 27.922684 ], [ 83.9761069, 27.9214015 ], [ 83.9781221, 27.91723 ], [ 83.9782288, 27.9098902 ], [ 83.9754994, 27.9086549 ], [ 83.9740568, 27.902632 ], [ 83.9708292, 27.9014118 ], [ 83.9690696, 27.9024132 ], [ 83.960142, 27.8983693 ], [ 83.9542196, 27.8975042 ], [ 83.9549948, 27.8951707 ], [ 83.9521671, 27.894841 ], [ 83.9532952, 27.8927363 ], [ 83.9519323, 27.8890983 ], [ 83.9459806, 27.8946464 ], [ 83.9408162, 27.894106 ], [ 83.9411409, 27.8904833 ], [ 83.9365605, 27.8867245 ], [ 83.9398529, 27.8827573 ], [ 83.9386576, 27.8808455 ], [ 83.9407961, 27.8784701 ], [ 83.9367395, 27.8780124 ], [ 83.9337366, 27.8738935 ], [ 83.9247016, 27.8680946 ], [ 83.9199805, 27.8720273 ], [ 83.9133712, 27.8712162 ], [ 83.9106281, 27.8726642 ], [ 83.9098241, 27.8738995 ], [ 83.9139411, 27.8771117 ], [ 83.9125647, 27.8793027 ], [ 83.8910656, 27.8865205 ], [ 83.8841267, 27.8823495 ], [ 83.8802069, 27.8824476 ], [ 83.880918, 27.8868518 ], [ 83.8770992, 27.8885071 ], [ 83.8712971, 27.8849625 ], [ 83.8606766, 27.8823559 ], [ 83.8599302, 27.8797172 ], [ 83.8613942, 27.8757336 ], [ 83.8575765, 27.8735261 ], [ 83.8512042, 27.874541 ], [ 83.8514338, 27.8809858 ], [ 83.8471569, 27.8821022 ], [ 83.8437698, 27.8806559 ], [ 83.8470995, 27.8708364 ], [ 83.8424494, 27.867766 ], [ 83.8289355, 27.8727698 ], [ 83.8209499, 27.8778523 ], [ 83.8153767, 27.8740883 ], [ 83.8056649, 27.873044 ], [ 83.7982305, 27.881988 ], [ 83.7910975, 27.8837894 ], [ 83.7859307, 27.8883942 ], [ 83.7800607, 27.8978824 ], [ 83.7733173, 27.9046385 ], [ 83.7635845, 27.9097009 ], [ 83.7561214, 27.9094726 ], [ 83.7578455, 27.9029379 ], [ 83.7494316, 27.9073276 ], [ 83.7442762, 27.9074353 ], [ 83.7424291, 27.9050138 ], [ 83.7470771, 27.902664 ], [ 83.7461232, 27.8994532 ], [ 83.7347975, 27.9047089 ], [ 83.7342901, 27.9079554 ], [ 83.7254812, 27.9122601 ], [ 83.7185245, 27.9204137 ], [ 83.7112124, 27.9167798 ], [ 83.7017337, 27.9185912 ], [ 83.6973902, 27.9168156 ], [ 83.6893729, 27.9239894 ], [ 83.6873229, 27.9233796 ], [ 83.6865313, 27.9189678 ], [ 83.6841769, 27.916726 ], [ 83.6809902, 27.9174075 ], [ 83.6794071, 27.920295 ], [ 83.6818833, 27.9240253 ], [ 83.675571, 27.9276299 ], [ 83.667716, 27.9220884 ], [ 83.6552334, 27.9023591 ], [ 83.6487384, 27.9024488 ], [ 83.6450037, 27.8986101 ], [ 83.6420201, 27.902395 ], [ 83.6343884, 27.899238 ], [ 83.6317092, 27.9115606 ], [ 83.6335175, 27.9124851 ], [ 83.633034, 27.9140512 ], [ 83.6261034, 27.9148279 ], [ 83.6210521, 27.9174243 ], [ 83.6266697, 27.9248642 ], [ 83.6256934, 27.9264681 ], [ 83.6213482, 27.926106 ], [ 83.6167455, 27.930476 ], [ 83.6087118, 27.9249249 ], [ 83.600925, 27.9235097 ], [ 83.5931571, 27.9309765 ], [ 83.573813, 27.9307224 ], [ 83.5733109, 27.9323661 ], [ 83.5767683, 27.9360146 ], [ 83.5705084, 27.9435563 ], [ 83.5677555, 27.9405063 ], [ 83.5667686, 27.9350704 ], [ 83.5640304, 27.933932 ], [ 83.5600917, 27.9348301 ], [ 83.5495785, 27.9281713 ], [ 83.5460425, 27.9295413 ], [ 83.5381804, 27.9284038 ], [ 83.5371998, 27.9371301 ], [ 83.5313232, 27.9396909 ], [ 83.5304742, 27.9317466 ], [ 83.5243638, 27.9240785 ], [ 83.5223811, 27.9252529 ], [ 83.5225237, 27.9308922 ], [ 83.5164802, 27.9375358 ], [ 83.5102983, 27.9406124 ], [ 83.5070045, 27.9407072 ], [ 83.5035541, 27.9371358 ], [ 83.5096846, 27.9326941 ], [ 83.5070196, 27.92942 ], [ 83.5026692, 27.9272468 ], [ 83.4954045, 27.9271544 ], [ 83.4934707, 27.9294226 ], [ 83.4904648, 27.9291346 ], [ 83.4875469, 27.9269087 ], [ 83.4862277, 27.922927 ], [ 83.4837651, 27.922575 ], [ 83.4681927, 27.9280147 ], [ 83.4612611, 27.9345686 ], [ 83.4522661, 27.9327531 ], [ 83.4488219, 27.9281376 ], [ 83.4397183, 27.9334545 ] ] ] } },
{ "type": "Feature", "properties": { "district_id": 77, "name": "हुम्ला" }, "geometry": { "type": "Polygon", "coordinates": [ [ [ 81.256219, 30.144718 ], [ 81.2576683, 30.1511096 ], [ 81.2633949, 30.1513866 ], [ 81.267261, 30.153946 ], [ 81.273312, 30.154853 ], [ 81.287531, 30.155307 ], [ 81.292825, 30.158483 ], [ 81.3039266, 30.1589796 ], [ 81.303739, 30.1639536 ], [ 81.306311, 30.1640981 ], [ 81.3085806, 30.1620253 ], [ 81.3092163, 30.1568565 ], [ 81.3166661, 30.1514955 ], [ 81.3208389, 30.1529336 ], [ 81.3329192, 30.1528909 ], [ 81.3310837, 30.1555937 ], [ 81.3315511, 30.1576886 ], [ 81.340473, 30.165593 ], [ 81.3496875, 30.1777758 ], [ 81.355297, 30.179358 ], [ 81.3589973, 30.1827678 ], [ 81.3698034, 30.1861787 ], [ 81.3732442, 30.1953212 ], [ 81.395534, 30.206888 ], [ 81.396139, 30.217628 ], [ 81.389786, 30.234267 ], [ 81.396139, 30.241376 ], [ 81.393567, 30.249999 ], [ 81.409299, 30.262856 ], [ 81.410811, 30.267848 ], [ 81.413837, 30.271176 ], [ 81.416711, 30.282067 ], [ 81.416711, 30.284033 ], [ 81.414593, 30.284184 ], [ 81.400526, 30.282369 ], [ 81.402945, 30.287058 ], [ 81.401584, 30.293109 ], [ 81.408391, 30.295378 ], [ 81.415803, 30.302639 ], [ 81.422307, 30.305362 ], [ 81.414896, 30.31595 ], [ 81.405215, 30.315042 ], [ 81.395987, 30.323665 ], [ 81.399013, 30.329715 ], [ 81.405215, 30.335917 ], [ 81.40582, 30.338942 ], [ 81.402945, 30.343934 ], [ 81.405366, 30.353464 ], [ 81.39992, 30.357699 ], [ 81.399618, 30.364203 ], [ 81.395382, 30.367985 ], [ 81.398862, 30.370859 ], [ 81.401433, 30.3698 ], [ 81.411719, 30.372069 ], [ 81.413988, 30.370557 ], [ 81.419282, 30.370557 ], [ 81.42261, 30.372977 ], [ 81.42503, 30.37933 ], [ 81.429115, 30.383263 ], [ 81.428509, 30.384624 ], [ 81.42019, 30.384927 ], [ 81.420039, 30.388103 ], [ 81.415047, 30.389616 ], [ 81.41187, 30.393549 ], [ 81.400677, 30.396423 ], [ 81.4048601, 30.404744 ], [ 81.403097, 30.410339 ], [ 81.406727, 30.413818 ], [ 81.406425, 30.418659 ], [ 81.4083604, 30.4210393 ], [ 81.428358, 30.421533 ], [ 81.432291, 30.416844 ], [ 81.433198, 30.412911 ], [ 81.436224, 30.412759 ], [ 81.4386257, 30.4186928 ], [ 81.452712, 30.411247 ], [ 81.454981, 30.40807 ], [ 81.466628, 30.40565 ], [ 81.471166, 30.400204 ], [ 81.476309, 30.389465 ], [ 81.488108, 30.381901 ], [ 81.506865, 30.380994 ], [ 81.5354943, 30.3718276 ], [ 81.547622, 30.3718148 ], [ 81.5512926, 30.3693125 ], [ 81.5541902, 30.3712536 ], [ 81.555269, 30.375548 ], [ 81.551336, 30.378725 ], [ 81.550126, 30.382204 ], [ 81.551034, 30.403532 ], [ 81.552093, 30.40565 ], [ 81.558748, 30.407616 ], [ 81.559051, 30.420323 ], [ 81.561471, 30.427886 ], [ 81.564648, 30.429399 ], [ 81.584463, 30.423197 ], [ 81.593539, 30.415633 ], [ 81.602615, 30.41397 ], [ 81.606548, 30.411701 ], [ 81.61154, 30.413818 ], [ 81.616078, 30.420625 ], [ 81.621523, 30.424861 ], [ 81.618346, 30.446038 ], [ 81.628784, 30.445886 ], [ 81.634078, 30.444979 ], [ 81.63907, 30.440592 ], [ 81.6483362, 30.4396842 ], [ 81.6538139, 30.4347787 ], [ 81.673558, 30.426978 ], [ 81.69534, 30.423499 ], [ 81.701542, 30.417751 ], [ 81.706534, 30.416844 ], [ 81.714248, 30.411701 ], [ 81.725745, 30.412154 ], [ 81.729224, 30.407768 ], [ 81.728921, 30.401868 ], [ 81.730434, 30.398692 ], [ 81.738451, 30.3937 ], [ 81.745409, 30.393246 ], [ 81.749947, 30.388708 ], [ 81.762199, 30.38886 ], [ 81.773695, 30.384473 ], [ 81.7827643, 30.3853846 ], [ 81.7907048, 30.3888867 ], [ 81.7995056, 30.3867932 ], [ 81.808335, 30.386742 ], [ 81.810604, 30.384322 ], [ 81.815445, 30.383414 ], [ 81.817713, 30.379179 ], [ 81.82089, 30.377212 ], [ 81.831781, 30.374187 ], [ 81.840252, 30.376002 ], [ 81.849781, 30.373884 ], [ 81.849933, 30.37691 ], [ 81.855227, 30.379784 ], [ 81.871261, 30.374641 ], [ 81.872925, 30.371767 ], [ 81.878976, 30.367683 ], [ 81.878976, 30.364808 ], [ 81.882152, 30.361027 ], [ 81.888505, 30.361178 ], [ 81.891985, 30.357548 ], [ 81.902119, 30.353766 ], [ 81.90938, 30.353766 ], [ 81.911346, 30.350741 ], [ 81.915128, 30.349833 ], [ 81.919515, 30.350741 ], [ 81.937364, 30.347564 ], [ 81.944019, 30.350287 ], [ 81.94523, 30.355733 ], [ 81.9498242, 30.3589331 ], [ 81.9537, 30.355279 ], [ 81.961264, 30.353766 ], [ 81.963079, 30.350741 ], [ 81.962776, 30.347111 ], [ 81.956877, 30.340757 ], [ 81.969432, 30.337581 ], [ 81.974121, 30.330471 ], [ 81.981987, 30.329715 ], [ 81.985769, 30.326539 ], [ 81.9884203, 30.3212704 ], [ 81.9991774, 30.3214955 ], [ 82.0060816, 30.3288923 ], [ 82.0119165, 30.3295467 ], [ 82.0129564, 30.333243 ], [ 82.010879, 30.342119 ], [ 82.0147193, 30.3439066 ], [ 82.0212655, 30.3439333 ], [ 82.0295607, 30.3376556 ], [ 82.0385165, 30.3393504 ], [ 82.0553828, 30.3337771 ], [ 82.059586, 30.343934 ], [ 82.064578, 30.346505 ], [ 82.0660205, 30.3561561 ], [ 82.0737131, 30.3592981 ], [ 82.0790378, 30.3598121 ], [ 82.083198, 30.356131 ], [ 82.089536, 30.35543 ], [ 82.091503, 30.350136 ], [ 82.099974, 30.348018 ], [ 82.106326, 30.349077 ], [ 82.110713, 30.344388 ], [ 82.1100282, 30.3391402 ], [ 82.1128703, 30.3295039 ], [ 82.1184185, 30.3268685 ], [ 82.1207254, 30.3222593 ], [ 82.118579, 30.319732 ], [ 82.120697, 30.318068 ], [ 82.1247775, 30.3073625 ], [ 82.1281778, 30.3029802 ], [ 82.116156, 30.2942789 ], [ 82.117671, 30.292201 ], [ 82.116915, 30.287663 ], [ 82.114192, 30.284638 ], [ 82.113738, 30.279495 ], [ 82.1098027, 30.2769742 ], [ 82.1161825, 30.2718317 ], [ 82.117218, 30.258016 ], [ 82.107386, 30.254688 ], [ 82.1048538, 30.2484803 ], [ 82.1058435, 30.2442905 ], [ 82.0987209, 30.2392005 ], [ 82.108142, 30.229427 ], [ 82.108596, 30.227006 ], [ 82.111923, 30.225191 ], [ 82.1276433, 30.225686 ], [ 82.1318416, 30.2221506 ], [ 82.1336096, 30.2186371 ], [ 82.1310143, 30.2144959 ], [ 82.1331089, 30.2095349 ], [ 82.1320151, 30.207886 ], [ 82.1391592, 30.2021989 ], [ 82.1376157, 30.200506 ], [ 82.1414205, 30.1974418 ], [ 82.145807, 30.196753 ], [ 82.1583349, 30.189077 ], [ 82.1779882, 30.1921062 ], [ 82.1845839, 30.1906918 ], [ 82.1866082, 30.1848684 ], [ 82.1842342, 30.1783517 ], [ 82.1862694, 30.1746545 ], [ 82.185287, 30.169223 ], [ 82.18171, 30.1659625 ], [ 82.1820074, 30.1609022 ], [ 82.1934023, 30.1599115 ], [ 82.2056332, 30.1536042 ], [ 82.1977781, 30.1426187 ], [ 82.1982859, 30.1366021 ], [ 82.1873032, 30.1335619 ], [ 82.1794609, 30.1293483 ], [ 82.1766558, 30.1220654 ], [ 82.1727097, 30.1217491 ], [ 82.1693451, 30.1235545 ], [ 82.171975, 30.117793 ], [ 82.17848, 30.117793 ], [ 82.185589, 30.111138 ], [ 82.181354, 30.106448 ], [ 82.1789411, 30.1002223 ], [ 82.1813853, 30.0964404 ], [ 82.176513, 30.088902 ], [ 82.1745694, 30.0871963 ], [ 82.1681867, 30.0868374 ], [ 82.1657402, 30.0807389 ], [ 82.171975, 30.065456 ], [ 82.196178, 30.06954 ], [ 82.2019003, 30.0667961 ], [ 82.210987, 30.0659937 ], [ 82.2171717, 30.0684383 ], [ 82.2312445, 30.0652493 ], [ 82.233086, 30.069389 ], [ 82.2430207, 30.0755561 ], [ 82.246851, 30.074985 ], [ 82.251843, 30.071809 ], [ 82.2530258, 30.0689571 ], [ 82.2561138, 30.0689541 ], [ 82.258196, 30.065002 ], [ 82.2700774, 30.0618822 ], [ 82.2794632, 30.0621946 ], [ 82.2829723, 30.0595808 ], [ 82.285575, 30.047001 ], [ 82.296164, 30.041556 ], [ 82.298584, 30.038379 ], [ 82.312954, 30.03853 ], [ 82.317946, 30.042917 ], [ 82.320063, 30.048817 ], [ 82.3337695, 30.0469422 ], [ 82.343661, 30.036413 ], [ 82.34472, 30.029455 ], [ 82.3492106, 30.0250436 ], [ 82.353644, 30.026127 ], [ 82.3606916, 30.0192305 ], [ 82.3625575, 30.0108499 ], [ 82.3708458, 30.0146726 ], [ 82.3764437, 30.012611 ], [ 82.375124, 30.018261 ], [ 82.376485, 30.021286 ], [ 82.3740432, 30.0265133 ], [ 82.3750095, 30.0273178 ], [ 82.381931, 30.027791 ], [ 82.382687, 30.023707 ], [ 82.386771, 30.020681 ], [ 82.392217, 30.024917 ], [ 82.395545, 30.024463 ], [ 82.4020826, 30.0153687 ], [ 82.4060976, 30.0153937 ], [ 82.411276, 30.009185 ], [ 82.419893, 30.0045749 ], [ 82.423529, 29.995723 ], [ 82.430184, 29.990428 ], [ 82.440622, 29.987554 ], [ 82.446672, 29.98226 ], [ 82.4554015, 29.9780021 ], [ 82.463311, 29.981655 ], [ 82.465278, 29.978478 ], [ 82.475715, 29.974243 ], [ 82.477228, 29.970159 ], [ 82.474354, 29.964562 ], [ 82.480404, 29.959419 ], [ 82.483883, 29.95836 ], [ 82.487967, 29.953368 ], [ 82.4936415, 29.9513841 ], [ 82.497195, 29.947469 ], [ 82.4968282, 29.9417724 ], [ 82.4864081, 29.9276366 ], [ 82.4775178, 29.9218959 ], [ 82.4722454, 29.9212939 ], [ 82.4710335, 29.9185142 ], [ 82.4727716, 29.9175222 ], [ 82.4744133, 29.9116752 ], [ 82.4738555, 29.9071689 ], [ 82.4694233, 29.9049589 ], [ 82.4688883, 29.9000714 ], [ 82.4671502, 29.8985547 ], [ 82.4559609, 29.8978226 ], [ 82.4463908, 29.8887215 ], [ 82.4489105, 29.8859045 ], [ 82.4599668, 29.8818675 ], [ 82.4579345, 29.8772781 ], [ 82.4633337, 29.8725437 ], [ 82.4640162, 29.8639292 ], [ 82.4450223, 29.8602624 ], [ 82.4393599, 29.8627177 ], [ 82.4361197, 29.8602817 ], [ 82.4350338, 29.8438334 ], [ 82.4298763, 29.839671 ], [ 82.4284984, 29.836465 ], [ 82.4353286, 29.8326178 ], [ 82.4395725, 29.8231541 ], [ 82.4395742, 29.8167335 ], [ 82.4374769, 29.8132018 ], [ 82.4268332, 29.8115637 ], [ 82.4226561, 29.8070035 ], [ 82.4054116, 29.8111276 ], [ 82.4009139, 29.8057433 ], [ 82.4037407, 29.8019646 ], [ 82.4023341, 29.7945454 ], [ 82.4040045, 29.7916462 ], [ 82.4036807, 29.7873688 ], [ 82.4078896, 29.7862712 ], [ 82.4116757, 29.7813438 ], [ 82.4118096, 29.7774004 ], [ 82.4110792, 29.7714655 ], [ 82.4042586, 29.7668643 ], [ 82.4037452, 29.7648593 ], [ 82.3977497, 29.7620024 ], [ 82.398267, 29.757601 ], [ 82.4006604, 29.7555885 ], [ 82.4018213, 29.7494381 ], [ 82.4080125, 29.7429255 ], [ 82.408846, 29.735999 ], [ 82.4142503, 29.7325856 ], [ 82.4114371, 29.7279516 ], [ 82.4108895, 29.7200071 ], [ 82.4132082, 29.7184523 ], [ 82.4132938, 29.715585 ], [ 82.4087675, 29.7118443 ], [ 82.4037615, 29.7115561 ], [ 82.391668, 29.6957576 ], [ 82.3827485, 29.6950502 ], [ 82.3760548, 29.7014213 ], [ 82.3638177, 29.7042212 ], [ 82.3611421, 29.7027399 ], [ 82.3546024, 29.7052175 ], [ 82.3505245, 29.7074338 ], [ 82.3496372, 29.7118675 ], [ 82.3431707, 29.714978 ], [ 82.3349006, 29.7140286 ], [ 82.3339518, 29.7125284 ], [ 82.3250733, 29.7105212 ], [ 82.3135777, 29.7113219 ], [ 82.2976738, 29.6968922 ], [ 82.2856502, 29.6946332 ], [ 82.281971, 29.6921924 ], [ 82.2709228, 29.6949642 ], [ 82.2604426, 29.7021545 ], [ 82.2518254, 29.6999467 ], [ 82.2489405, 29.6977203 ], [ 82.2349027, 29.6949252 ], [ 82.2307791, 29.6994301 ], [ 82.2319397, 29.6943063 ], [ 82.2294664, 29.6846114 ], [ 82.2341756, 29.6812821 ], [ 82.2341485, 29.6766196 ], [ 82.2299688, 29.6748238 ], [ 82.2324037, 29.6697954 ], [ 82.2344996, 29.6687227 ], [ 82.2361962, 29.6696812 ], [ 82.2351059, 29.662871 ], [ 82.2285978, 29.6646878 ], [ 82.2191465, 29.6633405 ], [ 82.2172593, 29.6583489 ], [ 82.2131531, 29.6551435 ], [ 82.2094413, 29.6582113 ], [ 82.2058543, 29.6571559 ], [ 82.2020933, 29.6606439 ], [ 82.1979175, 29.6559328 ], [ 82.1924491, 29.6529616 ], [ 82.183698, 29.6581608 ], [ 82.1673006, 29.65378 ], [ 82.1632879, 29.6570291 ], [ 82.1557027, 29.658232 ], [ 82.1495848, 29.6549947 ], [ 82.1468069, 29.649624 ], [ 82.1426201, 29.6458463 ], [ 82.1025187, 29.6370042 ], [ 82.1005941, 29.6392445 ], [ 82.1029263, 29.6444272 ], [ 82.1101815, 29.6525298 ], [ 82.10955, 29.6565355 ], [ 82.1033681, 29.6614282 ], [ 82.1027166, 29.6640482 ], [ 82.0937269, 29.6705203 ], [ 82.1005151, 29.6759592 ], [ 82.0966205, 29.6850224 ], [ 82.0984032, 29.6884144 ], [ 82.0912387, 29.6925002 ], [ 82.0911382, 29.7006103 ], [ 82.0822188, 29.7055995 ], [ 82.0777703, 29.7108643 ], [ 82.0797278, 29.7128453 ], [ 82.0781898, 29.7138907 ], [ 82.0724506, 29.7131947 ], [ 82.0650743, 29.726761 ], [ 82.0617108, 29.7283415 ], [ 82.0590402, 29.7323728 ], [ 82.0612081, 29.7384588 ], [ 82.058977, 29.743722 ], [ 82.0597561, 29.7461159 ], [ 82.055862, 29.7481627 ], [ 82.0490961, 29.7487626 ], [ 82.0457731, 29.7510483 ], [ 82.035478, 29.7491946 ], [ 82.0296868, 29.7451201 ], [ 82.0270852, 29.7399929 ], [ 82.0217538, 29.7388481 ], [ 82.0198047, 29.7358863 ], [ 82.0155339, 29.7355877 ], [ 82.0121229, 29.7306595 ], [ 82.0056737, 29.7268512 ], [ 82.0044411, 29.7191595 ], [ 81.9978199, 29.7153508 ], [ 81.9988907, 29.7125231 ], [ 81.9879154, 29.70039 ], [ 81.9671071, 29.6908022 ], [ 81.9458205, 29.6745686 ], [ 81.9388553, 29.6727008 ], [ 81.9298837, 29.6775073 ], [ 81.9216573, 29.6740954 ], [ 81.9192782, 29.6706088 ], [ 81.9203674, 29.664731 ], [ 81.9144054, 29.6634607 ], [ 81.9083001, 29.6632117 ], [ 81.9064657, 29.665802 ], [ 81.9017973, 29.6679851 ], [ 81.8914211, 29.6688817 ], [ 81.8879528, 29.66669 ], [ 81.887776, 29.664181 ], [ 81.8827074, 29.6581344 ], [ 81.8833596, 29.6534435 ], [ 81.8766667, 29.64957 ], [ 81.8762081, 29.6455594 ], [ 81.8727899, 29.642989 ], [ 81.8718942, 29.6339749 ], [ 81.8681195, 29.633568 ], [ 81.8525922, 29.6196855 ], [ 81.842291, 29.6221756 ], [ 81.8257431, 29.6199971 ], [ 81.8147526, 29.6236971 ], [ 81.8119681, 29.6221583 ], [ 81.7971109, 29.6238181 ], [ 81.7909673, 29.6276716 ], [ 81.7849873, 29.6247416 ], [ 81.7821525, 29.6194202 ], [ 81.7781163, 29.6189999 ], [ 81.7738206, 29.6093285 ], [ 81.7740965, 29.6057053 ], [ 81.7363629, 29.6067665 ], [ 81.7282932, 29.6146562 ], [ 81.7205721, 29.6166502 ], [ 81.7197024, 29.6216068 ], [ 81.7166782, 29.6204414 ], [ 81.7132181, 29.6250187 ], [ 81.7094546, 29.6271069 ], [ 81.7092021, 29.633099 ], [ 81.7023591, 29.6379495 ], [ 81.7038489, 29.6402319 ], [ 81.6992882, 29.643326 ], [ 81.7036097, 29.6457754 ], [ 81.7002261, 29.6481455 ], [ 81.7026965, 29.6541141 ], [ 81.6989889, 29.6615342 ], [ 81.6976868, 29.6807316 ], [ 81.7040175, 29.6909896 ], [ 81.7126946, 29.715786 ], [ 81.7136541, 29.7232444 ], [ 81.7229589, 29.7303679 ], [ 81.727785, 29.7421567 ], [ 81.7264994, 29.7478926 ], [ 81.7316598, 29.7558544 ], [ 81.7297157, 29.7700066 ], [ 81.7359021, 29.7764285 ], [ 81.7373162, 29.785699 ], [ 81.740347, 29.7900787 ], [ 81.7393204, 29.7927348 ], [ 81.7446501, 29.7941294 ], [ 81.7521225, 29.8000792 ], [ 81.7559718, 29.7970969 ], [ 81.764782, 29.8017816 ], [ 81.7736165, 29.7983034 ], [ 81.7797678, 29.8066408 ], [ 81.7859494, 29.8307185 ], [ 81.7807958, 29.8397922 ], [ 81.7880337, 29.8434292 ], [ 81.793921, 29.8496578 ], [ 81.7912629, 29.8544825 ], [ 81.7958267, 29.8650203 ], [ 81.7970327, 29.8789128 ], [ 81.7953842, 29.8817115 ], [ 81.7957339, 29.8913923 ], [ 81.7931249, 29.8959312 ], [ 81.7985575, 29.8963648 ], [ 81.8003699, 29.9017176 ], [ 81.7857607, 29.9106722 ], [ 81.781515, 29.9086926 ], [ 81.7790346, 29.9112553 ], [ 81.7707737, 29.9093417 ], [ 81.7616782, 29.9122481 ], [ 81.7544586, 29.9082654 ], [ 81.7512853, 29.9091624 ], [ 81.7417481, 29.9070844 ], [ 81.7328425, 29.9074484 ], [ 81.7316856, 29.910458 ], [ 81.7273991, 29.9120625 ], [ 81.7155854, 29.9091325 ], [ 81.7105667, 29.9140208 ], [ 81.7085933, 29.9270438 ], [ 81.6975619, 29.9315369 ], [ 81.6993291, 29.9390646 ], [ 81.6873334, 29.9495583 ], [ 81.6696484, 29.9399346 ], [ 81.6570045, 29.9437577 ], [ 81.6535318, 29.9425042 ], [ 81.6436568, 29.9483944 ], [ 81.6368584, 29.9447036 ], [ 81.6341852, 29.9406985 ], [ 81.6255103, 29.9380532 ], [ 81.6150245, 29.9395029 ], [ 81.6123129, 29.9428264 ], [ 81.6058262, 29.9370997 ], [ 81.6052504, 29.9324725 ], [ 81.6032819, 29.9310587 ], [ 81.5906785, 29.9311016 ], [ 81.5865648, 29.9366684 ], [ 81.5823795, 29.9364927 ], [ 81.5774621, 29.9337514 ], [ 81.5726596, 29.9341675 ], [ 81.5642593, 29.9306093 ], [ 81.5599242, 29.9258436 ], [ 81.555249, 29.9271103 ], [ 81.5490033, 29.9231348 ], [ 81.5416656, 29.9271757 ], [ 81.5348327, 29.9275308 ], [ 81.5175125, 29.9225613 ], [ 81.5122958, 29.9166347 ], [ 81.5121738, 29.9136116 ], [ 81.5170194, 29.903691 ], [ 81.5049812, 29.8936783 ], [ 81.4937653, 29.8888597 ], [ 81.4918013, 29.8853176 ], [ 81.4815222, 29.8882883 ], [ 81.4600064, 29.890835 ], [ 81.4551556, 29.8998024 ], [ 81.4609339, 29.9111157 ], [ 81.4592264, 29.927755 ], [ 81.4444861, 29.9372232 ], [ 81.4526693, 29.9494435 ], [ 81.4676214, 29.9595995 ], [ 81.470718, 29.974039 ], [ 81.4601629, 29.9855638 ], [ 81.4627472, 29.9954963 ], [ 81.4567595, 29.9995189 ], [ 81.4456456, 30.0004164 ], [ 81.4402046, 30.0086188 ], [ 81.4287422, 30.0066899 ], [ 81.4048826, 30.0178872 ], [ 81.3859292, 30.0133586 ], [ 81.3832533, 30.0075376 ], [ 81.3764006, 30.0056726 ], [ 81.3743775, 30.008894 ], [ 81.3566257, 30.0079332 ], [ 81.3456992, 30.0188035 ], [ 81.3271805, 30.0254029 ], [ 81.3182617, 30.0256998 ], [ 81.3144896, 30.0331539 ], [ 81.3069443, 30.0313248 ], [ 81.2874649, 30.035945 ], [ 81.2841422, 30.0369637 ], [ 81.2804273, 30.0438151 ], [ 81.271497, 30.044732 ], [ 81.271648, 30.051237 ], [ 81.274673, 30.059103 ], [ 81.281178, 30.066363 ], [ 81.286774, 30.069389 ], [ 81.288741, 30.07438 ], [ 81.286018, 30.078313 ], [ 81.288741, 30.083002 ], [ 81.287833, 30.091776 ], [ 81.289346, 30.096616 ], [ 81.285715, 30.104936 ], [ 81.288287, 30.106751 ], [ 81.2903185, 30.1124419 ], [ 81.284959, 30.114919 ], [ 81.282539, 30.123239 ], [ 81.274068, 30.129138 ], [ 81.271648, 30.133373 ], [ 81.261362, 30.137458 ], [ 81.256219, 30.144718 ] ] ] } }
]
}
